creative_id,campaign_id,advertiser_name,app_name,vertical,format,theme,hook_type,cta_text,headline,subhead,creative_status,fatigue_day,has_fatigue,perf_score,overall_roas,overall_ipm,overall_ctr,overall_cvr,ctr_decay_pct,cvr_decay_pct,peak_rolling_ctr_5,fatigue_label_score,ctr_decay_severity,cvr_decay_severity,early_fatigue_severity,tired_score,avg_top5_similarity,avg_top10_similarity,max_similarity,similar_neighbor_count_080,same_metadata_ratio,fatigued_neighbor_ratio,top_neighbor_status_mix,similarity_density_pct,neighbor_density_pct,repetition_score,creative_health_risk,fatigue_status,repetition_status,health_action_hint
500667,20111,CloudRoute,CloudRoute Travel,travel,rewarded_video,minimalist,late-night,Start now,Last-minute savings,Hotels + flights in one tap,fatigued,10.0,1,0.6768518518518518,7.832390612460514,0.3319924399922229,0.0066422899207267,0.049981624402793,-0.8670064912993862,-0.3766442657265617,0.0146331308229205,1.0,0.9967347834948308,1.0,0.33333333333333337,0.8658503625403744,0.4899,0.4419,0.5505,0,0.15,0.3,"{'stable': 0.5, 'fatigued': 0.3, 'top_performer': 0.2}",0.15555555555555556,0.49212962962962964,0.2383101851851852,0.8658503625403744,tired,distinct,Refresh
500937,20156,VoxelRealm,VoxelRealm Quest,gaming,interstitial,competitive,competition,Claim reward,Win epic rewards,No ads in first week,fatigued,10.0,1,0.6370370370370371,1.442452086045951,1.3260349042552524,0.0071170157720644,0.1863189497851298,-0.865431614852127,-0.2314013462715272,0.0143662557075469,1.0,0.9949242617162252,1.0,0.33333333333333337,0.8653977320957229,0.5767,0.5299,0.6799,0,0.275,0.3,"{'stable': 0.7, 'fatigued': 0.3}",0.7148148148148148,0.49212962962962964,0.5491898148148148,0.8653977320957229,tired,distinct,Refresh
500506,20084,VoxelRealm,VoxelRealm Legends,gaming,interstitial,food-closeup,save smarter,Get offer,Level up today,No ads in first week,fatigued,10.0,1,0.5882716049382716,1.2306561741658963,1.1611239642419824,0.0065245449682633,0.1779624433412475,-0.8637097586801825,-0.2314514485126415,0.0141191516631402,1.0,0.9929447679569798,1.0,0.33333333333333337,0.8649028586559115,0.5577,0.5239,0.5838,0,0.35,0.4,"{'stable': 0.6, 'fatigued': 0.4}",0.675,0.49212962962962964,0.5480324074074074,0.8649028586559115,tired,distinct,Refresh
500940,20156,VoxelRealm,VoxelRealm Quest,gaming,rewarded_video,family,competition,Install now,Win epic rewards,No ads in first week,fatigued,10.0,1,0.6345679012345679,1.2815276739118198,1.4708256439691023,0.0073269436991884,0.2007420425698106,-0.8686090968963125,-0.2100201917159165,0.014014483999726,1.0,0.9985771834753498,0.9660679466543161,0.33333333333333337,0.8595245518663673,0.6808,0.6184,0.8024,1,0.25,0.4,"{'stable': 0.5, 'fatigued': 0.4, 'top_performer': 0.1}",0.9787037037037037,0.9921296296296296,0.7998842592592592,0.8595245518663673,tired,high_repetition,Refresh
500775,20129,RouteBloom,RouteBloom Travel,travel,rewarded_video,reward,last-minute deal,Get offer,Last-minute savings,Hotels + flights in one tap,fatigued,10.0,1,0.6197530864197531,8.036655897322943,0.3082982266042829,0.0059370789407535,0.0519275943070333,-0.8442921288879209,-0.2943677259844419,0.0134513807958347,1.0,0.9706217205274659,1.0,0.33333333333333337,0.8593220967985331,0.5785,0.5311,0.7087,0,0.375,0.4,"{'top_performer': 0.4, 'fatigued': 0.4, 'stable': 0.2}",0.7208333333333333,0.49212962962962964,0.5771990740740741,0.8593220967985331,tired,moderate_repetition,Refresh
500414,20069,NomadLayer,NomadLayer Trips,travel,rewarded_video,gameplay,discover,Shop now,Fly smarter,Hotels + flights in one tap,fatigued,11.0,1,0.6864197530864198,8.910075991125135,0.3290797330829222,0.0067014809398031,0.0491055239937144,-0.8413477731174366,-0.4496004486190943,0.0117015103691062,1.0,0.9672368072184234,1.0,0.2666666666666667,0.8451425351379392,0.5666,0.5047,0.6534,0,0.3,0.4,"{'fatigued': 0.4, 'top_performer': 0.3, 'stable': 0.3}",0.5578703703703703,0.49212962962962964,0.4769675925925926,0.8451425351379392,tired,distinct,Refresh
500576,20096,GlitchWave,GlitchWave Legends,gaming,interstitial,fantasy,free rewards,Claim reward,Beat your rivals,Play with friends tonight,stable,,0,0.4725308641975309,0.8444973277899612,0.942984257062892,0.0053299430203234,0.1769220146382844,-0.851512905414628,-0.0701160785570761,0.0132689741365968,0.0,0.9789229261127037,0.3225256366336026,0.0,0.30923585885489646,0.6643,0.6092,0.8216,1,0.45,0.2,"{'stable': 0.8, 'fatigued': 0.2}",0.9611111111111111,0.9921296296296296,0.841087962962963,0.841087962962963,healthy,high_repetition,Refresh
500471,20078,NeonArena,NeonArena Rush,gaming,playable,fantasy,power-up,Try for free,Unlock rare gear,Free rewards for new players,fatigued,10.0,1,0.6654320987654321,1.4408116742630663,1.7415250681344188,0.0077328590442986,0.2252110193859567,-0.8849925930813374,-0.1814717091761947,0.0168928061071891,1.0,1.0,0.8347483164706081,0.33333333333333337,0.8336163299607883,0.6408,0.6013,0.7158,0,0.35,0.6,"{'fatigued': 0.6, 'stable': 0.4}",0.9472222222222222,0.49212962962962964,0.6841435185185185,0.8336163299607883,tired,moderate_repetition,Refresh
500486,20081,DriftPass,DriftPass Travel,travel,interstitial,discount,free shipping,Try for free,Escape this weekend,Hotels + flights in one tap,fatigued,12.0,1,0.6339506172839506,6.24295608409436,0.3615715660808596,0.0060830616767687,0.0594390761253829,-0.8460800712269496,-0.2497257435397367,0.0126560269409568,1.0,0.9726771887829828,1.0,0.19999999999999996,0.8331692971957456,0.5344,0.5026,0.5736,0,0.3,0.1,"{'stable': 0.7, 'top_performer': 0.2, 'fatigued': 0.1}",0.5347222222222222,0.49212962962962964,0.4653935185185185,0.8331692971957456,tired,distinct,Refresh
500642,20107,StarVault,StarVault Plus,entertainment,rewarded_video,drama,watch now,Learn more,Watch what’s trending,Start free today,fatigued,12.0,1,0.641358024691358,2.0628805087073925,0.6189817637932422,0.0061472374297062,0.1006926722566532,-0.8550673987412649,-0.2139412919023113,0.0126660375103944,1.0,0.9830092705310132,0.9841045419680666,0.19999999999999996,0.8325732260263666,0.5422,0.5082,0.589,0,0.35,0.4,"{'fatigued': 0.4, 'stable': 0.4, 'underperformer': 0.2}",0.5782407407407407,0.49212962962962964,0.4996527777777777,0.8325732260263666,tired,distinct,Refresh
500392,20065,BingeLayer,BingeLayer Now,entertainment,rewarded_video,urgency,watch now,Shop now,A new season drops,Start free today,fatigued,12.0,1,0.6734567901234567,2.920374736897293,0.5293233038020457,0.0059685381371868,0.0886855862584018,-0.8416735386017407,-0.2159239664744777,0.0121627759782568,1.0,0.9676113162823421,0.9932246096014082,0.19999999999999996,0.8305477509908672,0.5696,0.4588,0.7407,0,0.175,0.1,"{'stable': 0.8, 'fatigued': 0.1, 'underperformer': 0.1}",0.24722222222222223,0.49212962962962964,0.2903935185185185,0.8305477509908672,tired,distinct,Refresh
501062,20177,NomadLayer,NomadLayer Getaway,travel,rewarded_video,discount,discover,Try for free,Escape this weekend,Hotels + flights in one tap,fatigued,12.0,1,0.687037037037037,7.465217156387822,0.348098702401881,0.0066921428211757,0.0520160300973255,-0.8337269116877302,-0.2969767132401864,0.013459918333519,1.0,0.9584756528978849,1.0,0.19999999999999996,0.8296189132244713,0.5356,0.4933,0.6039,0,0.35,0.2,"{'top_performer': 0.6, 'fatigued': 0.2, 'stable': 0.2}",0.4810185185185185,0.49212962962962964,0.4510416666666667,0.8296189132244713,tired,distinct,Refresh
501067,20177,NomadLayer,NomadLayer Getaway,travel,rewarded_video,destination,discover,Install now,Last-minute savings,Hotels + flights in one tap,fatigued,12.0,1,0.6354938271604939,7.179283735485921,0.3348513077349014,0.0060715337363374,0.0551510248112189,-0.8324787206196897,-0.2420324827872588,0.0123239395774317,1.0,0.9570406977199845,1.0,0.19999999999999996,0.8292601744299961,0.4689,0.4385,0.4943,0,0.4,0.4,"{'fatigued': 0.4, 'top_performer': 0.3, 'stable': 0.3}",0.13657407407407407,0.49212962962962964,0.29131944444444446,0.8292601744299961,tired,distinct,Refresh
500040,20006,NeonArena,NeonArena Quest,gaming,rewarded_video,reward,power-up,Book now,Unlock rare gear,Free rewards for new players,fatigued,11.0,1,0.6895061728395063,1.6974533095208426,1.4572949953027712,0.0074134204714711,0.1965752517223105,-0.8659295506476411,-0.028212634169106,0.0152759093524121,1.0,0.9954967025598828,0.12977476755341935,0.2666666666666667,0.6781624624839879,0.6606,0.6146,0.8025,1,0.35,0.7,"{'fatigued': 0.7, 'stable': 0.2, 'top_performer': 0.1}",0.9740740740740741,0.9921296296296296,0.8225694444444445,0.8225694444444445,tired,high_repetition,Refresh
500796,20132,GlitchWave,GlitchWave Rush,gaming,playable,fantasy,last-minute deal,Claim reward,Unlock rare gear,Play with friends tonight,fatigued,10.0,1,0.7527777777777778,1.7653519734440204,2.3415602880197626,0.0102111624624196,0.2293137825039461,-0.875519178358712,-0.167019556989953,0.0159715586463243,1.0,1.0,0.768270132286377,0.33333333333333337,0.8203206931239421,0.6115,0.5743,0.7134,0,0.225,0.3,"{'stable': 0.4, 'top_performer': 0.3, 'fatigued': 0.3}",0.8944444444444445,0.49212962962962964,0.6265046296296296,0.8203206931239421,tired,moderate_repetition,Refresh
500597,20099,WayPoint,WayPoint Travel,travel,interstitial,discount,last-minute deal,Get offer,Last-minute savings,Hotels + flights in one tap,fatigued,13.0,1,0.6290123456790123,7.33940152402404,0.3289820564859461,0.0060110891524309,0.0547291926876348,-0.8420368967749245,-0.2236637132178635,0.0128628089547766,1.0,0.9680290429472679,1.0,0.1333333333333333,0.8186739274034835,0.5068,0.4685,0.5738,0,0.35,0.2,"{'stable': 0.6, 'top_performer': 0.2, 'fatigued': 0.2}",0.3060185185185185,0.49212962962962964,0.36354166666666665,0.8186739274034835,tired,distinct,Refresh
500581,20096,GlitchWave,GlitchWave Legends,gaming,interstitial,reward,competition,Claim reward,Beat your rivals,Free rewards for new players,stable,,0,0.5243827160493827,0.977217171818009,1.0414841045167529,0.0059087174828424,0.1762622950819672,-0.8657543314872982,-0.066378966292265,0.0147857268068959,0.0,0.9952952657383581,0.3053353639146528,0.0,0.3098908892175201,0.6664,0.6063,0.8216,1,0.35,0.2,"{'stable': 0.8, 'fatigued': 0.2}",0.9546296296296296,0.9921296296296296,0.8128472222222222,0.8128472222222222,healthy,high_repetition,Refresh
500127,20021,RouteBloom,RouteBloom Getaway,travel,interstitial,destination,discover,Shop now,Book your next trip,Hotels + flights in one tap,fatigued,13.0,1,0.5916666666666667,6.155751719796082,0.3237679628119422,0.0059311041502933,0.0545881432205047,-0.8209709648828164,-0.3391304347826086,0.0114313536952088,1.0,0.9438110615661496,1.0,0.1333333333333333,0.8126194320582041,0.5466,0.4943,0.6246,0,0.325,0.4,"{'stable': 0.5, 'fatigued': 0.4, 'top_performer': 0.1}",0.487962962962963,0.49212962962962964,0.4482638888888889,0.8126194320582041,tired,distinct,Refresh
500963,20160,FreshDash,FreshDash Eats,food_delivery,native,combo,free delivery,Watch now,2-for-1 tonight,Fresh favorites nearby,fatigued,12.0,1,0.595679012345679,3.2932979006112144,0.4855315901958008,0.0050731217767895,0.09570666969147,-0.8437180410083619,-0.1947490347490348,0.0116671102830272,1.0,0.9699617331293534,0.8958224377177909,0.19999999999999996,0.8116549208258965,0.4855,0.4459,0.5531,0,0.325,0.1,"{'stable': 0.9, 'fatigued': 0.1}",0.17546296296296296,0.49212962962962964,0.2920138888888889,0.8116549208258965,tired,distinct,Refresh
500738,20123,HorizonHop,HorizonHop Flights,travel,rewarded_video,fantasy,book now,Shop now,Last-minute savings,Flexible booking options,fatigued,12.0,1,0.7043209876543209,6.175488567581257,0.4020018874342556,0.0068541508092011,0.058650866989183,-0.7977281288037438,-0.207994377954768,0.0119016549930757,1.0,0.9170904505677706,0.9567494438734787,0.19999999999999996,0.8106225014166384,0.5416,0.5094,0.591,0,0.35,0.2,"{'top_performer': 0.5, 'stable': 0.3, 'fatigued': 0.2}",0.586574074074074,0.49212962962962964,0.5038194444444444,0.8106225014166384,tired,distinct,Refresh
500383,20063,WayPoint,WayPoint Travel,travel,rewarded_video,family,escape,Get offer,Book your next trip,Flexible booking options,fatigued,14.0,1,0.6975308641975309,7.005295251409241,0.417209297354031,0.0061297010609184,0.0680635634931795,-0.8600136828046797,-0.2344170514308288,0.0131166947823256,1.0,0.9886956563015082,1.0,0.06666666666666665,0.8105072474087104,0.4954,0.4725,0.5514,0,0.425,0.6,"{'fatigued': 0.6, 'stable': 0.3, 'top_performer': 0.1}",0.3347222222222222,0.49212962962962964,0.3966435185185185,0.8105072474087104,tired,distinct,Refresh
500611,20101,BingeLayer,BingeLayer Plus,entertainment,rewarded_video,drama,exclusive,Try for free,A new season drops,New hits every week,fatigued,13.0,1,0.6432098765432098,1.8638649479803,0.7225924185611854,0.0064654886959593,0.1117614541670731,-0.8428405507040928,-0.2079808464448408,0.0118530147024873,1.0,0.9689529458627971,0.9566872005343802,0.1333333333333333,0.8102423432392419,0.5242,0.4902,0.5683,0,0.5,0.2,"{'stable': 0.8, 'fatigued': 0.2}",0.45416666666666666,0.49212962962962964,0.4751157407407407,0.8102423432392419,tired,distinct,Refresh
500323,20053,PulsePlay,PulsePlay Play,entertainment,native,ugc,watch now,Shop now,Watch what’s trending,Start free today,fatigued,13.0,1,0.5947530864197531,2.1564205842749256,0.5753255887720718,0.005474442488128,0.1050930007977495,-0.8111762149327862,-0.2209383539713624,0.0106853340187136,1.0,0.93255074452262,1.0,0.1333333333333333,0.8098043527973215,0.5557,0.4882,0.6596,0,0.325,0.0,"{'stable': 0.9, 'underperformer': 0.1}",0.43796296296296294,0.49212962962962964,0.4232638888888889,0.8098043527973215,tired,distinct,Refresh
500957,20159,HorizonHop,HorizonHop Escapes,travel,interstitial,wanderlust,last-minute deal,Order now,Fly smarter,Special fares today,fatigued,13.0,1,0.5873456790123456,5.968209024139282,0.3000630614845615,0.0063777390643898,0.0470485008017911,-0.795446087423837,-0.2479511997834885,0.0116034899919348,1.0,0.9144669523084685,1.0,0.1333333333333333,0.8052834047437838,0.5738,0.5112,0.7779,0,0.375,0.2,"{'stable': 0.7, 'fatigued': 0.2, 'top_performer': 0.1}",0.6037037037037037,0.49212962962962964,0.5186342592592593,0.8052834047437838,tired,distinct,Refresh
500198,20033,NomadLayer,NomadLayer Getaway,travel,rewarded_video,destination,last-minute deal,Learn more,Escape this weekend,Special fares today,fatigued,12.0,1,0.6030864197530864,5.971331765849122,0.3610650270033261,0.0057083572732062,0.063252002235053,-0.8347016961371588,-0.1905159203132981,0.0110469480515642,1.0,0.9595962922205494,0.8763506139018383,0.19999999999999996,0.8051691958355051,0.5212,0.4742,0.6097,0,0.35,0.5,"{'top_performer': 0.5, 'fatigued': 0.5}",0.3425925925925926,0.49212962962962964,0.3818287037037037,0.8051691958355051,tired,distinct,Refresh
500232,20038,EarnPath,EarnPath Invest,fintech,native,testimonial,earn more,Order now,"Your money, clearer",No hidden fees,stable,,0,0.3382716049382716,5.569657959506507,0.2972394379967008,0.0031343189146581,0.0948338207087381,-0.7541686650688685,-0.0936197871662231,0.0074527914442088,0.0,0.867013279184818,0.43063990569166294,0.0,0.3028813009345371,0.6639,0.604,0.8015,1,0.325,0.0,{'stable': 1.0},0.9513888888888888,0.9921296296296296,0.8049768518518519,0.8049768518518519,healthy,high_repetition,Refresh
500489,20081,DriftPass,DriftPass Travel,travel,rewarded_video,wanderlust,new collection,Start now,Escape this weekend,Hotels + flights in one tap,fatigued,13.0,1,0.837037037037037,7.659898212927305,0.5435540413644009,0.0075678023511642,0.071824555682374,-0.818496307241361,-0.2061116934642122,0.0143899525586237,1.0,0.9409661262937697,0.9480893187439418,0.1333333333333333,0.8015260619888973,0.6215,0.5612,0.721,0,0.225,0.6,"{'fatigued': 0.6, 'top_performer': 0.4}",0.850925925925926,0.49212962962962964,0.6047453703703705,0.8015260619888973,tired,moderate_repetition,Refresh
500580,20096,GlitchWave,GlitchWave Legends,gaming,rewarded_video,reward,book now,Start now,Win epic rewards,No ads in first week,stable,,0,0.571604938271605,0.9910828778088864,1.3531884568322432,0.0064629116644844,0.2093775262732417,-0.882778045202941,-0.045967403259674,0.016665276844674,0.0,1.0,0.21144459738505572,0.0,0.29228891947701113,0.6709,0.6161,0.8024,1,0.25,0.7,"{'fatigued': 0.7, 'stable': 0.2, 'top_performer': 0.1}",0.975925925925926,0.9921296296296296,0.7984953703703703,0.7984953703703703,healthy,high_repetition,Refresh
500363,20060,GlitchWave,GlitchWave Saga,gaming,interstitial,discount,power-up,Try for free,Beat your rivals,No ads in first week,fatigued,12.0,1,0.633641975308642,1.3288418863316949,1.2338475934753468,0.007554802739666,0.1633196307028775,-0.8419207250488968,-0.1805198217786902,0.0155539974331415,1.0,0.9678954886989982,0.8303697474576001,0.19999999999999996,0.7980478216662695,0.6101,0.5673,0.6913,0,0.45,0.4,"{'stable': 0.6, 'fatigued': 0.4}",0.8712962962962963,0.49212962962962964,0.6711805555555556,0.7980478216662695,tired,moderate_repetition,Refresh
500975,20162,StormByte,StormByte Arena,gaming,rewarded_video,product-focus,save smarter,Shop now,Join the arena,Free rewards for new players,fatigued,10.0,1,0.6157407407407408,0.9933223413202108,1.5683172429379912,0.0073811698089004,0.2124754318816592,-0.8841855753994967,-0.1421845566807811,0.0161174566224257,1.0,1.0,0.6540320794695594,0.33333333333333337,0.7974730825605785,0.6541,0.5907,0.7606,0,0.1,0.6,"{'fatigued': 0.6, 'stable': 0.2, 'top_performer': 0.2}",0.9277777777777778,0.49212962962962964,0.6119212962962963,0.7974730825605785,tired,moderate_repetition,Refresh
500561,20093,RouteBloom,RouteBloom Travel,travel,interstitial,discount,book now,Order now,Book your next trip,Special fares today,fatigued,11.0,1,0.6024691358024691,8.890627927073199,0.2823543422534854,0.0059601902341027,0.047373377553945,-0.8361536500901119,-0.1661459377677316,0.0117737552195284,1.0,0.9612654988798585,0.7642515875870618,0.2666666666666667,0.7965000255707103,0.6331,0.5426,0.7364,0,0.35,0.3,"{'stable': 0.7, 'fatigued': 0.3}",0.7768518518518519,0.49212962962962964,0.5989583333333334,0.7965000255707103,tired,moderate_repetition,Refresh
500705,20117,DriftPass,DriftPass Getaway,travel,rewarded_video,competitive,challenge,Watch now,Fly smarter,Flexible booking options,fatigued,15.0,1,0.7188271604938272,7.77559437967335,0.3982190655558104,0.0064261444090506,0.0619685833693615,-0.8556094395452953,-0.2173792414615876,0.0137795974202373,1.0,0.9836324157195121,0.9999187017604914,0.0,0.7958918442819763,0.5662,0.5148,0.6643,0,0.3,0.4,"{'top_performer': 0.4, 'fatigued': 0.4, 'stable': 0.2}",0.624537037037037,0.49212962962962964,0.5103009259259259,0.7958918442819763,tired,distinct,Refresh
500886,20147,CloudRoute,CloudRoute Getaway,travel,native,wanderlust,2-for-1,Order now,Book your next trip,Flexible booking options,fatigued,12.0,1,0.6092592592592593,8.9390385932267,0.3164715904574794,0.0055750688654859,0.0567655033674451,-0.79723576589418,-0.1910260499734183,0.0095534154327963,1.0,0.9165244164688454,0.8786971497718103,0.19999999999999996,0.7948705340715735,0.4823,0.4499,0.5197,0,0.325,0.0,"{'stable': 0.9, 'top_performer': 0.1}",0.19814814814814816,0.49212962962962964,0.3033564814814815,0.7948705340715735,tired,distinct,Refresh
500679,20113,MoonScreen,MoonScreen Play,entertainment,interstitial,drama,trending,Try for free,Exclusive tonight,Cancel anytime,fatigued,11.0,1,0.6092592592592593,2.611101737207523,0.4783012660969397,0.0055845494858898,0.0856472428627297,-0.791467927164744,-0.178218744279499,0.0103451237348031,1.0,0.9098935485977163,0.8197850641632289,0.2666666666666667,0.7947637333154082,0.5362,0.4971,0.583,0,0.375,0.1,"{'stable': 0.8, 'fatigued': 0.1, 'underperformer': 0.1}",0.5083333333333333,0.49212962962962964,0.47094907407407405,0.7947637333154082,tired,distinct,Refresh
500973,20162,StormByte,StormByte Arena,gaming,playable,reward,challenge,Get offer,Join the arena,No ads in first week,fatigued,11.0,1,0.6265432098765432,0.9875000672272582,1.7196984485531293,0.0078357404886309,0.2194685302618523,-0.8902200441147774,-0.1502444250987744,0.0176362724379794,1.0,1.0,0.6911065172617457,0.2666666666666667,0.7915546367856825,0.6894,0.6219,0.7942,0,0.25,0.4,"{'fatigued': 0.4, 'stable': 0.3, 'top_performer': 0.3}",0.9805555555555555,0.49212962962962964,0.6758101851851852,0.7915546367856825,tired,moderate_repetition,Refresh
500041,20006,NeonArena,NeonArena Quest,gaming,rewarded_video,fantasy,fast,Shop now,Unlock rare gear,Play with friends tonight,stable,,0,0.5780864197530864,1.316435287900001,1.1597162368229132,0.0062463700855267,0.1856624280892436,-0.8302316134011848,0.0231964844920946,0.0122415796326623,0.0,0.9544573607445375,0.0,0.0,0.23861434018613437,0.6651,0.6138,0.8025,1,0.225,0.8,"{'fatigued': 0.8, 'top_performer': 0.1, 'stable': 0.1}",0.9722222222222222,0.9921296296296296,0.7903935185185185,0.7903935185185185,healthy,high_repetition,Refresh
501065,20177,NomadLayer,NomadLayer Getaway,travel,interstitial,family,discover,Shop now,Book your next trip,Hotels + flights in one tap,fatigued,12.0,1,0.619753086419753,7.939889254038408,0.3100315341129284,0.0059194866007992,0.0523747336586707,-0.8331915099201872,-0.1740455990286948,0.0116487850361307,1.0,0.9578601401304374,0.8005890914779554,0.19999999999999996,0.7895828533282006,0.6064,0.5564,0.637,0,0.375,0.3,"{'stable': 0.6, 'fatigued': 0.3, 'top_performer': 0.1}",0.8273148148148148,0.49212962962962964,0.6304398148148148,0.7895828533282006,tired,moderate_repetition,Refresh
500982,20163,ZenDrop,ZenDrop Store,ecommerce,rewarded_video,testimonial,last-minute deal,Shop now,Your next favorite pick,Free shipping over $25,fatigued,15.0,1,0.7611111111111111,2.918519775415037,0.5918899637479311,0.0075778118466633,0.0781082950757814,-0.8255216882550264,-0.3154511320969393,0.0151689451296182,1.0,0.9490426997610917,1.0,0.0,0.7872606749402729,0.5799,0.5089,0.6564,0,0.25,0.3,"{'stable': 0.7, 'fatigued': 0.3}",0.5819444444444445,0.49212962962962964,0.47650462962962964,0.7872606749402729,tired,distinct,Refresh
500458,20076,SnapMeal,SnapMeal Go,food_delivery,native,destination,free delivery,Order now,"Fast food, fast",Late-night deals available,fatigued,11.0,1,0.6151234567901235,2.613177977542366,0.513998063690084,0.0054253102706815,0.0947407683700111,-0.8474229532866371,-0.1511549970709463,0.0121837230331736,1.0,0.9742210033592908,0.6952950402235138,0.2666666666666667,0.7859475922178588,0.5587,0.5209,0.6327,0,0.275,0.1,"{'stable': 0.9, 'fatigued': 0.1}",0.6574074074074074,0.49212962962962964,0.5204861111111111,0.7859475922178588,tired,distinct,Refresh
500292,20048,VoxelRealm,VoxelRealm Legends,gaming,rewarded_video,feature-focus,fast,Learn more,Level up today,Free rewards for new players,fatigued,10.0,1,0.5919753086419753,1.1891264917570674,1.3547728740317286,0.0065223126385901,0.207713574785734,-0.8623036161376172,-0.1291329203674872,0.0148015630538861,1.0,0.9913282273695775,0.593996102020696,0.33333333333333337,0.7832979439132002,0.5817,0.5323,0.6881,0,0.225,0.6,"{'fatigued': 0.6, 'stable': 0.3, 'top_performer': 0.1}",0.7277777777777777,0.49212962962962964,0.5431712962962963,0.7832979439132002,tired,distinct,Refresh
500148,20024,GlitchWave,GlitchWave Quest,gaming,playable,food-closeup,challenge,Start now,Win epic rewards,Play with friends tonight,fatigued,11.0,1,0.7419753086419753,1.8293660060704056,1.81143525320508,0.0088181726224772,0.2054207068466527,-0.8626302959637626,-0.1417152978193048,0.016640864853128,1.0,0.9917037875863149,0.6518735444208489,0.2666666666666667,0.7816339891140819,0.611,0.5803,0.6699,0,0.2,0.7,"{'fatigued': 0.7, 'stable': 0.3}",0.9074074074074074,0.49212962962962964,0.6267361111111112,0.7816339891140819,tired,moderate_repetition,Refresh
500270,20045,DriftPass,DriftPass Trips,travel,interstitial,feature-focus,escape,Get offer,Last-minute savings,Hotels + flights in one tap,fatigued,10.0,1,0.5993827160493828,9.10589099538748,0.2864177660688047,0.0058274494994339,0.0491497637339676,-0.8265978053046019,-0.1373321472444614,0.011042308908147,1.0,0.950279833860072,0.6317115721784687,0.33333333333333337,0.7805789395673784,0.5516,0.5163,0.5784,0,0.325,0.2,"{'stable': 0.8, 'fatigued': 0.2}",0.6351851851851852,0.49212962962962964,0.521875,0.7805789395673784,tired,distinct,Refresh
500832,20138,IronQuest,IronQuest Rush,gaming,rewarded_video,gameplay,challenge,Shop now,Win epic rewards,Free rewards for new players,fatigued,14.0,1,0.8070987654320988,2.3635841389219463,1.7489430931389292,0.0087822909210962,0.199144290351136,-0.8653529172703165,-0.1827962812528206,0.0179999324501186,1.0,0.9948337887867204,0.840841190759536,0.06666666666666665,0.7802100186819205,0.7113,0.6594,0.7492,0,0.25,0.5,"{'fatigued': 0.5, 'stable': 0.3, 'top_performer': 0.2}",0.9981481481481481,0.49212962962962964,0.6846064814814814,0.7802100186819205,tired,moderate_repetition,Refresh
500390,20065,BingeLayer,BingeLayer Now,entertainment,rewarded_video,destination,last-minute deal,Get offer,Stream the hype,Cancel anytime,fatigued,13.0,1,0.6469135802469136,2.8718825597156736,0.5366988362818108,0.0055781132437237,0.0962151202085546,-0.8370959856687541,-0.1762135352227694,0.0115210773285629,1.0,0.9623488340779026,0.8105613405763668,0.1333333333333333,0.7793661433014156,0.5358,0.4832,0.6091,0,0.25,0.3,"{'stable': 0.7, 'fatigued': 0.3}",0.39814814814814814,0.49212962962962964,0.38460648148148147,0.7793661433014156,tired,distinct,Refresh
500113,20018,StormByte,StormByte Saga,gaming,playable,reward,competition,Book now,Join the arena,No ads in first week,fatigued,12.0,1,0.5830246913580247,1.1456034471882637,1.2811672644649803,0.0064700603061367,0.1980147330697687,-0.8847901600255557,-0.1513943057774639,0.0157797508729367,1.0,1.0,0.6963958318608946,0.19999999999999996,0.779279166372179,0.6629,0.6005,0.7942,0,0.25,0.5,"{'fatigued': 0.5, 'stable': 0.3, 'top_performer': 0.2}",0.9462962962962963,0.49212962962962964,0.6586805555555555,0.779279166372179,tired,moderate_repetition,Refresh
501013,20168,GlitchWave,GlitchWave Rush,gaming,interstitial,competitive,security,Book now,Unlock rare gear,Free rewards for new players,fatigued,10.0,1,0.6089506172839506,1.6798741649314906,1.0717321284026229,0.0060489573987322,0.1771763392857142,-0.8530424951714229,-0.1273061628494772,0.0134120219594504,1.0,0.980681385052025,0.5855932343247825,0.33333333333333337,0.7789556597946294,0.5358,0.5045,0.5645,0,0.3,0.2,"{'stable': 0.8, 'fatigued': 0.2}",0.5537037037037037,0.49212962962962964,0.47488425925925926,0.7789556597946294,tired,distinct,Refresh
500862,20143,StarVault,StarVault Play,entertainment,interstitial,trailer,cashback,Order now,Watch what’s trending,Start free today,fatigued,11.0,1,0.6574074074074074,2.7289658474780434,0.5239498547910403,0.0058960397945261,0.0888647080159593,-0.8161011300799794,-0.1528385744234801,0.0110657006383153,1.0,0.9382125639925193,0.7030392961577054,0.2666666666666667,0.7784943335630042,0.4871,0.4201,0.59,0,0.25,0.1,"{'stable': 0.6, 'underperformer': 0.3, 'fatigued': 0.1}",0.07777777777777778,0.49212962962962964,0.2244212962962963,0.7784943335630042,tired,distinct,Refresh
500807,20134,ClearLedger,ClearLedger Cash,fintech,native,testimonial,security,Install now,"Your money, clearer",No hidden fees,stable,,0,0.653395061728395,9.515068439194796,0.4862264189553942,0.0045285059244974,0.1073701629327902,-0.742377251462748,0.0168561403508771,0.0078523102263043,0.0,0.8534575420528152,0.0,0.0,0.2133643855132038,0.6407,0.5933,0.8015,1,0.225,0.0,"{'stable': 0.9, 'top_performer': 0.1}",0.9342592592592592,0.9921296296296296,0.771412037037037,0.771412037037037,healthy,high_repetition,Refresh
500348,20058,CraveLoop,CraveLoop Bites,food_delivery,native,urgency,late-night,Install now,"Your cravings, delivered",Fresh favorites nearby,fatigued,12.0,1,0.6194444444444445,2.168084048306802,0.5767056684040154,0.0057744472899601,0.0998720118905082,-0.8372393548998538,-0.1528704939919893,0.0118447000230308,1.0,0.9625136553346684,0.7031861223831071,0.19999999999999996,0.7712656383102885,0.6063,0.559,0.6632,0,0.4,0.2,"{'stable': 0.7, 'fatigued': 0.2, 'top_performer': 0.1}",0.8425925925925926,0.49212962962962964,0.6443287037037037,0.7712656383102885,tired,moderate_repetition,Refresh
500900,20150,NeonArena,NeonArena Saga,gaming,rewarded_video,feature-focus,challenge,Install now,Join the arena,Free rewards for new players,fatigued,12.0,1,0.6327160493827161,1.0679155935397855,1.6843633893255614,0.0080061796347845,0.210382912470199,-0.8629561020914716,-0.1435271994758136,0.0141579087924344,1.0,0.9920783433750225,0.6602080769176609,0.19999999999999996,0.7700612012272878,0.6331,0.5909,0.7416,0,0.25,0.4,"{'stable': 0.6, 'fatigued': 0.4}",0.9291666666666667,0.49212962962962964,0.6501157407407407,0.7700612012272878,tired,moderate_repetition,Refresh
500972,20162,StormByte,StormByte Arena,gaming,playable,celebrity,free rewards,Claim reward,Beat your rivals,No ads in first week,fatigued,11.0,1,0.6222222222222222,1.0281080078001716,1.743798695757269,0.0073832579730435,0.236182820934053,-0.8759714266891566,-0.1204676926246109,0.0162822694646116,1.0,1.0,0.5541370832070392,0.2666666666666667,0.7641607499747411,0.6434,0.5796,0.7428,0,0.225,0.3,"{'stable': 0.6, 'fatigued': 0.3, 'top_performer': 0.1}",0.9064814814814814,0.49212962962962964,0.6325231481481481,0.7641607499747411,tired,moderate_repetition,Refresh
500431,20071,StarVault,StarVault Play,entertainment,native,celebrity,exclusive,Start now,Binge starts now,New hits every week,stable,,0,0.3929012345679012,2.4722544961989805,0.3445498920033387,0.0041906602437305,0.0822185221335476,-0.7944535891596298,-0.2023724904981755,0.0090080372374414,0.0,0.9133259486915164,0.9308894290475785,0.0,0.4145093729823948,0.6467,0.5513,0.8578,1,0.45,0.0,"{'stable': 0.9, 'top_performer': 0.1}",0.8060185185185185,0.9921296296296296,0.7635416666666667,0.7635416666666667,at_risk,high_repetition,Refresh
500504,20084,VoxelRealm,VoxelRealm Legends,gaming,interstitial,gameplay,challenge,Start now,Beat your rivals,Free rewards for new players,fatigued,12.0,1,0.6188271604938271,1.3120184424515202,1.2570285242385362,0.0070605319092922,0.1780359525865452,-0.8390402662886046,-0.1404521369787362,0.0141450140773443,1.0,0.9645840331705594,0.6460631545265625,0.19999999999999996,0.7603586391979524,0.6384,0.598,0.6913,0,0.3,0.3,"{'stable': 0.7, 'fatigued': 0.3}",0.9402777777777778,0.49212962962962964,0.6681712962962962,0.7603586391979524,tired,moderate_repetition,Refresh
501074,20179,StarVault,StarVault Now,entertainment,rewarded_video,ugc,exclusive,Install now,A new season drops,Start free today,fatigued,10.0,1,0.6098765432098765,2.5738144501823146,0.500907624405894,0.0054889082162564,0.0912581527456343,-0.8337724596796023,-0.1118858287091244,0.0118101949466916,1.0,0.9585280161365377,0.5146615281017703,0.33333333333333337,0.7592309763211551,0.5659,0.5188,0.7022,0,0.225,0.2,"{'stable': 0.8, 'fatigued': 0.2}",0.6435185185185185,0.49212962962962964,0.5010416666666667,0.7592309763211551,tired,distinct,Refresh
500401,20066,IronQuest,IronQuest Battle,gaming,playable,ugc,power-up,Watch now,Beat your rivals,No ads in first week,fatigued,14.0,1,0.7024691358024691,1.457210074805561,2.17952565580396,0.0098517106425737,0.2212332187656061,-0.8401173047764847,-0.1676149461863747,0.0168667749502798,1.0,0.9658222265806501,0.7710088519006573,0.06666666666666665,0.7589906603586273,0.605,0.5584,0.6458,0,0.175,0.5,"{'fatigued': 0.5, 'stable': 0.3, 'top_performer': 0.2}",0.8384259259259259,0.49212962962962964,0.5859953703703704,0.7589906603586273,tired,moderate_repetition,Refresh
500426,20071,StarVault,StarVault Play,entertainment,rewarded_video,trailer,new season,Claim reward,Watch what’s trending,Cancel anytime,fatigued,14.0,1,0.7586419753086421,3.248322829353934,0.6720454683047674,0.0067566167427085,0.0994647904263635,-0.8084116358212523,-0.174046836697439,0.0131790567463233,1.0,0.929372507462296,0.8005947846072331,0.06666666666666665,0.7557954171203539,0.4913,0.4639,0.5235,0,0.35,0.4,"{'fatigued': 0.4, 'stable': 0.4, 'underperformer': 0.2}",0.2726851851851852,0.49212962962962964,0.346875,0.7557954171203539,tired,distinct,Refresh
500036,20006,NeonArena,NeonArena Quest,gaming,rewarded_video,competitive,free rewards,Claim reward,Level up today,No ads in first week,fatigued,11.0,1,0.6990740740740741,1.6792476112788166,1.5126149051361992,0.0079682430994118,0.1898304163496032,-0.8332122842724801,-0.1224603013783933,0.0158221468994042,1.0,0.9578840229037991,0.5633028468963507,0.2666666666666667,0.7554649084385533,0.6594,0.598,0.7569,0,0.35,0.6,"{'fatigued': 0.6, 'stable': 0.3, 'top_performer': 0.1}",0.9402777777777778,0.49212962962962964,0.6806712962962963,0.7554649084385533,tired,moderate_repetition,Refresh
501009,20168,GlitchWave,GlitchWave Rush,gaming,interstitial,fantasy,fast,Try for free,Unlock rare gear,Play with friends tonight,fatigued,11.0,1,0.6003086419753086,1.656483813200896,1.037361994971078,0.0059984315608579,0.1729388731781596,-0.8622986549215874,-0.1103601396283303,0.0131195096815001,1.0,0.991322523817603,0.5076435394718515,0.2666666666666667,0.7526926721821043,0.6048,0.5564,0.672,0,0.375,0.6,"{'fatigued': 0.6, 'stable': 0.4}",0.8273148148148148,0.49212962962962964,0.6304398148148148,0.7526926721821043,tired,moderate_repetition,Refresh
500293,20048,VoxelRealm,VoxelRealm Legends,gaming,rewarded_video,feature-focus,power-up,Start now,Join the arena,Free rewards for new players,fatigued,11.0,1,0.653395061728395,1.40889361706135,1.5817165004271128,0.0074416558492368,0.2125489988346223,-0.8792266112804491,-0.1041097849061295,0.0164162448512818,1.0,1.0,0.4788926498406998,0.2666666666666667,0.7491118633014733,0.6659,0.6167,0.7885,0,0.325,0.4,"{'stable': 0.5, 'fatigued': 0.4, 'top_performer': 0.1}",0.9777777777777777,0.49212962962962964,0.6931712962962963,0.7491118633014733,tired,moderate_repetition,Refresh
500017,20002,EarnPath,EarnPath Invest,fintech,banner,feature-focus,security,Try for free,Save with confidence,Built for peace of mind,stable,,0,0.2935185185185185,5.647415270613856,0.2513243137119469,0.0028604827922653,0.0878608025161061,-0.6969457977285635,-0.2855514378084861,0.0065699879038286,0.0,0.8012282788857865,1.0,0.0,0.40030706972144664,0.6379,0.5608,0.8461,1,0.3,0.1,"{'stable': 0.9, 'fatigued': 0.1}",0.8476851851851852,0.9921296296296296,0.746875,0.746875,at_risk,moderate_repetition,Monitor
500255,20042,NeonArena,NeonArena Arena,gaming,interstitial,fantasy,power-up,Get offer,Join the arena,No ads in first week,fatigued,10.0,1,0.6660493827160494,1.9030192431994128,1.041422540068231,0.0064679701012347,0.1610122687285494,-0.8690454973274042,-0.0851568809845991,0.014620529098248,1.0,0.9990788815520845,0.3917115420385694,0.33333333333333337,0.7447786954624016,0.5835,0.5479,0.6183,0,0.375,0.4,"{'stable': 0.6, 'fatigued': 0.4}",0.7888888888888889,0.49212962962962964,0.6112268518518519,0.7447786954624016,tired,moderate_repetition,Refresh
500813,20135,WayPoint,WayPoint Trips,travel,interstitial,discount,escape,Learn more,Book your next trip,Hotels + flights in one tap,fatigued,11.0,1,0.782716049382716,9.678912667290913,0.4213083260454149,0.0071936384052862,0.058566792255754,-0.8488477698316815,-0.1055823995065282,0.0129938048748888,1.0,0.9758590120994749,0.48566650216221696,0.2666666666666667,0.7444313867906455,0.5196,0.491,0.5877,0,0.425,0.4,"{'stable': 0.6, 'fatigued': 0.4}",0.4601851851851852,0.49212962962962964,0.459375,0.7444313867906455,tired,distinct,Refresh
500688,20114,NeonArena,NeonArena Quest,gaming,interstitial,reward,challenge,Try for free,Beat your rivals,No ads in first week,fatigued,10.0,1,0.7049382716049383,2.1286219526734773,1.0924466215265267,0.0066302806061851,0.1647662725627971,-0.8697219692558464,-0.0844800454663653,0.015250132445319,1.0,0.9998565725012325,0.3885981790138975,0.33333333333333337,0.7443504455947543,0.5861,0.5507,0.6871,0,0.275,0.4,"{'stable': 0.5, 'fatigued': 0.4, 'top_performer': 0.1}",0.8032407407407407,0.49212962962962964,0.5934027777777777,0.7443504455947543,tired,moderate_repetition,Refresh
500613,20102,IronQuest,IronQuest Arena,gaming,interstitial,competitive,challenge,Watch now,Win epic rewards,Play with friends tonight,fatigued,13.0,1,0.6083333333333333,1.1986383338830635,1.2769039743385946,0.0069757236089494,0.1830496799931119,-0.870506379163156,-0.1266788275986534,0.0148874060128885,1.0,1.0,0.5827075666531378,0.1333333333333333,0.7432081799972942,0.6044,0.5674,0.6609,0,0.275,0.4,"{'stable': 0.6, 'fatigued': 0.4}",0.8726851851851852,0.49212962962962964,0.628125,0.7432081799972942,tired,moderate_repetition,Refresh
500185,20030,IronQuest,IronQuest Saga,gaming,playable,fantasy,free rewards,Learn more,Unlock rare gear,Play with friends tonight,fatigued,13.0,1,0.8052469135802469,2.2948131572418267,1.812075163192118,0.0090199201844102,0.2008970285927864,-0.8843582622473785,-0.1266344578480401,0.0190229431424387,1.0,1.0,0.5825034710682403,0.1333333333333333,0.7431673608803147,0.6909,0.6522,0.7499,0,0.45,0.7,"{'fatigued': 0.7, 'stable': 0.3}",0.9953703703703703,0.49212962962962964,0.7332175925925926,0.7431673608803147,tired,moderate_repetition,Refresh
500037,20006,NeonArena,NeonArena Quest,gaming,native,gameplay,security,Watch now,Beat your rivals,Play with friends tonight,fatigued,10.0,1,0.5916666666666667,1.7615166158630438,1.0285648126030016,0.0056219745087228,0.1829543714591946,-0.832870784939646,-0.0943852463171553,0.0119264811526627,1.0,0.957491425769877,0.434160926904657,0.33333333333333337,0.7428717084900672,0.5331,0.4774,0.6955,0,0.2,0.3,"{'stable': 0.7, 'fatigued': 0.3}",0.3662037037037037,0.49212962962962964,0.35613425925925923,0.7428717084900672,tired,distinct,Refresh
500181,20030,IronQuest,IronQuest Saga,gaming,playable,testimonial,competition,Book now,Win epic rewards,Free rewards for new players,fatigued,14.0,1,0.8444444444444444,2.626345336017448,2.073982577366754,0.0097601038718554,0.2124959533829718,-0.8409725578394248,-0.1496787586629673,0.0190612102885559,1.0,0.9668054492959095,0.6885045188173741,0.06666666666666665,0.7427355994207855,0.6798,0.6357,0.7695,0,0.2,0.7,"{'fatigued': 0.7, 'stable': 0.3}",0.9888888888888889,0.49212962962962964,0.6674768518518519,0.7427355994207855,tired,moderate_repetition,Refresh
500545,20090,StormByte,StormByte Arena,gaming,playable,gameplay,discover,Learn more,Unlock rare gear,Free rewards for new players,fatigued,10.0,1,0.6203703703703703,1.3529604415219223,1.4519624624998666,0.0067763481678708,0.2142691648259989,-0.8746167690997513,-0.0824672968400037,0.0152311593248353,1.0,1.0,0.37933977430188487,0.33333333333333337,0.7425346215270436,0.6472,0.6137,0.6996,0,0.225,0.7,"{'fatigued': 0.7, 'stable': 0.2, 'top_performer': 0.1}",0.9712962962962963,0.49212962962962964,0.6649305555555556,0.7425346215270436,tired,moderate_repetition,Refresh
500070,20011,FluxStream,FluxStream Play,entertainment,rewarded_video,product-focus,security,Install now,Binge starts now,Start free today,fatigued,16.0,1,0.6811728395061728,2.203755520198999,0.6718273796663617,0.0064001728409817,0.1049701932054873,-0.7974974029124502,-0.1732584414107503,0.012194516486712,1.0,0.9168252016640854,0.7969682598929165,0.0,0.7385999523946046,0.5844,0.5029,0.6767,0,0.2,0.2,"{'stable': 0.7, 'fatigued': 0.2, 'underperformer': 0.1}",0.5370370370370371,0.49212962962962964,0.44155092592592593,0.7385999523946046,tired,distinct,Refresh
500472,20078,NeonArena,NeonArena Rush,gaming,rewarded_video,fantasy,power-up,Claim reward,Level up today,Play with friends tonight,fatigued,11.0,1,0.6567901234567901,1.3803580640758415,1.479409096316383,0.0079095786077616,0.1870401913528793,-0.8484420929534169,-0.098979111612012,0.0161295446906776,1.0,0.9753926346738343,0.4552921618413996,0.2666666666666667,0.7382399243700718,0.6216,0.568,0.7227,0,0.35,0.7,"{'fatigued': 0.7, 'stable': 0.2, 'top_performer': 0.1}",0.875462962962963,0.49212962962962964,0.6482638888888889,0.7382399243700718,tired,moderate_repetition,Refresh
500320,20053,PulsePlay,PulsePlay Play,entertainment,rewarded_video,ugc,watch now,Shop now,Watch what’s trending,New hits every week,fatigued,14.0,1,0.6330246913580247,1.8413110865592552,0.7056489783793732,0.0063575920227615,0.1109931206426889,-0.7987545586023688,-0.1547995680971088,0.0111137476476373,1.0,0.918270462820703,0.7120596342318993,0.06666666666666665,0.7353128758848889,0.6555,0.5645,0.7069,0,0.3,0.3,"{'stable': 0.6, 'fatigued': 0.3, 'underperformer': 0.1}",0.8601851851851852,0.49212962962962964,0.6281249999999999,0.7353128758848889,tired,moderate_repetition,Refresh
500598,20099,WayPoint,WayPoint Travel,travel,interstitial,discount,last-minute deal,Shop now,Book your next trip,Special fares today,fatigued,13.0,1,0.7388888888888889,8.579681793924244,0.3953905713327191,0.0066840975776003,0.0591539196940726,-0.834764026643883,-0.1272984606065548,0.0130752851988338,1.0,0.9596679491051845,0.58555780492181,0.1333333333333333,0.7336952149273248,0.5281,0.4955,0.5842,0,0.475,0.5,"{'stable': 0.5, 'fatigued': 0.5}",0.49212962962962964,0.49212962962962964,0.4878472222222222,0.7336952149273248,tired,distinct,Refresh
500998,20166,CraveLoop,CraveLoop Go,food_delivery,native,discount,free delivery,Order now,"Your cravings, delivered",Free delivery over $15,fatigued,12.0,1,0.678395061728395,2.389741316104451,0.6492363507589485,0.0061074180606793,0.1063029162746942,-0.8333580624785766,-0.1108472414627174,0.0117891816920943,1.0,0.9580516135852416,0.5098841500774948,0.19999999999999996,0.7314897334118093,0.6383,0.5589,0.7388,0,0.35,0.2,"{'stable': 0.6, 'underperformer': 0.2, 'fatigued': 0.2}",0.8416666666666667,0.49212962962962964,0.6313657407407407,0.7314897334118093,tired,moderate_repetition,Refresh
500602,20100,QuickFork,QuickFork Kitchen,food_delivery,rewarded_video,gameplay,fast,Book now,Hungry? We got you,Fresh favorites nearby,fatigued,10.0,1,0.6015432098765432,1.5232592849757205,0.6814039455949854,0.0067941845362703,0.1002922340359385,-0.8494061577017884,-0.0711135524676915,0.0121016811275361,1.0,0.9765009503299292,0.3271138981945334,0.33333333333333337,0.7262146838880555,0.3779,0.3463,0.5223,0,0.125,0.1,"{'stable': 0.9, 'fatigued': 0.1}",0.003703703703703704,0.49212962962962964,0.15613425925925928,0.7262146838880555,tired,distinct,Refresh
500711,20118,BiteRush,BiteRush Bites,food_delivery,native,discount,fast,Book now,Dinner in minutes,Free delivery over $15,fatigued,12.0,1,0.5901234567901236,2.784619082622611,0.4952721565524997,0.0051444451011689,0.0962731930874256,-0.84283818965066,-0.1018054054054052,0.0120069625589869,1.0,0.9689502315300836,0.4682927777313158,0.19999999999999996,0.725896113428784,0.5564,0.465,0.6305,0,0.425,0.3,"{'stable': 0.6, 'fatigued': 0.3, 'underperformer': 0.1}",0.2833333333333333,0.49212962962962964,0.37094907407407407,0.725896113428784,tired,distinct,Refresh
501012,20168,GlitchWave,GlitchWave Rush,gaming,playable,gameplay,competition,Start now,Unlock rare gear,Play with friends tonight,fatigued,13.0,1,0.7441358024691359,1.925508485064317,1.6468854560289976,0.0081600866188608,0.2018220556902505,-0.858041734930288,-0.1104699037262311,0.0173839847752891,1.0,0.9864286501632967,0.5081484412901435,0.1333333333333333,0.7249035174655194,0.626,0.5855,0.7117,0,0.25,0.7,"{'fatigued': 0.7, 'stable': 0.3}",0.9166666666666666,0.49212962962962964,0.6438657407407407,0.7249035174655194,tired,moderate_repetition,Refresh
500708,20118,BiteRush,BiteRush Bites,food_delivery,native,discount,late-night,Shop now,"Your cravings, delivered",Late-night deals available,fatigued,12.0,1,0.5839506172839506,2.790607377086848,0.4980215682890215,0.005046268786626,0.0986910506251499,-0.8475412366672901,-0.0979483720884771,0.0119499040339896,1.0,0.9743569852244665,0.4505508824105926,0.19999999999999996,0.7236994227882351,0.5699,0.5334,0.6075,0,0.375,0.2,"{'stable': 0.6, 'fatigued': 0.2, 'underperformer': 0.2}",0.7342592592592593,0.49212962962962964,0.5839120370370371,0.7236994227882351,tired,moderate_repetition,Refresh
500617,20102,IronQuest,IronQuest Arena,gaming,rewarded_video,reward,challenge,Install now,Beat your rivals,Free rewards for new players,fatigued,10.0,1,0.5904320987654321,1.0770036702501498,1.395403374903706,0.0067362937943321,0.207147048140594,-0.8834758315596857,-0.0615396327320046,0.0165765929424587,1.0,1.0,0.2830750041009646,0.33333333333333337,0.7232816674868595,0.6132,0.5724,0.6871,0,0.25,0.4,"{'stable': 0.6, 'fatigued': 0.4}",0.8898148148148148,0.49212962962962964,0.6304398148148148,0.7232816674868595,tired,moderate_repetition,Refresh
500665,20110,EarnPath,EarnPath Invest,fintech,banner,trust,security,Try for free,Save with confidence,Built for peace of mind,stable,,0,0.482716049382716,7.477799164342378,0.3355846604424821,0.003969395272485,0.0845430191265341,-0.7419771319227286,-0.0184486962797473,0.0069898241609545,0.0,0.8529975534978327,0.08486181251340079,0.0,0.23022175087713834,0.6316,0.5563,0.8461,1,0.25,0.1,"{'stable': 0.9, 'fatigued': 0.1}",0.8245370370370371,0.9921296296296296,0.7228009259259259,0.7228009259259259,healthy,moderate_repetition,Monitor
500112,20018,StormByte,StormByte Saga,gaming,playable,fantasy,power-up,Try for free,Win epic rewards,Play with friends tonight,fatigued,13.0,1,0.650925925925926,1.4348041166125531,1.652897948675227,0.0072389393833539,0.2283342712436691,-0.8946835026187515,-0.1040497590052856,0.0183064437736285,1.0,1.0,0.478616537823562,0.1333333333333333,0.722389974231379,0.6062,0.5764,0.6455,0,0.25,0.7,"{'fatigued': 0.7, 'stable': 0.2, 'top_performer': 0.1}",0.8962962962962963,0.49212962962962964,0.6336805555555556,0.722389974231379,tired,moderate_repetition,Refresh
500829,20138,IronQuest,IronQuest Rush,gaming,interstitial,competitive,competition,Get offer,Join the arena,Play with friends tonight,fatigued,13.0,1,0.7472222222222222,2.136563628433516,1.243727752283741,0.0075882905267729,0.1639009139009139,-0.8807259394105178,-0.1032434046249048,0.016003764955352,1.0,1.0,0.47490740341050575,0.1333333333333333,0.7216481473487677,0.6663,0.5937,0.748,0,0.325,0.5,"{'fatigued': 0.5, 'stable': 0.5}",0.9351851851851852,0.49212962962962964,0.671875,0.7216481473487677,tired,moderate_repetition,Refresh
500145,20024,GlitchWave,GlitchWave Quest,gaming,native,family,competition,Book now,Join the arena,No ads in first week,fatigued,10.0,1,0.6024691358024691,1.741360444895807,1.0681100165386077,0.0057922003696612,0.1844048804204385,-0.8403868909737482,-0.0689316980713327,0.0116609143551627,1.0,0.9661321503732159,0.3170776270180926,0.33333333333333337,0.721615229663589,0.5309,0.4771,0.615,0,0.3,0.4,"{'stable': 0.6, 'fatigued': 0.4}",0.3648148148148148,0.49212962962962964,0.3804398148148148,0.721615229663589,tired,distinct,Refresh
500520,20086,VaultRun,VaultRun Pay,fintech,rewarded_video,feature-focus,security,Learn more,"Your money, clearer",No hidden fees,fatigued,10.0,1,0.7561728395061729,9.614111876467398,0.5279712708436587,0.0055372817125284,0.0953484576464827,-0.7981131789101129,-0.0813675185548951,0.0092269370984667,1.0,0.9175331148825803,0.37428092476466035,0.33333333333333337,0.7209061303402438,0.5422,0.472,0.7028,0,0.175,0.2,"{'stable': 0.8, 'fatigued': 0.2}",0.33055555555555555,0.49212962962962964,0.33206018518518515,0.7209061303402438,tired,distinct,Refresh
500680,20113,MoonScreen,MoonScreen Play,entertainment,rewarded_video,ugc,book now,Book now,Binge starts now,Start free today,fatigued,11.0,1,0.6987654320987655,2.664890201507248,0.5869854143613147,0.0062635771733129,0.0937140867142608,-0.8148505014915308,-0.0903672989554799,0.0119450336044961,1.0,0.9367748065733429,0.4156788460830695,0.2666666666666667,0.720662804193283,0.4733,0.4476,0.4857,0,0.275,0.3,"{'stable': 0.7, 'fatigued': 0.3}",0.18518518518518517,0.49212962962962964,0.284375,0.720662804193283,tired,distinct,Refresh
500615,20102,IronQuest,IronQuest Arena,gaming,playable,minimalist,challenge,Install now,Level up today,Play with friends tonight,fatigued,12.0,1,0.6743827160493826,1.3410847271735749,1.8872749317925377,0.0085748283166763,0.2200947776554497,-0.8613514558851754,-0.0898113309754408,0.0165220417231546,1.0,0.9902335974531997,0.4131214593837543,0.19999999999999996,0.7201826912400509,0.5802,0.5607,0.6291,0,0.125,0.4,"{'fatigued': 0.4, 'top_performer': 0.3, 'stable': 0.3}",0.8462962962962963,0.49212962962962964,0.5774305555555556,0.7201826912400509,tired,moderate_repetition,Refresh
500614,20102,IronQuest,IronQuest Arena,gaming,playable,competitive,challenge,Learn more,Join the arena,No ads in first week,fatigued,13.0,1,0.6716049382716051,1.3309680726773665,1.8792307160260533,0.0085066510412112,0.2209131075110456,-0.8660232695904571,-0.1026227297662868,0.0177429125272595,1.0,0.9956044444639105,0.47205237275223394,0.1333333333333333,0.7199782523330911,0.5807,0.5438,0.6458,0,0.3,0.5,"{'fatigued': 0.5, 'stable': 0.4, 'top_performer': 0.1}",0.7796296296296297,0.49212962962962964,0.5878472222222223,0.7199782523330911,tired,moderate_repetition,Refresh
500312,20052,FreshDash,FreshDash Eats,food_delivery,interstitial,discount,watch now,Book now,Hungry? We got you,Free delivery over $15,fatigued,12.0,1,0.645679012345679,2.1578676957609653,0.5776982740587072,0.0061858848001942,0.0933897563111046,-0.8521150487323912,-0.0900460688631252,0.013206361460302,1.0,0.9796151668231096,0.4142012257971855,0.19999999999999996,0.7177440368652145,0.5493,0.4979,0.585,0,0.275,0.0,"{'stable': 0.9, 'underperformer': 0.1}",0.512962962962963,0.49212962962962964,0.4482638888888889,0.7177440368652145,tired,distinct,Refresh
500683,20113,MoonScreen,MoonScreen Play,entertainment,rewarded_video,drama,exclusive,Shop now,A new season drops,New hits every week,fatigued,10.0,1,0.6768518518518519,2.651514442207762,0.5939627640318674,0.0058776168551347,0.1010550327915597,-0.826225550280896,-0.0674412510364034,0.0112791359707389,1.0,0.9498518791282656,0.3102217476149407,0.33333333333333337,0.7161739859717211,0.4793,0.4553,0.5842,0,0.3,0.1,"{'stable': 0.9, 'fatigued': 0.1}",0.2222222222222222,0.49212962962962964,0.3091435185185185,0.7161739859717211,tired,distinct,Refresh
500272,20045,DriftPass,DriftPass Trips,travel,rewarded_video,discount,escape,Start now,Book your next trip,Special fares today,fatigued,13.0,1,0.8077160493827161,10.984220008760738,0.4360910445024882,0.0072634725734484,0.0600389194139194,-0.8218715221878368,-0.1122163816621198,0.0142574085397433,1.0,0.9448463672985195,0.5161820324397186,0.1333333333333333,0.7161146649792401,0.605,0.567,0.6298,0,0.225,0.2,"{'stable': 0.6, 'top_performer': 0.2, 'fatigued': 0.2}",0.8703703703703703,0.49212962962962964,0.6144675925925926,0.7161146649792401,tired,moderate_repetition,Refresh
500866,20144,PixelForge,PixelForge Legends,gaming,interstitial,fantasy,save smarter,Get offer,Unlock rare gear,No ads in first week,fatigued,10.0,1,0.6166666666666667,1.241745669138557,1.3019470569557583,0.0070613590123434,0.1843762729921975,-0.8516544078233519,-0.0593746096514968,0.0125521850042653,1.0,0.9790856012185291,0.2731161549790929,0.33333333333333337,0.7160612979671175,0.5156,0.4831,0.636,0,0.375,0.3,"{'stable': 0.7, 'fatigued': 0.3}",0.3972222222222222,0.49212962962962964,0.41539351851851847,0.7160612979671175,tired,distinct,Refresh
500436,20072,PixelForge,PixelForge Rush,gaming,playable,fantasy,free rewards,Shop now,Join the arena,No ads in first week,fatigued,13.0,1,0.6438271604938272,1.3606762064759186,1.4593972820364869,0.0073719233694654,0.1979669631512071,-0.8889496071609841,-0.0968761037196852,0.0163228199927203,1.0,1.0,0.4456185752222326,0.1333333333333333,0.7157903817111131,0.5648,0.5341,0.5941,0,0.225,0.9,"{'fatigued': 0.9, 'stable': 0.1}",0.7388888888888889,0.49212962962962964,0.5487268518518519,0.7157903817111131,tired,distinct,Refresh
500087,20014,VaultRun,VaultRun Pay,fintech,interstitial,feature-focus,earn more,Install now,Save with confidence,No hidden fees,fatigued,13.0,1,0.6768518518518519,7.154073706069809,0.516729104766826,0.0050548231449311,0.1022249621700386,-0.7939891687354652,-0.1200539359278375,0.0092587436923612,1.0,0.9127920380511975,0.552233851526311,0.1333333333333333,0.7153114464847281,0.5266,0.4807,0.6326,0,0.3,0.1,"{'stable': 0.9, 'fatigued': 0.1}",0.3851851851851852,0.49212962962962964,0.390625,0.7153114464847281,tired,distinct,Refresh
500274,20045,DriftPass,DriftPass Trips,travel,native,family,escape,Order now,Dream destinations await,Special fares today,fatigued,12.0,1,0.6027777777777777,10.636166320649254,0.2684127903254039,0.0059112267316936,0.0454072906536101,-0.8444457851132735,-0.0897655263561593,0.0114667133567398,1.0,0.9707983679990204,0.4129107635733418,0.19999999999999996,0.7152817447144235,0.5293,0.4649,0.6041,0,0.4,0.0,"{'stable': 0.9, 'top_performer': 0.1}",0.2824074074074074,0.49212962962962964,0.3642361111111111,0.7152817447144235,tired,distinct,Refresh
500958,20159,HorizonHop,HorizonHop Escapes,travel,rewarded_video,wanderlust,trending,Try for free,Book your next trip,Special fares today,fatigued,11.0,1,0.6151234567901235,5.4496906523662245,0.3436712621993603,0.0063162318506188,0.0544108054180576,-0.8432180637004865,-0.0753531018387752,0.0129353718821146,1.0,0.969386945306288,0.3466153219490763,0.2666666666666667,0.7150031340497206,0.5658,0.5229,0.636,0,0.325,0.6,"{'fatigued': 0.6, 'top_performer': 0.3, 'stable': 0.1}",0.6699074074074074,0.49212962962962964,0.5392361111111111,0.7150031340497206,tired,distinct,Refresh
500435,20072,PixelForge,PixelForge Rush,gaming,rewarded_video,gameplay,power-up,Order now,Unlock rare gear,Free rewards for new players,fatigued,11.0,1,0.6524691358024691,1.5379064684036612,1.500658312404724,0.0070192472063251,0.2137919164682596,-0.8920090727719678,-0.0661616564878549,0.0175692717786952,1.0,1.0,0.30433576461508505,0.2666666666666667,0.7142004862563504,0.5593,0.536,0.5803,0,0.4,0.5,"{'fatigued': 0.5, 'stable': 0.4, 'top_performer': 0.1}",0.7481481481481481,0.49212962962962964,0.5971064814814815,0.7142004862563504,tired,moderate_repetition,Refresh
500652,20108,PixelForge,PixelForge Battle,gaming,rewarded_video,reward,watch now,Shop now,Join the arena,No ads in first week,fatigued,10.0,1,0.6617283950617284,1.497320712478958,1.4284815748748692,0.0075993403489369,0.1879744174209396,-0.8580510412136293,-0.0551089092304662,0.0160305099687617,1.0,0.9864393489255372,0.25349443949965134,0.33333333333333337,0.7139753917979812,0.6584,0.5949,0.7817,0,0.325,0.4,"{'stable': 0.6, 'fatigued': 0.4}",0.937962962962963,0.49212962962962964,0.6732638888888889,0.7139753917979812,tired,moderate_repetition,Refresh
500180,20030,IronQuest,IronQuest Saga,gaming,playable,competitive,free rewards,Claim reward,Level up today,No ads in first week,fatigued,10.0,1,0.6003086419753086,1.4669541602767808,1.1905167444804996,0.0063053217077727,0.1888114198856689,-0.8400617428698753,-0.0337174691549527,0.0158423550506037,1.0,0.9657583510670171,0.15509635491127308,0.33333333333333337,0.6891255254156755,0.6524,0.6229,0.7127,0,0.4,0.6,"{'fatigued': 0.6, 'stable': 0.4}",0.9814814814814815,0.49212962962962964,0.7137731481481482,0.7137731481481482,tired,moderate_repetition,Refresh
500001,20000,PixelForge,PixelForge Legends,gaming,rewarded_video,gameplay,free rewards,Claim reward,Beat your rivals,No ads in first week,fatigued,12.0,1,0.5978395061728395,1.1266953986429848,1.4867974604611736,0.0066877354426202,0.2223170269245354,-0.8790466075977256,-0.0800892904071556,0.0154811110016695,1.0,1.0,0.3684012270462963,0.19999999999999996,0.7136802454092592,0.6105,0.5819,0.6325,0,0.4,0.5,"{'fatigued': 0.5, 'stable': 0.4, 'top_performer': 0.1}",0.9101851851851852,0.49212962962962964,0.678125,0.7136802454092592,tired,moderate_repetition,Refresh
500182,20030,IronQuest,IronQuest Saga,gaming,rewarded_video,competitive,free rewards,Shop now,Unlock rare gear,No ads in first week,fatigued,15.0,1,0.7984567901234568,2.277770349421023,1.6656994633411406,0.0090871496525124,0.1833027436585251,-0.8193031597493955,-0.094253887347681,0.0177329664940527,1.0,0.9418937063845517,0.43355669124103896,0.0,0.6721847648443456,0.7047,0.6465,0.7511,0,0.375,0.5,"{'fatigued': 0.5, 'stable': 0.4, 'top_performer': 0.1}",0.9925925925925926,0.49212962962962964,0.7130787037037036,0.7130787037037036,tired,moderate_repetition,Refresh
500429,20071,StarVault,StarVault Play,entertainment,native,product-focus,new season,Install now,Binge starts now,Cancel anytime,stable,,0,0.4567901234567901,2.849579173817719,0.3943364293378807,0.004291737547111,0.0918826990255561,-0.7790043456592507,-0.0514111101501917,0.0094407680928793,0.0,0.8955650685481267,0.23648500276200135,0.0,0.27118826768943194,0.6448,0.5475,0.8578,1,0.275,0.0,"{'stable': 0.9, 'top_performer': 0.1}",0.7875,0.9921296296296296,0.7105324074074074,0.7105324074074074,healthy,moderate_repetition,Monitor
501008,20168,GlitchWave,GlitchWave Rush,gaming,interstitial,fantasy,challenge,Try for free,Unlock rare gear,No ads in first week,fatigued,12.0,1,0.6580246913580247,1.8010294870636427,1.1370415907393354,0.0065391101736716,0.1738832288401254,-0.8670590006273187,-0.0762585815693844,0.0142497346211439,1.0,0.9967951496790906,0.3507804212042469,0.19999999999999996,0.709354871660622,0.6153,0.5689,0.6871,0,0.5,0.5,"{'fatigued': 0.5, 'stable': 0.5}",0.8796296296296297,0.49212962962962964,0.6878472222222223,0.709354871660622,tired,moderate_repetition,Refresh
500254,20042,NeonArena,NeonArena Arena,gaming,rewarded_video,fantasy,power-up,Start now,Join the arena,Play with friends tonight,fatigued,10.0,1,0.7691358024691358,2.195094784916809,1.492093850013873,0.0078774023731061,0.1894144515339156,-0.9003128653642095,-0.0353130269645385,0.0195804220562541,1.0,1.0,0.16243573139827203,0.33333333333333337,0.6991538129463211,0.6955,0.645,0.7885,0,0.35,0.5,"{'fatigued': 0.5, 'stable': 0.4, 'top_performer': 0.1}",0.9916666666666667,0.49212962962962964,0.7063657407407408,0.7063657407407408,tired,moderate_repetition,Refresh
500892,20148,SnapMeal,SnapMeal Express,food_delivery,rewarded_video,combo,fast,Order now,2-for-1 tonight,Late-night deals available,fatigued,13.0,1,0.726851851851852,2.153876807793059,0.8238842292418519,0.0075689176725313,0.1088509962569473,-0.8395027944849203,-0.0954356846473029,0.0156311204790061,1.0,0.9651157684530992,0.4389928185070861,0.1333333333333333,0.7057441724813587,0.4265,0.3865,0.4754,0,0.175,0.2,"{'stable': 0.6, 'fatigued': 0.2, 'underperformer': 0.2}",0.019444444444444445,0.49212962962962964,0.17650462962962962,0.7057441724813587,tired,distinct,Refresh
500459,20076,SnapMeal,SnapMeal Go,food_delivery,native,product-focus,free delivery,Try for free,Hungry? We got you,Fresh favorites nearby,fatigued,12.0,1,0.6506172839506172,2.8518712490345384,0.5608913483367276,0.0055275491106694,0.1014719791912981,-0.8343604240717588,-0.0816729246032833,0.0114419258098505,1.0,0.9592039563595923,0.37568575632705264,0.19999999999999996,0.7049381403553087,0.5135,0.486,0.5662,0,0.375,0.3,"{'stable': 0.5, 'fatigued': 0.3, 'underperformer': 0.2}",0.41574074074074074,0.49212962962962964,0.42465277777777777,0.7049381403553087,tired,distinct,Refresh
500901,20150,NeonArena,NeonArena Saga,gaming,rewarded_video,reward,free rewards,Order now,Win epic rewards,Play with friends tonight,fatigued,11.0,1,0.5854938271604938,0.9527779083345084,1.500623496481341,0.0066278490901183,0.2264118383019112,-0.8826633775687598,-0.0558854489836814,0.0155064393499563,1.0,1.0,0.2570664301675715,0.2666666666666667,0.7047466193668476,0.6529,0.6144,0.7196,0,0.25,0.5,"{'fatigued': 0.5, 'stable': 0.4, 'top_performer': 0.1}",0.9731481481481481,0.49212962962962964,0.6721064814814814,0.7047466193668476,tired,moderate_repetition,Refresh
500639,20106,PlateSprint,PlateSprint Go,food_delivery,native,urgency,late-night,Try for free,"Fast food, fast",Late-night deals available,fatigued,12.0,1,0.5805555555555556,2.127564343640599,0.566949036235566,0.0053347029810877,0.1062756517552106,-0.8514449512476998,-0.0746753246753246,0.0123319049781797,1.0,0.9788448041118416,0.34349762746820667,0.19999999999999996,0.7034107265216017,0.4751,0.4385,0.5494,0,0.25,0.1,"{'stable': 0.7, 'underperformer': 0.2, 'fatigued': 0.1}",0.13657407407407407,0.49212962962962964,0.25381944444444443,0.7034107265216017,tired,distinct,Refresh
500398,20066,IronQuest,IronQuest Battle,gaming,playable,fantasy,free rewards,Install now,Join the arena,No ads in first week,stable,,0,0.7345679012345679,1.6254591374652814,2.437601339614316,0.0109950371138193,0.221700146564359,-0.7354877703451861,-0.0117490842490842,0.0189735122998755,0.0,0.845537202886942,0.054044392602662035,0.0,0.22219317924226792,0.7162,0.6512,0.7764,0,0.325,0.7,"{'fatigued': 0.7, 'stable': 0.2, 'top_performer': 0.1}",0.9944444444444445,0.49212962962962964,0.7015046296296297,0.7015046296296297,healthy,moderate_repetition,Monitor
500326,20054,StormByte,StormByte Saga,gaming,rewarded_video,competitive,free rewards,Shop now,Beat your rivals,Free rewards for new players,fatigued,15.0,1,0.6688271604938271,1.3018728131440236,1.9558572367349225,0.0083113408146486,0.2353239122727042,-0.8842562526146884,-0.0650465289082888,0.0171510935107588,1.0,1.0,0.2992063101457442,0.0,0.6598412620291488,0.658,0.6187,0.7383,0,0.35,0.6,"{'fatigued': 0.6, 'stable': 0.2, 'top_performer': 0.2}",0.9796296296296296,0.49212962962962964,0.7003472222222222,0.7003472222222222,tired,moderate_repetition,Refresh
500501,20083,FluxStream,FluxStream Stream,entertainment,interstitial,trailer,new season,Watch now,Watch what’s trending,Cancel anytime,fatigued,13.0,1,0.6188271604938271,2.320801235883552,0.5320023259636577,0.0057439165858058,0.0926201343658649,-0.8203420175272395,-0.0937484940092503,0.011157135960435,1.0,0.9430880061881546,0.4312319418885055,0.1333333333333333,0.6986850565914065,0.5361,0.5037,0.5855,0,0.4,0.1,"{'stable': 0.7, 'underperformer': 0.2, 'fatigued': 0.1}",0.5453703703703704,0.49212962962962964,0.4957175925925926,0.6986850565914065,tired,distinct,Refresh
500822,20137,BingeLayer,BingeLayer Plus,entertainment,native,drama,fast,Learn more,Stream the hype,Start free today,fatigued,11.0,1,0.6148148148148148,3.0214966501506195,0.481070348468771,0.0054121386454855,0.088887292063378,-0.8028043731000437,-0.0695437961648907,0.0094485920400298,1.0,0.9229262422376305,0.3198932055753889,0.2666666666666667,0.6980435350078188,0.5612,0.5243,0.5859,0,0.325,0.0,"{'stable': 0.9, 'underperformer': 0.1}",0.6814814814814815,0.49212962962962964,0.5450231481481481,0.6980435350078188,tired,distinct,Refresh
500470,20078,NeonArena,NeonArena Rush,gaming,playable,competitive,competition,Start now,Beat your rivals,Free rewards for new players,stable,,0,0.7700617283950617,1.8789786841659737,2.2866228887130324,0.0107964310460491,0.2117943308265559,-0.7435443026277145,-0.0073869736453535,0.0191815143354178,0.0,0.8547992165407385,0.03397920172937055,0.0,0.22049564448105874,0.7258,0.6862,0.7909,0,0.3,0.6,"{'fatigued': 0.6, 'stable': 0.2, 'top_performer': 0.2}",1.0,0.49212962962962964,0.6980324074074074,0.6980324074074074,healthy,moderate_repetition,Monitor
500509,20084,VoxelRealm,VoxelRealm Legends,gaming,playable,competitive,competition,Order now,Join the arena,Play with friends tonight,fatigued,10.0,1,0.678395061728395,1.392240552091573,1.7706412640501343,0.0087819482066544,0.2016228315612759,-0.8782255635044844,-0.0336972496325844,0.0164691842683586,1.0,1.0,0.15500334750899863,0.33333333333333337,0.6976673361684663,0.6412,0.6024,0.719,0,0.225,0.4,"{'stable': 0.5, 'fatigued': 0.4, 'top_performer': 0.1}",0.9490740740740741,0.49212962962962964,0.6538194444444444,0.6976673361684663,tired,moderate_repetition,Refresh
500722,20120,VoxelRealm,VoxelRealm Arena,gaming,rewarded_video,combo,free rewards,Learn more,Unlock rare gear,Free rewards for new players,fatigued,12.0,1,0.6314814814814814,1.2258823644489802,1.4179716410926448,0.0074771270953966,0.1896412382726026,-0.8905556372258764,-0.0617270573930107,0.0176382910343326,1.0,1.0,0.2839371352890718,0.19999999999999996,0.6967874270578144,0.6335,0.5945,0.6978,0,0.225,0.6,"{'fatigued': 0.6, 'stable': 0.4}",0.937037037037037,0.49212962962962964,0.6478009259259259,0.6967874270578144,tired,moderate_repetition,Refresh
500252,20042,NeonArena,NeonArena Arena,gaming,playable,competitive,challenge,Install now,Beat your rivals,Free rewards for new players,fatigued,10.0,1,0.7191358024691358,1.898366610268144,1.414339107254455,0.0074793282048618,0.1890997518112762,-0.8952256947587206,-0.0188488147884946,0.0174173679891605,1.0,1.0,0.08670231014844126,0.33333333333333337,0.6840071286963549,0.7049,0.657,0.7909,0,0.3,0.5,"{'fatigued': 0.5, 'stable': 0.3, 'top_performer': 0.2}",0.9972222222222222,0.49212962962962964,0.6966435185185185,0.6966435185185185,tired,moderate_repetition,Refresh
500242,20040,SnapMeal,SnapMeal Kitchen,food_delivery,rewarded_video,reward,late-night,Start now,Dinner in minutes,Late-night deals available,fatigued,11.0,1,0.6746913580246914,1.875738388341876,0.8025932013659034,0.0070912457745587,0.1131808467625483,-0.8920128027627704,-0.0468831035284439,0.0166441330865969,1.0,1.0,0.2156567099023033,0.2666666666666667,0.696464675313794,0.4479,0.4256,0.4993,0,0.125,0.2,"{'stable': 0.8, 'fatigued': 0.2}",0.0962962962962963,0.49212962962962964,0.20243055555555556,0.696464675313794,tired,distinct,Refresh
500491,20081,DriftPass,DriftPass Travel,travel,rewarded_video,destination,late-night,Watch now,Book your next trip,Hotels + flights in one tap,fatigued,12.0,1,0.7231481481481481,6.113803075686949,0.4391231095435189,0.0067353206453549,0.0651970607882431,-0.8277446085781275,-0.0738546603475513,0.0126623132928019,1.0,0.9515982308086757,0.3397226689961336,0.19999999999999996,0.6958440915013956,0.5414,0.4974,0.5836,0,0.25,0.9,"{'fatigued': 0.9, 'top_performer': 0.1}",0.5106481481481482,0.49212962962962964,0.4408564814814815,0.6958440915013956,tired,distinct,Refresh
501045,20174,IronQuest,IronQuest Legends,gaming,rewarded_video,reward,free rewards,Order now,Join the arena,Free rewards for new players,stable,,0,0.7188271604938272,1.5998227023840772,2.017060088838857,0.0096264587725491,0.20953292757984,-0.7792512305200151,-0.0799565586463639,0.0169710196477985,0.0,0.8958488942526762,0.3677906767056067,0.0,0.2975203589042904,0.6569,0.6238,0.7094,0,0.325,0.5,"{'fatigued': 0.5, 'stable': 0.4, 'top_performer': 0.1}",0.9824074074074074,0.49212962962962964,0.6954861111111111,0.6954861111111111,healthy,moderate_repetition,Monitor
500723,20120,VoxelRealm,VoxelRealm Arena,gaming,rewarded_video,gameplay,power-up,Install now,Unlock rare gear,Play with friends tonight,fatigued,13.0,1,0.6805555555555557,1.5128166521142343,1.745810548183102,0.0080651794337924,0.2164627039627039,-0.8941022891040711,-0.0744941183881076,0.0182259078914096,1.0,1.0,0.3426641000612354,0.1333333333333333,0.6951994866789136,0.6605,0.6362,0.7039,0,0.3,0.5,"{'fatigued': 0.5, 'stable': 0.4, 'top_performer': 0.1}",0.9898148148148148,0.49212962962962964,0.6929398148148148,0.6951994866789136,tired,moderate_repetition,Refresh
500183,20030,IronQuest,IronQuest Saga,gaming,interstitial,gameplay,competition,Learn more,Join the arena,Play with friends tonight,fatigued,11.0,1,0.6950617283950616,1.9630406126159268,1.1575031286518345,0.0068050202349895,0.1700954719723356,-0.8912190766970777,-0.0446265982699579,0.0169695820580189,1.0,1.0,0.2052770536232112,0.2666666666666667,0.6943887440579756,0.5683,0.5395,0.5939,0,0.4,0.3,"{'stable': 0.7, 'fatigued': 0.3}",0.7638888888888888,0.49212962962962964,0.6049768518518518,0.6943887440579756,tired,moderate_repetition,Refresh
500552,20092,NovaPay,NovaPay Pay,fintech,native,minimalist,earn more,Learn more,Earn cashback daily,Built for peace of mind,stable,,0,0.6425925925925925,9.552503384656404,0.4758915328741654,0.0044891287183328,0.1060097766701811,-0.7600715955145481,0.0438867227493005,0.0082518965238954,0.0,0.8737994522513444,0.0,0.0,0.2184498630628361,0.6796,0.6122,0.7712,0,0.35,0.0,{'stable': 1.0},0.9652777777777778,0.49212962962962964,0.6931712962962963,0.6931712962962963,healthy,moderate_repetition,Monitor
501072,20178,PlateSprint,PlateSprint Go,food_delivery,native,combo,free delivery,Shop now,Dinner in minutes,Free delivery over $15,fatigued,10.0,1,0.6888888888888888,2.3406746357050423,0.6840676541586814,0.0062664301936083,0.1091638513513513,-0.8062003803017765,-0.0472835733499239,0.0108774441197521,1.0,0.9268303865974877,0.21749882353420358,0.33333333333333337,0.6918740280228792,0.4868,0.4506,0.5239,0,0.35,0.1,"{'stable': 0.9, 'fatigued': 0.1}",0.20092592592592592,0.49212962962962964,0.31099537037037034,0.6918740280228792,tired,distinct,Refresh
500709,20118,BiteRush,BiteRush Bites,food_delivery,rewarded_video,urgency,late-night,Claim reward,"Your cravings, delivered",Late-night deals available,fatigued,11.0,1,0.6188271604938271,2.1162882777919125,0.5766427353437774,0.0058488327173061,0.0985910801718682,-0.8590590729360591,-0.0447990937981813,0.0131433245746239,1.0,0.9875982102382203,0.2060705125730213,0.2666666666666667,0.6914469884074926,0.3856,0.3525,0.4363,0,0.225,0.2,"{'stable': 0.7, 'fatigued': 0.2, 'underperformer': 0.1}",0.004629629629629629,0.49212962962962964,0.18159722222222224,0.6914469884074926,tired,distinct,Refresh
500764,20127,ZenDrop,ZenDrop Club,ecommerce,native,testimonial,limited offer,Start now,Limited stock,Only this weekend,stable,,0,0.5354938271604938,2.55964764434252,0.3730419476525986,0.0055726213561303,0.0669419154492201,-0.7796264758592706,-0.0607992484718045,0.009950094356401,0.0,0.8962802867344323,0.2796693244082511,0.0,0.2800039365652583,0.6278,0.5261,0.8054,1,0.375,0.0,{'stable': 1.0},0.6990740740740741,0.9921296296296296,0.6913194444444444,0.6913194444444444,healthy,moderate_repetition,Monitor
500290,20048,VoxelRealm,VoxelRealm Legends,gaming,rewarded_video,fantasy,free rewards,Shop now,Beat your rivals,Free rewards for new players,fatigued,13.0,1,0.7166666666666667,1.6264505595431014,1.816568655820505,0.0092430724786022,0.1965329883570504,-0.7932178922952559,-0.0440197790947746,0.0178064433672025,1.0,0.9119053571977536,0.20248575746368402,0.1333333333333333,0.6451401574588418,0.683,0.6485,0.7655,0,0.275,0.5,"{'fatigued': 0.5, 'stable': 0.5}",0.9935185185185185,0.49212962962962964,0.6885416666666666,0.6885416666666666,at_risk,moderate_repetition,Monitor
500396,20066,IronQuest,IronQuest Battle,gaming,interstitial,food-closeup,power-up,Shop now,Join the arena,No ads in first week,fatigued,13.0,1,0.641358024691358,1.2236355409927906,1.3659952363676515,0.0080679422264986,0.1693114796832741,-0.8549397122086924,-0.0718074300959016,0.0154860551731838,1.0,0.9828624785407846,0.3303056529017238,0.1333333333333333,0.6884434168822076,0.6401,0.5826,0.7708,0,0.25,0.4,"{'stable': 0.6, 'fatigued': 0.4}",0.912962962962963,0.49212962962962964,0.6420138888888889,0.6884434168822076,tired,moderate_repetition,Refresh
500319,20053,PulsePlay,PulsePlay Play,entertainment,interstitial,drama,trending,Learn more,Binge starts now,New hits every week,stable,,0,0.5231481481481481,1.6893814165523886,0.5609341156559011,0.0054057226776828,0.1037667207701348,-0.8223112097561045,-0.0317093311312964,0.0111323155216285,0.0,0.9453518443596034,0.14585915842429797,0.0,0.26550979277476044,0.6783,0.5985,0.7573,0,0.375,0.0,{'stable': 1.0},0.9430555555555555,0.49212962962962964,0.6883101851851852,0.6883101851851852,healthy,moderate_repetition,Monitor
500184,20030,IronQuest,IronQuest Saga,gaming,interstitial,trust,competition,Get offer,Win epic rewards,No ads in first week,fatigued,12.0,1,0.6759259259259259,1.8718528115594173,1.1178591740794834,0.0067481719980201,0.1656536280354806,-0.8806570275872815,-0.0525002388567417,0.0160611049847303,1.0,1.0,0.24149486550225754,0.19999999999999996,0.6882989731004515,0.6277,0.5927,0.6799,0,0.325,0.5,"{'fatigued': 0.5, 'stable': 0.5}",0.9314814814814815,0.49212962962962964,0.6700231481481481,0.6882989731004515,tired,moderate_repetition,Refresh
501063,20177,NomadLayer,NomadLayer Getaway,travel,native,destination,power-up,Start now,Fly smarter,Flexible booking options,fatigued,14.0,1,0.590432098765432,9.74655310697781,0.2970649064679149,0.0054901653987284,0.0541085531843387,-0.7961717150203373,-0.1043478260869564,0.0104818560887127,1.0,0.9153011539811823,0.47998761101039383,0.06666666666666665,0.6881561440307077,0.4652,0.4302,0.533,0,0.375,0.1,"{'stable': 0.7, 'top_performer': 0.2, 'fatigued': 0.1}",0.10925925925925926,0.49212962962962964,0.27141203703703703,0.6881561440307077,tired,distinct,Refresh
500264,20044,CoinBridge,CoinBridge Pay,fintech,banner,trust,security,Watch now,Track every euro,"Fast signup, instant card",stable,,0,0.5287037037037038,6.372480171667206,0.4014152755715867,0.0042805866309304,0.0937757625721352,-0.6988975090381058,-0.0569274475524476,0.0071751328268533,0.0,0.803472020506043,0.2618594998696806,0.0,0.2532399051004469,0.6889,0.6122,0.7967,0,0.325,0.0,{'stable': 1.0},0.9652777777777778,0.49212962962962964,0.6869212962962963,0.6869212962962963,healthy,moderate_repetition,Monitor
500563,20093,RouteBloom,RouteBloom Travel,travel,rewarded_video,family,book now,Learn more,Book your next trip,Special fares today,fatigued,10.0,1,0.7527777777777778,10.634869896210365,0.4077412590467592,0.0063875485177483,0.0638337631274059,-0.8239201425260625,-0.0360820187487609,0.0126763375033271,1.0,0.9472015182342688,0.1659730023049792,0.33333333333333337,0.6866616466862298,0.5426,0.5109,0.636,0,0.325,0.4,"{'top_performer': 0.5, 'fatigued': 0.4, 'stable': 0.1}",0.600925925925926,0.49212962962962964,0.5047453703703704,0.6866616466862298,tired,distinct,Refresh
500329,20054,StormByte,StormByte Saga,gaming,rewarded_video,competitive,free rewards,Order now,Join the arena,No ads in first week,stable,,0,0.5444444444444444,0.7856854493649545,1.234713785145332,0.0061723631505458,0.2000390701308849,-0.8664292645816805,-0.1221347990921035,0.0141926368435155,0.0,0.9960711876010588,0.5618055750255935,0.0,0.3613789119053834,0.6394,0.5901,0.7428,0,0.4,0.6,"{'fatigued': 0.6, 'stable': 0.3, 'top_performer': 0.1}",0.925,0.49212962962962964,0.6855324074074074,0.6855324074074074,healthy,moderate_repetition,Monitor
500505,20084,VoxelRealm,VoxelRealm Legends,gaming,playable,reward,free shipping,Claim reward,Level up today,No ads in first week,stable,,0,0.6932098765432099,1.4443653030972274,1.846119927403658,0.0094693334909397,0.1949577474666012,-0.7644738130668771,-0.0840789720283604,0.0164634146341463,0.0,0.8788603640241522,0.38675328881764875,0.0,0.2970657487695678,0.6621,0.6303,0.7271,0,0.275,0.5,"{'fatigued': 0.5, 'stable': 0.4, 'top_performer': 0.1}",0.987037037037037,0.49212962962962964,0.685300925925926,0.685300925925926,healthy,moderate_repetition,Monitor
500903,20150,NeonArena,NeonArena Saga,gaming,playable,fantasy,power-up,Start now,Unlock rare gear,Free rewards for new players,fatigued,14.0,1,0.6552469135802469,1.146934406144233,1.965483278022095,0.0083217796626119,0.2361854504334715,-0.865472576925149,-0.0324743709993253,0.0172640864409249,1.0,0.9949713528549822,0.14937825098571741,0.06666666666666665,0.6419518217442223,0.6416,0.6089,0.6818,0,0.325,0.6,"{'fatigued': 0.6, 'stable': 0.3, 'top_performer': 0.1}",0.9601851851851851,0.49212962962962964,0.684375,0.684375,at_risk,moderate_repetition,Monitor
500687,20114,NeonArena,NeonArena Quest,gaming,playable,fantasy,power-up,Start now,Beat your rivals,Free rewards for new players,fatigued,12.0,1,0.7981481481481483,2.3718434265909547,1.6030199402419574,0.0084215658278717,0.1903470177643984,-0.8831598532166587,-0.0475460682357233,0.0192137823022709,1.0,1.0,0.21870626884343602,0.19999999999999996,0.6837412537686872,0.7123,0.667,0.7655,0,0.175,0.6,"{'fatigued': 0.6, 'stable': 0.4}",0.9990740740740741,0.49212962962962964,0.6663194444444445,0.6837412537686872,tired,moderate_repetition,Refresh
500485,20080,CoinBridge,CoinBridge Wallet,fintech,native,trust,save smarter,Learn more,Earn cashback daily,"Fast signup, instant card",stable,,0,0.5086419753086419,5.521233104924245,0.4675384243408161,0.0037521891699316,0.124604171902488,-0.7262576560172157,-0.1957446808510639,0.0069553829691401,0.0,0.8349260066633313,0.9004022915762365,0.0,0.38881195998108015,0.6494,0.6136,0.7002,0,0.3,0.0,{'stable': 1.0},0.9703703703703703,0.49212962962962964,0.6832175925925925,0.6832175925925925,healthy,moderate_repetition,Monitor
500256,20042,NeonArena,NeonArena Arena,gaming,rewarded_video,competitive,challenge,Start now,Level up today,No ads in first week,stable,,0,0.5212962962962963,1.4577996545518466,0.940480015931134,0.0053435678800578,0.1760022586109542,-0.7971319314417611,-0.0623429636957828,0.0123064936687481,0.0,0.9164050454935533,0.2867702311566126,0.0,0.28645530760471083,0.661,0.6076,0.7569,0,0.325,0.7,"{'fatigued': 0.7, 'stable': 0.3}",0.9574074074074074,0.49212962962962964,0.6829861111111111,0.6829861111111111,healthy,moderate_repetition,Monitor
501029,20171,WayPoint,WayPoint Escapes,travel,interstitial,discount,limited offer,Shop now,Book your next trip,Hotels + flights in one tap,fatigued,13.0,1,0.620679012345679,5.941170061317327,0.3533381675471842,0.0060889066699053,0.0580298215595209,-0.8572853396383356,-0.0636314728788086,0.0127776780276877,1.0,0.9855590770918994,0.29269722041664875,0.1333333333333333,0.6815958800229712,0.5474,0.5028,0.5905,0,0.325,0.2,"{'stable': 0.7, 'fatigued': 0.2, 'top_performer': 0.1}",0.5361111111111111,0.49212962962962964,0.47233796296296293,0.6815958800229712,tired,distinct,Refresh
500468,20078,NeonArena,NeonArena Rush,gaming,rewarded_video,fantasy,free rewards,Learn more,Join the arena,No ads in first week,fatigued,12.0,1,0.7274691358024691,1.7137401694416037,1.8118112854147324,0.0089306060472829,0.2028766329879657,-0.7973098492359787,-0.0529227331563739,0.0173626475715029,1.0,0.9166095847396593,0.24343828911873974,0.19999999999999996,0.6678400540086628,0.6556,0.6123,0.719,0,0.3,0.4,"{'stable': 0.5, 'fatigued': 0.4, 'top_performer': 0.1}",0.9666666666666667,0.49212962962962964,0.6813657407407407,0.6813657407407407,tired,moderate_repetition,Refresh
500905,20150,NeonArena,NeonArena Saga,gaming,playable,reward,cashback,Start now,Level up today,No ads in first week,fatigued,13.0,1,0.5996913580246913,0.8913838233133204,1.5253084901702665,0.0070583129602036,0.2161010001639613,-0.8893688409213276,-0.0589589218981683,0.0174131731946144,1.0,1.0,0.2712040406674813,0.1333333333333333,0.6809074748001629,0.6396,0.5843,0.7271,0,0.3,0.4,"{'stable': 0.5, 'fatigued': 0.4, 'top_performer': 0.1}",0.9157407407407407,0.49212962962962964,0.6559027777777777,0.6809074748001629,tired,moderate_repetition,Refresh
500919,20153,DriftPass,DriftPass Trips,travel,rewarded_video,feature-focus,power-up,Install now,Book your next trip,Special fares today,fatigued,14.0,1,0.6959876543209876,6.314995353557423,0.3775848292115968,0.0070623748950732,0.0534642857142857,-0.8197604644011658,-0.0884183747113164,0.0141517659191797,1.0,0.9424194365349573,0.4067140259514385,0.06666666666666665,0.6802809976573603,0.455,0.4299,0.4836,0,0.2,0.4,"{'fatigued': 0.4, 'stable': 0.3, 'top_performer': 0.3}",0.10740740740740741,0.49212962962962964,0.22673611111111114,0.6802809976573603,tired,distinct,Refresh
500234,20039,CloudRoute,CloudRoute Trips,travel,interstitial,family,discover,Claim reward,Escape this weekend,Flexible booking options,stable,,0,0.5351851851851852,6.3151350412941065,0.2821303979829915,0.0056166980251511,0.0502306509482316,-0.8304009164508035,-0.1958826879442669,0.0118451419866268,0.0,0.9546519962405807,0.9010371078196894,0.0,0.4188704206240831,0.6504,0.5719,0.7741,0,0.45,0.1,"{'stable': 0.9, 'fatigued': 0.1}",0.8888888888888888,0.49212962962962964,0.6799768518518519,0.6799768518518519,at_risk,moderate_repetition,Monitor
500360,20060,GlitchWave,GlitchWave Saga,gaming,interstitial,fantasy,free rewards,Start now,Join the arena,Free rewards for new players,stable,,0,0.5555555555555556,1.1436634855354535,1.1030652261995433,0.00618394163979,0.1783757497163235,-0.8726538763913131,-0.1034206998370893,0.0142593564455107,0.0,1.0,0.47572294033668094,0.0,0.34514458806733617,0.6399,0.5977,0.6533,0,0.35,0.5,"{'stable': 0.5, 'fatigued': 0.5}",0.9388888888888889,0.49212962962962964,0.6799768518518519,0.6799768518518519,healthy,moderate_repetition,Monitor
500544,20090,StormByte,StormByte Arena,gaming,rewarded_video,minimalist,power-up,Shop now,Win epic rewards,Free rewards for new players,stable,,0,0.5342592592592593,1.16294301400637,1.1356494944361963,0.0057865811018642,0.19625569476082,-0.8803943727698724,-0.0924920389604621,0.0151198625856607,0.0,1.0,0.42545239784024497,0.0,0.335090479568049,0.6665,0.6331,0.7476,0,0.25,0.6,"{'fatigued': 0.6, 'stable': 0.4}",0.9879629629629629,0.49212962962962964,0.6795138888888889,0.6795138888888889,healthy,moderate_repetition,Monitor
500136,20022,CraveLoop,CraveLoop Express,food_delivery,native,urgency,2-for-1,Order now,Dinner in minutes,Late-night deals available,stable,,0,0.7373456790123457,2.4131806635973967,0.7188754806293609,0.0072070391472368,0.0997462988535277,-0.7504140204505219,-0.080392863941609,0.0114281556958403,0.0,0.8626968352731247,0.36979762926215887,0.0,0.28963373467071296,0.6255,0.5774,0.6967,0,0.425,0.2,"{'stable': 0.7, 'fatigued': 0.2, 'top_performer': 0.1}",0.9,0.49212962962962964,0.6792824074074074,0.6792824074074074,healthy,moderate_repetition,Monitor
500281,20046,BiteRush,BiteRush Go,food_delivery,interstitial,combo,free delivery,Watch now,"Your cravings, delivered",Free delivery over $15,fatigued,10.0,1,0.5959876543209877,1.9584964160271985,0.579220953298412,0.0057854762264169,0.1001163829268952,-0.8318959017667671,-0.0250898492819702,0.0118674185936223,1.0,0.9563706729519876,0.11541032783402747,0.33333333333333337,0.678841400471469,0.5886,0.5358,0.6771,0,0.225,0.1,"{'stable': 0.9, 'fatigued': 0.1}",0.7467592592592592,0.49212962962962964,0.5526620370370371,0.678841400471469,tired,moderate_repetition,Refresh
500976,20162,StormByte,StormByte Arena,gaming,playable,family,2-for-1,Book now,Join the arena,Play with friends tonight,fatigued,13.0,1,0.6580246913580247,1.0828364248610487,1.91360542083634,0.0090556409532473,0.2113163972286374,-0.8414141079341038,-0.0641639917671264,0.0169624376779907,1.0,0.9673130675691733,0.2951467440781054,0.1333333333333333,0.677524282374581,0.652,0.6046,0.7606,0,0.225,0.6,"{'fatigued': 0.6, 'stable': 0.2, 'top_performer': 0.2}",0.9532407407407407,0.49212962962962964,0.6559027777777777,0.677524282374581,tired,moderate_repetition,Refresh
500399,20066,IronQuest,IronQuest Battle,gaming,playable,gameplay,last-minute deal,Book now,Win epic rewards,Play with friends tonight,fatigued,15.0,1,0.7126543209876544,1.5296330641192348,2.31192535358987,0.0099164365383925,0.2331407400873285,-0.7950579115622743,-0.0550031311447103,0.0185109519460334,1.0,0.9140206945385264,0.2530078728639754,0.0,0.6291067482074267,0.7188,0.6529,0.7695,0,0.225,0.5,"{'fatigued': 0.5, 'stable': 0.5}",0.9962962962962963,0.49212962962962964,0.6774305555555555,0.6774305555555555,at_risk,moderate_repetition,Monitor
500400,20066,IronQuest,IronQuest Battle,gaming,interstitial,reward,free rewards,Order now,Join the arena,Free rewards for new players,fatigued,15.0,1,0.7015432098765432,1.5589697612669446,1.7641539871643337,0.0091465027340829,0.192877435064935,-0.805943952526878,0.0651675485008818,0.0171577576466732,1.0,0.9265355900933548,0.0,0.0,0.5816338975233387,0.6799,0.6079,0.7708,0,0.3,0.5,"{'fatigued': 0.5, 'stable': 0.5}",0.9583333333333334,0.49212962962962964,0.6771990740740741,0.6771990740740741,at_risk,moderate_repetition,Monitor
500782,20130,CraveLoop,CraveLoop Kitchen,food_delivery,interstitial,family,late-night,Shop now,2-for-1 tonight,Fresh favorites nearby,fatigued,11.0,1,0.6320987654320988,2.738569844318602,0.4663077638301199,0.005897857772955,0.0790639214747426,-0.85596897758217,-0.0299631184183616,0.0129615365346559,1.0,0.9840457506494564,0.13782678726882142,0.2666666666666667,0.6769101284494617,0.4794,0.4277,0.5499,0,0.3,0.1,"{'stable': 0.7, 'underperformer': 0.2, 'fatigued': 0.1}",0.10046296296296296,0.49212962962962964,0.2482638888888889,0.6769101284494617,tired,distinct,Refresh
500556,20092,NovaPay,NovaPay Pay,fintech,interstitial,trust,security,Shop now,Earn cashback daily,Built for peace of mind,stable,,0,0.686111111111111,7.901154762549412,0.4867909889246313,0.0051262835679832,0.0949598246895544,-0.771818571675126,-0.0720692402722241,0.0091543138969149,0.0,0.8873041028596517,0.33150994862865657,0.0,0.28812801544064426,0.648,0.5987,0.7667,0,0.325,0.0,"{'stable': 0.9, 'top_performer': 0.1}",0.9444444444444444,0.49212962962962964,0.6765046296296297,0.6765046296296297,healthy,moderate_repetition,Monitor
500766,20127,ZenDrop,ZenDrop Club,ecommerce,native,drama,before/after,Order now,Up to 40% off,Shop bestsellers now,stable,,0,0.4962962962962963,2.4715487410902006,0.3638821021988876,0.0052557335059804,0.0692352650271995,-0.7851428534413035,-0.0970375269790433,0.0097634426591937,0.0,0.9026220678745746,0.44636110304984866,0.0,0.31492773757861336,0.6203,0.531,0.8054,1,0.275,0.0,{'stable': 1.0},0.7194444444444444,0.9921296296296296,0.6765046296296297,0.6765046296296297,healthy,moderate_repetition,Monitor
500985,20164,NovaPay,NovaPay Wallet,fintech,interstitial,feature-focus,security,Learn more,Save with confidence,Built for peace of mind,stable,,0,0.4814814814814814,5.541934946521404,0.3991409237342545,0.0039528800645443,0.1009747114045726,-0.7879518132263201,-0.1711823486017033,0.0087367411110467,0.0,0.9058513261918545,0.7874184794612675,0.0,0.3839465274402172,0.6509,0.5902,0.7225,0,0.35,0.0,{'stable': 1.0},0.9259259259259259,0.49212962962962964,0.6734953703703703,0.6734953703703703,healthy,moderate_repetition,Monitor
500904,20150,NeonArena,NeonArena Saga,gaming,interstitial,competitive,competition,Book now,Join the arena,No ads in first week,stable,,0,0.5645061728395062,0.9257138565519274,1.1989063893812386,0.0065086022075083,0.1842033590558329,-0.8626054922697545,-0.0818327401564189,0.0136387801632015,0.0,0.9916752725696165,0.37642088889692465,0.0,0.3232029959217891,0.6126,0.5715,0.6774,0,0.425,0.3,"{'stable': 0.7, 'fatigued': 0.3}",0.887962962962963,0.49212962962962964,0.6732638888888889,0.6732638888888889,healthy,moderate_repetition,Monitor
500109,20018,StormByte,StormByte Saga,gaming,interstitial,combo,free rewards,Order now,Join the arena,No ads in first week,stable,,0,0.5509259259259259,1.1981818901365635,1.0180538804806425,0.0060944750643942,0.1670453762996626,-0.8760184383160037,-0.0622412008281573,0.0144600996075688,0.0,1.0,0.28630213404761845,0.0,0.3072604268095237,0.6539,0.6116,0.6838,0,0.275,0.4,"{'stable': 0.6, 'fatigued': 0.4}",0.9629629629629629,0.49212962962962964,0.6732638888888889,0.6732638888888889,healthy,moderate_repetition,Monitor
500291,20048,VoxelRealm,VoxelRealm Legends,gaming,rewarded_video,family,challenge,Claim reward,Beat your rivals,Play with friends tonight,stable,,0,0.717283950617284,1.6626788624606876,1.8376574646683883,0.0088178578331347,0.2084018022793533,-0.7843802571573515,-0.0719255491982765,0.0164632985372395,0.0,0.9017453659702558,0.3308489867486252,0.0,0.291606138842289,0.6545,0.6149,0.693,0,0.25,0.4,"{'fatigued': 0.4, 'stable': 0.3, 'top_performer': 0.3}",0.975,0.49212962962962964,0.6730324074074074,0.6730324074074074,healthy,moderate_repetition,Monitor
500935,20155,FluxStream,FluxStream Now,entertainment,rewarded_video,ugc,trending,Get offer,Exclusive tonight,Start free today,fatigued,12.0,1,0.6367283950617284,1.904353805964364,0.6536204290733508,0.0063434906507118,0.1030379746835443,-0.7956689189798518,-0.0589765317506796,0.0125023325247247,1.0,0.9147231256646879,0.271285043898254,0.19999999999999996,0.6729377901958228,0.4527,0.406,0.5045,0,0.35,0.0,"{'stable': 0.8, 'underperformer': 0.2}",0.03935185185185185,0.49212962962962964,0.23020833333333335,0.6729377901958228,tired,distinct,Refresh
500757,20126,StormByte,StormByte Arena,gaming,playable,minimalist,free rewards,Learn more,Unlock rare gear,Play with friends tonight,stable,,0,0.4938271604938271,1.124095243013132,1.0935499423975634,0.0053006271636296,0.2063057650802127,-0.8781854187727693,-0.0416773650105799,0.0160323755156663,0.0,1.0,0.19171093078609927,0.0,0.28834218615721985,0.6641,0.6099,0.7117,0,0.275,0.6,"{'fatigued': 0.6, 'stable': 0.4}",0.962037037037037,0.49212962962962964,0.6728009259259259,0.6728009259259259,healthy,moderate_repetition,Monitor
500954,20159,HorizonHop,HorizonHop Escapes,travel,rewarded_video,discount,limited offer,Order now,Book your next trip,Flexible booking options,fatigued,13.0,1,0.6709876543209877,6.237842298456316,0.3916333697777836,0.0062914280890934,0.0622487238559877,-0.8224368294107989,-0.0648160580021481,0.0120999532975448,1.0,0.9454962602095204,0.29814617134080457,0.1333333333333333,0.6726699659872076,0.5272,0.4914,0.5855,0,0.275,0.7,"{'fatigued': 0.7, 'top_performer': 0.2, 'stable': 0.1}",0.4652777777777778,0.49212962962962964,0.4244212962962963,0.6726699659872076,tired,distinct,Refresh
500364,20060,GlitchWave,GlitchWave Saga,gaming,interstitial,fantasy,challenge,Watch now,Join the arena,Free rewards for new players,stable,,0,0.5577160493827161,1.1863148118729607,1.1636911234570342,0.0060562025082873,0.1921486479133794,-0.862879076027045,-0.0161262851480241,0.0135986876632301,0.0,0.991989792068406,0.07417899704227804,0.0,0.2628332474255571,0.6216,0.5892,0.645,0,0.35,0.4,"{'stable': 0.6, 'fatigued': 0.4}",0.9226851851851852,0.49212962962962964,0.671875,0.671875,healthy,moderate_repetition,Monitor
500074,20012,VoxelRealm,VoxelRealm Battle,gaming,rewarded_video,gameplay,free rewards,Watch now,Join the arena,Play with friends tonight,fatigued,12.0,1,0.645679012345679,1.2865844509643354,1.683189300558723,0.0075384703433178,0.2232799525504152,-0.8870154856227849,-0.025541773463351,0.0170592425707881,1.0,1.0,0.11748912541240761,0.19999999999999996,0.6634978250824816,0.6122,0.5892,0.6654,0,0.35,0.4,"{'stable': 0.6, 'fatigued': 0.4}",0.9226851851851852,0.49212962962962964,0.671875,0.671875,tired,moderate_repetition,Refresh
500030,20005,MoonScreen,MoonScreen TV,entertainment,rewarded_video,ugc,late-night,Watch now,Binge starts now,New hits every week,fatigued,14.0,1,0.6953703703703704,2.40967365807916,0.6611800527677504,0.0063010294847838,0.1049320677461381,-0.7974856777654513,-0.0851309969865705,0.0116526860763623,1.0,0.9168117221088887,0.39159247872078845,0.06666666666666665,0.6708547596047132,0.4772,0.4475,0.5923,0,0.15,0.2,"{'stable': 0.8, 'fatigued': 0.2}",0.18425925925925926,0.49212962962962964,0.25266203703703705,0.6708547596047132,tired,distinct,Refresh
500573,20095,NeonCast,NeonCast Stream,entertainment,rewarded_video,celebrity,trending,Start now,Watch what’s trending,Cancel anytime,fatigued,11.0,1,0.6570987654320987,2.2661262279057097,0.5795400258074977,0.0061678629853129,0.0939612353885797,-0.8260529300029492,-0.0321899881532908,0.0112033608922788,1.0,0.9496534300542475,0.14807012365811323,0.2666666666666667,0.6703607155785178,0.6345,0.5517,0.7207,0,0.225,0.4,"{'stable': 0.5, 'fatigued': 0.4, 'underperformer': 0.1}",0.8092592592592592,0.49212962962962964,0.5839120370370371,0.6703607155785178,tired,moderate_repetition,Refresh
500953,20158,VaultRun,VaultRun Pay,fintech,banner,trust,earn more,Watch now,Earn cashback daily,"Fast signup, instant card",stable,,0,0.2725308641975308,4.649511633481142,0.2546251391377075,0.0027803606285251,0.0915798966959088,-0.7046867141526412,-0.0029988187219014,0.0064590612882068,0.0,0.8101274517679193,0.013794210077545848,0.0,0.205290704957489,0.6405,0.6127,0.6972,0,0.25,0.0,{'stable': 1.0},0.9685185185185186,0.49212962962962964,0.6697916666666667,0.6697916666666667,healthy,moderate_repetition,Monitor
500223,20037,VantaStyle,VantaStyle Market,ecommerce,banner,discount,limited offer,Get offer,Up to 40% off,Free shipping over $25,underperformer,,0,0.0635802469135802,1.3854519455908094,0.1861737752803375,0.0030408725967931,0.0612237998647735,-0.7384004273258773,-0.2823657007937499,0.0082512430184353,0.0,0.8488856743853422,1.0,0.0,0.41222141859633554,0.5903,0.5206,0.8499,1,0.375,0.0,"{'underperformer': 0.6, 'stable': 0.4}",0.6555555555555556,0.9921296296296296,0.6695601851851851,0.6695601851851851,at_risk,moderate_repetition,Monitor
501004,20167,NeonCast,NeonCast Now,entertainment,interstitial,trust,watch now,Order now,Stream the hype,Cancel anytime,stable,,0,0.4108024691358025,1.9009591845752751,0.3965468347667598,0.0047324297467091,0.0837934963625208,-0.8335666240947508,-0.0818678485449546,0.0110502409481635,0.0,0.9582913818216146,0.3765823833158465,0.0,0.31488932211857296,0.6083,0.5726,0.6665,0,0.4,0.1,"{'stable': 0.8, 'underperformer': 0.1, 'fatigued': 0.1}",0.8907407407407407,0.49212962962962964,0.6684027777777778,0.6684027777777778,healthy,moderate_repetition,Monitor
500720,20120,VoxelRealm,VoxelRealm Arena,gaming,playable,gameplay,power-up,Book now,Level up today,No ads in first week,fatigued,13.0,1,0.7737654320987654,1.9086764410465984,2.345073788624293,0.0099014909270977,0.2368404723986018,-0.8662957299816041,-0.0459441783522803,0.0191166192275356,1.0,0.9959176725097281,0.21133776556848724,0.1333333333333333,0.667913637907796,0.5729,0.5466,0.6217,0,0.3,0.7,"{'fatigued': 0.7, 'stable': 0.2, 'top_performer': 0.1}",0.7851851851851852,0.49212962962962964,0.5906250000000001,0.667913637907796,tired,moderate_repetition,Refresh
500936,20156,VoxelRealm,VoxelRealm Quest,gaming,playable,gameplay,challenge,Watch now,Join the arena,Free rewards for new players,stable,,0,0.7799382716049382,1.900915583606693,2.46304003603496,0.0117015946848434,0.2104875533951981,-0.6073924021981214,-0.1300002180459689,0.0174335512351055,0.0,0.6982752039076668,0.5979855683693518,0.0,0.29416591465078706,0.6563,0.6166,0.7416,0,0.225,0.6,"{'fatigued': 0.6, 'stable': 0.3, 'top_performer': 0.1}",0.9768518518518519,0.49212962962962964,0.6677083333333333,0.6677083333333333,healthy,moderate_repetition,Monitor
500300,20050,VaultRun,VaultRun Cash,fintech,native,feature-focus,cashback,Order now,Earn cashback daily,Built for peace of mind,stable,,0,0.5021604938271605,6.966146869234955,0.3881782035588955,0.0039068460035346,0.0993584603047313,-0.7488149636713405,-0.1134364573855019,0.0072076007426012,0.0,0.8608585151122172,0.521794235910349,0.0,0.3195734759601241,0.6419,0.604,0.6669,0,0.275,0.0,{'stable': 1.0},0.9513888888888888,0.49212962962962964,0.6674768518518518,0.6674768518518518,healthy,moderate_repetition,Monitor
500039,20006,NeonArena,NeonArena Quest,gaming,interstitial,ugc,fast,Get offer,Beat your rivals,Free rewards for new players,fatigued,11.0,1,0.65,1.599214387565447,1.1597479330497755,0.0071193525463195,0.1629007589530487,-0.8496396541560501,-0.0211215787505577,0.0145222380303497,1.0,0.9767693843498828,0.09715675453362764,0.2666666666666667,0.6669570303275296,0.6178,0.5781,0.6992,0,0.25,0.2,"{'stable': 0.7, 'fatigued': 0.2, 'top_performer': 0.1}",0.9037037037037037,0.49212962962962964,0.6373842592592592,0.6669570303275296,tired,moderate_repetition,Refresh
501039,20173,BingeLayer,BingeLayer Play,entertainment,native,drama,late-night,Install now,Stream the hype,New hits every week,stable,,0,0.2253086419753086,1.5935682626303316,0.3246642271824616,0.0037893631168462,0.0856777820365401,-0.6981657118558249,-0.1816302219911536,0.0068364239460218,0.0,0.8026307261058712,0.8354774565995385,0.0,0.36775317284637554,0.6292,0.5825,0.7265,0,0.35,0.1,"{'stable': 0.8, 'underperformer': 0.1, 'fatigued': 0.1}",0.9120370370370371,0.49212962962962964,0.6665509259259259,0.6665509259259259,healthy,moderate_repetition,Monitor
500411,20068,SwiftStack,SwiftStack Invest,fintech,native,minimalist,cashback,Shop now,Track every euro,No hidden fees,stable,,0,0.6194444444444445,7.831340591919308,0.463708186665404,0.0044661069668422,0.1038282759701258,-0.7185239704643497,-0.0680709619082793,0.007143115311377,0.0,0.8260351465919143,0.31311834286137263,0.0,0.2691324552202531,0.6203,0.5894,0.6481,0,0.325,0.0,{'stable': 1.0},0.924074074074074,0.49212962962962964,0.6663194444444445,0.6663194444444445,healthy,moderate_repetition,Monitor
500732,20122,VaultRun,VaultRun Wallet,fintech,interstitial,testimonial,cashback,Get offer,Save with confidence,"Fast signup, instant card",stable,,0,0.2953703703703704,3.962903257589193,0.2887777659821992,0.0029459457526841,0.0980254866265229,-0.551464175660806,-0.1854693616976374,0.0055661397296853,0.0,0.6339785586941175,0.8531370434366872,0.0,0.3291220483608668,0.6472,0.5769,0.7161,0,0.375,0.1,"{'stable': 0.9, 'fatigued': 0.1}",0.8976851851851851,0.49212962962962964,0.6656249999999999,0.6656249999999999,healthy,moderate_repetition,Monitor
500122,20020,NovaPay,NovaPay Wallet,fintech,banner,testimonial,earn more,Install now,Track every euro,"Fast signup, instant card",stable,,0,0.2944444444444444,6.795763631962036,0.2074070406875068,0.0025540221654392,0.0812080033971973,-0.6862078537025764,-0.0276468824158343,0.0063799263101527,0.0,0.7888836396918153,0.12717237665884018,0.0,0.22265538525472187,0.6415,0.5807,0.682,0,0.35,0.0,{'stable': 1.0},0.9092592592592592,0.49212962962962964,0.665162037037037,0.665162037037037,healthy,moderate_repetition,Monitor
500797,20132,GlitchWave,GlitchWave Rush,gaming,rewarded_video,drama,power-up,Claim reward,Beat your rivals,Free rewards for new players,stable,,0,0.7169753086419753,1.5930036990730072,1.9110026423629995,0.0099238188619532,0.1925672635651939,-0.6905462919961676,-0.0758532065826299,0.015937919418932,0.0,0.7938712290543672,0.3489157443944634,0.0,0.2682509561424845,0.6518,0.608,0.693,0,0.25,0.5,"{'fatigued': 0.5, 'stable': 0.3, 'top_performer': 0.2}",0.9592592592592593,0.49212962962962964,0.665162037037037,0.665162037037037,healthy,moderate_repetition,Monitor
500649,20108,PixelForge,PixelForge Battle,gaming,rewarded_video,product-focus,competition,Install now,Win epic rewards,No ads in first week,fatigued,10.0,1,0.6348765432098765,1.481188943316158,1.3967545483745654,0.0068535972720151,0.2037987487356235,-0.8645804895003362,0.0157495053093639,0.0143121379163002,1.0,0.9939457843325405,0.0,0.33333333333333337,0.6651531127498018,0.5756,0.5407,0.6013,0,0.375,0.7,"{'fatigued': 0.7, 'stable': 0.3}",0.7703703703703704,0.49212962962962964,0.6019675925925926,0.6651531127498018,tired,moderate_repetition,Refresh
500075,20012,VoxelRealm,VoxelRealm Battle,gaming,interstitial,food-closeup,watch now,Start now,Unlock rare gear,No ads in first week,stable,,0,0.5635802469135802,1.0444223763637257,1.1456365569879254,0.0064486253886917,0.1776559325336079,-0.8560168460368685,-0.0616378428789422,0.013111408643749,0.0,0.9841007815567321,0.2835267591166012,0.0,0.30273054721250325,0.6446,0.5891,0.7546,0,0.325,0.6,"{'fatigued': 0.6, 'stable': 0.4}",0.9212962962962963,0.49212962962962964,0.6649305555555556,0.6649305555555556,healthy,moderate_repetition,Monitor
500668,20111,CloudRoute,CloudRoute Travel,travel,rewarded_video,wanderlust,limited offer,Order now,Escape this weekend,Hotels + flights in one tap,fatigued,13.0,1,0.6672839506172838,8.017528232323912,0.3352644007513254,0.0062879775435323,0.0533183203073254,-0.8702821108792188,-0.0414195728990629,0.0144007767762615,1.0,1.0,0.19052511768021574,0.1333333333333333,0.6647716902027098,0.5482,0.5014,0.6118,0,0.275,0.4,"{'fatigued': 0.4, 'top_performer': 0.3, 'stable': 0.3}",0.5277777777777778,0.49212962962962964,0.4556712962962963,0.6647716902027098,tired,distinct,Refresh
500553,20092,NovaPay,NovaPay Pay,fintech,native,minimalist,security,Watch now,Secure & simple,Built for peace of mind,stable,,0,0.45,7.134724667677001,0.3491569088156859,0.003540474436434,0.0986186781134775,-0.7278392180473348,-0.1609512936043547,0.0068648569074132,0.0,0.836744214373993,0.7403568411842899,0.0,0.35725742183035625,0.6345,0.5804,0.7712,0,0.35,0.0,{'stable': 1.0},0.9083333333333333,0.49212962962962964,0.664699074074074,0.664699074074074,healthy,moderate_repetition,Monitor
500771,20128,NovaPay,NovaPay Pay,fintech,interstitial,feature-focus,free rewards,Claim reward,Save with confidence,Built for peace of mind,stable,,0,0.3712962962962963,3.582660313747307,0.3458510692208902,0.0034007678983985,0.1016979339824269,-0.705187167969215,-0.09787035416302,0.0065598848346084,0.0,0.8107027873986414,0.4501920092163879,0.0,0.29271409869293796,0.6846,0.6242,0.7947,0,0.2,0.0,{'stable': 1.0},0.9833333333333333,0.49212962962962964,0.664699074074074,0.664699074074074,healthy,moderate_repetition,Monitor
500038,20006,NeonArena,NeonArena Quest,gaming,rewarded_video,competitive,competition,Try for free,Beat your rivals,Play with friends tonight,top_performer,,0,0.7802469135802469,2.0314427869495115,1.8512411652294216,0.0094475269773889,0.195949815190796,-0.7648141499667394,-0.0121606429828842,0.0168704374387269,0.0,0.8792516247927896,0.055937513914671985,0.0,0.2310004089811318,0.6139,0.5932,0.6447,0,0.3,0.4,"{'stable': 0.6, 'fatigued': 0.4}",0.9328703703703703,0.49212962962962964,0.6644675925925926,0.6644675925925926,healthy,moderate_repetition,Monitor
500774,20129,RouteBloom,RouteBloom Travel,travel,rewarded_video,celebrity,escape,Get offer,Last-minute savings,Special fares today,fatigued,10.0,1,0.7237654320987654,8.940665617343049,0.3576020690747502,0.0069825042244921,0.0512140139952096,-0.8607721705553789,0.0917784256559766,0.0134638257098295,1.0,0.9895676349216954,0.0,0.33333333333333337,0.6640585753970905,0.5355,0.4855,0.5902,0,0.325,0.2,"{'top_performer': 0.4, 'stable': 0.4, 'fatigued': 0.2}",0.41203703703703703,0.49212962962962964,0.41030092592592593,0.6640585753970905,tired,distinct,Refresh
500147,20024,GlitchWave,GlitchWave Quest,gaming,rewarded_video,gameplay,competition,Shop now,Beat your rivals,No ads in first week,top_performer,,0,0.858641975308642,2.7024443874158663,2.401042498947052,0.0115776295839638,0.2073863636363636,-0.6781732152976183,-0.0192969096463346,0.0186017906640858,0.0,0.779646795848786,0.08876349329318096,0.0,0.2126643976208327,0.6348,0.6072,0.6582,0,0.25,0.6,"{'fatigued': 0.6, 'stable': 0.4}",0.9564814814814815,0.49212962962962964,0.6637731481481481,0.6637731481481481,healthy,moderate_repetition,Monitor
500867,20144,PixelForge,PixelForge Legends,gaming,interstitial,reward,discover,Get offer,Join the arena,Play with friends tonight,stable,,0,0.7049382716049383,1.6148173959023169,1.6877882590199342,0.0088569728104247,0.1905603974569492,-0.7506088487583735,-0.0817266340379213,0.0156218066151142,0.0,0.8629208153161739,0.37593281334958345,0.0,0.29091676649896014,0.6486,0.5919,0.7204,0,0.3,0.3,"{'stable': 0.7, 'fatigued': 0.3}",0.9305555555555556,0.49212962962962964,0.6633101851851851,0.6633101851851851,healthy,moderate_repetition,Monitor
501048,20174,IronQuest,IronQuest Legends,gaming,interstitial,gameplay,watch now,Start now,Win epic rewards,No ads in first week,fatigued,12.0,1,0.6154320987654321,1.2203189167190795,1.271383022083805,0.0071366482290379,0.1781484782885521,-0.8493257762667621,-0.031720869603641,0.0126104613401877,1.0,0.9764085415959209,0.14591223402714548,0.19999999999999996,0.6632845822044093,0.5959,0.568,0.6474,0,0.3,0.3,"{'stable': 0.6, 'fatigued': 0.3, 'top_performer': 0.1}",0.875462962962963,0.49212962962962964,0.6357638888888889,0.6632845822044093,tired,moderate_repetition,Refresh
500487,20081,DriftPass,DriftPass Travel,travel,rewarded_video,discount,trending,Watch now,Last-minute savings,Special fares today,fatigued,13.0,1,0.7787037037037038,6.794165960240916,0.487538807495895,0.0071467087882118,0.0682186474842891,-0.846006779408798,-0.0470566742688095,0.0136797398687104,1.0,0.9725929304697748,0.21645511470030995,0.1333333333333333,0.6631059222241723,0.5339,0.5042,0.591,0,0.25,0.4,"{'fatigued': 0.4, 'stable': 0.3, 'top_performer': 0.3}",0.5509259259259259,0.49212962962962964,0.46099537037037036,0.6631059222241723,tired,distinct,Refresh
500072,20012,VoxelRealm,VoxelRealm Battle,gaming,interstitial,gameplay,challenge,Get offer,Level up today,Play with friends tonight,stable,,0,0.5530864197530864,1.0806670939235414,1.1736276352458637,0.0061479348560741,0.1908978645221529,-0.864961728403803,-0.0814129887565027,0.0137067659854594,0.0,0.9943840671824616,0.3744900822934775,0.0,0.3234940332543109,0.5897,0.5664,0.6103,0,0.425,0.3,"{'stable': 0.7, 'fatigued': 0.3}",0.8675925925925926,0.49212962962962964,0.6630787037037037,0.6630787037037037,healthy,moderate_repetition,Monitor
500358,20059,NeonCast,NeonCast Now,entertainment,interstitial,drama,challenge,Shop now,Binge starts now,New hits every week,stable,,0,0.3407407407407408,1.6385343508431045,0.3952720787263054,0.004396970500996,0.0898964590817158,-0.7925066404851978,-0.1386732113096107,0.0094952917188211,0.0,0.9110876823290844,0.6378803076565465,0.0,0.35534798211358043,0.6606,0.5842,0.7491,0,0.325,0.0,{'stable': 1.0},0.9148148148148149,0.49212962962962964,0.6616898148148148,0.6616898148148148,healthy,moderate_repetition,Monitor
500175,20029,BingeLayer,BingeLayer Plus,entertainment,interstitial,ugc,2-for-1,Watch now,Exclusive tonight,Cancel anytime,stable,,0,0.3429012345679012,1.5624832685964811,0.402865055757204,0.0044949340569677,0.0896264662954754,-0.8092250981288728,-0.0609511678873133,0.0095891846573045,0.0,0.9303076863625741,0.280368135682531,0.0,0.28865054872714974,0.6206,0.5777,0.7056,0,0.35,0.0,"{'stable': 0.9, 'underperformer': 0.1}",0.9018518518518519,0.49212962962962964,0.6614583333333334,0.6614583333333334,healthy,moderate_repetition,Monitor
500325,20054,StormByte,StormByte Saga,gaming,interstitial,competitive,power-up,Try for free,Beat your rivals,Play with friends tonight,stable,,0,0.5459876543209877,0.9299153656421766,1.145300990715028,0.0062341074652033,0.1837153108296111,-0.8765621982269473,-0.1998525889073154,0.0153928053642624,0.0,1.0,0.9192981809120372,0.0,0.4338596361824074,0.6309,0.5829,0.6949,0,0.325,0.2,"{'stable': 0.8, 'fatigued': 0.2}",0.9138888888888889,0.49212962962962964,0.6612268518518518,0.6612268518518518,at_risk,moderate_repetition,Monitor
500463,20077,MoonScreen,MoonScreen Stream,entertainment,interstitial,ugc,exclusive,Order now,Watch what’s trending,New hits every week,stable,,0,0.6188271604938271,1.8764542872627887,0.5956928351068254,0.0062750167581641,0.0949308755760368,-0.7615711606786765,-0.1087411386277754,0.011105925262511,0.0,0.8755233940836181,0.5001963270897536,0.0,0.3189201139388552,0.6003,0.5584,0.6783,0,0.475,0.0,"{'stable': 0.8, 'underperformer': 0.2}",0.8384259259259259,0.49212962962962964,0.6609953703703704,0.6609953703703704,healthy,moderate_repetition,Monitor
500415,20069,NomadLayer,NomadLayer Trips,travel,native,urgency,last-minute deal,Shop now,Book your next trip,Hotels + flights in one tap,fatigued,14.0,1,0.6246913580246913,11.61530082626934,0.2949610522303524,0.0058616805470504,0.0503202195791399,-0.8508587531234397,-0.057682826622843,0.012786814741358,1.0,0.9781708944395002,0.26533415390899134,0.06666666666666665,0.6609428877250066,0.5234,0.4962,0.563,0,0.3,0.1,"{'stable': 0.8, 'top_performer': 0.1, 'fatigued': 0.1}",0.5,0.49212962962962964,0.4480324074074074,0.6609428877250066,tired,distinct,Refresh
500247,20041,MoonScreen,MoonScreen Stream,entertainment,interstitial,competitive,watch now,Start now,Stream the hype,Cancel anytime,fatigued,14.0,1,0.6237654320987653,2.2557090500106654,0.5524057342328924,0.0058159217313885,0.0949816314156293,-0.7998842741128749,-0.0732340483672633,0.0105420933674693,1.0,0.9195692152015387,0.3368679275707145,0.06666666666666665,0.6605992226478609,0.5772,0.5392,0.6474,0,0.35,0.1,"{'stable': 0.8, 'underperformer': 0.1, 'fatigued': 0.1}",0.7625,0.49212962962962964,0.5917824074074074,0.6605992226478609,tired,moderate_repetition,Refresh
500220,20036,PixelForge,PixelForge Legends,gaming,banner,food-closeup,free rewards,Learn more,Win epic rewards,Play with friends tonight,fatigued,12.0,1,0.5901234567901235,1.3556886945302284,1.0382923520248624,0.006522143387819,0.1591949594306695,-0.8182874858497207,-0.0380331307980161,0.0120740867815349,1.0,0.9407260594122937,0.1749478860802787,0.19999999999999996,0.6601710920691293,0.4538,0.4318,0.4668,0,0.1,0.6,"{'fatigued': 0.6, 'stable': 0.4}",0.11342592592592593,0.49212962962962964,0.20474537037037038,0.6601710920691293,tired,distinct,Refresh
500632,20105,NomadLayer,NomadLayer Flights,travel,rewarded_video,drama,escape,Get offer,Fly smarter,Special fares today,fatigued,10.0,1,0.8327160493827162,8.896045001022596,0.4786673551916763,0.0082051653332309,0.0583373199383405,-0.8463126988877674,0.0702330874604846,0.0134550454497676,1.0,0.9729446240138224,0.0,0.33333333333333337,0.6599028226701222,0.5548,0.5124,0.6009,0,0.35,0.4,"{'top_performer': 0.5, 'fatigued': 0.4, 'stable': 0.1}",0.6106481481481482,0.49212962962962964,0.5158564814814814,0.6599028226701222,tired,distinct,Refresh
500144,20024,GlitchWave,GlitchWave Quest,gaming,interstitial,fantasy,power-up,Claim reward,Beat your rivals,Play with friends tonight,stable,,0,0.5317901234567901,1.3586099464292778,0.971114387835218,0.0055831473748596,0.1739367282705189,-0.8210815163331886,-0.0715223118122488,0.0121710904716891,0.0,0.9439381545891633,0.32899414264839233,0.0,0.3017833671769693,0.5955,0.5579,0.6279,0,0.475,0.3,"{'stable': 0.7, 'fatigued': 0.3}",0.8342592592592593,0.49212962962962964,0.658912037037037,0.658912037037037,healthy,moderate_repetition,Monitor
500969,20161,PulsePlay,PulsePlay Play,entertainment,rewarded_video,trailer,book now,Get offer,Stream the hype,Start free today,fatigued,10.0,1,0.637962962962963,2.0890929886636505,0.6605632191531887,0.0059251888207762,0.1114839103248436,-0.8244111473770737,-0.0051309435280836,0.0104291057216116,1.0,0.9477659910712992,0.023601731043460042,0.33333333333333337,0.6583285106431834,0.5828,0.5057,0.6956,0,0.275,0.2,"{'stable': 0.8, 'fatigued': 0.2}",0.5657407407407408,0.49212962962962964,0.4746527777777778,0.6583285106431834,tired,distinct,Refresh
500094,20015,HorizonHop,HorizonHop Trips,travel,rewarded_video,feature-focus,book now,Order now,Escape this weekend,Hotels + flights in one tap,top_performer,,0,0.9209876543209876,10.86979608380635,0.6673620964773163,0.0095038208045784,0.0702203997949769,-0.670936566367577,0.069630303602544,0.0158330948831091,0.0,0.771327342907087,0.0,0.0,0.19283183572677176,0.6027,0.5757,0.6221,0,0.35,0.3,"{'top_performer': 0.5, 'fatigued': 0.3, 'stable': 0.2}",0.8953703703703704,0.49212962962962964,0.6582175925925926,0.6582175925925926,healthy,moderate_repetition,Monitor
500833,20138,IronQuest,IronQuest Rush,gaming,playable,fantasy,late-night,Learn more,Unlock rare gear,No ads in first week,fatigued,15.0,1,0.820679012345679,2.3866141507182825,1.8940152891449864,0.009571680050507,0.1978769953812495,-0.8426516676896332,0.0323757818539602,0.0175784089557367,1.0,0.9687358006944362,0.0,0.0,0.592183950173609,0.6181,0.5874,0.6617,0,0.3,0.7,"{'fatigued': 0.7, 'stable': 0.3}",0.9203703703703704,0.49212962962962964,0.6582175925925926,0.6582175925925926,at_risk,moderate_repetition,Monitor
500218,20036,PixelForge,PixelForge Legends,gaming,interstitial,competitive,competition,Learn more,Unlock rare gear,Play with friends tonight,stable,,0,0.6509259259259259,1.3375007857187755,1.4683916759318532,0.0078764613725952,0.1864278394154079,-0.7778998520630708,0.0340846743147955,0.0128128383386747,0.0,0.8942953119817024,0.0,0.0,0.2235738279954256,0.6483,0.5932,0.7179,0,0.275,0.1,"{'stable': 0.9, 'fatigued': 0.1}",0.9328703703703703,0.49212962962962964,0.6582175925925926,0.6582175925925926,healthy,moderate_repetition,Monitor
500754,20125,PulsePlay,PulsePlay Now,entertainment,interstitial,celebrity,watch now,Start now,Binge starts now,Cancel anytime,stable,,0,0.3367283950617284,1.983406948329612,0.3530771928417074,0.00403050126238,0.087601310570788,-0.8220144315403841,-0.0578321694756109,0.0105544631238127,0.0,0.945010659866107,0.2660211133005728,0.0,0.28945688762664135,0.6272,0.5669,0.7935,0,0.4,0.1,"{'stable': 0.8, 'underperformer': 0.1, 'fatigued': 0.1}",0.8694444444444445,0.49212962962962964,0.6577546296296296,0.6577546296296296,healthy,moderate_repetition,Monitor
500176,20029,BingeLayer,BingeLayer Plus,entertainment,interstitial,celebrity,exclusive,Book now,Binge starts now,New hits every week,stable,,0,0.5765432098765432,2.0461741192468987,0.5246006726398835,0.0055935270032109,0.0937870993272655,-0.820567937635804,-0.0463509800878388,0.0103884548441731,0.0,0.9433477302303123,0.21320900525337433,0.0,0.2784787336082529,0.6669,0.5789,0.7573,0,0.325,0.0,{'stable': 1.0},0.9055555555555556,0.49212962962962964,0.6570601851851852,0.6570601851851852,healthy,moderate_repetition,Monitor
500686,20114,NeonArena,NeonArena Quest,gaming,playable,reward,last-minute deal,Shop now,Unlock rare gear,No ads in first week,fatigued,13.0,1,0.8533950617283951,2.86183666761179,1.9951308449136724,0.0096473834521935,0.2068053845688106,-0.8572055661138154,-0.0118413323302382,0.0178741173454477,1.0,0.9854673672287215,0.054468722823557136,0.1333333333333333,0.6339272530385585,0.6478,0.6064,0.7856,0,0.225,0.6,"{'fatigued': 0.6, 'stable': 0.3, 'top_performer': 0.1}",0.9555555555555556,0.49212962962962964,0.6570601851851852,0.6570601851851852,at_risk,moderate_repetition,Monitor
500756,20126,StormByte,StormByte Arena,gaming,rewarded_video,drama,last-minute deal,Watch now,Join the arena,Play with friends tonight,stable,,0,0.5518518518518519,1.3322435166603328,1.146983035606925,0.0057975393697192,0.1978396285840935,-0.8840478282017177,-0.0950773797706496,0.0162814353549913,0.0,1.0,0.43734465861523675,0.0,0.33746893172304737,0.6586,0.6126,0.7213,0,0.2,0.6,"{'fatigued': 0.6, 'stable': 0.3, 'top_performer': 0.1}",0.9675925925925926,0.49212962962962964,0.6568287037037037,0.6568287037037037,healthy,moderate_repetition,Monitor
500689,20114,NeonArena,NeonArena Quest,gaming,playable,fantasy,power-up,Try for free,Unlock rare gear,No ads in first week,fatigued,11.0,1,0.7527777777777778,2.05676914825516,1.4254248384023578,0.0080642982177106,0.1767574561258003,-0.8978137845513169,-0.0036518665744397,0.019516602925476,1.0,1.0,0.016798152664276065,0.2666666666666667,0.6566929638661886,0.6178,0.5709,0.6818,0,0.35,0.6,"{'fatigued': 0.6, 'stable': 0.3, 'top_performer': 0.1}",0.8847222222222222,0.49212962962962964,0.6528935185185185,0.6566929638661886,tired,moderate_repetition,Refresh
500988,20164,NovaPay,NovaPay Wallet,fintech,native,product-focus,security,Claim reward,"Your money, clearer",Built for peace of mind,stable,,0,0.4055555555555556,6.084554595333982,0.3438146999263338,0.0033075415864861,0.1039487156657614,-0.7543094014044427,-0.0472463142122142,0.0075089318924009,0.0,0.8671750735916375,0.21732743592443507,0.0,0.2602592555827964,0.6549,0.6046,0.6848,0,0.225,0.0,{'stable': 1.0},0.9532407407407407,0.49212962962962964,0.6559027777777777,0.6559027777777777,healthy,moderate_repetition,Monitor
500507,20084,VoxelRealm,VoxelRealm Legends,gaming,playable,gameplay,new collection,Learn more,Unlock rare gear,No ads in first week,top_performer,,0,0.8416666666666667,2.401432361845693,3.085427954661468,0.0135540501479098,0.2276388179910385,-0.5736798634509641,-0.0606346757590395,0.0199392868863535,0.0,0.6595183314431381,0.278912309468891,0.0,0.22066204475456272,0.6949,0.6389,0.7856,0,0.15,0.5,"{'fatigued': 0.5, 'stable': 0.5}",0.9907407407407407,0.49212962962962964,0.6559027777777777,0.6559027777777777,healthy,moderate_repetition,Monitor
500454,20075,CloudRoute,CloudRoute Getaway,travel,interstitial,family,escape,Claim reward,Dream destinations await,Special fares today,stable,,0,0.5774691358024692,6.021506006737846,0.3500450102961842,0.0054602602643044,0.064107751893173,-0.8530124527855977,0.078232524447664,0.0122295460655362,0.0,0.9806468474894672,0.0,0.0,0.2451617118723668,0.6069,0.5687,0.6312,0,0.375,0.3,"{'stable': 0.6, 'fatigued': 0.3, 'top_performer': 0.1}",0.8782407407407408,0.49212962962962964,0.6559027777777777,0.6559027777777777,healthy,moderate_repetition,Monitor
500524,20087,HorizonHop,HorizonHop Flights,travel,rewarded_video,discount,save smarter,Get offer,Dream destinations await,Flexible booking options,fatigued,10.0,1,0.6820987654320988,6.024818750726801,0.4026352149806301,0.0064578405943094,0.062348274024513,-0.830555515911546,0.0365076675740496,0.011658848343897,1.0,0.9548297280817813,0.0,0.33333333333333337,0.6553740986871119,0.552,0.5185,0.5862,0,0.375,0.2,"{'top_performer': 0.8, 'fatigued': 0.2}",0.6416666666666667,0.49212962962962964,0.5376157407407408,0.6553740986871119,tired,distinct,Refresh
500861,20143,StarVault,StarVault Play,entertainment,interstitial,drama,new season,Try for free,A new season drops,Cancel anytime,fatigued,13.0,1,0.6265432098765432,2.5694416390265284,0.5075706912221136,0.0056863652915253,0.0892610068471281,-0.8207422966558273,-0.0464135555442984,0.0105052979695109,1.0,0.9435481782105953,0.21349684492364115,0.1333333333333333,0.6552530802040437,0.587,0.5296,0.7581,0,0.425,0.1,"{'stable': 0.8, 'underperformer': 0.1, 'fatigued': 0.1}",0.7129629629629629,0.49212962962962964,0.5857638888888889,0.6552530802040437,tired,moderate_repetition,Refresh
501044,20174,IronQuest,IronQuest Legends,gaming,rewarded_video,fantasy,power-up,Try for free,Win epic rewards,No ads in first week,fatigued,13.0,1,0.6691358024691358,1.3513161756557694,1.7439411282537989,0.0084976592471402,0.2052260602048366,-0.8358678876667567,-0.0416327073734635,0.0157545220238233,1.0,0.9609369784477368,0.1915055109574676,0.1333333333333333,0.6552020134700943,0.5756,0.5486,0.6324,0,0.45,0.4,"{'fatigued': 0.4, 'stable': 0.4, 'top_performer': 0.2}",0.7916666666666666,0.49212962962962964,0.6313657407407407,0.6552020134700943,tired,moderate_repetition,Refresh
500616,20102,IronQuest,IronQuest Arena,gaming,playable,fantasy,competition,Claim reward,Join the arena,Free rewards for new players,stable,,0,0.7237654320987654,1.5867112261177003,2.330834630863832,0.0105945548968524,0.2200030726686127,-0.7300344435902605,-0.108945022913152,0.018383879270976,0.0,0.8392679067317874,0.5011341705957498,0.0,0.3100438108020968,0.6637,0.6117,0.6824,0,0.2,0.6,"{'fatigued': 0.6, 'stable': 0.3, 'top_performer': 0.1}",0.9638888888888889,0.49212962962962964,0.6549768518518518,0.6549768518518518,healthy,moderate_repetition,Monitor
500721,20120,VoxelRealm,VoxelRealm Arena,gaming,interstitial,fantasy,power-up,Shop now,Level up today,No ads in first week,fatigued,14.0,1,0.6027777777777777,1.2506220647606492,1.2134967733087183,0.0067806233137941,0.1789653719356518,-0.8731306357173888,-0.0449868531570682,0.0144735209409551,1.0,1.0,0.20693418333164224,0.06666666666666665,0.6547201699996618,0.5755,0.5439,0.6071,0,0.275,0.4,"{'stable': 0.6, 'fatigued': 0.4}",0.7805555555555556,0.49212962962962964,0.5820601851851852,0.6547201699996618,tired,moderate_repetition,Refresh
500077,20012,VoxelRealm,VoxelRealm Battle,gaming,interstitial,reward,challenge,Learn more,Win epic rewards,No ads in first week,stable,,0,0.5580246913580247,1.1582750687956958,1.228871964031522,0.006062972234343,0.2026847421584263,-0.8698110617431237,-0.0666989004971115,0.0139386219126347,0.0,0.9999589957032599,0.30680702327185694,0.0,0.31135115358018634,0.6029,0.5676,0.6947,0,0.375,0.7,"{'fatigued': 0.7, 'stable': 0.3}",0.8740740740740741,0.49212962962962964,0.6538194444444445,0.6538194444444445,healthy,moderate_repetition,Monitor
500977,20162,StormByte,StormByte Arena,gaming,playable,gameplay,discover,Learn more,Beat your rivals,Free rewards for new players,stable,,0,0.721604938271605,1.537745921163754,2.663568304633294,0.0113684941621717,0.234293853401994,-0.717258041431333,-0.0679427274628544,0.0190000968744491,0.0,0.8245797993559869,0.31252847963741387,0.0,0.2686506457664795,0.6659,0.6294,0.7303,0,0.15,0.6,"{'fatigued': 0.6, 'top_performer': 0.3, 'stable': 0.1}",0.9861111111111112,0.49212962962962964,0.653587962962963,0.653587962962963,healthy,moderate_repetition,Monitor
500128,20021,RouteBloom,RouteBloom Getaway,travel,rewarded_video,destination,book now,Get offer,Escape this weekend,Special fares today,fatigued,10.0,1,0.7175925925925926,6.647550559046208,0.4245210418616856,0.006612561785789,0.0641991796241533,-0.8239587268955324,0.338438748087982,0.0112413034883156,1.0,0.9472458758988721,0.0,0.33333333333333337,0.6534781356413847,0.6033,0.5487,0.6622,0,0.225,0.2,"{'stable': 0.6, 'top_performer': 0.2, 'fatigued': 0.2}",0.7930555555555555,0.49212962962962964,0.5758101851851852,0.6534781356413847,tired,moderate_repetition,Refresh
500002,20000,PixelForge,PixelForge Legends,gaming,rewarded_video,feature-focus,competition,Claim reward,Win epic rewards,No ads in first week,fatigued,11.0,1,0.6074074074074074,1.1081073729861737,1.451757521958632,0.0070612608783598,0.2055946589379981,-0.883620876002164,0.0192595213269899,0.0165807282032309,1.0,1.0,0.0,0.2666666666666667,0.6533333333333333,0.5291,0.4725,0.5955,0,0.375,0.5,"{'fatigued': 0.5, 'stable': 0.5}",0.3347222222222222,0.49212962962962964,0.38414351851851847,0.6533333333333333,tired,distinct,Refresh
500596,20099,WayPoint,WayPoint Travel,travel,rewarded_video,minimalist,2-for-1,Watch now,Escape this weekend,Special fares today,fatigued,10.0,1,0.7030864197530864,7.16451149333651,0.3858551616170627,0.0065632877465032,0.0587899200096229,-0.8229556828405199,0.0885147643149746,0.0111125653694468,1.0,0.9460927485474144,0.0,0.33333333333333337,0.6531898538035202,0.4908,0.4478,0.5443,0,0.25,0.3,"{'stable': 0.4, 'fatigued': 0.3, 'top_performer': 0.3}",0.1875,0.49212962962962964,0.2792824074074074,0.6531898538035202,tired,distinct,Refresh
500288,20048,VoxelRealm,VoxelRealm Legends,gaming,rewarded_video,product-focus,limited offer,Start now,Join the arena,No ads in first week,stable,,0,0.5367283950617284,1.104957649984749,1.199257258231997,0.0058287625499878,0.2057481751824817,-0.8836140761557343,-0.162200282087447,0.0157738017500326,0.0,1.0,0.7461020399168383,0.0,0.39922040798336766,0.6753,0.6275,0.7764,0,0.15,0.6,"{'fatigued': 0.6, 'stable': 0.3, 'top_performer': 0.1}",0.9851851851851852,0.49212962962962964,0.653125,0.653125,healthy,moderate_repetition,Monitor
500575,20095,NeonCast,NeonCast Stream,entertainment,interstitial,testimonial,watch now,Shop now,Watch what’s trending,New hits every week,fatigued,10.0,1,0.582716049382716,2.349449929478138,0.4877543421255675,0.0054813716351798,0.0889839942606931,-0.8222115782968181,0.0294405469981189,0.0107253040932225,1.0,0.9452373052621483,0.0,0.33333333333333337,0.6529759929822037,0.6096,0.5534,0.6442,0,0.25,0.3,"{'stable': 0.6, 'fatigued': 0.3, 'underperformer': 0.1}",0.8157407407407408,0.49212962962962964,0.5934027777777778,0.6529759929822037,tired,moderate_repetition,Refresh
500267,20044,CoinBridge,CoinBridge Pay,fintech,banner,minimalist,security,Shop now,Track every euro,Built for peace of mind,stable,,0,0.6234567901234568,7.238963281515091,0.4575360561961932,0.0047469365830355,0.0963855421686747,-0.6265389654788885,-0.2252691511387164,0.0075921757894981,0.0,0.7202866257341911,1.0,0.0,0.3800716564335478,0.6365,0.5709,0.7537,0,0.35,0.0,{'stable': 1.0},0.8847222222222222,0.49212962962962964,0.6528935185185185,0.6528935185185185,healthy,moderate_repetition,Monitor
500014,20002,EarnPath,EarnPath Invest,fintech,native,feature-focus,new collection,Order now,Secure & simple,Built for peace of mind,stable,,0,0.3932098765432099,6.586175894670943,0.3273258424698658,0.0031248896300145,0.1047479691205408,-0.7330371745652744,-0.0484703719018764,0.0069870613349204,0.0,0.842719929800021,0.2229579559671837,0.0,0.255271573643442,0.6302,0.5869,0.649,0,0.275,0.0,{'stable': 1.0},0.9194444444444444,0.49212962962962964,0.6515046296296296,0.6515046296296296,healthy,moderate_repetition,Monitor
500434,20072,PixelForge,PixelForge Rush,gaming,interstitial,fantasy,free rewards,Claim reward,Beat your rivals,Play with friends tonight,stable,,0,0.5577160493827161,1.2326257845172386,1.0002481270957069,0.006129877461637,0.1631758764111705,-0.8675980520122349,-0.1452941354533872,0.0145102981236793,0.0,0.997414858148207,0.668335772630048,0.0,0.3830208690630613,0.6011,0.5634,0.6628,0,0.4,0.3,"{'stable': 0.6, 'fatigued': 0.3, 'top_performer': 0.1}",0.8564814814814815,0.49212962962962964,0.6512731481481482,0.6512731481481482,healthy,moderate_repetition,Monitor
500865,20144,PixelForge,PixelForge Legends,gaming,native,fantasy,competition,Install now,Beat your rivals,No ads in first week,fatigued,12.0,1,0.6432098765432098,1.560043650057893,1.2805255804838576,0.0069261380517994,0.1848830576155162,-0.844638158593223,-0.0199281505912022,0.0132794975325257,1.0,0.9710195259036173,0.0916671266937125,0.19999999999999996,0.6510883068146468,0.5132,0.4563,0.6955,0,0.425,0.3,"{'stable': 0.5, 'fatigued': 0.3, 'top_performer': 0.2}",0.2324074074074074,0.49212962962962964,0.3454861111111111,0.6510883068146468,tired,distinct,Refresh
500974,20162,StormByte,StormByte Arena,gaming,interstitial,fantasy,competition,Install now,Unlock rare gear,No ads in first week,stable,,0,0.5348765432098765,0.8852294380788709,1.119905021040167,0.0060831106770983,0.1841007143362331,-0.8574864753402198,-0.1451099384565054,0.0129261178986453,0.0,0.9857903082906072,0.6674884883136991,0.0,0.37994527473539164,0.6303,0.5741,0.7546,0,0.325,0.5,"{'stable': 0.5, 'fatigued': 0.5}",0.8935185185185185,0.49212962962962964,0.6510416666666666,0.6510416666666666,healthy,moderate_repetition,Monitor
500314,20052,FreshDash,FreshDash Eats,food_delivery,rewarded_video,discount,late-night,Try for free,2-for-1 tonight,Fresh favorites nearby,fatigued,11.0,1,0.5836419753086419,1.852723005182142,0.611185868926561,0.0057393366936337,0.1064906802914183,-0.8608825924066299,0.0154490973932863,0.0140049970881629,1.0,0.9896945789539539,0.0,0.2666666666666667,0.6507569780718218,0.4427,0.4132,0.4882,0,0.275,0.2,"{'stable': 0.5, 'underperformer': 0.3, 'fatigued': 0.2}",0.060648148148148145,0.49212962962962964,0.2221064814814815,0.6507569780718218,tired,distinct,Refresh
500324,20054,StormByte,StormByte Saga,gaming,interstitial,competitive,free rewards,Shop now,Win epic rewards,Free rewards for new players,stable,,0,0.542283950617284,0.8778804320034898,1.0881205034419303,0.0062498807881334,0.1741026013660805,-0.8836666500102437,-0.0932833206949823,0.0150495997215454,0.0,1.0,0.4290921998718849,0.0,0.335818439974377,0.6104,0.557,0.7067,0,0.45,0.3,"{'stable': 0.6, 'fatigued': 0.3, 'top_performer': 0.1}",0.8300925925925926,0.49212962962962964,0.6505787037037037,0.6505787037037037,healthy,moderate_repetition,Monitor
500266,20044,CoinBridge,CoinBridge Pay,fintech,interstitial,testimonial,earn more,Start now,Save with confidence,Built for peace of mind,stable,,0,0.6018518518518519,5.358474869434784,0.4629861605219116,0.0049737941816068,0.0930851063829787,-0.7530443380831369,-0.2024159054661446,0.0075078540443029,0.0,0.8657207216019779,0.9310891327456722,0.0,0.4026480069496289,0.6413,0.5785,0.7161,0,0.3,0.2,"{'stable': 0.8, 'fatigued': 0.2}",0.9046296296296297,0.49212962962962964,0.6503472222222222,0.6503472222222222,at_risk,moderate_repetition,Monitor
500572,20095,NeonCast,NeonCast Stream,entertainment,interstitial,celebrity,watch now,Shop now,A new season drops,Start free today,stable,,0,0.4567901234567901,1.9317392645873217,0.41433631815023,0.0050485214575065,0.0820708244260619,-0.8001628797505245,-0.1151522263148264,0.0096765825495743,0.0,0.9198895079937033,0.5296865692757421,0.0,0.33590969085357425,0.627,0.5628,0.7664,0,0.4,0.3,"{'stable': 0.7, 'fatigued': 0.3}",0.8546296296296296,0.49212962962962964,0.6503472222222222,0.6503472222222222,healthy,moderate_repetition,Monitor
500385,20064,QuickFork,QuickFork Express,food_delivery,interstitial,testimonial,fast,Book now,2-for-1 tonight,Fresh favorites nearby,fatigued,11.0,1,0.6601851851851852,1.973012126892984,0.6597283030196892,0.0066117935503239,0.0997805357953685,-0.8457525453126811,-0.004115524982478,0.0126948327084837,1.0,0.9723006558797999,0.018930926292101597,0.2666666666666667,0.6501946825617037,0.6197,0.5653,0.734,0,0.35,0.1,"{'stable': 0.8, 'underperformer': 0.1, 'fatigued': 0.1}",0.861574074074074,0.49212962962962964,0.6413194444444444,0.6501946825617037,tired,moderate_repetition,Refresh
500864,20144,PixelForge,PixelForge Legends,gaming,rewarded_video,feature-focus,free rewards,Install now,Beat your rivals,No ads in first week,stable,,0,0.7311728395061728,1.6329747566361312,2.0934534977656893,0.01056201213437,0.1982059356808855,-0.7010969102401199,-0.112669555858097,0.0186040676234558,0.0,0.8060005133176971,0.5182665799368307,0.0,0.3051534443167904,0.6618,0.5909,0.7817,0,0.25,0.4,"{'fatigued': 0.4, 'stable': 0.4, 'top_performer': 0.2}",0.9291666666666667,0.49212962962962964,0.6501157407407407,0.6501157407407407,healthy,moderate_repetition,Monitor
500157,20026,ClearLedger,ClearLedger Invest,fintech,native,reward,cashback,Book now,Track every euro,"Fast signup, instant card",fatigued,13.0,1,0.6253086419753086,9.772059222348004,0.4517294785751161,0.0044007772615155,0.1026476578411405,-0.7933473309835111,-0.0489023379527012,0.0086104058745667,1.0,0.9120541635149019,0.22494494851459154,0.1333333333333333,0.6496691972483104,0.5672,0.5074,0.7232,0,0.325,0.0,{'stable': 1.0},0.5731481481481482,0.49212962962962964,0.4908564814814815,0.6496691972483104,at_risk,distinct,Monitor
500135,20022,CraveLoop,CraveLoop Express,food_delivery,native,urgency,fast,Book now,Dinner in minutes,Free delivery over $15,fatigued,13.0,1,0.6521604938271605,1.9178122283910104,0.6066251440698067,0.0067851711377783,0.089404545847377,-0.7966233986795399,-0.0477472194718677,0.0122890698430266,1.0,0.9158204220821496,0.2196315406474531,0.1333333333333333,0.6495480803166946,0.5321,0.4972,0.5701,0,0.3,0.1,"{'stable': 0.9, 'fatigued': 0.1}",0.5092592592592593,0.49212962962962964,0.45266203703703706,0.6495480803166946,at_risk,distinct,Monitor
500138,20023,NeonCast,NeonCast Stream,entertainment,interstitial,trailer,trending,Order now,Watch what’s trending,Cancel anytime,underperformer,,0,0.1388888888888888,1.5232494766872764,0.2820022214406147,0.0032442300786687,0.0869242361368947,-0.7824542021317752,-0.0252663589824588,0.0091255844165653,0.0,0.8995311195278333,0.11622225149966359,0.0,0.24812723018189103,0.6314,0.578,0.6619,0,0.3,0.1,"{'stable': 0.7, 'underperformer': 0.2, 'fatigued': 0.1}",0.9027777777777778,0.49212962962962964,0.6494212962962963,0.6494212962962963,healthy,moderate_repetition,Monitor
500684,20114,NeonArena,NeonArena Quest,gaming,interstitial,gameplay,new collection,Order now,Unlock rare gear,Free rewards for new players,stable,,0,0.5604938271604939,1.741797949257764,0.909103362312586,0.0053020363935313,0.1714630558593897,-0.8271188964163014,-0.060215568451347,0.0126794214610628,0.0,0.9508788946994233,0.2769844656132013,0.0,0.2931166167974961,0.6257,0.5903,0.6741,0,0.25,0.3,"{'stable': 0.7, 'fatigued': 0.3}",0.9268518518518518,0.49212962962962964,0.6489583333333333,0.6489583333333333,healthy,moderate_repetition,Monitor
500149,20024,GlitchWave,GlitchWave Quest,gaming,rewarded_video,fantasy,fast,Watch now,Level up today,Free rewards for new players,top_performer,,0,0.8040123456790124,2.17380448726829,1.9217788871766788,0.0101587473414755,0.1891747892312031,-0.737095060992136,0.0533123080464366,0.0176802738189623,0.0,0.8473849889313116,0.0,0.0,0.2118462472328279,0.6172,0.5773,0.7227,0,0.3,0.6,"{'fatigued': 0.6, 'stable': 0.4}",0.899074074074074,0.49212962962962964,0.6475694444444444,0.6475694444444444,healthy,moderate_repetition,Monitor
501040,20173,BingeLayer,BingeLayer Play,entertainment,interstitial,celebrity,exclusive,Start now,Stream the hype,New hits every week,stable,,0,0.4484567901234568,1.7778733884017284,0.4492228873072636,0.0049838177867594,0.0901362984218077,-0.8101704782074701,-0.0505160138800254,0.0099383890694853,0.0,0.9313945216024682,0.2323676661920626,0.0,0.27932216363902956,0.5985,0.5653,0.6474,0,0.375,0.1,"{'stable': 0.9, 'fatigued': 0.1}",0.861574074074074,0.49212962962962964,0.6475694444444444,0.6475694444444444,healthy,moderate_repetition,Monitor
500412,20068,SwiftStack,SwiftStack Invest,fintech,interstitial,food-closeup,save smarter,Claim reward,Save with confidence,Built for peace of mind,stable,,0,0.629320987654321,6.216000395846786,0.4660035569859518,0.005018701228888,0.0928534167970787,-0.7008344932923625,-0.177396338507946,0.008579617132289,0.0,0.80569883149382,0.8160020952565271,0.0,0.36462512692476046,0.6563,0.5824,0.7068,0,0.275,0.0,{'stable': 1.0},0.9111111111111111,0.49212962962962964,0.647337962962963,0.647337962962963,healthy,moderate_repetition,Monitor
500902,20150,NeonArena,NeonArena Saga,gaming,rewarded_video,competitive,fast,Get offer,Win epic rewards,Play with friends tonight,stable,,0,0.5472222222222222,0.8668918902237298,1.3246640982679316,0.0061110636799248,0.2167648984937786,-0.8555844306508159,-0.0858029803197529,0.0129984846895077,0.0,0.983603664798643,0.3946835222703133,0.0,0.3248376206537234,0.6738,0.6257,0.7565,0,0.125,0.7,"{'fatigued': 0.7, 'stable': 0.3}",0.9842592592592593,0.49212962962962964,0.646412037037037,0.646412037037037,healthy,moderate_repetition,Monitor
500166,20027,WayPoint,WayPoint Trips,travel,rewarded_video,wanderlust,book now,Install now,Fly smarter,Hotels + flights in one tap,fatigued,15.0,1,0.7154320987654321,7.364208388108953,0.3781389312684594,0.0068115426152491,0.0555144337527757,-0.8544178118061936,-0.055096059915337,0.0129464229791178,1.0,0.982262487318215,0.2534353341756282,0.0,0.6462526886646793,0.5457,0.4939,0.5886,0,0.275,0.4,"{'fatigued': 0.4, 'stable': 0.4, 'top_performer': 0.2}",0.4861111111111111,0.49212962962962964,0.43483796296296295,0.6462526886646793,at_risk,distinct,Monitor
500246,20041,MoonScreen,MoonScreen Stream,entertainment,interstitial,ugc,watch now,Book now,Binge starts now,Cancel anytime,stable,,0,0.4003086419753086,1.7367365002082449,0.4124531231161996,0.0047619828207986,0.0866137360501915,-0.8136456043673344,-0.1504297149595228,0.0097858745460954,0.0,0.9353896233177716,0.6919588286221275,0.0,0.37223917155386843,0.6425,0.5706,0.7935,0,0.325,0.2,"{'stable': 0.7, 'fatigued': 0.2, 'underperformer': 0.1}",0.8833333333333333,0.49212962962962964,0.6459490740740741,0.6459490740740741,healthy,moderate_repetition,Monitor
500193,20032,SwiftStack,SwiftStack Wallet,fintech,interstitial,minimalist,late-night,Try for free,Save with confidence,"Fast signup, instant card",stable,,0,0.5768518518518518,5.852506536677107,0.4604894681775004,0.004541711243118,0.1013911813251591,-0.794193958091265,0.0970917225950782,0.0091569415524671,0.0,0.9130274695920955,0.0,0.0,0.22825686739802387,0.6629,0.6,0.73,0,0.2,0.2,"{'stable': 0.8, 'fatigued': 0.2}",0.9453703703703704,0.49212962962962964,0.6457175925925926,0.6457175925925926,healthy,moderate_repetition,Monitor
500824,20137,BingeLayer,BingeLayer Plus,entertainment,interstitial,celebrity,watch now,Claim reward,Stream the hype,Start free today,fatigued,10.0,1,0.6172839506172839,2.5282071744454018,0.5080329610310502,0.0055856685645708,0.0909529369954815,-0.7947244922326749,0.1663734501412226,0.009665573890588,1.0,0.9136373864011177,0.0,0.33333333333333337,0.6450760132669461,0.5186,0.4674,0.5927,0,0.45,0.0,"{'stable': 0.9, 'underperformer': 0.1}",0.300462962962963,0.49212962962962964,0.3857638888888889,0.6450760132669461,at_risk,distinct,Monitor
500543,20090,StormByte,StormByte Arena,gaming,rewarded_video,competitive,security,Shop now,Beat your rivals,Play with friends tonight,stable,,0,0.5790123456790123,1.226790225485861,1.2044415969093618,0.006295041424065,0.1913317984382046,-0.883910244689407,-0.0677409601011896,0.0162881090827838,0.0,1.0,0.31160037372915417,0.0,0.31232007474583084,0.6073,0.5704,0.6315,0,0.325,0.6,"{'fatigued': 0.6, 'top_performer': 0.2, 'stable': 0.2}",0.8814814814814815,0.49212962962962964,0.6450231481481482,0.6450231481481482,healthy,moderate_repetition,Monitor
500413,20068,SwiftStack,SwiftStack Invest,fintech,banner,minimalist,earn more,Shop now,"Your money, clearer",Built for peace of mind,stable,,0,0.3641975308641975,5.711673409811875,0.3006142376733723,0.0035034072822355,0.0858062490186842,-0.717187271723142,0.1175971635537009,0.0065566250385567,0.0,0.8244984405305575,0.0,0.0,0.20612461013263939,0.631,0.5985,0.6524,0,0.2,0.0,"{'stable': 0.9, 'top_performer': 0.1}",0.9430555555555555,0.49212962962962964,0.6445601851851852,0.6445601851851852,healthy,moderate_repetition,Monitor
500059,20009,DriftPass,DriftPass Travel,travel,rewarded_video,food-closeup,escape,Try for free,Book your next trip,Flexible booking options,fatigued,13.0,1,0.6216049382716049,6.013565089664496,0.3338289797084671,0.0063573049684327,0.0525110847074506,-0.8218777293801526,-0.0338179657036833,0.0107981622898621,1.0,0.9448535032594968,0.15555862710369794,0.1333333333333333,0.6439917679022804,0.4555,0.4431,0.4692,0,0.425,0.5,"{'fatigued': 0.5, 'top_performer': 0.4, 'stable': 0.1}",0.16296296296296298,0.49212962962962964,0.3107638888888889,0.6439917679022804,at_risk,distinct,Monitor
500595,20099,WayPoint,WayPoint Travel,travel,rewarded_video,destination,book now,Start now,Dream destinations await,Special fares today,top_performer,,0,0.8790123456790123,10.41913601589925,0.5521592093916835,0.0083105190476894,0.0664410016056937,-0.6929381434272962,-0.1040856953265713,0.0141877721390768,0.0,0.7966209680035934,0.4787818406348353,0.0,0.29491161012786543,0.62,0.566,0.7135,0,0.35,0.3,"{'top_performer': 0.5, 'fatigued': 0.3, 'stable': 0.2}",0.8666666666666667,0.49212962962962964,0.6438657407407408,0.6438657407407408,healthy,moderate_repetition,Monitor
501015,20169,LuxShelf,LuxShelf Shop,ecommerce,rewarded_video,discount,limited offer,Try for free,Up to 40% off,Shop bestsellers now,fatigued,11.0,1,0.6608024691358024,2.4973672058446845,0.4767081405656602,0.0066250655582729,0.0719552337063857,-0.8338570278555166,0.2643572829651395,0.0105415005865517,1.0,0.9586252380643506,0.0,0.2666666666666667,0.642989642849421,0.4682,0.4125,0.535,0,0.325,0.2,"{'stable': 0.7, 'fatigued': 0.2, 'underperformer': 0.1}",0.05648148148148148,0.49212962962962964,0.23252314814814817,0.642989642849421,at_risk,distinct,Monitor
500950,20158,VaultRun,VaultRun Pay,fintech,interstitial,trust,save smarter,Start now,Secure & simple,"Fast signup, instant card",stable,,0,0.3358024691358025,4.025480224690498,0.3171204203848486,0.0032346856506786,0.0980374770940474,-0.6706057020687323,-0.0675918295267247,0.006862901205081,0.0,0.7709469721041177,0.3109143907925632,0.0,0.25491962118454203,0.6352,0.5775,0.723,0,0.275,0.0,{'stable': 1.0},0.9009259259259259,0.49212962962962964,0.6422453703703703,0.6422453703703703,healthy,moderate_repetition,Monitor
500887,20147,CloudRoute,CloudRoute Getaway,travel,interstitial,destination,escape,Order now,Dream destinations await,Flexible booking options,fatigued,11.0,1,0.6555555555555556,7.355835223065019,0.3336770786643001,0.0063318858795895,0.0526978983844111,-0.8303432616354086,0.0238019387430026,0.0115587562560862,1.0,0.9545857146607808,0.0,0.2666666666666667,0.6419797619985285,0.5239,0.4878,0.569,0,0.35,0.0,"{'stable': 0.6, 'top_performer': 0.4}",0.43333333333333335,0.49212962962962964,0.4271990740740741,0.6419797619985285,at_risk,distinct,Monitor
501041,20173,BingeLayer,BingeLayer Play,entertainment,interstitial,trailer,trending,Learn more,A new season drops,Start free today,stable,,0,0.4021604938271605,1.6902537626468728,0.4258354939770695,0.0047806710311694,0.089074418884017,-0.788320389188475,0.0304570370639272,0.009141958012806,0.0,0.9062750513721461,0.0,0.0,0.22656876284303654,0.6376,0.5713,0.7664,0,0.3,0.4,"{'stable': 0.5, 'fatigued': 0.4, 'underperformer': 0.1}",0.8870370370370371,0.49212962962962964,0.6415509259259259,0.6415509259259259,healthy,moderate_repetition,Monitor
500970,20161,PulsePlay,PulsePlay Play,entertainment,interstitial,minimalist,exclusive,Install now,Watch what’s trending,New hits every week,stable,,0,0.4003086419753086,1.6685509437150905,0.4304461152989871,0.0047589641370081,0.0904495396280917,-0.8005834724523873,-0.1823009990129325,0.0088363031807761,0.0,0.9203730330651273,0.8385629512598299,0.0,0.39780584851824785,0.6418,0.5711,0.6991,0,0.3,0.1,"{'stable': 0.7, 'underperformer': 0.2, 'fatigued': 0.1}",0.8861111111111111,0.49212962962962964,0.6410879629629629,0.6410879629629629,healthy,moderate_repetition,Monitor
500422,20070,PlateSprint,PlateSprint Go,food_delivery,native,combo,late-night,Shop now,"Your cravings, delivered",Fresh favorites nearby,stable,,0,0.3188271604938271,1.498015244227706,0.42669142387836,0.0040835093714385,0.1044913541432741,-0.8177405750589501,-0.1073904176143341,0.0108381476751883,0.0,0.9400973155515499,0.49398317079608095,0.0,0.3338209630471036,0.6076,0.5493,0.6723,0,0.475,0.4,"{'fatigued': 0.4, 'stable': 0.4, 'underperformer': 0.2}",0.7981481481481482,0.49212962962962964,0.6408564814814814,0.6408564814814814,healthy,moderate_repetition,Monitor
500316,20052,FreshDash,FreshDash Eats,food_delivery,banner,food-closeup,fast,Install now,"Fast food, fast",Free delivery over $15,stable,,0,0.2422839506172839,1.66210342419756,0.3167992020357499,0.003950116310264,0.0801999680901983,-0.7789644460196266,-0.0435823507001114,0.0096172242331246,0.0,0.8955191988123617,0.20047363878315172,0.0,0.2639745274597208,0.6183,0.556,0.6771,0,0.425,0.0,"{'stable': 0.6, 'underperformer': 0.4}",0.8231481481481482,0.49212962962962964,0.6408564814814814,0.6408564814814814,healthy,moderate_repetition,Monitor
500648,20108,PixelForge,PixelForge Battle,gaming,rewarded_video,gameplay,competition,Learn more,Beat your rivals,Free rewards for new players,stable,,0,0.4487654320987654,0.9963946398189304,0.9509427405122436,0.0049715222998452,0.1912779794916809,-0.7760538781767493,-0.1015114087463593,0.0121716145177632,0.0,0.8921731290449147,0.46694042800528623,0.0,0.31643136786228593,0.6427,0.6016,0.67,0,0.175,0.5,"{'fatigued': 0.5, 'stable': 0.4, 'top_performer': 0.1}",0.9481481481481482,0.49212962962962964,0.6408564814814814,0.6408564814814814,healthy,moderate_repetition,Monitor
500855,20142,PlateSprint,PlateSprint Go,food_delivery,interstitial,competitive,late-night,Watch now,Hungry? We got you,Fresh favorites nearby,fatigued,12.0,1,0.7077160493827162,3.110374414976599,0.5276214717641818,0.0064917836478844,0.0812752704622445,-0.873965591652571,0.024221898633097,0.0148509702886047,1.0,1.0,0.0,0.19999999999999996,0.64,0.5856,0.527,0.674,0,0.25,0.0,"{'stable': 0.7, 'underperformer': 0.3}",0.7032407407407407,0.49212962962962964,0.5371527777777778,0.64,at_risk,distinct,Monitor
500880,20146,EarnPath,EarnPath Saver,fintech,native,trust,earn more,Book now,Track every euro,"Fast signup, instant card",stable,,0,0.4966049382716049,7.139657262795905,0.3909270264085377,0.003769670199532,0.103703243444762,-0.7416416989347294,-0.0886583067160424,0.0072969425223945,0.0,0.8526119304027053,0.4078176846865749,0.0,0.29471651953799133,0.5992,0.5491,0.7232,0,0.475,0.1,"{'stable': 0.9, 'fatigued': 0.1}",0.7962962962962963,0.49212962962962964,0.6399305555555556,0.6399305555555556,healthy,moderate_repetition,Monitor
500758,20126,StormByte,StormByte Arena,gaming,interstitial,reward,challenge,Shop now,Win epic rewards,Free rewards for new players,stable,,0,0.4225308641975309,1.0722381324993626,0.7555401702660084,0.0047370888684461,0.1594946160496738,-0.8592404043572852,-0.101000785202875,0.0140150715494047,0.0,0.9878066738849062,0.46459162033047713,0.0,0.339869992537322,0.5873,0.5576,0.6484,0,0.4,0.3,"{'stable': 0.7, 'fatigued': 0.3}",0.8319444444444445,0.49212962962962964,0.6390046296296297,0.6390046296296297,healthy,moderate_repetition,Monitor
500770,20128,NovaPay,NovaPay Pay,fintech,banner,trust,fast,Book now,Save with confidence,No hidden fees,stable,,0,0.2475308641975308,3.4569682588341606,0.2331626493633249,0.0025448886366177,0.0916199813258636,-0.6521801977825555,-0.2302048684985965,0.0056685621973251,0.0,0.7497644997584479,1.0,0.0,0.387441124939612,0.6663,0.6132,0.7947,0,0.125,0.0,{'stable': 1.0},0.9694444444444444,0.49212962962962964,0.6390046296296297,0.6390046296296297,healthy,moderate_repetition,Monitor
500791,20131,NeonCast,NeonCast Stream,entertainment,interstitial,drama,new season,Watch now,Watch what’s trending,Cancel anytime,stable,,0,0.3219135802469136,1.6549578320345932,0.3881811691722924,0.0041909221585671,0.0926242851776098,-0.7895473027840558,-0.1006183559534454,0.0088962184083875,0.0,0.9076855453757439,0.4628324911880909,0.0,0.31948788458155414,0.6054,0.5595,0.6619,0,0.375,0.2,"{'stable': 0.7, 'fatigued': 0.2, 'underperformer': 0.1}",0.8439814814814814,0.49212962962962964,0.6387731481481481,0.6387731481481481,healthy,moderate_repetition,Monitor
500216,20036,PixelForge,PixelForge Legends,gaming,playable,fantasy,free shipping,Watch now,Unlock rare gear,Play with friends tonight,stable,,0,0.712037037037037,1.498903288074516,2.296878487099814,0.0108022462855602,0.2126297092642797,-0.7007061500129903,-0.1794040298565185,0.0170612755082111,0.0,0.8055512844891992,0.8252372370911495,0.0,0.3664352685405297,0.6288,0.5856,0.699,0,0.225,0.5,"{'fatigued': 0.5, 'stable': 0.4, 'top_performer': 0.1}",0.9175925925925926,0.49212962962962964,0.6380787037037037,0.6380787037037037,healthy,moderate_repetition,Monitor
500071,20011,FluxStream,FluxStream Play,entertainment,native,ugc,watch now,Watch now,Stream the hype,New hits every week,underperformer,,0,0.2169753086419753,1.6147991130235102,0.3271910162562273,0.0035765282566443,0.0914828550979243,-0.7547477230875936,-0.0323321456407972,0.0081328309491906,0.0,0.8676789803931907,0.1487240312225945,0.0,0.24666455134281656,0.6014,0.557,0.6393,0,0.4,0.0,"{'stable': 0.8, 'underperformer': 0.2}",0.8300925925925926,0.49212962962962964,0.6380787037037037,0.6380787037037037,healthy,moderate_repetition,Monitor
500439,20073,VantaStyle,VantaStyle Club,ecommerce,rewarded_video,celebrity,free rewards,Install now,Your next favorite pick,Shop bestsellers now,fatigued,11.0,1,0.6722222222222222,2.4501101528629,0.4827876923108596,0.0069417458488236,0.0695484540668792,-0.7962064089468216,-0.0054489765585187,0.0127162810089639,1.0,0.9153410390842927,0.02506464522409405,0.2666666666666667,0.6371815221492252,0.4775,0.4338,0.5064,0,0.225,0.2,"{'stable': 0.7, 'fatigued': 0.2, 'underperformer': 0.1}",0.1175925925925926,0.49212962962962964,0.2380787037037037,0.6371815221492252,at_risk,distinct,Monitor
500559,20093,RouteBloom,RouteBloom Travel,travel,interstitial,testimonial,free shipping,Order now,Book your next trip,Special fares today,fatigued,11.0,1,0.696604938271605,10.699081978819434,0.3346065084880953,0.0064410447866374,0.0519491044655158,-0.8102072493152404,0.0782349960650716,0.0122704305219215,1.0,0.9314367946909744,0.0,0.2666666666666667,0.636192532006077,0.4854,0.4689,0.5526,0,0.225,0.5,"{'fatigued': 0.5, 'stable': 0.4, 'top_performer': 0.1}",0.3087962962962963,0.49212962962962964,0.33368055555555554,0.636192532006077,at_risk,distinct,Monitor
500666,20111,CloudRoute,CloudRoute Travel,travel,interstitial,family,escape,Watch now,Book your next trip,Hotels + flights in one tap,stable,,0,0.4490740740740741,6.673003948593352,0.2365224949668146,0.0049047588681493,0.0482230628100296,-0.8165898261860972,-0.0109464877619476,0.0119662637003327,0.0,0.9387743826321884,0.05035254405236257,0.0,0.2447641044685196,0.5871,0.5529,0.5958,0,0.425,0.3,"{'stable': 0.7, 'fatigued': 0.3}",0.812962962962963,0.49212962962962964,0.6357638888888889,0.6357638888888889,healthy,moderate_repetition,Monitor
501047,20174,IronQuest,IronQuest Legends,gaming,rewarded_video,reward,security,Watch now,Win epic rewards,Free rewards for new players,top_performer,,0,0.8095679012345679,2.1260211665009736,2.7477690036623,0.0119436544956553,0.2300609921914455,-0.6099078204943934,-0.1366604197846216,0.0182558380237956,0.0,0.7011669987628312,0.6286217056159406,0.0,0.3010160908138959,0.6446,0.6029,0.6491,0,0.15,0.4,"{'stable': 0.4, 'fatigued': 0.4, 'top_performer': 0.2}",0.95,0.49212962962962964,0.6355324074074074,0.6355324074074074,healthy,moderate_repetition,Monitor
500362,20060,GlitchWave,GlitchWave Saga,gaming,interstitial,fantasy,security,Get offer,Beat your rivals,Play with friends tonight,stable,,0,0.5404320987654321,1.0910478250378732,1.061087894129323,0.0060406111672803,0.1756590293175659,-0.8489296193579763,-0.1293958821116968,0.012954060309253,0.0,0.9759531085920494,0.5952056948231864,0.0,0.36302941611264966,0.603,0.5581,0.6423,0,0.375,0.5,"{'fatigued': 0.5, 'stable': 0.4, 'top_performer': 0.1}",0.8356481481481481,0.49212962962962964,0.6346064814814815,0.6346064814814815,healthy,moderate_repetition,Monitor
500964,20160,FreshDash,FreshDash Eats,food_delivery,interstitial,urgency,new collection,Order now,"Fast food, fast",Fresh favorites nearby,fatigued,12.0,1,0.7191358024691358,2.9957311210577204,0.5488737308298453,0.0066520835526649,0.0825115509275222,-0.8509510745459724,0.000423374145952,0.014292763976983,1.0,0.9782770297153297,0.0,0.19999999999999996,0.6345692574288324,0.4526,0.4222,0.543,0,0.15,0.1,"{'stable': 0.9, 'fatigued': 0.1}",0.08518518518518518,0.49212962962962964,0.203125,0.6345692574288324,at_risk,distinct,Monitor
500461,20076,SnapMeal,SnapMeal Go,food_delivery,native,food-closeup,late-night,Learn more,Dinner in minutes,Fresh favorites nearby,stable,,0,0.4969135802469135,2.395910559369954,0.4714388240396133,0.0045018832374643,0.1047203579418344,-0.8052829253305834,-0.1448106044442022,0.010473458406791,0.0,0.9257756548379735,0.6661115873963782,0.0,0.36466623118876906,0.6263,0.5638,0.7194,0,0.325,0.3,"{'stable': 0.7, 'fatigued': 0.3}",0.8592592592592593,0.49212962962962964,0.633912037037037,0.633912037037037,healthy,moderate_repetition,Monitor
500569,20094,CraveLoop,CraveLoop Express,food_delivery,native,combo,discover,Claim reward,Hungry? We got you,Late-night deals available,fatigued,13.0,1,0.6391975308641976,2.207796858409081,0.5525003763835187,0.00610695511977,0.0904706790123456,-0.8357278487146945,0.0408261872120108,0.012724904185625,1.0,0.9607759857724049,0.0,0.1333333333333333,0.6168606631097678,0.5809,0.5516,0.6357,0,0.425,0.1,"{'stable': 0.9, 'fatigued': 0.1}",0.8083333333333333,0.49212962962962964,0.633449074074074,0.633449074074074,at_risk,moderate_repetition,Monitor
500827,20137,BingeLayer,BingeLayer Plus,entertainment,native,ugc,last-minute deal,Install now,Stream the hype,New hits every week,stable,,0,0.719753086419753,3.748775921546743,0.5774522619308069,0.006245609328946,0.0924573138531948,-0.731396708639206,0.0119742456103244,0.0108986066174084,0.0,0.8408340045318031,0.0,0.0,0.21020850113295078,0.6053,0.5576,0.7265,0,0.375,0.1,"{'stable': 0.6, 'underperformer': 0.2, 'fatigued': 0.1, 'top_performer': 0.1}",0.8319444444444445,0.49212962962962964,0.6327546296296296,0.6327546296296296,healthy,moderate_repetition,Monitor
500542,20090,StormByte,StormByte Arena,gaming,playable,drama,competition,Order now,Win epic rewards,No ads in first week,stable,,0,0.5774691358024692,1.2719106930253972,1.3655702557591676,0.0061090703695461,0.2235315969785776,-0.864989900330015,-0.123639564335343,0.0153021743051474,0.0,0.9944164544126096,0.5687273164870027,0.0,0.3623495769005529,0.6231,0.5859,0.6592,0,0.2,0.4,"{'fatigued': 0.4, 'top_performer': 0.3, 'stable': 0.3}",0.9185185185185185,0.49212962962962964,0.6322916666666667,0.6322916666666667,healthy,moderate_repetition,Monitor
500634,20105,NomadLayer,NomadLayer Flights,travel,rewarded_video,destination,last-minute deal,Book now,Dream destinations await,Special fares today,top_performer,,0,0.925925925925926,12.311159384838898,0.6596492685664231,0.0101357509490963,0.0650814401300215,-0.6310388194918493,-0.1444336137976378,0.0147775778372949,0.0,0.7254597830984973,0.6643774751814585,0.0,0.31424044081091607,0.6254,0.563,0.7646,0,0.325,0.2,"{'top_performer': 0.7, 'fatigued': 0.2, 'stable': 0.1}",0.8555555555555555,0.49212962962962964,0.6320601851851851,0.6320601851851851,healthy,moderate_repetition,Monitor
500393,20065,BingeLayer,BingeLayer Now,entertainment,interstitial,minimalist,new season,Order now,Binge starts now,New hits every week,stable,,0,0.6645061728395062,3.245990758358249,0.4879728205338254,0.0059745674056739,0.081675004632203,-0.7648061004475912,-0.094266032008578,0.0107943669253826,0.0,0.8792423708416303,0.43361255523925607,0.0,0.3065331037582588,0.6427,0.5701,0.7364,0,0.275,0.0,{'stable': 1.0},0.8805555555555555,0.49212962962962964,0.6320601851851851,0.6320601851851851,healthy,moderate_repetition,Monitor
500776,20129,RouteBloom,RouteBloom Travel,travel,rewarded_video,wanderlust,escape,Get offer,Fly smarter,Hotels + flights in one tap,top_performer,,0,0.867283950617284,12.809196302230603,0.4914395313314844,0.0088896606866357,0.0552821472781618,-0.7284985726199529,-0.0426287063440959,0.0155525189031611,0.0,0.8375022267346617,0.19608698796959306,0.0,0.24859295427758404,0.6131,0.5487,0.7087,0,0.45,0.6,"{'fatigued': 0.6, 'stable': 0.2, 'top_performer': 0.2}",0.7930555555555555,0.49212962962962964,0.6320601851851851,0.6320601851851851,healthy,moderate_repetition,Monitor
500005,20000,PixelForge,PixelForge Legends,gaming,rewarded_video,ugc,competition,Shop now,Beat your rivals,Free rewards for new players,stable,,0,0.5419753086419753,0.9345498333374836,1.2332530504548382,0.0060482250792686,0.2039032996113239,-0.8753519788836597,-0.0635857312273568,0.0146661214183338,0.0,1.0,0.2924868142507769,0.0,0.3084973628501554,0.6216,0.5738,0.681,0,0.25,0.3,"{'stable': 0.5, 'fatigued': 0.3, 'top_performer': 0.2}",0.8925925925925926,0.49212962962962964,0.6318287037037037,0.6318287037037037,healthy,moderate_repetition,Monitor
500152,20025,LuxShelf,LuxShelf Market,ecommerce,interstitial,discount,free shipping,Start now,Flash sale live,Only this weekend,stable,,0,0.3910493827160494,1.6838886975283769,0.3633685446190361,0.0051981746255685,0.0699031046074747,-0.8441714120792018,0.1390391345847916,0.0116827438370846,0.0,0.9704829411256848,0.0,0.0,0.2426207352814212,0.6392,0.554,0.7105,0,0.4,0.0,"{'stable': 0.9, 'top_performer': 0.1}",0.8175925925925925,0.49212962962962964,0.6318287037037037,0.6318287037037037,healthy,moderate_repetition,Monitor
500473,20078,NeonArena,NeonArena Rush,gaming,interstitial,competitive,exclusive,Claim reward,Level up today,Free rewards for new players,stable,,0,0.6731481481481482,1.5530328798949915,1.460548913930489,0.007857158149393,0.1858876818004883,-0.7692636755516191,-0.1696483476116843,0.0143020852447211,0.0,0.8843669231959805,0.780362257035769,0.0,0.37716418220614895,0.6117,0.5687,0.7038,0,0.275,0.5,"{'fatigued': 0.5, 'stable': 0.4, 'top_performer': 0.1}",0.8782407407407408,0.49212962962962964,0.6309027777777778,0.6309027777777778,healthy,moderate_repetition,Monitor
501049,20174,IronQuest,IronQuest Legends,gaming,interstitial,reward,challenge,Claim reward,Join the arena,Free rewards for new players,stable,,0,0.7188271604938272,1.6639502795539125,1.7329052038123915,0.0093480172872323,0.1853767649937089,-0.7259131959220704,-0.0801996020400078,0.016517395850261,0.0,0.8345300057546844,0.36890864746035706,0.0,0.2824142309307425,0.6258,0.5614,0.7038,0,0.325,0.5,"{'fatigued': 0.5, 'stable': 0.4, 'top_performer': 0.1}",0.8527777777777777,0.49212962962962964,0.6306712962962963,0.6306712962962963,healthy,moderate_repetition,Monitor
500164,20027,WayPoint,WayPoint Trips,travel,interstitial,urgency,book now,Start now,Dream destinations await,Hotels + flights in one tap,fatigued,12.0,1,0.6311728395061728,8.268724254821741,0.3298530804643274,0.005776558955043,0.0571020019065776,-0.8083641746262098,-0.0089274854654698,0.0118549406497554,1.0,0.9293179447520512,0.04106537320029999,0.19999999999999996,0.6305425608280729,0.5768,0.4871,0.6507,0,0.15,0.2,"{'stable': 0.6, 'top_performer': 0.2, 'fatigued': 0.2}",0.42777777777777776,0.49212962962962964,0.3744212962962963,0.6305425608280729,at_risk,distinct,Monitor
500230,20038,EarnPath,EarnPath Invest,fintech,interstitial,feature-focus,earn more,Shop now,Earn cashback daily,"Fast signup, instant card",stable,,0,0.3709876543209876,4.947479651618547,0.3329220192759186,0.0033819550406124,0.0984406993227279,-0.7498967607503351,-0.0790588399636255,0.0075908086314579,0.0,0.8621021791310426,0.3636612773491896,0.0,0.28825780025259856,0.6414,0.5613,0.6996,0,0.325,0.0,{'stable': 1.0},0.8518518518518519,0.49212962962962964,0.6302083333333334,0.6302083333333334,healthy,moderate_repetition,Monitor
500110,20018,StormByte,StormByte Saga,gaming,interstitial,competitive,power-up,Shop now,Win epic rewards,Free rewards for new players,stable,,0,0.441358024691358,1.0410351395649533,0.8660634103830958,0.004901901382942,0.1766790766939687,-0.856493313521555,-0.1231226828297993,0.0131257192845671,0.0,0.9846485418329898,0.5663497229297145,0.0,0.35943208004419036,0.5947,0.553,0.636,0,0.4,0.3,"{'stable': 0.7, 'fatigued': 0.3}",0.8138888888888889,0.49212962962962964,0.6299768518518518,0.6299768518518518,healthy,moderate_repetition,Monitor
500301,20050,VaultRun,VaultRun Cash,fintech,interstitial,trust,earn more,Try for free,Secure & simple,"Fast signup, instant card",stable,,0,0.5132716049382716,5.767273184102584,0.4040563917819945,0.0042361829433585,0.0953821865544007,-0.7598327974375568,-0.1139604159450926,0.0078830340121297,0.0,0.8735249233384038,0.5242043830760101,0.0,0.32322210744980295,0.615,0.5654,0.723,0,0.3,0.0,{'stable': 1.0},0.8638888888888889,0.49212962962962964,0.6299768518518518,0.6299768518518518,healthy,moderate_repetition,Monitor
500023,20003,CloudRoute,CloudRoute Getaway,travel,interstitial,discount,escape,Install now,Escape this weekend,Flexible booking options,fatigued,12.0,1,0.7404320987654321,8.705089147456153,0.3848346985074042,0.0069105054366313,0.0556883576803895,-0.7952336463137405,0.0328240603728913,0.0122621988645734,1.0,0.9142227240979506,0.0,0.19999999999999996,0.6185556810244877,0.6256,0.5563,0.7741,0,0.375,0.1,"{'stable': 0.9, 'fatigued': 0.1}",0.8245370370370371,0.49212962962962964,0.6290509259259259,0.6290509259259259,at_risk,moderate_repetition,Monitor
500515,20085,BoltCart,BoltCart Drops,ecommerce,native,product-focus,before/after,Install now,Flash sale live,Only this weekend,stable,,0,0.5345679012345679,5.124723496209135,0.3395374471874537,0.0052850392747174,0.0642450187289496,-0.8250465159842785,-0.0281989648691397,0.0113121469459088,0.0,0.9484964284988121,0.12971189039650052,0.0,0.2630664852040031,0.6252,0.5583,0.7161,0,0.35,0.0,{'stable': 1.0},0.837037037037037,0.49212962962962964,0.6290509259259259,0.6290509259259259,healthy,moderate_repetition,Monitor
500577,20096,GlitchWave,GlitchWave Legends,gaming,playable,minimalist,cashback,Learn more,Beat your rivals,Free rewards for new players,stable,,0,0.5635802469135802,0.9867690469653896,1.380517260932652,0.0062780902257243,0.2198944601458584,-0.8626108095121728,-0.068008037556014,0.0149526901607596,0.0,0.9916813854194323,0.31282889831182326,0.0,0.3104861260172227,0.6346,0.5942,0.6761,0,0.15,0.3,"{'stable': 0.6, 'fatigued': 0.3, 'top_performer': 0.1}",0.9361111111111111,0.49212962962962964,0.6285879629629629,0.6285879629629629,healthy,moderate_repetition,Monitor
500830,20138,IronQuest,IronQuest Rush,gaming,interstitial,reward,power-up,Learn more,Win epic rewards,No ads in first week,fatigued,13.0,1,0.7484567901234568,2.0959420917164566,1.2513421694721087,0.0080143077036732,0.1561385232187391,-0.84998690230075,0.0133702966218072,0.0165443523357121,1.0,0.9771685904778643,0.0,0.1333333333333333,0.6209588142861326,0.5996,0.552,0.6609,0,0.4,0.3,"{'stable': 0.7, 'fatigued': 0.3}",0.8101851851851852,0.49212962962962964,0.628125,0.628125,at_risk,moderate_repetition,Monitor
500941,20156,VoxelRealm,VoxelRealm Quest,gaming,playable,wanderlust,power-up,Get offer,Unlock rare gear,Free rewards for new players,top_performer,,0,0.8185185185185184,2.1855875022587714,2.8177227992755296,0.0130399745740016,0.2160834580838323,-0.5984710938635511,-0.0052815316700868,0.0197634929497055,0.0,0.6880190196453994,0.02429441861767339,0.0,0.17686363863488452,0.6125,0.5769,0.6458,0,0.225,0.4,"{'stable': 0.4, 'fatigued': 0.4, 'top_performer': 0.2}",0.8976851851851851,0.49212962962962964,0.6281249999999999,0.6281249999999999,healthy,moderate_repetition,Monitor
500633,20105,NomadLayer,NomadLayer Flights,travel,rewarded_video,discount,escape,Learn more,Escape this weekend,Hotels + flights in one tap,top_performer,,0,0.889814814814815,10.625742872517485,0.5699863924767568,0.008469468690912,0.0672989550204452,-0.7006108955336974,0.0052916753109937,0.0137798419702668,0.0,0.8054417772897172,0.0,0.0,0.2013604443224293,0.6032,0.5559,0.6996,0,0.375,0.7,"{'fatigued': 0.7, 'top_performer': 0.3}",0.8212962962962963,0.49212962962962964,0.6274305555555555,0.6274305555555555,healthy,moderate_repetition,Monitor
500066,20011,FluxStream,FluxStream Play,entertainment,rewarded_video,trailer,watch now,Start now,Watch what’s trending,Cancel anytime,stable,,0,0.5151234567901234,1.7640644780150223,0.5414256534181832,0.0052647974655153,0.1028388379542693,-0.8410982296289506,-0.0715323559828581,0.0115019834936847,0.0,0.9669499250814791,0.3290403446406727,0.0,0.3075455501985043,0.6255,0.5559,0.7207,0,0.375,0.5,"{'fatigued': 0.5, 'stable': 0.4, 'underperformer': 0.1}",0.8212962962962963,0.49212962962962964,0.6274305555555555,0.6274305555555555,healthy,moderate_repetition,Monitor
500768,20128,NovaPay,NovaPay Pay,fintech,native,trust,exclusive,Claim reward,Secure & simple,"Fast signup, instant card",stable,,0,0.3416666666666667,4.46452878236279,0.3227227847137396,0.0031010917521969,0.1040674738130866,-0.7286829172633955,0.0086444213285545,0.0067488870322105,0.0,0.8377141544654388,0.0,0.0,0.2094285386163597,0.6367,0.5559,0.6712,0,0.375,0.0,{'stable': 1.0},0.8212962962962963,0.49212962962962964,0.6274305555555555,0.6274305555555555,healthy,moderate_repetition,Monitor
500118,20019,ZenDrop,ZenDrop Market,ecommerce,native,discount,new collection,Book now,Limited stock,Shop bestsellers now,fatigued,15.0,1,0.6901234567901234,3.033275687332677,0.4817941851672904,0.0066250112600624,0.0727235269880511,-0.7943636432651946,-0.0531569927501837,0.0110493193798176,1.0,0.9132225443888776,0.2445158554371346,0.0,0.6272088071846463,0.6176,0.5361,0.712,0,0.3,0.0,{'stable': 1.0},0.7490740740740741,0.49212962962962964,0.5725694444444445,0.6272088071846463,at_risk,moderate_repetition,Monitor
500541,20090,StormByte,StormByte Arena,gaming,interstitial,reward,competition,Install now,Level up today,No ads in first week,stable,,0,0.5033950617283951,1.2006184565145157,0.9907948923684798,0.0054032202538272,0.1833711834468836,-0.8700103437697365,-0.1605596416523806,0.0150646791144329,0.0,1.0,0.7385552887051904,0.0,0.3977110577410381,0.5966,0.5598,0.6071,0,0.325,0.5,"{'fatigued': 0.5, 'stable': 0.5}",0.8453703703703703,0.49212962962962964,0.6269675925925926,0.6269675925925926,healthy,moderate_repetition,Monitor
500831,20138,IronQuest,IronQuest Rush,gaming,interstitial,reward,competition,Watch now,Join the arena,Play with friends tonight,fatigued,13.0,1,0.704320987654321,1.9652318444899064,1.1362889823765714,0.0071192032838021,0.1596090091937523,-0.8865765964020116,-0.0002945629165839,0.0164257266167314,1.0,1.0,0.0013549544434738687,0.1333333333333333,0.6269376575553613,0.5693,0.5372,0.5984,0,0.35,0.2,"{'stable': 0.8, 'fatigued': 0.2}",0.7560185185185185,0.49212962962962964,0.5885416666666666,0.6269376575553613,at_risk,moderate_repetition,Monitor
500219,20036,PixelForge,PixelForge Legends,gaming,playable,trust,competition,Install now,Beat your rivals,Free rewards for new players,top_performer,,0,0.8018518518518518,2.0286845482994096,3.0078599599688745,0.0142221655941644,0.2114909955206143,-0.566442706876374,-0.0537619483601284,0.0198020277506952,0.0,0.6511982948991425,0.24729857941782127,0.0,0.2122592896083499,0.6247,0.5705,0.67,0,0.25,0.4,"{'stable': 0.6, 'fatigued': 0.4}",0.8824074074074074,0.49212962962962964,0.6267361111111112,0.6267361111111112,healthy,moderate_repetition,Monitor
500361,20060,GlitchWave,GlitchWave Saga,gaming,interstitial,competitive,power-up,Shop now,Win epic rewards,Play with friends tonight,fatigued,13.0,1,0.6453703703703703,1.3740055243669786,1.3086568766820514,0.0076545283005928,0.1709650582362728,-0.8777776222736439,0.1085860452090574,0.0160856350964433,1.0,1.0,0.0,0.1333333333333333,0.6266666666666666,0.6012,0.5314,0.7456,0,0.475,0.4,"{'stable': 0.6, 'fatigued': 0.4}",0.7226851851851852,0.49212962962962964,0.603125,0.6266666666666666,at_risk,moderate_repetition,Monitor
500793,20132,GlitchWave,GlitchWave Rush,gaming,interstitial,fantasy,competition,Try for free,Win epic rewards,Free rewards for new players,fatigued,12.0,1,0.6509259259259259,1.4391120661306396,1.4159866210769765,0.0075240980570032,0.1881935363347655,-0.8228015811235807,0.0415293575706035,0.0135338527803319,1.0,0.9459155889263378,0.0,0.19999999999999996,0.6264788972315845,0.5554,0.5326,0.5801,0,0.4,0.2,"{'stable': 0.8, 'fatigued': 0.2}",0.7300925925925926,0.49212962962962964,0.5880787037037037,0.6264788972315845,at_risk,moderate_repetition,Monitor
500365,20060,GlitchWave,GlitchWave Saga,gaming,interstitial,competitive,last-minute deal,Try for free,Win epic rewards,Play with friends tonight,fatigued,13.0,1,0.6401234567901235,1.360609093235507,1.2826849137412897,0.007530298505761,0.1703365295226964,-0.8472895489725671,-0.0030308535354753,0.0153607698514063,1.0,0.9740676380483778,0.013941566416562301,0.1333333333333333,0.6229718894620735,0.6138,0.5539,0.7456,0,0.375,0.4,"{'fatigued': 0.4, 'stable': 0.4, 'top_performer': 0.2}",0.8166666666666667,0.49212962962962964,0.6251157407407407,0.6251157407407407,at_risk,moderate_repetition,Monitor
500503,20083,FluxStream,FluxStream Stream,entertainment,interstitial,testimonial,exclusive,Claim reward,Exclusive tonight,Cancel anytime,stable,,0,0.4117283950617283,1.920121270111239,0.4294373871665729,0.0043990719732749,0.0976199957117039,-0.7746786285008609,-0.0130880038688246,0.0090700930422037,0.0,0.8905921037565185,0.060203263886464214,0.0,0.2346886787164225,0.6513,0.5728,0.7056,0,0.225,0.0,"{'stable': 0.9, 'underperformer': 0.1}",0.8916666666666667,0.49212962962962964,0.6251157407407407,0.6251157407407407,healthy,moderate_repetition,Monitor
500564,20094,CraveLoop,CraveLoop Express,food_delivery,banner,food-closeup,fast,Learn more,"Fast food, fast",Fresh favorites nearby,stable,,0,0.4564814814814815,1.8721071521383368,0.4162529367870175,0.0051653673437316,0.0805853502930738,-0.8199959976121204,-0.0054803611472364,0.0108267520143026,0.0,0.9426902120670699,0.02520901060597176,0.0,0.24071435513796183,0.623,0.5483,0.7364,0,0.425,0.0,"{'stable': 0.6, 'underperformer': 0.4}",0.7907407407407407,0.49212962962962964,0.6246527777777777,0.6246527777777777,healthy,moderate_repetition,Monitor
500407,20067,CrispBox,CrispBox Club,ecommerce,rewarded_video,product-focus,free shipping,Claim reward,New collection drop,Only this weekend,fatigued,13.0,1,0.7234567901234569,3.214744412915515,0.4928017105723047,0.0072737279437231,0.067750913202296,-0.8520412156380464,0.2985917495721417,0.0151693973896139,1.0,0.979530286243731,0.0,0.1333333333333333,0.6215492382275993,0.4798,0.4391,0.5932,0,0.325,0.2,"{'stable': 0.8, 'fatigued': 0.2}",0.14074074074074075,0.49212962962962964,0.2746527777777778,0.6215492382275993,at_risk,distinct,Monitor
500433,20072,PixelForge,PixelForge Rush,gaming,interstitial,competitive,power-up,Claim reward,Win epic rewards,Free rewards for new players,stable,,0,0.4780864197530864,1.1422331493797462,0.922287438872915,0.00519741857429,0.1774510606929314,-0.8320526354280324,-0.0351199943029411,0.0120532761537215,0.0,0.9565508583294853,0.1615478040732705,0.0,0.2714472753970254,0.5965,0.5578,0.6481,0,0.325,0.1,"{'stable': 0.9, 'fatigued': 0.1}",0.8333333333333334,0.49212962962962964,0.6209490740740741,0.6209490740740741,healthy,moderate_repetition,Monitor
500828,20138,IronQuest,IronQuest Rush,gaming,rewarded_video,gameplay,free rewards,Get offer,Beat your rivals,No ads in first week,top_performer,,0,0.8771604938271604,3.233654937969971,2.3037360182222506,0.012291783030079,0.1874208170275064,-0.7004645009094301,-0.0521039493090579,0.0205539090332274,0.0,0.8052734779567963,0.23967198063350498,0.0,0.24925276561590007,0.6078,0.5635,0.6494,0,0.275,0.6,"{'fatigued': 0.6, 'stable': 0.4}",0.8574074074074074,0.49212962962962964,0.6204861111111111,0.6204861111111111,healthy,moderate_repetition,Monitor
500888,20148,SnapMeal,SnapMeal Express,food_delivery,native,combo,fast,Get offer,Hungry? We got you,Fresh favorites nearby,fatigued,13.0,1,0.5820987654320988,2.04767326083233,0.5265422041582235,0.0056617075020747,0.0930006016674784,-0.8473358838772722,0.0822209935288817,0.0120182442008722,1.0,0.974120905943916,0.0,0.1333333333333333,0.6201968931526456,0.4761,0.4446,0.5697,0,0.55,0.2,"{'stable': 0.6, 'fatigued': 0.2, 'underperformer': 0.2}",0.17037037037037037,0.49212962962962964,0.3457175925925926,0.6201968931526456,at_risk,distinct,Monitor
500562,20093,RouteBloom,RouteBloom Travel,travel,rewarded_video,ugc,discover,Book now,Dream destinations await,Hotels + flights in one tap,fatigued,12.0,1,0.766358024691358,10.260437991688736,0.3878485073675056,0.0072490377752015,0.0535034468566725,-0.8002388904956953,0.0375318497058623,0.0128271895130453,1.0,0.9199768920610562,0.0,0.19999999999999996,0.6199942230152641,0.5636,0.5137,0.6424,0,0.25,0.3,"{'top_performer': 0.6, 'fatigued': 0.3, 'stable': 0.1}",0.6175925925925926,0.49212962962962964,0.4943287037037037,0.6199942230152641,at_risk,distinct,Monitor
500939,20156,VoxelRealm,VoxelRealm Quest,gaming,playable,gameplay,free rewards,Try for free,Level up today,Free rewards for new players,stable,,0,0.7620370370370372,1.8099043851774863,2.3490681103424054,0.0109008382490694,0.2154942635299571,-0.6263542008564111,-0.0545523640624506,0.0169894940282095,0.0,0.7200742151838312,0.2509343978041725,0.0,0.2302054333567923,0.6298,0.5668,0.7158,0,0.25,0.7,"{'fatigued': 0.7, 'stable': 0.3}",0.8685185185185185,0.49212962962962964,0.6197916666666666,0.6197916666666666,healthy,moderate_repetition,Monitor
500592,20098,ClearLedger,ClearLedger Wallet,fintech,rewarded_video,fantasy,new collection,Start now,"Your money, clearer","Fast signup, instant card",fatigued,12.0,1,0.7083333333333334,5.787031281404861,0.6530495092706213,0.0053882020554026,0.121199892386333,-0.7979753143953994,0.006703317132765,0.0100877037875305,1.0,0.9173746220009195,0.0,0.19999999999999996,0.6193436555002299,0.5782,0.5256,0.6669,0,0.125,0.0,"{'stable': 0.8, 'top_performer': 0.2}",0.6925925925925925,0.49212962962962964,0.5005787037037037,0.6193436555002299,at_risk,distinct,Monitor
500508,20084,VoxelRealm,VoxelRealm Legends,gaming,interstitial,competitive,competition,Start now,Join the arena,No ads in first week,stable,,0,0.4280864197530865,0.8586314662055392,0.8271274218281087,0.0048814761768638,0.1694420687226442,-0.8476962759111507,-0.0796881995101782,0.0126567056971208,0.0,0.974535222652575,0.36655625654084695,0.0,0.31694505697131314,0.5795,0.537,0.6609,0,0.475,0.6,"{'fatigued': 0.6, 'stable': 0.4}",0.7546296296296297,0.49212962962962964,0.6190972222222222,0.6190972222222222,healthy,moderate_repetition,Monitor
500794,20132,GlitchWave,GlitchWave Rush,gaming,rewarded_video,competitive,free rewards,Order now,Beat your rivals,Play with friends tonight,top_performer,,0,0.8003086419753087,2.0486505657079346,2.491738666483082,0.0114419469209321,0.2177722623345367,-0.6507787496512485,-0.1423798361433355,0.0182080709341974,0.0,0.748153355996832,0.6549303418122054,0.0,0.31802440736164905,0.6405,0.5982,0.7134,0,0.1,0.5,"{'fatigued': 0.5, 'stable': 0.3, 'top_performer': 0.2}",0.9416666666666667,0.49212962962962964,0.6188657407407407,0.6188657407407407,healthy,moderate_repetition,Monitor
500792,20132,GlitchWave,GlitchWave Rush,gaming,interstitial,reward,new collection,Get offer,Level up today,Free rewards for new players,stable,,0,0.7287037037037036,1.7266071740129405,1.706910213528786,0.0093316988911037,0.1829152690681056,-0.658419783635414,0.0261961304099704,0.0150307574873153,0.0,0.7569377012471997,0.0,0.0,0.18923442531179993,0.5987,0.5624,0.6992,0,0.275,0.4,"{'stable': 0.6, 'fatigued': 0.4}",0.8537037037037037,0.49212962962962964,0.6186342592592593,0.6186342592592593,healthy,moderate_repetition,Monitor
500446,20074,EarnPath,EarnPath Bank,fintech,banner,testimonial,free shipping,Shop now,Earn cashback daily,"Fast signup, instant card",stable,,0,0.2805555555555555,5.880826694415323,0.2279465228718178,0.0025358140339925,0.0898908673176335,-0.5105420745499716,-0.1945221888540818,0.0047519084017495,0.0,0.5869333727581607,0.894778973533925,0.0,0.3256891378963252,0.6474,0.5586,0.7165,0,0.3,0.0,{'stable': 1.0},0.8402777777777778,0.49212962962962964,0.6181712962962963,0.6181712962962963,healthy,moderate_repetition,Monitor
501010,20168,GlitchWave,GlitchWave Rush,gaming,native,competitive,challenge,Get offer,Join the arena,No ads in first week,fatigued,13.0,1,0.5941358024691358,1.882988503247769,0.9496325449624632,0.0054518778813391,0.1741844857187451,-0.8397701221382419,0.0335292005539755,0.0116173113144199,1.0,0.9654230957607142,0.0,0.1333333333333333,0.6180224406068451,0.5028,0.4515,0.6475,0,0.3,0.6,"{'fatigued': 0.6, 'stable': 0.4}",0.20601851851851852,0.49212962962962964,0.30104166666666665,0.6180224406068451,at_risk,distinct,Monitor
500484,20080,CoinBridge,CoinBridge Wallet,fintech,interstitial,family,security,Install now,Save with confidence,No hidden fees,stable,,0,0.5339506172839507,4.371921705119743,0.4759812831097744,0.0043086038080754,0.1104722792607802,-0.7348053783251094,0.0335111191857322,0.0078523099277624,0.0,0.8447527060357474,0.0,0.0,0.21118817650893684,0.6233,0.5686,0.7248,0,0.225,0.0,"{'stable': 0.9, 'top_performer': 0.1}",0.8768518518518519,0.49212962962962964,0.6177083333333334,0.6177083333333334,healthy,moderate_repetition,Monitor
500114,20019,ZenDrop,ZenDrop Market,ecommerce,rewarded_video,ugc,free rewards,Shop now,New collection drop,Free shipping over $25,fatigued,13.0,1,0.616358024691358,1.9889263800876007,0.4770202553156767,0.006830490695359,0.0698368940960257,-0.8364245215011237,0.0085946374606169,0.0144983178567477,1.0,0.9615769001899054,0.0,0.1333333333333333,0.6170608917141429,0.5404,0.4686,0.6564,0,0.275,0.3,"{'stable': 0.6, 'fatigued': 0.3, 'underperformer': 0.1}",0.3074074074074074,0.49212962962962964,0.3454861111111111,0.6170608917141429,at_risk,distinct,Monitor
500410,20068,SwiftStack,SwiftStack Invest,fintech,banner,minimalist,save smarter,Try for free,Track every euro,"Fast signup, instant card",stable,,0,0.312037037037037,5.326048644870456,0.2778652913109401,0.0030601557136884,0.0908010301789605,-0.6342941668985165,-0.1417156441920359,0.0051771883900563,0.0,0.7292022210446332,0.6518751376942877,0.0,0.31267558280001584,0.6361,0.5674,0.7967,0,0.225,0.0,{'stable': 1.0},0.8726851851851852,0.49212962962962964,0.6156250000000001,0.6156250000000001,healthy,moderate_repetition,Monitor
500417,20069,NomadLayer,NomadLayer Trips,travel,rewarded_video,fantasy,escape,Get offer,Dream destinations await,Hotels + flights in one tap,top_performer,,0,0.8135802469135802,11.25840752261807,0.4273350255113862,0.0078210318624885,0.0546392129612697,-0.7821179984810694,-0.1737575301204819,0.0149157536138477,0.0,0.8991446104574177,0.7992640087019688,0.0,0.38463895435474815,0.6182,0.5608,0.7646,0,0.275,0.3,"{'top_performer': 0.5, 'fatigued': 0.3, 'stable': 0.2}",0.8476851851851852,0.49212962962962964,0.615625,0.615625,healthy,moderate_repetition,Monitor
500653,20108,PixelForge,PixelForge Battle,gaming,interstitial,fantasy,limited offer,Start now,Join the arena,Play with friends tonight,stable,,0,0.4166666666666667,1.0074700879327156,0.7646966198949021,0.0046865197282423,0.1631694016535571,-0.8301681230251021,-0.0843839989793859,0.012016483736965,0.0,0.9543843704418191,0.388156376577182,0.0,0.3162273679258912,0.6081,0.5636,0.7204,0,0.25,0.2,"{'stable': 0.8, 'fatigued': 0.2}",0.8583333333333333,0.49212962962962964,0.6146990740740741,0.6146990740740741,healthy,moderate_repetition,Monitor
500318,20053,PulsePlay,PulsePlay Play,entertainment,interstitial,testimonial,save smarter,Shop now,Binge starts now,New hits every week,stable,,0,0.6046296296296297,1.816406839932576,0.593640563110477,0.0061938161609913,0.0958440721649484,-0.7403237013451132,-0.098249103783138,0.0110359011327435,0.0,0.8510967237055052,0.4519342125008151,0.0,0.30316102342653933,0.6213,0.5595,0.6482,0,0.275,0.1,"{'stable': 0.9, 'fatigued': 0.1}",0.8439814814814814,0.49212962962962964,0.6137731481481481,0.6137731481481481,healthy,moderate_repetition,Monitor
500917,20152,CoinBridge,CoinBridge Pay,fintech,playable,feature-focus,security,Book now,"Your money, clearer",Built for peace of mind,fatigued,13.0,1,0.6672839506172838,5.459943915066513,0.6147918111327619,0.0050261226637412,0.1223193010325655,-0.8232351488651476,0.2178785481266325,0.0101470213829764,1.0,0.946414030464386,0.0,0.1333333333333333,0.6132701742827631,0.5481,0.4914,0.7028,0,0.225,0.2,"{'stable': 0.8, 'fatigued': 0.2}",0.4652777777777778,0.49212962962962964,0.4119212962962963,0.6132701742827631,at_risk,distinct,Monitor
500056,20009,DriftPass,DriftPass Travel,travel,rewarded_video,food-closeup,book now,Book now,Escape this weekend,Hotels + flights in one tap,fatigued,13.0,1,0.7768518518518519,7.852382015637678,0.4332605680537061,0.0071971437248382,0.0601989601178132,-0.8219690265592409,0.0827929578952686,0.013458997326773,1.0,0.944958461036567,0.0,0.1333333333333333,0.6129062819258083,0.6066,0.5412,0.721,0,0.3,0.5,"{'fatigued': 0.5, 'top_performer': 0.4, 'stable': 0.1}",0.7722222222222223,0.49212962962962964,0.5841435185185185,0.6129062819258083,at_risk,moderate_repetition,Monitor
500428,20071,StarVault,StarVault Play,entertainment,interstitial,gameplay,watch now,Shop now,A new season drops,New hits every week,stable,,0,0.4589506172839506,2.288894745131166,0.3792361982564645,0.0048959342245129,0.0774594144581656,-0.8263861182369727,-0.0160150209851999,0.010671514959883,0.0,0.9500364725177528,0.07366719510343789,0.0,0.2522425571501258,0.607,0.5508,0.7222,0,0.35,0.3,"{'stable': 0.7, 'fatigued': 0.3}",0.8046296296296296,0.49212962962962964,0.6128472222222222,0.6128472222222222,healthy,moderate_repetition,Monitor
500402,20067,CrispBox,CrispBox Club,ecommerce,native,product-focus,free shipping,Install now,Up to 40% off,Only this weekend,stable,,0,0.4885802469135802,2.991397644922845,0.313361744798195,0.0053903917591558,0.0581333897051051,-0.8258961844952009,-0.0093100645669894,0.0109539224986307,0.0,0.9494732310577034,0.04282519164450856,0.0,0.24593334609332757,0.5714,0.5403,0.6258,0,0.425,0.0,{'stable': 1.0},0.7666666666666667,0.49212962962962964,0.6126157407407408,0.6126157407407408,healthy,moderate_repetition,Monitor
500624,20104,SwiftStack,SwiftStack Invest,fintech,rewarded_video,trust,save smarter,Claim reward,Save with confidence,No hidden fees,fatigued,13.0,1,0.7354938271604938,7.811191945122399,0.5961755579382381,0.0051937428549112,0.1147872689489226,-0.8136166689865809,-0.0022915924020981,0.0102540114072403,1.0,0.9353563583990426,0.01054105297388778,0.1333333333333333,0.6126139668612047,0.515,0.4763,0.5459,0,0.225,0.4,"{'stable': 0.6, 'fatigued': 0.4}",0.35555555555555557,0.49212962962962964,0.3570601851851852,0.6126139668612047,at_risk,distinct,Monitor
500054,20009,DriftPass,DriftPass Travel,travel,rewarded_video,feature-focus,last-minute deal,Learn more,Last-minute savings,Hotels + flights in one tap,fatigued,14.0,1,0.7222222222222222,7.150438808452111,0.3916880210523893,0.0070509455365662,0.0555511341026661,-0.8030628164260534,0.0212264150943397,0.0135623050742173,1.0,0.9232233558753956,0.0,0.06666666666666665,0.5941391723021822,0.6136,0.5507,0.6829,0,0.35,0.5,"{'fatigued': 0.5, 'top_performer': 0.4, 'stable': 0.1}",0.8032407407407407,0.49212962962962964,0.6121527777777778,0.6121527777777778,at_risk,moderate_repetition,Monitor
500594,20099,WayPoint,WayPoint Travel,travel,native,family,escape,Try for free,Escape this weekend,Hotels + flights in one tap,fatigued,13.0,1,0.6589506172839507,9.79551852356194,0.3451299114807059,0.0057610336259013,0.0599076370478063,-0.8171186404487989,0.0346318642021481,0.0117443702445387,1.0,0.9393823222207986,0.0,0.1333333333333333,0.6115122472218663,0.3822,0.3593,0.4256,0,0.275,0.1,"{'stable': 0.7, 'top_performer': 0.2, 'fatigued': 0.1}",0.006481481481481481,0.49212962962962964,0.19502314814814814,0.6115122472218663,at_risk,distinct,Monitor
500707,20117,DriftPass,DriftPass Getaway,travel,rewarded_video,wanderlust,discover,Shop now,Fly smarter,Hotels + flights in one tap,fatigued,15.0,1,0.6691358024691358,6.916159621635397,0.3595891872292557,0.0064696068714518,0.0555813041463153,-0.850804108370325,-0.0169456384098163,0.0132020789213907,1.0,0.978108073311041,0.077947924766498,0.0,0.6101166032810599,0.5459,0.4896,0.5919,0,0.425,0.7,"{'fatigued': 0.7, 'top_performer': 0.3}",0.4462962962962963,0.49212962962962964,0.45243055555555556,0.6101166032810599,at_risk,distinct,Monitor
500178,20029,BingeLayer,BingeLayer Plus,entertainment,native,ugc,exclusive,Order now,Binge starts now,Cancel anytime,stable,,0,0.5179012345679012,2.33959209260014,0.4782596910891767,0.0048014990463337,0.0996063284557676,-0.7947450311812181,-0.1168443107036392,0.0098143929491727,0.0,0.9136609985477796,0.5374699565667953,0.0,0.33590924095030394,0.5831,0.542,0.6766,0,0.4,0.1,"{'stable': 0.7, 'fatigued': 0.1, 'top_performer': 0.1, 'underperformer': 0.1}",0.774074074074074,0.49212962962962964,0.6100694444444444,0.6100694444444444,healthy,moderate_repetition,Monitor
500500,20083,FluxStream,FluxStream Stream,entertainment,interstitial,celebrity,trending,Install now,Exclusive tonight,Start free today,stable,,0,0.4725308641975308,1.983140713261951,0.4421618312302303,0.0049392877793272,0.0895193499517972,-0.820923011050665,-0.0723672888985499,0.0097379425193752,0.0,0.9437559325065787,0.3328809369230925,0.0,0.3025151705112632,0.5868,0.5494,0.6714,0,0.35,0.0,"{'stable': 0.9, 'underperformer': 0.1}",0.799074074074074,0.49212962962962964,0.6100694444444444,0.6100694444444444,healthy,moderate_repetition,Monitor
500849,20141,NomadLayer,NomadLayer Travel,travel,rewarded_video,discount,book now,Learn more,Dream destinations await,Flexible booking options,top_performer,,0,0.9351851851851852,10.270721659477536,0.8040788287010264,0.0111152428475015,0.0723401944278498,-0.5803056846254047,0.0123432750718408,0.0159941061837539,0.0,0.6671355598030824,0.0,0.0,0.1667838899507706,0.6037,0.5404,0.7937,0,0.4,0.2,"{'top_performer': 0.7, 'fatigued': 0.2, 'stable': 0.1}",0.7685185185185185,0.49212962962962964,0.6072916666666667,0.6072916666666667,healthy,moderate_repetition,Monitor
500662,20110,EarnPath,EarnPath Invest,fintech,banner,feature-focus,cashback,Shop now,Earn cashback daily,"Fast signup, instant card",stable,,0,0.3799382716049382,6.6753140313658,0.3032124709009587,0.0033619555715324,0.0901893152510484,-0.7044303147813957,-0.0694486215538846,0.0062963348567366,0.0,0.8098326879174164,0.3194554136646347,0.0,0.26634925471228105,0.6075,0.5546,0.7318,0,0.3,0.0,{'stable': 1.0},0.8185185185185185,0.49212962962962964,0.6072916666666667,0.6072916666666667,healthy,moderate_repetition,Monitor
500767,20127,ZenDrop,ZenDrop Club,ecommerce,interstitial,discount,limited offer,Shop now,Your next favorite pick,Free shipping over $25,fatigued,13.0,1,0.5827160493827162,2.170208721970705,0.4043525502447575,0.0065696801419655,0.0615482856862167,-0.7986800610685432,-0.0002215859320632,0.0121479108263249,1.0,0.9181848183832118,0.0010192689790767162,0.1333333333333333,0.6064167250582848,0.4837,0.4452,0.5725,0,0.3,0.0,"{'stable': 0.9, 'underperformer': 0.1}",0.17314814814814813,0.49212962962962964,0.2846064814814815,0.6064167250582848,at_risk,distinct,Monitor
500453,20075,CloudRoute,CloudRoute Getaway,travel,interstitial,destination,last-minute deal,Try for free,Last-minute savings,Flexible booking options,fatigued,14.0,1,0.6314814814814814,5.969654477557767,0.3386106451816551,0.0064662248719033,0.052366048488812,-0.8453362169015963,0.1843879132231405,0.0122399663794914,1.0,0.9718220331556916,0.0,0.06666666666666665,0.6062888416222562,0.4734,0.4463,0.5203,0,0.3,0.3,"{'stable': 0.6, 'fatigued': 0.3, 'top_performer': 0.1}",0.17731481481481481,0.49212962962962964,0.2866898148148148,0.6062888416222562,at_risk,distinct,Monitor
500342,20057,RouteBloom,RouteBloom Deals,travel,native,discount,book now,Try for free,Dream destinations await,Hotels + flights in one tap,stable,,0,0.3475308641975308,6.951194029261552,0.2173459021677841,0.0036290579346018,0.0598904470759369,-0.8061449498566363,-0.1346033186289178,0.0100353825150554,0.0,0.9267666622156171,0.6191592845348328,0.0,0.3555235224608708,0.6061,0.5368,0.6686,0,0.425,0.0,{'stable': 1.0},0.7537037037037037,0.49212962962962964,0.6061342592592592,0.6061342592592592,healthy,moderate_repetition,Monitor
500971,20161,PulsePlay,PulsePlay Play,entertainment,native,ugc,watch now,Book now,Watch what’s trending,Start free today,stable,,0,0.6882716049382717,2.86602066913176,0.5920932774640189,0.0059108563063375,0.1001704739174906,-0.7177412197466102,-0.1188363982366416,0.0100487550140707,0.0,0.8251352745897944,0.5466333227024022,0.0,0.31561048318792906,0.6153,0.5564,0.7108,0,0.275,0.1,"{'stable': 0.8, 'fatigued': 0.1, 'underperformer': 0.1}",0.8273148148148148,0.49212962962962964,0.6054398148148148,0.6054398148148148,healthy,moderate_repetition,Monitor
500347,20057,RouteBloom,RouteBloom Deals,travel,interstitial,discount,discover,Get offer,Book your next trip,Flexible booking options,stable,,0,0.3388888888888888,5.268057996376407,0.2044475276373423,0.0041024901241135,0.0498349834983498,-0.8477260021886748,-0.1084520174781067,0.0120223218573867,0.0,0.9745693968082352,0.49886640412800054,0.0,0.3434156300276589,0.6388,0.5532,0.7364,0,0.3,0.4,"{'stable': 0.6, 'fatigued': 0.4}",0.8148148148148148,0.49212962962962964,0.6054398148148148,0.6054398148148148,healthy,moderate_repetition,Monitor
500391,20065,BingeLayer,BingeLayer Now,entertainment,rewarded_video,celebrity,new season,Get offer,Binge starts now,Start free today,fatigued,14.0,1,0.7682098765432098,3.662572042880188,0.6817693804853749,0.006898585033312,0.0988274228980628,-0.7985430891548804,-0.0132373189695522,0.0128700970160888,1.0,0.9180273516605522,0.060890095621955215,0.06666666666666665,0.6050181903728624,0.6027,0.528,0.6767,0,0.3,0.2,"{'stable': 0.6, 'fatigued': 0.2, 'underperformer': 0.2}",0.7064814814814815,0.49212962962962964,0.5512731481481482,0.6050181903728624,at_risk,moderate_repetition,Monitor
500795,20132,GlitchWave,GlitchWave Rush,gaming,rewarded_video,reward,competition,Get offer,Win epic rewards,Play with friends tonight,stable,,0,0.7055555555555556,1.5557576303338176,1.8885552111944768,0.0092052043036944,0.2051616834225529,-0.7362275990449929,-0.0922693266832918,0.0163158412043158,0.0,0.8463877305431077,0.4244279478074041,0.0,0.29648252219725774,0.5965,0.5654,0.6271,0,0.2,0.5,"{'fatigued': 0.5, 'stable': 0.4, 'top_performer': 0.1}",0.8638888888888889,0.49212962962962964,0.6049768518518519,0.6049768518518519,healthy,moderate_repetition,Monitor
500761,20126,StormByte,StormByte Arena,gaming,rewarded_video,wanderlust,free rewards,Install now,Unlock rare gear,No ads in first week,stable,,0,0.4771604938271605,1.178304263644391,1.0259728065804812,0.0051121427734319,0.2006933006473359,-0.8616454289651572,-0.0669814890139139,0.0142974503935045,0.0,0.990571557084609,0.3081068968980303,0.0,0.3092642686507583,0.6045,0.5611,0.6617,0,0.225,0.7,"{'fatigued': 0.7, 'stable': 0.2, 'top_performer': 0.1}",0.8495370370370371,0.49212962962962964,0.604050925925926,0.604050925925926,healthy,moderate_repetition,Monitor
500661,20110,EarnPath,EarnPath Invest,fintech,native,fantasy,save smarter,Watch now,Secure & simple,"Fast signup, instant card",stable,,0,0.4861111111111111,7.31186198337702,0.3639468028187593,0.0038251418456543,0.0951459625561941,-0.7052258919554032,-0.1519309969523065,0.0066975438795434,0.0,0.8107473055705083,0.6988645475449988,0.0,0.3424597359016268,0.5947,0.5526,0.649,0,0.3,0.0,{'stable': 1.0},0.812037037037037,0.49212962962962964,0.6040509259259259,0.6040509259259259,healthy,moderate_repetition,Monitor
500328,20054,StormByte,StormByte Saga,gaming,interstitial,reward,power-up,Install now,Win epic rewards,Free rewards for new players,stable,,0,0.4679012345679012,0.8175861103502293,1.0020641295690258,0.0052515935207036,0.1908114414450658,-0.8739387304789628,-0.0970361586712493,0.0147212779712623,0.0,1.0,0.4463548089964524,0.0,0.3392709617992905,0.5832,0.5468,0.6947,0,0.35,0.5,"{'stable': 0.5, 'fatigued': 0.5}",0.7861111111111111,0.49212962962962964,0.6035879629629629,0.6035879629629629,healthy,moderate_repetition,Monitor
500626,20104,SwiftStack,SwiftStack Invest,fintech,interstitial,feature-focus,fast,Learn more,Earn cashback daily,Built for peace of mind,stable,,0,0.3950617283950617,5.620306585210449,0.3379202109282034,0.0034177612704495,0.0988718006286484,-0.668494787213098,-0.0895752994433758,0.0075106509042688,0.0,0.7685202056580518,0.4120357423597638,0.0,0.27453719988646574,0.6108,0.5581,0.7667,0,0.25,0.0,"{'stable': 0.9, 'top_performer': 0.1}",0.8356481481481481,0.49212962962962964,0.6033564814814815,0.6033564814814815,healthy,moderate_repetition,Monitor
500978,20163,ZenDrop,ZenDrop Store,ecommerce,interstitial,testimonial,trending,Get offer,Limited stock,Only this weekend,fatigued,14.0,1,0.6104938271604938,2.451949041174803,0.4110134199143613,0.0064685683467474,0.0635400907715582,-0.8349856176635182,0.1213954072029113,0.0123352037795146,1.0,0.9599226963062688,0.0,0.06666666666666665,0.6033140074099005,0.6011,0.522,0.6661,0,0.375,0.0,{'stable': 1.0},0.6648148148148149,0.49212962962962964,0.5491898148148149,0.6033140074099005,at_risk,distinct,Monitor
500911,20151,ThreadMark,ThreadMark Club,ecommerce,rewarded_video,product-focus,new collection,Get offer,Flash sale live,Free shipping over $25,fatigued,14.0,1,0.6845679012345679,2.4384394627434056,0.4833424515233647,0.0073394898098347,0.0658550477004129,-0.8336650231005133,0.006343984962406,0.0148270621976798,1.0,0.9584045040562102,0.0,0.06666666666666665,0.6029344593473859,0.4603,0.4153,0.5632,0,0.325,0.1,"{'stable': 0.6, 'underperformer': 0.3, 'fatigued': 0.1}",0.06574074074074074,0.49212962962962964,0.23715277777777777,0.6029344593473859,at_risk,distinct,Monitor
500955,20159,HorizonHop,HorizonHop Escapes,travel,rewarded_video,testimonial,last-minute deal,Book now,Last-minute savings,Hotels + flights in one tap,stable,,0,0.7354938271604938,6.957865047609136,0.4291161568857502,0.0067440425170938,0.0636289222373806,-0.7588587874757969,0.077830101227335,0.0121162061778976,0.0,0.8724051743883106,0.0,0.0,0.21810129359707764,0.5687,0.5492,0.6221,0,0.325,0.6,"{'fatigued': 0.6, 'top_performer': 0.3, 'stable': 0.1}",0.7972222222222223,0.49212962962962964,0.6028935185185186,0.6028935185185186,healthy,moderate_repetition,Monitor
500540,20090,StormByte,StormByte Arena,gaming,interstitial,gameplay,power-up,Try for free,Unlock rare gear,No ads in first week,stable,,0,0.3515432098765432,0.8533569215832197,0.6984522499515774,0.0039950355837044,0.174830044768695,-0.8490670698242543,0.027654569087762,0.0124977892162542,0.0,0.9761111254721093,0.0,0.0,0.24402778136802733,0.5705,0.5375,0.6052,0,0.4,0.7,"{'fatigued': 0.7, 'stable': 0.3}",0.7592592592592593,0.49212962962962964,0.602662037037037,0.602662037037037,healthy,moderate_repetition,Monitor
500403,20067,CrispBox,CrispBox Club,ecommerce,native,discount,limited offer,Claim reward,New collection drop,Only this weekend,stable,,0,0.4632716049382715,3.1162609744660688,0.3258196014255223,0.0049132544333975,0.0663144166137176,-0.8222737306225678,-0.029596461743978,0.0104804900201788,0.0,0.9453087573049779,0.13614021009900343,0.0,0.26355523134604514,0.5737,0.5411,0.6098,0,0.375,0.1,"{'stable': 0.8, 'fatigued': 0.1, 'underperformer': 0.1}",0.7712962962962963,0.49212962962962964,0.6024305555555556,0.6024305555555556,healthy,moderate_repetition,Monitor
500785,20130,CraveLoop,CraveLoop Kitchen,food_delivery,native,combo,fast,Learn more,Hungry? We got you,Fresh favorites nearby,stable,,0,0.5796296296296296,3.202546402806385,0.4381536052401358,0.0051983738447632,0.0842866670086697,-0.8462611670884729,-0.1378741892245828,0.0120358400570587,0.0,0.9728853816236808,0.6342049009315661,0.0,0.3700623255922334,0.5806,0.5355,0.6908,0,0.425,0.3,"{'stable': 0.7, 'fatigued': 0.3}",0.7453703703703703,0.49212962962962964,0.6019675925925926,0.6019675925925926,healthy,moderate_repetition,Monitor
500207,20034,PlateSprint,PlateSprint Delivery,food_delivery,native,discount,late-night,Get offer,2-for-1 tonight,Fresh favorites nearby,fatigued,14.0,1,0.6503086419753087,2.083185519876788,0.6129382448425894,0.0062861327438333,0.0975064113057238,-0.8296758764729393,0.0128155436294972,0.0126275510204081,1.0,0.9538184701105992,0.0,0.06666666666666665,0.601787950860983,0.453,0.4203,0.5562,0,0.375,0.2,"{'stable': 0.7, 'fatigued': 0.2, 'underperformer': 0.1}",0.0787037037037037,0.49212962962962964,0.25613425925925926,0.601787950860983,at_risk,distinct,Monitor
500499,20083,FluxStream,FluxStream Stream,entertainment,interstitial,trailer,late-night,Install now,Exclusive tonight,Cancel anytime,stable,,0,0.5524691358024691,2.197441628362516,0.4943178964313147,0.005250468693404,0.0941473847948668,-0.7963396094335596,-0.1554568625540403,0.0091054549733307,0.0,0.9154941700696343,0.7150831106946481,0.0,0.3718901646563382,0.5817,0.5514,0.66,0,0.3,0.2,"{'stable': 0.8, 'fatigued': 0.2}",0.8074074074074075,0.49212962962962964,0.6017361111111111,0.6017361111111111,healthy,moderate_repetition,Monitor
500907,20151,ThreadMark,ThreadMark Club,ecommerce,native,testimonial,limited offer,Book now,Up to 40% off,Only this weekend,stable,,0,0.562962962962963,2.7076894353193666,0.3510252268716323,0.0061400642142956,0.0571696344892221,-0.7913965188587857,-0.0262852602761809,0.011361617639375,0.0,0.9098114556225272,0.12090907647885885,0.0,0.2516346792014036,0.6061,0.5454,0.7237,0,0.35,0.1,"{'stable': 0.8, 'fatigued': 0.1, 'underperformer': 0.1}",0.7824074074074074,0.49212962962962964,0.6017361111111111,0.6017361111111111,healthy,moderate_repetition,Monitor
500899,20149,MoonScreen,MoonScreen Box,entertainment,interstitial,food-closeup,trending,Watch now,Exclusive tonight,Cancel anytime,stable,,0,0.6314814814814814,2.3860765835221294,0.5132521801091852,0.0059557536054422,0.0861775375731102,-0.7285350579358396,-0.2101241851487673,0.0098835997007199,0.0,0.8375441712688676,0.9665463040985165,0.0,0.4026953036369202,0.6012,0.5488,0.6757,0,0.325,0.0,"{'stable': 0.9, 'underperformer': 0.1}",0.7949074074074074,0.49212962962962964,0.6017361111111111,0.6017361111111111,at_risk,moderate_repetition,Monitor
500539,20089,PulsePlay,PulsePlay Stream,entertainment,rewarded_video,drama,exclusive,Try for free,Watch what’s trending,New hits every week,stable,,0,0.4774691358024691,2.2658354753730467,0.4599410328459093,0.0044990318670463,0.1022311124788429,-0.8403870708106891,-0.0519667180927515,0.0119937804114889,0.0,0.9661323571187663,0.2390407333316583,0.0,0.28934123594602323,0.5831,0.5405,0.6605,0,0.375,0.4,"{'stable': 0.4, 'fatigued': 0.4, 'underperformer': 0.2}",0.7694444444444445,0.49212962962962964,0.6015046296296297,0.6015046296296297,healthy,moderate_repetition,Monitor
500430,20071,StarVault,StarVault Play,entertainment,interstitial,celebrity,save smarter,Claim reward,Stream the hype,Start free today,stable,,0,0.554320987654321,2.580194926236929,0.4358509422403331,0.0051984753076871,0.0838420722314143,-0.8321650399538384,-0.0693112796937932,0.0114357159208973,0.0,0.9566800816995723,0.31882365741451346,0.0,0.3029347519077958,0.5769,0.5513,0.6208,0,0.3,0.1,"{'stable': 0.8, 'fatigued': 0.1, 'underperformer': 0.1}",0.8060185185185185,0.49212962962962964,0.6010416666666667,0.6010416666666667,healthy,moderate_repetition,Monitor
500565,20094,CraveLoop,CraveLoop Express,food_delivery,native,feature-focus,fast,Learn more,"Fast food, fast",Fresh favorites nearby,fatigued,14.0,1,0.7441358024691359,2.7117296077791253,0.6550508715809648,0.0069541081267702,0.0941962448152487,-0.808758854725862,-0.0048879027024764,0.0129843597167201,1.0,0.9297716799750563,0.022483772101373603,0.06666666666666665,0.6002730077473721,0.511,0.4696,0.5748,0,0.325,0.3,"{'stable': 0.7, 'fatigued': 0.3}",0.3148148148148148,0.49212962962962964,0.3616898148148148,0.6002730077473721,at_risk,distinct,Monitor
500416,20069,NomadLayer,NomadLayer Trips,travel,rewarded_video,family,book now,Try for free,Escape this weekend,Special fares today,fatigued,15.0,1,0.7722222222222223,10.673170166863716,0.411012742061511,0.0067870423012092,0.0605584470850109,-0.8698381179031993,0.0540505388331475,0.0143248296344386,1.0,0.9999901002176156,0.0,0.0,0.5999975250544038,0.5749,0.527,0.6996,0,0.275,0.5,"{'fatigued': 0.5, 'top_performer': 0.4, 'stable': 0.1}",0.7032407407407407,0.49212962962962964,0.5434027777777778,0.5999975250544038,at_risk,distinct,Monitor
500424,20070,PlateSprint,PlateSprint Go,food_delivery,interstitial,competitive,free shipping,Install now,Hungry? We got you,Late-night deals available,stable,,0,0.3212962962962963,1.207385203316268,0.4348686440889766,0.0044064631065851,0.0986888199379441,-0.8334995027836427,0.0882626578299836,0.0113770768797521,0.0,0.9582142172949742,0.0,0.0,0.23955355432374356,0.6155,0.5659,0.6756,0,0.175,0.1,"{'stable': 0.5, 'underperformer': 0.4, 'fatigued': 0.1}",0.8657407407407407,0.49212962962962964,0.5996527777777778,0.5996527777777778,healthy,moderate_repetition,Monitor
500089,20014,VaultRun,VaultRun Pay,fintech,interstitial,trust,trending,Get offer,Save with confidence,"Fast signup, instant card",stable,,0,0.5373456790123458,6.018475622423272,0.4327813155627082,0.0042177872735316,0.1026086161999177,-0.7364826262632551,-0.0258444629564937,0.0071838221590849,0.0,0.8466809169283663,0.11888146114320125,0.0,0.23544652146073183,0.6522,0.5586,0.73,0,0.225,0.2,"{'stable': 0.8, 'fatigued': 0.2}",0.8402777777777778,0.49212962962962964,0.5994212962962964,0.5994212962962964,healthy,moderate_repetition,Monitor
500460,20076,SnapMeal,SnapMeal Go,food_delivery,native,food-closeup,free delivery,Order now,"Your cravings, delivered",Fresh favorites nearby,underperformer,,0,0.2179012345679012,1.596067471551134,0.3216849697808691,0.0037074885201066,0.0867662753468516,-0.7835367515390255,-0.1162549535202399,0.0091057468273586,0.0,0.9007756484441519,0.5347589834962504,0.0,0.33214570881028804,0.6187,0.5345,0.7388,0,0.425,0.2,"{'stable': 0.7, 'fatigued': 0.2, 'underperformer': 0.1}",0.7398148148148148,0.49212962962962964,0.5991898148148148,0.5991898148148148,healthy,moderate_repetition,Monitor
500146,20024,GlitchWave,GlitchWave Quest,gaming,rewarded_video,fantasy,2-for-1,Claim reward,Win epic rewards,Free rewards for new players,stable,,0,0.7737654320987654,1.9752103169377488,1.747185683770084,0.0100422697344302,0.1739831462383256,-0.7232907738748361,-0.032492889120694,0.0170641227402973,0.0,0.831515196410449,0.1494634321453973,0.0,0.23777148553169172,0.6037,0.5654,0.6524,0,0.175,0.6,"{'fatigued': 0.6, 'top_performer': 0.2, 'stable': 0.2}",0.8638888888888889,0.49212962962962964,0.5987268518518519,0.5987268518518519,healthy,moderate_repetition,Monitor
500115,20019,ZenDrop,ZenDrop Market,ecommerce,native,family,free shipping,Shop now,New collection drop,Shop bestsellers now,stable,,0,0.5558641975308642,2.4955163996748744,0.395839161610334,0.0056767901661634,0.0697293981323699,-0.8071388409460851,-0.0599890344658083,0.0104539142035451,0.0,0.927909267063217,0.2759424361756089,0.0,0.287165804000926,0.6061,0.5422,0.7112,0,0.35,0.1,"{'stable': 0.9, 'fatigued': 0.1}",0.775,0.49212962962962964,0.5980324074074074,0.5980324074074074,healthy,moderate_repetition,Monitor
500859,20143,StarVault,StarVault Play,entertainment,interstitial,trailer,exclusive,Start now,Stream the hype,Cancel anytime,stable,,0,0.7564814814814814,3.334695012789102,0.6366903334780079,0.0068244291305056,0.0932957645690773,-0.7050287107342932,-0.1900468450997897,0.0112172080930746,0.0,0.8105206205529166,0.8741929236119759,0.0,0.37746873986062435,0.5907,0.5475,0.6668,0,0.325,0.2,"{'stable': 0.8, 'fatigued': 0.2}",0.7875,0.49212962962962964,0.5980324074074074,0.5980324074074074,healthy,moderate_repetition,Monitor
500685,20114,NeonArena,NeonArena Quest,gaming,rewarded_video,competitive,cashback,Install now,Beat your rivals,Play with friends tonight,top_performer,,0,0.8506172839506173,2.837019747449906,1.796253528355145,0.0104385427059454,0.1720789557465775,-0.7752835430832927,-0.0721574176927734,0.0194825204436497,0.0,0.8912875303898871,0.3319155542940707,0.0,0.2892049934562859,0.5928,0.5611,0.6271,0,0.2,0.4,"{'stable': 0.5, 'fatigued': 0.4, 'top_performer': 0.1}",0.8495370370370371,0.49212962962962964,0.5978009259259259,0.5978009259259259,healthy,moderate_repetition,Monitor
500215,20035,StarVault,StarVault Plus,entertainment,rewarded_video,drama,exclusive,Learn more,Exclusive tonight,New hits every week,fatigued,15.0,1,0.6123456790123457,1.7694353432542365,0.6678375782664754,0.0062492030623003,0.1068676392187272,-0.845131318169002,-0.0030926739676541,0.0113359904756975,1.0,0.9715864758721876,0.01422593306477982,0.0,0.5957418055810029,0.5421,0.4937,0.5782,0,0.425,0.1,"{'stable': 0.9, 'fatigued': 0.1}",0.48333333333333334,0.49212962962962964,0.47094907407407405,0.5957418055810029,at_risk,distinct,Monitor
500736,20122,VaultRun,VaultRun Wallet,fintech,banner,minimalist,book now,Claim reward,Save with confidence,"Fast signup, instant card",stable,,0,0.2969135802469135,5.064009913960613,0.2722325366403031,0.0030083482942052,0.0904923599320882,-0.6301754226207726,-0.0766139377911107,0.0053038837352302,0.0,0.7244671980348344,0.35241501763351935,0.0,0.25159980303541246,0.5966,0.5551,0.6309,0,0.25,0.0,{'stable': 1.0},0.8194444444444444,0.49212962962962964,0.5952546296296296,0.5952546296296296,healthy,moderate_repetition,Monitor
500620,20103,CrispBox,CrispBox Club,ecommerce,native,discount,free shipping,Start now,Flash sale live,Only this weekend,stable,,0,0.4669753086419753,4.145574223293451,0.2937450055575604,0.0051926654469359,0.0565692145121521,-0.8302673336568753,-0.1691338365560265,0.0111697779264683,0.0,0.954498425744257,0.7779955672665176,0.0,0.3942237198893678,0.6151,0.5354,0.7259,0,0.4,0.1,"{'stable': 0.9, 'fatigued': 0.1}",0.7444444444444445,0.49212962962962964,0.5952546296296296,0.5952546296296296,healthy,moderate_repetition,Monitor
500961,20160,FreshDash,FreshDash Eats,food_delivery,native,discount,2-for-1,Claim reward,Dinner in minutes,Free delivery over $15,stable,,0,0.5243827160493827,2.924903078808902,0.4453735129039507,0.0045894065827925,0.097043812717276,-0.8276251718674849,-0.1412994573821568,0.010784165213005,0.0,0.951460923043257,0.6499607277817954,0.0,0.3678573763171733,0.6085,0.5351,0.7194,0,0.4,0.3,"{'stable': 0.7, 'fatigued': 0.3}",0.7416666666666667,0.49212962962962964,0.5938657407407407,0.5938657407407407,healthy,moderate_repetition,Monitor
500645,20107,StarVault,StarVault Plus,entertainment,native,trailer,exclusive,Shop now,A new season drops,New hits every week,stable,,0,0.4870370370370371,2.277794158392116,0.4351478522082629,0.004761089528504,0.0913966959879854,-0.8064708125823628,0.0177143284251437,0.0095636598761807,0.0,0.9271412830709802,0.0,0.0,0.23178532076774505,0.6461,0.5398,0.7244,0,0.35,0.0,"{'stable': 0.9, 'underperformer': 0.1}",0.7648148148148148,0.49212962962962964,0.5929398148148148,0.5929398148148148,healthy,moderate_repetition,Monitor
500381,20063,WayPoint,WayPoint Travel,travel,interstitial,discount,book now,Learn more,Book your next trip,Hotels + flights in one tap,stable,,0,0.3802469135802469,4.658450581765702,0.2302114108122626,0.0046436064838841,0.0495759947814742,-0.8333273144803737,0.1001976152197212,0.0115664646640798,0.0,0.9580162648310636,0.0,0.0,0.2395040662077659,0.5885,0.5424,0.6668,0,0.325,0.4,"{'stable': 0.6, 'fatigued': 0.4}",0.7759259259259259,0.49212962962962964,0.5922453703703704,0.5922453703703704,healthy,moderate_repetition,Monitor
500979,20163,ZenDrop,ZenDrop Store,ecommerce,native,product-focus,power-up,Try for free,Up to 40% off,Only this weekend,fatigued,14.0,1,0.6166666666666667,3.0861131482998987,0.4068285940195239,0.006045313366505,0.0672965269713923,-0.7962442603406196,0.1318728522336769,0.0114093138088404,1.0,0.9153845540996712,0.0,0.06666666666666665,0.592179471858251,0.5137,0.4837,0.5804,0,0.275,0.0,"{'stable': 0.8, 'underperformer': 0.2}",0.4,0.49212962962962964,0.39178240740740744,0.592179471858251,at_risk,distinct,Monitor
500317,20052,FreshDash,FreshDash Eats,food_delivery,interstitial,discount,2-for-1,Start now,2-for-1 tonight,Late-night deals available,stable,,0,0.4175925925925925,1.712385746774946,0.4620548806305034,0.0046424163307145,0.099528962444303,-0.8262379201245181,-0.0310605563003975,0.0116567440603464,0.0,0.9498660998446367,0.14287487122978249,0.0,0.2660414992071157,0.5887,0.5392,0.734,0,0.35,0.3,"{'stable': 0.6, 'fatigued': 0.3, 'underperformer': 0.1}",0.7625,0.49212962962962964,0.5917824074074074,0.5917824074074074,healthy,moderate_repetition,Monitor
500643,20107,StarVault,StarVault Plus,entertainment,interstitial,drama,trending,Shop now,A new season drops,New hits every week,stable,,0,0.3555555555555555,1.6557591898624426,0.3973386603353855,0.0045136013094834,0.088031403992316,-0.7954488487209227,-0.2574234436254046,0.009787953550695,0.0,0.9144701267724206,1.0,0.0,0.4286175316931051,0.582,0.5336,0.6056,0,0.4,0.2,"{'stable': 0.7, 'fatigued': 0.2, 'underperformer': 0.1}",0.7361111111111112,0.49212962962962964,0.591087962962963,0.591087962962963,at_risk,moderate_repetition,Monitor
500236,20039,CloudRoute,CloudRoute Trips,travel,interstitial,trust,book now,Install now,Escape this weekend,Hotels + flights in one tap,stable,,0,0.5530864197530864,6.360943402823702,0.2974887206278914,0.0056824856016047,0.0523518652724574,-0.8378505725939893,-0.1376581444385872,0.0116381642489609,0.0,0.9632163282006112,0.6332111205665122,0.0,0.36744630616345525,0.6159,0.5488,0.6769,0,0.275,0.3,"{'stable': 0.6, 'fatigued': 0.3, 'top_performer': 0.1}",0.7949074074074074,0.49212962962962964,0.5892361111111111,0.5892361111111111,healthy,moderate_repetition,Monitor
500898,20149,MoonScreen,MoonScreen Box,entertainment,native,drama,exclusive,Watch now,Binge starts now,Cancel anytime,top_performer,,0,0.7842592592592593,4.214948436768341,0.7210503955949372,0.0071308470255895,0.1011170752937763,-0.5816966886341917,-0.0811370616384543,0.0105858904933814,0.0,0.668734696710882,0.37322085031067925,0.0,0.24182784423985637,0.5604,0.5373,0.584,0,0.35,0.0,"{'stable': 0.8, 'underperformer': 0.2}",0.7574074074074074,0.49212962962962964,0.5892361111111111,0.5892361111111111,healthy,moderate_repetition,Monitor
500894,20149,MoonScreen,MoonScreen Box,entertainment,interstitial,celebrity,trending,Order now,Exclusive tonight,Start free today,stable,,0,0.6731481481481482,2.561626982035297,0.5313431533104946,0.0062706993581091,0.084734273318872,-0.7266384583384933,-0.0826468041581641,0.0096676745782254,0.0,0.8353637876062214,0.38016548665291067,0.0,0.28487404423213747,0.5918,0.5306,0.67,0,0.425,0.0,"{'stable': 0.9, 'underperformer': 0.1}",0.7175925925925926,0.49212962962962964,0.5880787037037037,0.5880787037037037,healthy,moderate_repetition,Monitor
500235,20039,CloudRoute,CloudRoute Trips,travel,rewarded_video,wanderlust,last-minute deal,Try for free,Dream destinations await,Flexible booking options,fatigued,15.0,1,0.7805555555555556,7.86742745913762,0.4461164211999277,0.0070795396747597,0.0630148910373985,-0.8204929242903559,0.0942444450648725,0.012197817917008,1.0,0.9432614928014293,0.0,0.0,0.5858153732003573,0.5512,0.4925,0.6012,0,0.275,0.3,"{'top_performer': 0.4, 'stable': 0.3, 'fatigued': 0.3}",0.4740740740740741,0.49212962962962964,0.4288194444444444,0.5858153732003573,at_risk,distinct,Monitor
501075,20179,StarVault,StarVault Now,entertainment,interstitial,drama,trending,Try for free,A new season drops,Start free today,stable,,0,0.5138888888888888,2.709718244325404,0.4184851922388439,0.0048394366346789,0.0864739480707355,-0.8402985141687038,-0.0851511360435118,0.0118112207097345,0.0,0.9660305499393946,0.3916851159916521,0.0,0.31984466068317907,0.5603,0.5261,0.6376,0,0.45,0.4,"{'stable': 0.6, 'fatigued': 0.4}",0.6990740740740741,0.49212962962962964,0.5850694444444444,0.5850694444444444,healthy,moderate_repetition,Monitor
500696,20116,CoinBridge,CoinBridge Cash,fintech,banner,testimonial,limited offer,Order now,"Your money, clearer",Built for peace of mind,stable,,0,0.4657407407407407,5.181219010991083,0.3796010665821152,0.004024563976211,0.0943210416894627,-0.6463038431075039,-0.0660032553575311,0.0065021030770037,0.0,0.7430088789372032,0.30360713822221597,0.0,0.246473647378744,0.5985,0.5523,0.7003,0,0.225,0.0,{'stable': 1.0},0.8111111111111111,0.49212962962962964,0.584837962962963,0.584837962962963,healthy,moderate_repetition,Monitor
500751,20125,PulsePlay,PulsePlay Now,entertainment,native,fantasy,trending,Start now,Watch what’s trending,New hits every week,stable,,0,0.2700617283950617,2.1650665689345563,0.3114102057656022,0.003445391015766,0.0903845758988152,-0.7524366147511424,-0.0745931440176045,0.0083044376153774,0.0,0.8650220659519695,0.3431196061998243,0.0,0.2848794377279572,0.5908,0.5335,0.7108,0,0.375,0.1,"{'stable': 0.8, 'fatigued': 0.1, 'underperformer': 0.1}",0.7351851851851852,0.49212962962962964,0.584375,0.584375,healthy,moderate_repetition,Monitor
500863,20143,StarVault,StarVault Play,entertainment,interstitial,drama,cashback,Order now,Binge starts now,Start free today,stable,,0,0.7311728395061728,3.0674097952808035,0.5833120435569344,0.0065614255968233,0.088900199346821,-0.7751171208789313,-0.0333487725798982,0.0120789574050473,0.0,0.8910962067937,0.15340039444056186,0.0,0.2534541305865374,0.5926,0.5378,0.7517,0,0.325,0.1,"{'stable': 0.8, 'underperformer': 0.1, 'fatigued': 0.1}",0.7601851851851852,0.49212962962962964,0.584375,0.584375,healthy,moderate_repetition,Monitor
500693,20115,ThreadMark,ThreadMark Market,ecommerce,native,discount,late-night,Learn more,Up to 40% off,Only this weekend,stable,,0,0.2277777777777777,2.3981410338039706,0.2147638120171418,0.0034848467610328,0.0616279069767441,-0.7023897312161427,-0.1172015557993416,0.0072215685629558,0.0,0.8074867762794684,0.539113241592096,0.0,0.3096943423882863,0.5889,0.5352,0.7237,0,0.35,0.1,"{'stable': 0.8, 'underperformer': 0.1, 'fatigued': 0.1}",0.7425925925925926,0.49212962962962964,0.5818287037037037,0.5818287037037037,healthy,moderate_repetition,Monitor
500338,20056,NovaPay,NovaPay Bank,fintech,native,feature-focus,earn more,Claim reward,Secure & simple,No hidden fees,stable,,0,0.7157407407407407,7.353865793064501,0.5868045084173471,0.0051284797479164,0.1144207518135854,-0.6826610851103336,-0.0810345218396536,0.0084292572388566,0.0,0.7848061758430762,0.3727491794105225,0.0,0.27075137984287356,0.6066,0.5304,0.6712,0,0.4,0.0,{'stable': 1.0},0.7166666666666667,0.49212962962962964,0.5813657407407408,0.5813657407407408,healthy,moderate_repetition,Monitor
500847,20141,NomadLayer,NomadLayer Travel,travel,interstitial,family,escape,Order now,Dream destinations await,Flexible booking options,top_performer,,0,0.783641975308642,6.904141325866344,0.4389221117211784,0.0086279196886753,0.0508722991820717,-0.6133078255901743,-0.1022946979516085,0.0125035905580994,0.0,0.7050757392129119,0.4705434653512151,0.0,0.27037762787347097,0.578,0.5403,0.686,0,0.3,0.1,"{'stable': 0.7, 'top_performer': 0.2, 'fatigued': 0.1}",0.7666666666666667,0.49212962962962964,0.5813657407407408,0.5813657407407408,healthy,moderate_repetition,Monitor
500217,20036,PixelForge,PixelForge Legends,gaming,rewarded_video,reward,challenge,Try for free,Beat your rivals,Free rewards for new players,top_performer,,0,0.7944444444444444,1.9830225348945536,2.687170820048089,0.0128112288448645,0.2097512153274235,-0.5800913014889706,-0.1183726198060451,0.0187653712746387,0.0,0.6668890989850574,0.5444999969850589,0.0,0.2756222741432761,0.5624,0.5366,0.6117,0,0.325,0.5,"{'fatigued': 0.5, 'stable': 0.4, 'top_performer': 0.1}",0.7527777777777778,0.49212962962962964,0.5806712962962963,0.5806712962962963,healthy,moderate_repetition,Monitor
500678,20113,MoonScreen,MoonScreen Play,entertainment,interstitial,celebrity,cashback,Start now,Exclusive tonight,Cancel anytime,stable,,0,0.4212962962962963,2.106999706561969,0.3810611999190537,0.0046807114798339,0.0814109567660371,-0.7976079055001228,0.0233334772782887,0.0095449441409892,0.0,0.9169522385131803,0.0,0.0,0.22923805962829508,0.6153,0.5482,0.6757,0,0.25,0.2,"{'stable': 0.8, 'fatigued': 0.2}",0.7898148148148149,0.49212962962962964,0.5804398148148149,0.5804398148148149,healthy,moderate_repetition,Monitor
500913,20152,CoinBridge,CoinBridge Pay,fintech,banner,discount,security,Claim reward,"Your money, clearer",No hidden fees,stable,,0,0.3506172839506172,5.200824217447956,0.3084101908989595,0.0033756751483923,0.0913625207822025,-0.7164645136527881,-0.1467490817389397,0.0065714099423429,0.0,0.8236675377449351,0.675028352800993,0.0,0.34092255499643237,0.588,0.5364,0.7003,0,0.325,0.0,{'stable': 1.0},0.7509259259259259,0.49212962962962964,0.5797453703703703,0.5797453703703703,healthy,moderate_repetition,Monitor
500111,20018,StormByte,StormByte Saga,gaming,playable,competitive,competition,Get offer,Win epic rewards,No ads in first week,stable,,0,0.4972222222222222,1.0348318977675073,1.1737616918712326,0.0053795765000896,0.2181884934346924,-0.8171069073334485,0.0376151975393019,0.0128681677532866,0.0,0.9393688335049633,0.0,0.0,0.2348422083762408,0.5777,0.5501,0.6004,0,0.225,0.4,"{'stable': 0.5, 'fatigued': 0.4, 'top_performer': 0.1}",0.8004629629629629,0.49212962962962964,0.5795138888888889,0.5795138888888889,healthy,moderate_repetition,Monitor
501071,20178,PlateSprint,PlateSprint Go,food_delivery,banner,discount,free rewards,Get offer,"Fast food, fast",Free delivery over $15,stable,,0,0.3604938271604938,1.5365237305535813,0.3951602324021707,0.0048535082920247,0.0814174425232757,-0.7681516343016728,-0.0596994374286949,0.0091851245034545,0.0,0.8830884896368022,0.27461032418811127,0.0,0.2756941872468228,0.5699,0.5317,0.5883,0,0.375,0.0,"{'stable': 0.6, 'underperformer': 0.4}",0.7240740740740741,0.49212962962962964,0.5788194444444444,0.5788194444444444,healthy,moderate_repetition,Monitor
501060,20176,SwiftStack,SwiftStack Wallet,fintech,native,testimonial,security,Start now,"Your money, clearer",No hidden fees,stable,,0,0.441358024691358,5.3752104860817,0.3719596869717013,0.0037445466530801,0.0993337034980566,-0.730256078204842,-0.0075426920497342,0.0065770931979239,0.0,0.8395227040508348,0.03469548790141554,0.0,0.21681977359299182,0.5808,0.5293,0.6229,0,0.4,0.0,{'stable': 1.0},0.7101851851851851,0.49212962962962964,0.578125,0.578125,healthy,moderate_repetition,Monitor
500537,20089,PulsePlay,PulsePlay Stream,entertainment,interstitial,ugc,exclusive,Order now,Watch what’s trending,Start free today,underperformer,,0,0.1669753086419753,1.7371886629106024,0.2753689065563103,0.0032887668690242,0.0837301388401583,-0.7977714272697571,-0.1441110279644735,0.0103575211894283,0.0,0.9171402276889117,0.6628936186488145,0.0,0.3618637806519908,0.5609,0.5247,0.6392,0,0.45,0.1,"{'stable': 0.7, 'underperformer': 0.2, 'fatigued': 0.1}",0.6847222222222222,0.49212962962962964,0.5778935185185186,0.5778935185185186,healthy,moderate_repetition,Monitor
500480,20080,CoinBridge,CoinBridge Wallet,fintech,rewarded_video,testimonial,cashback,Start now,Save with confidence,Built for peace of mind,fatigued,17.0,1,0.6805555555555557,5.219567700434048,0.6638994588355333,0.0051819440949131,0.1281178350587091,-0.7923630855358279,0.0327913525297485,0.0094409987779199,1.0,0.9109226475654285,0.0,0.0,0.5777306618913571,0.5121,0.4825,0.5767,0,0.15,0.1,"{'stable': 0.8, 'fatigued': 0.1, 'top_performer': 0.1}",0.39305555555555555,0.49212962962962964,0.3570601851851852,0.5777306618913571,at_risk,distinct,Monitor
500052,20008,CoinBridge,CoinBridge Invest,fintech,banner,product-focus,security,Watch now,Save with confidence,No hidden fees,stable,,0,0.2685185185185185,4.750693877929218,0.2479090050143325,0.0026826425481653,0.0924122392615742,-0.5815207591752214,-0.1092004966451253,0.0049783808447766,0.0,0.6685324433102942,0.5023093194309884,0.0,0.26759497471377125,0.5702,0.5358,0.6194,0,0.325,0.0,{'stable': 1.0},0.7467592592592592,0.49212962962962964,0.577662037037037,0.577662037037037,healthy,moderate_repetition,Monitor
500132,20022,CraveLoop,CraveLoop Express,food_delivery,native,drama,save smarter,Start now,Hungry? We got you,Fresh favorites nearby,stable,,0,0.4768518518518518,1.6148164348377885,0.4942706271062328,0.0053415098304103,0.0925338795207766,-0.7861376513571795,-0.2020570319113696,0.009652515290694,0.0,0.903765715235064,0.9294383570019809,0.0,0.4118291002091622,0.6164,0.5455,0.6967,0,0.25,0.2,"{'stable': 0.8, 'fatigued': 0.2}",0.7837962962962963,0.49212962962962964,0.5774305555555556,0.5774305555555556,at_risk,moderate_repetition,Monitor
500467,20077,MoonScreen,MoonScreen Stream,entertainment,interstitial,trailer,new season,Watch now,Binge starts now,Cancel anytime,stable,,0,0.4481481481481482,1.5202714968991895,0.4945298791527949,0.0051690570021214,0.0956711986247851,-0.8041111059534309,0.0282478568754962,0.0095260857425064,0.0,0.9244284986806641,0.0,0.0,0.23110712467016603,0.61,0.5446,0.7013,0,0.25,0.0,"{'stable': 0.9, 'underperformer': 0.1}",0.7814814814814814,0.49212962962962964,0.5762731481481481,0.5762731481481481,healthy,moderate_repetition,Monitor
500448,20074,EarnPath,EarnPath Bank,fintech,banner,feature-focus,trending,Shop now,Earn cashback daily,Built for peace of mind,stable,,0,0.3867283950617284,7.513637603990586,0.2909631919586031,0.0032834015707221,0.0886163893424115,-0.7260367150447941,0.0943778801843318,0.0071811903254366,0.0,0.8346720067746086,0.0,0.0,0.20866800169365216,0.6105,0.5403,0.7318,0,0.275,0.0,{'stable': 1.0},0.7666666666666667,0.49212962962962964,0.5751157407407408,0.5751157407407408,healthy,moderate_repetition,Monitor
500343,20057,RouteBloom,RouteBloom Deals,travel,rewarded_video,discount,last-minute deal,Get offer,Book your next trip,Flexible booking options,stable,,0,0.4882716049382716,5.87722328430835,0.2829331692666951,0.0051877896172491,0.0545382889710786,-0.8729242794100391,-0.1669707639778062,0.0140959005024825,0.0,1.0,0.7680456902235895,0.0,0.4036091380447179,0.6229,0.5428,0.6913,0,0.25,0.3,"{'stable': 0.5, 'fatigued': 0.3, 'top_performer': 0.2}",0.7777777777777778,0.49212962962962964,0.5744212962962963,0.5744212962962963,at_risk,moderate_repetition,Monitor
500304,20050,VaultRun,VaultRun Cash,fintech,rewarded_video,competitive,security,Shop now,Save with confidence,Built for peace of mind,stable,,0,0.6811728395061728,6.434442012018808,0.5514735076398521,0.0051439827778164,0.1072074949430426,-0.7472264754836724,0.014228374974899,0.0091164177875296,0.0,0.8590323448981436,0.0,0.0,0.2147580862245359,0.6119,0.5564,0.6475,0,0.15,0.1,"{'stable': 0.9, 'fatigued': 0.1}",0.8273148148148148,0.49212962962962964,0.5741898148148148,0.5741898148148148,healthy,moderate_repetition,Monitor
500990,20165,RouteBloom,RouteBloom Getaway,travel,interstitial,wanderlust,discover,Claim reward,Escape this weekend,Hotels + flights in one tap,stable,,0,0.4694444444444445,5.061634977615891,0.2784390839835865,0.0052516437379949,0.0530194159914386,-0.8103469062360367,-0.2511341117431533,0.010351129547529,0.0,0.9315973481725347,1.0,0.0,0.43289933704313366,0.5911,0.5294,0.6485,0,0.375,0.2,"{'stable': 0.7, 'fatigued': 0.2, 'top_performer': 0.1}",0.711574074074074,0.49212962962962964,0.5725694444444445,0.5725694444444445,at_risk,moderate_repetition,Monitor
500612,20102,IronQuest,IronQuest Arena,gaming,banner,gameplay,free rewards,Claim reward,Join the arena,Play with friends tonight,stable,,0,0.3598765432098765,0.8953269632778265,0.6780173223739905,0.0040922443312163,0.1656834899133347,-0.8240680083328795,-0.2237439158331494,0.0102592054609222,0.0,0.947371508879579,1.0,0.0,0.4368428772198948,0.5768,0.5417,0.5996,0,0.25,0.3,"{'stable': 0.7, 'fatigued': 0.3}",0.7731481481481481,0.49212962962962964,0.5721064814814815,0.5721064814814815,at_risk,moderate_repetition,Monitor
500983,20163,ZenDrop,ZenDrop Store,ecommerce,interstitial,competitive,free shipping,Book now,Flash sale live,Only this weekend,stable,,0,0.5527777777777777,2.384418920075016,0.3925706115187001,0.0058591887687575,0.0670008472182999,-0.8398473502797609,-0.2938855610840056,0.0115084805817016,0.0,0.9655118793807783,1.0,0.0,0.4413779698451946,0.6175,0.5258,0.7105,0,0.4,0.1,"{'stable': 0.9, 'fatigued': 0.1}",0.6958333333333333,0.49212962962962964,0.570949074074074,0.570949074074074,at_risk,moderate_repetition,Monitor
500725,20120,VoxelRealm,VoxelRealm Arena,gaming,interstitial,gameplay,challenge,Book now,Unlock rare gear,Free rewards for new players,stable,,0,0.5481481481481482,1.1278961630323876,1.0547310410668695,0.006119420596158,0.1723579911681615,-0.8696108577973148,-0.0105493974239442,0.0142969773905572,0.0,0.9997288356772587,0.04852597564321594,0.0,0.2596374040479579,0.5613,0.5307,0.6474,0,0.35,0.4,"{'stable': 0.6, 'fatigued': 0.4}",0.7185185185185186,0.49212962962962964,0.5697916666666667,0.5697916666666667,healthy,moderate_repetition,Monitor
500420,20070,PlateSprint,PlateSprint Go,food_delivery,interstitial,food-closeup,2-for-1,Start now,"Your cravings, delivered",Free delivery over $15,stable,,0,0.2734567901234568,1.164201099398346,0.4259411379778785,0.0039410743303584,0.1080774180524363,-0.8143079452894963,-0.0404738604776463,0.0111066509295484,0.0,0.9361510688689595,0.1861749528240707,0.0,0.271272757782054,0.5769,0.5353,0.6721,0,0.3,0.2,"{'stable': 0.8, 'fatigued': 0.2}",0.7435185185185185,0.49212962962962964,0.5697916666666667,0.5697916666666667,healthy,moderate_repetition,Monitor
501007,20167,NeonCast,NeonCast Now,entertainment,native,celebrity,watch now,Learn more,Stream the hype,New hits every week,stable,,0,0.3873456790123457,2.2157085501873763,0.3694481442925613,0.0041982227091373,0.0880010828126057,-0.8105102116360509,-0.0253580937241192,0.0097875722901926,0.0,0.9317850886037311,0.1166442204198358,0.0,0.25627511623489996,0.5679,0.5277,0.6201,0,0.375,0.1,"{'stable': 0.6, 'underperformer': 0.2, 'top_performer': 0.1, 'fatigued': 0.1}",0.7055555555555556,0.49212962962962964,0.5695601851851853,0.5695601851851853,healthy,moderate_repetition,Monitor
500353,20058,CraveLoop,CraveLoop Bites,food_delivery,native,combo,free delivery,Claim reward,"Your cravings, delivered",Late-night deals available,stable,,0,0.3925925925925926,1.6743192270762972,0.4574623104542749,0.0044793909315489,0.1021260071837685,-0.8206220867596818,-0.0271897810218977,0.0102736758351485,0.0,0.9434099815696118,0.1250697645173825,0.0,0.26086644829587946,0.551,0.5256,0.6398,0,0.4,0.3,"{'stable': 0.6, 'fatigued': 0.3, 'underperformer': 0.1}",0.6925925925925925,0.49212962962962964,0.5693287037037037,0.5693287037037037,healthy,moderate_repetition,Monitor
500589,20098,ClearLedger,ClearLedger Wallet,fintech,banner,trust,earn more,Order now,Earn cashback daily,"Fast signup, instant card",stable,,0,0.6620370370370371,7.218215233192783,0.4841732238322512,0.0050182024050106,0.0964833987861478,-0.565409968807999,-0.1836480544895417,0.0072871337274005,0.0,0.6500110304838024,0.844759246519276,0.0,0.3314546069248058,0.6343,0.5432,0.7165,0,0.225,0.0,{'stable': 1.0},0.7787037037037037,0.49212962962962964,0.5686342592592593,0.5686342592592593,healthy,moderate_repetition,Monitor
500333,20055,ZenDrop,ZenDrop Shop,ecommerce,native,product-focus,limited offer,Learn more,Flash sale live,Only this weekend,stable,,0,0.2410493827160494,1.969307752277369,0.2362622164853402,0.0041294768994664,0.0572135944181859,-0.8055016470879187,-0.1602388225117587,0.0093872310662495,0.0,0.9260271034552918,0.7370795587484859,0.0,0.3789226876135201,0.6022,0.5303,0.7112,0,0.35,0.1,"{'stable': 0.9, 'fatigued': 0.1}",0.7157407407407408,0.49212962962962964,0.5684027777777778,0.5684027777777778,healthy,moderate_repetition,Monitor
500558,20093,RouteBloom,RouteBloom Travel,travel,interstitial,celebrity,escape,Order now,Book your next trip,Hotels + flights in one tap,stable,,0,0.7777777777777777,12.609035902007008,0.3876918216968617,0.0073813012883972,0.0525235058899816,-0.7042355946370837,-0.0159454740276575,0.0123055200579083,0.0,0.8096088322221815,0.07334728735590129,0.0,0.21707166552672563,0.5917,0.5505,0.6148,0,0.175,0.4,"{'stable': 0.4, 'fatigued': 0.4, 'top_performer': 0.2}",0.8018518518518518,0.49212962962962964,0.5677083333333334,0.5677083333333334,healthy,moderate_repetition,Monitor
500196,20032,SwiftStack,SwiftStack Wallet,fintech,native,testimonial,save smarter,Learn more,"Your money, clearer",Built for peace of mind,stable,,0,0.6432098765432098,8.033855622946845,0.5103693924184376,0.0044515901746349,0.1146487822096717,-0.7347049779553516,-0.0347661300320564,0.008049782121412,0.0,0.8446372829774225,0.1599200704407333,0.0,0.24314333483250228,0.5707,0.5297,0.6088,0,0.35,0.0,{'stable': 1.0},0.7138888888888889,0.49212962962962964,0.5674768518518518,0.5674768518518518,healthy,moderate_repetition,Monitor
500734,20122,VaultRun,VaultRun Wallet,fintech,native,trust,security,Start now,Secure & simple,No hidden fees,stable,,0,0.6540123456790123,8.246414425405638,0.4906546428704137,0.0046635245602619,0.1052111201581947,-0.7305824674915634,-0.0880622083981338,0.0081185597963154,0.0,0.8398979302553674,0.4050757031976474,0.0,0.29098962320337135,0.6249,0.5266,0.7624,0,0.375,0.0,{'stable': 1.0},0.700925925925926,0.49212962962962964,0.5672453703703704,0.5672453703703704,healthy,moderate_repetition,Monitor
500663,20110,EarnPath,EarnPath Invest,fintech,interstitial,combo,save smarter,Learn more,Track every euro,Built for peace of mind,stable,,0,0.7558641975308643,8.174981930764428,0.5086609561761146,0.0058356762999625,0.0871640115095796,-0.6801855180485648,-0.1817150778148825,0.0095821421448042,0.0,0.7819601950758029,0.8358677833139447,0.0,0.3626636054317397,0.5743,0.5501,0.6228,0,0.175,0.0,{'stable': 1.0},0.8004629629629629,0.49212962962962964,0.5670138888888889,0.5670138888888889,healthy,moderate_repetition,Monitor
500227,20037,VantaStyle,VantaStyle Market,ecommerce,banner,fantasy,free shipping,Get offer,Up to 40% off,Free shipping over $25,underperformer,,0,0.0265432098765432,1.1161954704388195,0.1551215231792577,0.0028842823320388,0.0537816709051521,-0.7064463349511898,0.0151524621142491,0.0069585909650169,0.0,0.8121503607925633,0.0,0.0,0.20303759019814083,0.5751,0.4926,0.8499,1,0.325,0.0,"{'underperformer': 0.5, 'stable': 0.5}",0.475462962962963,0.9921296296296296,0.5670138888888889,0.5670138888888889,healthy,moderate_repetition,Monitor
500031,20005,MoonScreen,MoonScreen TV,entertainment,interstitial,ugc,new collection,Claim reward,Watch what’s trending,New hits every week,stable,,0,0.3253086419753086,1.7159389441873223,0.3776173406876131,0.0041804216123615,0.0903299656596824,-0.7862454552673461,-0.0704202235568711,0.0090000257091124,0.0,0.9038896496094178,0.3239246675221877,0.0,0.290757345906792,0.5723,0.5363,0.6085,0,0.275,0.3,"{'stable': 0.5, 'fatigued': 0.3, 'underperformer': 0.2}",0.75,0.49212962962962964,0.5667824074074074,0.5667824074074074,healthy,moderate_repetition,Monitor
500854,20142,PlateSprint,PlateSprint Go,food_delivery,interstitial,urgency,free delivery,Watch now,Dinner in minutes,Late-night deals available,stable,,0,0.5040123456790123,2.662303905191625,0.4265374226360414,0.0046611799519998,0.0915084650299837,-0.8567261184657746,-0.1778114988793315,0.0130891957886935,0.0,0.9849161808737603,0.8179117836738159,0.0,0.40981140195320326,0.5947,0.5455,0.6756,0,0.2,0.1,"{'stable': 0.5, 'underperformer': 0.4, 'fatigued': 0.1}",0.7837962962962963,0.49212962962962964,0.5649305555555556,0.5649305555555556,at_risk,moderate_repetition,Monitor
500682,20113,MoonScreen,MoonScreen Play,entertainment,interstitial,drama,exclusive,Order now,Stream the hype,New hits every week,stable,,0,0.4712962962962963,2.2666893412857645,0.4226713527402538,0.0047216475778765,0.0895177680606023,-0.8060559950447077,-0.0913605327013148,0.0100932619899005,0.0,0.9266643972890009,0.42024760338943556,0.0,0.3157156200001373,0.5802,0.5332,0.6668,0,0.3,0.3,"{'stable': 0.7, 'fatigued': 0.3}",0.7333333333333333,0.49212962962962964,0.564699074074074,0.564699074074074,healthy,moderate_repetition,Monitor
500947,20157,BoltCart,BoltCart Club,ecommerce,banner,ugc,free shipping,Shop now,Flash sale live,Only this weekend,underperformer,,0,0.1435185185185185,1.7157227697341968,0.2151142689710371,0.0035006640296255,0.0614495613262393,-0.7638880961006677,-0.3097827782665943,0.0081345611446289,0.0,0.8781870075044921,1.0,0.0,0.419546751876123,0.5724,0.5258,0.6832,0,0.375,0.0,"{'stable': 0.6, 'underperformer': 0.4}",0.6958333333333333,0.49212962962962964,0.564699074074074,0.564699074074074,at_risk,moderate_repetition,Monitor
500560,20093,RouteBloom,RouteBloom Travel,travel,rewarded_video,discount,last-minute deal,Learn more,Last-minute savings,Special fares today,top_performer,,0,0.8654320987654321,13.391615987485372,0.4991207747650518,0.0083510819268429,0.0597671989255335,-0.6761523772138095,-0.0372378516624041,0.0134124111896308,0.0,0.777323584165648,0.17128969647821918,0.0,0.22858883533705582,0.5653,0.5245,0.6491,0,0.4,0.7,"{'fatigued': 0.7, 'stable': 0.2, 'top_performer': 0.1}",0.6824074074074075,0.49212962962962964,0.5642361111111112,0.5642361111111112,healthy,moderate_repetition,Monitor
500607,20101,BingeLayer,BingeLayer Plus,entertainment,interstitial,ugc,trending,Claim reward,Stream the hype,Cancel anytime,stable,,0,0.5342592592592593,1.6581119827430282,0.5490516954036113,0.0056909451171812,0.0964781216648879,-0.8168112552854903,0.0364603083997621,0.0114980974591874,0.0,0.9390289436852576,0.0,0.0,0.2347572359213144,0.5717,0.5257,0.6319,0,0.375,0.0,"{'stable': 0.9, 'underperformer': 0.1}",0.6944444444444444,0.49212962962962964,0.5640046296296296,0.5640046296296296,healthy,moderate_repetition,Monitor
500055,20009,DriftPass,DriftPass Travel,travel,rewarded_video,destination,discover,Install now,Dream destinations await,Flexible booking options,top_performer,,0,0.854320987654321,9.660271947292308,0.5214972350603954,0.0079544468219872,0.0655604653259987,-0.7755667454809874,-0.1095083589047066,0.0146360398209882,0.0,0.8916131077452866,0.5037254492732485,0.0,0.3236483667909713,0.6183,0.5372,0.6507,0,0.25,0.3,"{'stable': 0.6, 'fatigued': 0.3, 'top_performer': 0.1}",0.7560185185185185,0.49212962962962964,0.5635416666666667,0.5635416666666667,healthy,moderate_repetition,Monitor
500566,20094,CraveLoop,CraveLoop Express,food_delivery,native,ugc,late-night,Order now,"Fast food, fast",Late-night deals available,stable,,0,0.7320987654320987,2.582747685145017,0.6420347021298144,0.0068994419966591,0.0930560330010312,-0.7501308445640837,-0.0953021913943621,0.0121832271190497,0.0,0.8623712883958033,0.438378765392921,0.0,0.303268575177535,0.5784,0.5256,0.6327,0,0.375,0.3,"{'stable': 0.6, 'fatigued': 0.3, 'top_performer': 0.1}",0.6925925925925925,0.49212962962962964,0.5630787037037037,0.5630787037037037,healthy,moderate_repetition,Monitor
500335,20055,ZenDrop,ZenDrop Shop,ecommerce,native,product-focus,new collection,Claim reward,Up to 40% off,Free shipping over $25,stable,,0,0.4283950617283951,2.59953901929028,0.3185380868906748,0.0048721114910962,0.0653798845680764,-0.8035401376767101,-0.0183553751290421,0.0095903720548014,0.0,0.9237720976647653,0.08443254629997338,0.0,0.24782953367618601,0.6207,0.524,0.712,0,0.4,0.1,"{'stable': 0.9, 'fatigued': 0.1}",0.6777777777777778,0.49212962962962964,0.5619212962962963,0.5619212962962963,healthy,moderate_repetition,Monitor
500999,20166,CraveLoop,CraveLoop Go,food_delivery,interstitial,food-closeup,save smarter,Shop now,Hungry? We got you,Fresh favorites nearby,stable,,0,0.7506172839506173,2.2724975026984264,0.7793281697321345,0.0083425454460042,0.0934161131966503,-0.7727735750366829,0.0954140329351431,0.0137261106823391,0.0,0.8884020012933665,0.0,0.0,0.22210050032334164,0.5736,0.5322,0.6604,0,0.3,0.1,"{'stable': 0.7, 'underperformer': 0.2, 'fatigued': 0.1}",0.7268518518518519,0.49212962962962964,0.5614583333333334,0.5614583333333334,healthy,moderate_repetition,Monitor
500881,20146,EarnPath,EarnPath Saver,fintech,banner,trust,cashback,Install now,Track every euro,No hidden fees,stable,,0,0.3398148148148148,5.963406705597531,0.2893909063449404,0.0031087133657275,0.0930902506275978,-0.6952741066844386,-0.0924082718738387,0.006238140443132,0.0,0.7993064563531329,0.42506707918726067,0.0,0.28484002992573537,0.5877,0.5321,0.658,0,0.3,0.0,{'stable': 1.0},0.725925925925926,0.49212962962962964,0.5609953703703704,0.5609953703703704,healthy,moderate_repetition,Monitor
500529,20088,FreshDash,FreshDash Go,food_delivery,native,discount,2-for-1,Install now,Dinner in minutes,Fresh favorites nearby,stable,,0,0.299074074074074,1.7595091396178075,0.367211886985032,0.0039134866106156,0.0938324117396852,-0.8300669286272558,-0.1410953846944813,0.0111000410425582,0.0,0.9542680345467128,0.6490220176475927,0.0,0.36837141216619673,0.5886,0.5218,0.6771,0,0.425,0.2,"{'stable': 0.7, 'fatigued': 0.2, 'underperformer': 0.1}",0.663425925925926,0.49212962962962964,0.5609953703703704,0.5609953703703704,healthy,moderate_repetition,Monitor
500282,20047,FluxStream,FluxStream Stream,entertainment,rewarded_video,drama,trending,Get offer,Watch what’s trending,New hits every week,stable,,0,0.2259259259259259,1.3258580990953035,0.3696522885866222,0.0036746739541257,0.1005945815060938,-0.7906739890883545,-0.0575999479616505,0.0096470088778453,0.0,0.9089808152968475,0.26495292190750835,0.0,0.28023578820571354,0.5951,0.5251,0.6605,0,0.375,0.4,"{'stable': 0.5, 'fatigued': 0.4, 'underperformer': 0.1}",0.6875,0.49212962962962964,0.5605324074074074,0.5605324074074074,healthy,moderate_repetition,Monitor
500049,20008,CoinBridge,CoinBridge Invest,fintech,banner,trust,cashback,Get offer,Track every euro,No hidden fees,stable,,0,0.3657407407407407,5.789343806789043,0.3021470211858382,0.0034801663729575,0.0868197059582151,-0.7299402789012658,-0.1985083085926301,0.0068354969256328,0.0,0.8391596523855515,0.9131146510679522,0.0,0.3924128433099783,0.5869,0.5251,0.6817,0,0.375,0.0,{'stable': 1.0},0.6875,0.49212962962962964,0.5605324074074074,0.5605324074074074,healthy,moderate_repetition,Monitor
500603,20100,QuickFork,QuickFork Kitchen,food_delivery,interstitial,urgency,fast,Book now,Dinner in minutes,Fresh favorites nearby,stable,,0,0.3567901234567901,1.265024770724582,0.4788143016878663,0.004489113395518,0.106661217817736,-0.829734018407476,-0.0247826617930649,0.0111404917052286,0.0,0.9538853116961167,0.11399730185676306,0.0,0.2612707882953818,0.5559,0.5251,0.6407,0,0.375,0.2,"{'stable': 0.7, 'fatigued': 0.2, 'underperformer': 0.1}",0.6875,0.49212962962962964,0.5605324074074074,0.5605324074074074,healthy,moderate_repetition,Monitor
500221,20036,PixelForge,PixelForge Legends,gaming,rewarded_video,reward,power-up,Get offer,Join the arena,Play with friends tonight,stable,,0,0.7185185185185184,1.5824358187158765,2.08494967928054,0.0101051216767016,0.2063260340632603,-0.7108094587422065,-0.0241946047091845,0.0163399284155517,0.0,0.8171663292897339,0.11129230908964709,0.0,0.2265500441403629,0.5772,0.5338,0.6636,0,0.275,0.3,"{'stable': 0.5, 'fatigued': 0.3, 'top_performer': 0.2}",0.737037037037037,0.49212962962962964,0.560300925925926,0.560300925925926,healthy,moderate_repetition,Monitor
500927,20154,BiteRush,BiteRush Delivery,food_delivery,native,urgency,2-for-1,Try for free,Hungry? We got you,Fresh favorites nearby,stable,,0,0.2972222222222222,1.983449072826989,0.3444011481639473,0.0036248328067526,0.0950115954375502,-0.8109213859186595,-0.0596907638683614,0.0112523955918211,0.0,0.9322577859983496,0.27457042684037003,0.0,0.2879785318676614,0.5605,0.4834,0.831,1,0.45,0.1,"{'stable': 0.7, 'underperformer': 0.2, 'fatigued': 0.1}",0.3990740740740741,0.9921296296296296,0.5600694444444445,0.5600694444444445,healthy,moderate_repetition,Monitor
500129,20021,RouteBloom,RouteBloom Getaway,travel,rewarded_video,product-focus,discover,Order now,Fly smarter,Hotels + flights in one tap,top_performer,,0,0.8969135802469136,9.33692948459687,0.6043905777753683,0.0091992735453966,0.0656998158379373,-0.6975265950137368,0.0922013753519599,0.0150948007512026,0.0,0.8018959796032563,0.0,0.0,0.20047399490081408,0.5879,0.5294,0.7853,0,0.325,0.5,"{'fatigued': 0.5, 'top_performer': 0.3, 'stable': 0.2}",0.711574074074074,0.49212962962962964,0.5600694444444444,0.5600694444444444,healthy,moderate_repetition,Monitor
500076,20012,VoxelRealm,VoxelRealm Battle,gaming,playable,celebrity,challenge,Get offer,Unlock rare gear,No ads in first week,stable,,0,0.5188271604938272,0.8868538675813281,1.3552126358547034,0.0056173154454298,0.2412562814070351,-0.8024473623547645,-0.023866165137384,0.0129323711234829,0.0,0.9225158127524166,0.1097815260542782,0.0,0.2525852583989598,0.5681,0.5391,0.6302,0,0.225,0.5,"{'fatigued': 0.5, 'stable': 0.4, 'top_performer': 0.1}",0.7611111111111111,0.49212962962962964,0.559837962962963,0.559837962962963,healthy,moderate_repetition,Monitor
500423,20070,PlateSprint,PlateSprint Go,food_delivery,interstitial,urgency,fast,Try for free,2-for-1 tonight,Free delivery over $15,stable,,0,0.3728395061728395,1.3176595194305023,0.4652484727470598,0.0047220619539254,0.0985265499026966,-0.8333468629302152,-0.0902133320604273,0.0114549773829281,0.0,0.9580387382728613,0.41497061664598084,0.0,0.3225038078974115,0.5692,0.5314,0.5902,0,0.3,0.3,"{'stable': 0.6, 'fatigued': 0.3, 'underperformer': 0.1}",0.7226851851851852,0.49212962962962964,0.5593750000000001,0.5593750000000001,healthy,moderate_repetition,Monitor
500578,20096,GlitchWave,GlitchWave Legends,gaming,interstitial,fantasy,free rewards,Learn more,Win epic rewards,Play with friends tonight,stable,,0,0.4373456790123457,0.8078741315323686,0.9002661836173474,0.0049631412467088,0.1813904015353843,-0.8075339045359725,-0.0753355910101911,0.0137663534079263,0.0,0.9283634431572655,0.34653477421661194,0.0,0.3013978156326388,0.5677,0.5289,0.6234,0,0.325,0.6,"{'fatigued': 0.6, 'stable': 0.4}",0.7092592592592593,0.49212962962962964,0.5589120370370371,0.5589120370370371,healthy,moderate_repetition,Monitor
500930,20155,FluxStream,FluxStream Now,entertainment,native,testimonial,exclusive,Learn more,Stream the hype,New hits every week,underperformer,,0,0.1429012345679012,1.3570637784241395,0.3084165046273259,0.0031405488827835,0.0982046502501717,-0.7096992129258619,-0.0188680860818601,0.0071758339042977,0.0,0.8158899598109751,0.08679095580988397,0.0,0.22133068111472057,0.5785,0.5287,0.6201,0,0.325,0.0,"{'stable': 0.6, 'underperformer': 0.3, 'top_performer': 0.1}",0.7083333333333334,0.49212962962962964,0.5584490740740741,0.5584490740740741,healthy,moderate_repetition,Monitor
500000,20000,PixelForge,PixelForge Legends,gaming,interstitial,family,power-up,Order now,Level up today,Play with friends tonight,stable,,0,0.3410493827160494,0.6732220740687788,0.7549493579112817,0.0038939086825267,0.1938795743462072,-0.785291349678005,-0.0898799244567573,0.0102055731134143,0.0,0.9027927832796191,0.4134369812538558,0.0,0.30838559207067595,0.5773,0.5374,0.6407,0,0.225,0.3,"{'stable': 0.7, 'fatigued': 0.3}",0.7583333333333333,0.49212962962962964,0.5584490740740741,0.5584490740740741,healthy,moderate_repetition,Monitor
501046,20174,IronQuest,IronQuest Legends,gaming,rewarded_video,product-focus,free rewards,Try for free,Win epic rewards,Play with friends tonight,stable,,0,0.7280864197530864,1.6234635132261177,2.115157468430671,0.010285645694788,0.2056416807651141,-0.7283433133038572,-0.0670210938675327,0.017047602777132,0.0,0.8373237363053889,0.30828907452247895,0.0,0.270988748980843,0.5585,0.5328,0.6146,0,0.275,0.4,"{'fatigued': 0.4, 'stable': 0.4, 'top_performer': 0.2}",0.7314814814814815,0.49212962962962964,0.5575231481481482,0.5575231481481482,healthy,moderate_repetition,Monitor
500646,20107,StarVault,StarVault Plus,entertainment,interstitial,minimalist,watch now,Order now,Stream the hype,Start free today,stable,,0,0.3132716049382716,1.6045265849885864,0.3922687843209146,0.0041311131850642,0.0949547414336501,-0.7285654509406956,-0.1982664655710966,0.0083847679278782,0.0,0.8375791119128176,0.912002201882392,0.0,0.3917952183546828,0.5772,0.5324,0.6665,0,0.275,0.0,{'stable': 1.0},0.7287037037037037,0.49212962962962964,0.5561342592592593,0.5561342592592593,healthy,moderate_repetition,Monitor
500289,20048,VoxelRealm,VoxelRealm Legends,gaming,interstitial,food-closeup,challenge,Shop now,Unlock rare gear,No ads in first week,stable,,0,0.5040123456790124,1.1777295972557889,1.0534253802112157,0.0053993067355399,0.1951038219920395,-0.8419302575224566,-0.0026438024173791,0.0132770717057515,0.0,0.9679064474958067,0.01216117722705412,0.0,0.2444088473193625,0.5536,0.5254,0.5867,0,0.35,0.2,"{'stable': 0.8, 'fatigued': 0.2}",0.6902777777777778,0.49212962962962964,0.5556712962962963,0.5556712962962963,healthy,moderate_repetition,Monitor
500265,20044,CoinBridge,CoinBridge Pay,fintech,interstitial,testimonial,earn more,Install now,Track every euro,Built for peace of mind,stable,,0,0.7058641975308642,6.152379971102259,0.5392213445904721,0.0055595864320696,0.0969894705620643,-0.7730141227713335,-0.0576776859504133,0.009331236007593,0.0,0.8886785416614298,0.2653105074261556,0.0,0.27523173690058855,0.5937,0.5365,0.658,0,0.225,0.0,{'stable': 1.0},0.7518518518518519,0.49212962962962964,0.5552083333333334,0.5552083333333334,healthy,moderate_repetition,Monitor
500724,20120,VoxelRealm,VoxelRealm Arena,gaming,interstitial,fantasy,free rewards,Shop now,Win epic rewards,No ads in first week,stable,,0,0.4978395061728395,1.0589038082219084,0.9984650875715642,0.0055133325969554,0.1811001005313801,-0.8754916820984243,-0.1076815693099821,0.0142634209593884,0.0,1.0,0.49532243402825654,0.0,0.34906448680565133,0.5446,0.5218,0.5708,0,0.4,0.5,"{'fatigued': 0.5, 'stable': 0.5}",0.663425925925926,0.49212962962962964,0.5547453703703704,0.5547453703703704,healthy,moderate_repetition,Monitor
500735,20122,VaultRun,VaultRun Wallet,fintech,native,discount,earn more,Start now,Track every euro,Built for peace of mind,stable,,0,0.5469135802469136,7.251026009159579,0.4263350292222505,0.0039929600590579,0.1067716738751533,-0.7379744718282897,-0.0670834060724884,0.0071094146625801,0.0,0.8483959840947538,0.3085757032670831,0.0,0.2738141366771051,0.5818,0.5251,0.7497,0,0.35,0.0,{'stable': 1.0},0.6875,0.49212962962962964,0.5542824074074074,0.5542824074074074,healthy,moderate_repetition,Monitor
500672,20112,SnapMeal,SnapMeal Express,food_delivery,native,trust,exclusive,Shop now,Hungry? We got you,Fresh favorites nearby,underperformer,,0,0.1160493827160493,1.3494838520635977,0.2837127847719914,0.0031180632446838,0.0909900673938253,-0.6207031453023528,-0.0644663238030021,0.0076669880488037,0.0,0.7135776045001557,0.296537435547911,0.0,0.23770188823462113,0.5915,0.5311,0.6723,0,0.275,0.3,"{'stable': 0.6, 'fatigued': 0.3, 'underperformer': 0.1}",0.7208333333333333,0.49212962962962964,0.5521990740740741,0.5521990740740741,healthy,moderate_repetition,Monitor
500375,20062,ClearLedger,ClearLedger Cash,fintech,native,gameplay,cashback,Claim reward,"Your money, clearer","Fast signup, instant card",stable,,0,0.4787037037037036,7.432276007105794,0.367978814760838,0.003593212817242,0.1024094128227226,-0.6778063959181027,-0.0706894947539625,0.0063805908708802,0.0,0.7792250900847666,0.3251632830588267,0.0,0.259838929132957,0.5756,0.5228,0.674,0,0.375,0.1,"{'stable': 0.9, 'fatigued': 0.1}",0.6685185185185185,0.49212962962962964,0.5510416666666667,0.5510416666666667,healthy,moderate_repetition,Monitor
500137,20022,CraveLoop,CraveLoop Express,food_delivery,banner,food-closeup,free delivery,Order now,2-for-1 tonight,Free delivery over $15,stable,,0,0.4518518518518519,1.5998142006963627,0.4344795830429337,0.0054765330261219,0.0793347873500545,-0.7813005948126757,-0.0990308947828622,0.0102902267850721,0.0,0.8982049004591416,0.4555303582792076,0.0,0.3156572967706269,0.5841,0.5206,0.6102,0,0.4,0.0,"{'stable': 0.6, 'underperformer': 0.4}",0.6555555555555556,0.49212962962962964,0.5508101851851852,0.5508101851851852,healthy,moderate_repetition,Monitor
500850,20141,NomadLayer,NomadLayer Travel,travel,rewarded_video,discount,trending,Install now,Dream destinations await,Special fares today,top_performer,,0,0.8919753086419754,7.949125860580844,0.6263214939322329,0.009688549421652,0.0646455384262708,-0.6477816663903662,0.0680690567218531,0.0147274481283805,0.0,0.7447078256978898,0.0,0.0,0.18617695642447246,0.5827,0.5274,0.7937,0,0.3,0.2,"{'top_performer': 0.7, 'fatigued': 0.2, 'stable': 0.1}",0.7046296296296296,0.49212962962962964,0.5503472222222222,0.5503472222222222,healthy,moderate_repetition,Monitor
500815,20135,WayPoint,WayPoint Trips,travel,rewarded_video,combo,fast,Claim reward,Dream destinations await,Special fares today,top_performer,,0,0.8225308641975309,8.577602419625588,0.4671252709613152,0.0080609200132514,0.0579493742889647,-0.7753569011275957,0.0233191489361701,0.0144039213717498,0.0,0.8913718648385213,0.0,0.0,0.22284296620963032,0.5861,0.5339,0.6544,0,0.225,0.2,"{'top_performer': 0.8, 'fatigued': 0.2}",0.7379629629629629,0.49212962962962964,0.5482638888888889,0.5482638888888889,healthy,distinct,Keep
500786,20131,NeonCast,NeonCast Stream,entertainment,native,drama,watch now,Start now,Stream the hype,Start free today,stable,,0,0.3734567901234567,1.9660277172913536,0.3781073176393422,0.0043393680646368,0.0871341891278325,-0.7985204960632065,-0.0941684708827284,0.0095268474693539,0.0,0.9180013780137986,0.4331637856435674,0.0,0.3161331016321631,0.57,0.5196,0.6555,0,0.4,0.1,"{'stable': 0.7, 'underperformer': 0.2, 'fatigued': 0.1}",0.649074074074074,0.49212962962962964,0.5475694444444444,0.5475694444444444,healthy,distinct,Keep
500280,20046,BiteRush,BiteRush Go,food_delivery,native,combo,2-for-1,Get offer,"Your cravings, delivered",Late-night deals available,stable,,0,0.3203703703703703,1.6485211469955825,0.3780263381839843,0.0042965758233341,0.087983164670566,-0.7817777139382404,-0.1250557278809542,0.0096340363492593,0.0,0.8987534098798822,0.5752415006588079,0.0,0.33973665260173214,0.5493,0.5162,0.6632,0,0.425,0.3,"{'stable': 0.6, 'fatigued': 0.3, 'top_performer': 0.1}",0.6342592592592593,0.49212962962962964,0.5464120370370371,0.5464120370370371,healthy,distinct,Keep
500345,20057,RouteBloom,RouteBloom Deals,travel,interstitial,discount,book now,Start now,Dream destinations await,Flexible booking options,stable,,0,0.4317901234567902,6.240355919153888,0.2446628024600504,0.0047477183233025,0.051532712305026,-0.8575283291995015,0.0448022517480968,0.0129500168606904,0.0,0.9858384246516589,0.0,0.0,0.24645960616291473,0.5551,0.5246,0.6253,0,0.325,0.1,"{'stable': 0.6, 'top_performer': 0.3, 'fatigued': 0.1}",0.6833333333333333,0.49212962962962964,0.5459490740740741,0.5459490740740741,healthy,distinct,Keep
500714,20119,FluxStream,FluxStream Box,entertainment,rewarded_video,trailer,watch now,Try for free,Exclusive tonight,Start free today,stable,,0,0.3138888888888889,1.7981553521893645,0.3648411863781498,0.0039996685379008,0.0912178554099951,-0.8406002165684235,-0.0976758754931524,0.0116757638310958,0.0,0.9663773954118129,0.4492974304250249,0.0,0.3314538349379582,0.5828,0.5141,0.7097,0,0.45,0.1,"{'stable': 0.8, 'underperformer': 0.1, 'fatigued': 0.1}",0.6203703703703703,0.49212962962962964,0.5457175925925926,0.5457175925925926,healthy,distinct,Keep
500838,20139,CrispBox,CrispBox Outlet,ecommerce,native,competitive,power-up,Get offer,Up to 40% off,Free shipping over $25,stable,,0,0.5074074074074074,2.4785113247824464,0.3489412309109174,0.0055333186119826,0.0630618360119858,-0.7577224409405843,0.0548823785418146,0.0099543358299434,0.0,0.8710987987969896,0.0,0.0,0.2177746996992474,0.5841,0.5329,0.6383,0,0.225,0.0,"{'stable': 0.9, 'underperformer': 0.1}",0.7324074074074074,0.49212962962962964,0.5454861111111111,0.5454861111111111,healthy,distinct,Keep
500090,20015,HorizonHop,HorizonHop Trips,travel,rewarded_video,competitive,escape,Try for free,Fly smarter,Flexible booking options,top_performer,,0,0.8975308641975309,9.894449070578972,0.5928516233075382,0.0088836750921124,0.0667349511503309,-0.6963291857420542,-0.0261119336360965,0.0149773936313705,0.0,0.8005194045912555,0.12011179451316421,0.0,0.22415221005044672,0.564,0.5223,0.6643,0,0.35,0.4,"{'fatigued': 0.4, 'top_performer': 0.4, 'stable': 0.2}",0.6666666666666666,0.49212962962962964,0.5438657407407407,0.5438657407407407,healthy,distinct,Keep
500092,20015,HorizonHop,HorizonHop Trips,travel,native,discount,last-minute deal,Learn more,Escape this weekend,Special fares today,stable,,0,0.6858024691358025,9.316727564056889,0.3700998706761288,0.0059166726473679,0.0625520275894874,-0.7896601702629136,-0.2680422614513298,0.0099077418214225,0.0,0.9078153009695391,1.0,0.0,0.4269538252423848,0.5513,0.5082,0.6958,0,0.525,0.0,{'stable': 1.0},0.5782407407407407,0.49212962962962964,0.5434027777777778,0.5434027777777778,at_risk,distinct,Monitor
501077,20179,StarVault,StarVault Now,entertainment,native,drama,exclusive,Start now,Stream the hype,Cancel anytime,stable,,0,0.3058641975308642,2.5209346458445854,0.3011844736995813,0.0035550017306684,0.0847213296976223,-0.6865312544456477,-0.0787209960384832,0.007180578637732,0.0,0.7892554301834229,0.3621072354050068,0.0,0.2697353046268571,0.5853,0.5215,0.7372,0,0.35,0.0,{'stable': 1.0},0.6611111111111111,0.49212962962962964,0.5410879629629629,0.5410879629629629,healthy,distinct,Keep
500310,20051,HorizonHop,HorizonHop Flights,travel,native,family,trending,Start now,Book your next trip,Special fares today,stable,,0,0.5478395061728395,6.986778382323749,0.3267159727073188,0.0051082735492072,0.0639581983149708,-0.8154448267578397,0.0406957429642638,0.0100565673774384,0.0,0.9374580594342898,0.0,0.0,0.23436451485857246,0.5671,0.5237,0.7431,0,0.325,0.1,"{'stable': 0.8, 'fatigued': 0.1, 'top_performer': 0.1}",0.6731481481481482,0.49212962962962964,0.5408564814814815,0.5408564814814815,healthy,distinct,Keep
500211,20035,StarVault,StarVault Plus,entertainment,interstitial,drama,exclusive,Watch now,A new season drops,Cancel anytime,stable,,0,0.5518518518518518,1.7690147659480944,0.5414895720241859,0.005755983544115,0.094074204325655,-0.7973177726816582,-0.1468230694037146,0.0107927986300735,0.0,0.9166186937532516,0.6753686872745636,0.0,0.3642284108932256,0.5802,0.5161,0.6454,0,0.4,0.2,"{'stable': 0.5, 'underperformer': 0.3, 'fatigued': 0.2}",0.6328703703703704,0.49212962962962964,0.5394675925925926,0.5394675925925926,healthy,distinct,Keep
500848,20141,NomadLayer,NomadLayer Travel,travel,native,discount,trending,Start now,Escape this weekend,Special fares today,stable,,0,0.5481481481481482,6.092162807774837,0.323280409658387,0.0053726125224179,0.0601719197707736,-0.8095818383035137,-0.0525045895620247,0.009544390419593,0.0,0.9307178047922547,0.2415148782300096,0.0,0.2809824268440656,0.5614,0.5189,0.6217,0,0.375,0.0,{'stable': 1.0},0.6444444444444445,0.49212962962962964,0.5390046296296297,0.5390046296296297,healthy,distinct,Keep
500664,20110,EarnPath,EarnPath Invest,fintech,native,trust,new collection,Book now,Earn cashback daily,No hidden fees,stable,,0,0.4407407407407407,6.868481174291663,0.34369998481884,0.0035616626583725,0.096499870365569,-0.708462641817831,-0.0989015061669829,0.0065801649914987,0.0,0.8144683632623819,0.4549351860081908,0.0,0.2946041280172336,0.5496,0.5113,0.639,0,0.45,0.1,"{'stable': 0.9, 'fatigued': 0.1}",0.6046296296296296,0.49212962962962964,0.5378472222222223,0.5378472222222223,healthy,distinct,Keep
500073,20012,VoxelRealm,VoxelRealm Battle,gaming,banner,drama,competition,Claim reward,Join the arena,Play with friends tonight,stable,,0,0.3601851851851851,0.821152500920901,0.670240959142561,0.0041567652408613,0.1612409939714748,-0.8092260059913434,-0.0316538927128638,0.0101420601747045,0.0,0.9303087300665281,0.1456041482815904,0.0,0.26169801217295013,0.5629,0.5349,0.6177,0,0.175,0.3,"{'stable': 0.7, 'fatigued': 0.3}",0.7407407407407407,0.49212962962962964,0.5371527777777778,0.5371527777777778,healthy,distinct,Keep
500336,20056,NovaPay,NovaPay Bank,fintech,banner,trust,power-up,Watch now,Track every euro,"Fast signup, instant card",stable,,0,0.3802469135802469,4.745056741225114,0.332086430230436,0.0035522278212637,0.0934868051656372,-0.6757356414042603,0.0417904941485109,0.0055151946165623,0.0,0.7768444930849306,0.0,0.0,0.19421112327123266,0.5826,0.5205,0.6816,0,0.35,0.0,{'stable': 1.0},0.6532407407407408,0.49212962962962964,0.5371527777777778,0.5371527777777778,healthy,distinct,Keep
500421,20070,PlateSprint,PlateSprint Go,food_delivery,interstitial,urgency,fast,Install now,"Your cravings, delivered",Late-night deals available,stable,,0,0.3095679012345679,1.230983329865687,0.4426927947562123,0.0041332594863089,0.1071050090667169,-0.8261657192430502,0.0632355808627587,0.0113855459568616,0.0,0.9497830957025912,0.0,0.0,0.2374457739256478,0.5661,0.5184,0.5966,0,0.375,0.2,"{'stable': 0.6, 'fatigued': 0.2, 'underperformer': 0.2}",0.6407407407407407,0.49212962962962964,0.5371527777777778,0.5371527777777778,healthy,distinct,Keep
500601,20100,QuickFork,QuickFork Kitchen,food_delivery,interstitial,discount,2-for-1,Shop now,2-for-1 tonight,Fresh favorites nearby,stable,,0,0.5333333333333333,1.5155916158296268,0.5832132861315433,0.0058475273236904,0.0997367355204536,-0.859114757884236,0.0422413793103446,0.013537502868115,0.0,0.9876622272038623,0.0,0.0,0.24691555680096558,0.5418,0.524,0.5499,0,0.3,0.3,"{'stable': 0.6, 'fatigued': 0.3, 'underperformer': 0.1}",0.6777777777777778,0.49212962962962964,0.5369212962962964,0.5369212962962964,healthy,distinct,Keep
500483,20080,CoinBridge,CoinBridge Wallet,fintech,native,trust,save smarter,Learn more,"Your money, clearer",No hidden fees,stable,,0,0.5287037037037038,5.5415046400734935,0.4698914276783304,0.0039862117819947,0.1178791929221564,-0.7622955213577547,0.0563646324162738,0.0076899369157921,0.0,0.8763561392728164,0.0,0.0,0.2190890348182041,0.5598,0.5133,0.7431,0,0.425,0.0,{'stable': 1.0},0.6148148148148148,0.49212962962962964,0.5366898148148148,0.5366898148148148,healthy,distinct,Keep
500928,20154,BiteRush,BiteRush Delivery,food_delivery,native,combo,free delivery,Learn more,Hungry? We got you,Late-night deals available,underperformer,,0,0.1919753086419753,1.71846573661285,0.2938558703447175,0.0034559545120056,0.0850288594146391,-0.7773322526631559,-0.0383965451029658,0.0101570265440581,0.0,0.8936427839203056,0.1766195487356602,0.0,0.2587346057272084,0.6032,0.5179,0.7698,0,0.375,0.3,"{'stable': 0.7, 'fatigued': 0.3}",0.6398148148148148,0.49212962962962964,0.5366898148148148,0.5366898148148148,healthy,distinct,Keep
500099,20016,FreshDash,FreshDash Bites,food_delivery,interstitial,food-closeup,fast,Learn more,Hungry? We got you,Fresh favorites nearby,stable,,0,0.407716049382716,2.190700643398236,0.3670979271249204,0.0045229271955911,0.0811637931034482,-0.8343697902764547,-0.1131924821482165,0.0120248212108529,0.0,0.9592147240090891,0.5206719787854835,0.0,0.343938076759369,0.5783,0.5239,0.6604,0,0.3,0.0,"{'stable': 0.7, 'underperformer': 0.3}",0.675,0.49212962962962964,0.5355324074074075,0.5355324074074075,healthy,distinct,Keep
500806,20134,ClearLedger,ClearLedger Cash,fintech,interstitial,minimalist,security,Watch now,"Your money, clearer",Built for peace of mind,top_performer,,0,0.7830246913580248,9.357588726021586,0.607197327865579,0.0055797666155683,0.1088212768920142,-0.6840046142023355,-0.0151989086301723,0.0092780042304794,0.0,0.7863507342657341,0.06991317516554932,0.0,0.2105703185995434,0.5401,0.5214,0.5602,0,0.325,0.1,"{'stable': 0.9, 'fatigued': 0.1}",0.6597222222222222,0.49212962962962964,0.5341435185185185,0.5341435185185185,healthy,distinct,Keep
500173,20028,QuickFork,QuickFork Kitchen,food_delivery,banner,feature-focus,discover,Book now,"Fast food, fast",Fresh favorites nearby,underperformer,,0,0.1382716049382716,1.1846425457636764,0.298177898014375,0.0035401503305655,0.0842274678111588,-0.7741654819618486,-0.1289554385125538,0.0081008140842264,0.0,0.8900021762189554,0.5931797065600357,0.0,0.341136485366746,0.6008,0.5259,0.7364,0,0.25,0.0,"{'stable': 0.7, 'underperformer': 0.3}",0.6972222222222222,0.49212962962962964,0.5341435185185185,0.5341435185185185,healthy,distinct,Keep
501001,20166,CraveLoop,CraveLoop Go,food_delivery,banner,discount,free delivery,Try for free,Dinner in minutes,Free delivery over $15,stable,,0,0.4888888888888889,1.762521970885629,0.426325652515901,0.005698156800894,0.0748181679466965,-0.8316844276528604,0.0544430768777222,0.0117243404670709,0.0,0.9561275564271925,0.0,0.0,0.23903188910679812,0.5929,0.519,0.6789,0,0.35,0.1,"{'stable': 0.5, 'underperformer': 0.4, 'fatigued': 0.1}",0.6458333333333334,0.49212962962962964,0.533449074074074,0.533449074074074,healthy,distinct,Keep
500321,20053,PulsePlay,PulsePlay Play,entertainment,interstitial,urgency,trending,Learn more,Exclusive tonight,Start free today,stable,,0,0.4614197530864197,1.5544220197813956,0.4982277871385798,0.0052493621089456,0.0949120629894304,-0.8086186161053818,-0.0218031556301022,0.0099846261601962,0.0,0.9296104577553559,0.10029192725739727,0.0,0.25246099989031845,0.551,0.5229,0.5929,0,0.3,0.0,{'stable': 1.0},0.6699074074074074,0.49212962962962964,0.5329861111111112,0.5329861111111112,healthy,distinct,Keep
500535,20089,PulsePlay,PulsePlay Stream,entertainment,interstitial,ugc,watch now,Install now,Stream the hype,Cancel anytime,stable,,0,0.341358024691358,2.0912255536177176,0.3367252369271147,0.0041184918800439,0.0817593543303326,-0.8241572957828954,-0.0947713203299795,0.0108851094193652,0.0,0.9474741562161947,0.43593682152592356,0.0,0.3240559033592334,0.5459,0.514,0.5959,0,0.4,0.0,{'stable': 1.0},0.6194444444444445,0.49212962962962964,0.5327546296296296,0.5327546296296296,healthy,distinct,Keep
500511,20085,BoltCart,BoltCart Drops,ecommerce,native,ugc,before/after,Install now,Up to 40% off,Shop bestsellers now,stable,,0,0.4660493827160493,4.014781702201274,0.283918627444729,0.0052959549650018,0.0536104686163302,-0.7993097673206603,0.0800996433221989,0.0100063822027717,0.0,0.9189087462097827,0.0,0.0,0.22972718655244567,0.5571,0.5158,0.7161,0,0.375,0.0,{'stable': 1.0},0.6305555555555555,0.49212962962962964,0.5320601851851852,0.5320601851851852,healthy,distinct,Keep
500726,20121,BoltCart,BoltCart Market,ecommerce,native,product-focus,free shipping,Learn more,Up to 40% off,Only this weekend,stable,,0,0.4981481481481482,3.021946788728365,0.3245237160212337,0.0053809197248288,0.06031008314876,-0.8388352513806134,0.0996942082638352,0.0113021114125871,0.0,0.9643483423285871,0.0,0.0,0.24108708558214678,0.5785,0.51,0.6525,0,0.45,0.0,"{'stable': 0.9, 'underperformer': 0.1}",0.5930555555555556,0.49212962962962964,0.5320601851851852,0.5320601851851852,healthy,distinct,Keep
500195,20032,SwiftStack,SwiftStack Wallet,fintech,interstitial,food-closeup,security,Start now,"Your money, clearer",Built for peace of mind,stable,,0,0.4712962962962962,4.955404551508257,0.3999717783888044,0.0039882900187912,0.1002865329512893,-0.7610730159448996,0.0054411764705881,0.0080898583604144,0.0,0.8749507130387207,0.0,0.0,0.21873767825968018,0.5812,0.5326,0.6982,0,0.175,0.0,{'stable': 1.0},0.7300925925925926,0.49212962962962964,0.5318287037037037,0.5318287037037037,healthy,distinct,Keep
500377,20062,ClearLedger,ClearLedger Cash,fintech,banner,discount,earn more,Claim reward,Secure & simple,No hidden fees,stable,,0,0.4015432098765432,7.066241427666965,0.3026178079108883,0.0035239133617233,0.085875496031746,-0.7122720229956283,0.0647920127778458,0.0063771536747262,0.0,0.8188477338456523,0.0,0.0,0.2047119334614131,0.5652,0.524,0.6154,0,0.275,0.0,{'stable': 1.0},0.6777777777777778,0.49212962962962964,0.5306712962962963,0.5306712962962963,healthy,distinct,Keep
500555,20092,NovaPay,NovaPay Pay,fintech,interstitial,fantasy,2-for-1,Install now,"Your money, clearer",Built for peace of mind,stable,,0,0.4641975308641975,5.943934938639875,0.3740074202966721,0.0038666329352489,0.09672690078418,-0.6990047345318608,0.0291712051183923,0.0072688096807174,0.0,0.803595289916798,0.0,0.0,0.2008988224791995,0.5775,0.5267,0.6838,0,0.225,0.0,{'stable': 1.0},0.7018518518518518,0.49212962962962964,0.5302083333333334,0.5302083333333334,healthy,distinct,Keep
500991,20165,RouteBloom,RouteBloom Getaway,travel,native,destination,last-minute deal,Install now,Escape this weekend,Special fares today,stable,,0,0.391358024691358,5.520809966724327,0.2490279069860713,0.0044564327864381,0.0558805481693597,-0.8132734350589402,0.1255456919060051,0.0098616085657443,0.0,0.9349617671266724,0.0,0.0,0.2337404417816681,0.5652,0.5174,0.6217,0,0.35,0.0,{'stable': 1.0},0.637962962962963,0.49212962962962964,0.5295138888888888,0.5295138888888888,healthy,distinct,Keep
500717,20119,FluxStream,FluxStream Box,entertainment,rewarded_video,trailer,watch now,Install now,Exclusive tonight,Start free today,stable,,0,0.295679012345679,1.8108243379557072,0.3609342985388367,0.0038642311131322,0.0934039108872729,-0.8251565491416917,-0.2162444076767311,0.0108510973974356,0.0,0.9486229256778207,0.9946986010864893,0.0,0.43609545163675306,0.5776,0.5129,0.6897,0,0.4,0.3,"{'stable': 0.7, 'fatigued': 0.3}",0.6129629629629629,0.49212962962962964,0.5295138888888888,0.5295138888888888,at_risk,distinct,Monitor
500465,20077,MoonScreen,MoonScreen Stream,entertainment,interstitial,celebrity,trending,Shop now,Binge starts now,Cancel anytime,stable,,0,0.4978395061728395,1.5927500451103829,0.5158383130347122,0.0055448408871745,0.0930303183681733,-0.7826338255021354,0.0249321008243197,0.010042375899838,0.0,0.8997376195517239,0.0,0.0,0.22493440488793098,0.5769,0.5197,0.6345,0,0.325,0.2,"{'stable': 0.8, 'fatigued': 0.2}",0.65,0.49212962962962964,0.5292824074074074,0.5292824074074074,healthy,distinct,Keep
500759,20126,StormByte,StormByte Arena,gaming,playable,urgency,challenge,Learn more,Level up today,Free rewards for new players,stable,,0,0.5688271604938272,1.2840217636870246,1.2520713255347584,0.0060190543018575,0.2080179481265594,-0.8842783891307606,-0.0231629687695466,0.0169851296378756,0.0,1.0,0.10654690625119585,0.0,0.2713093812502392,0.5417,0.5239,0.5922,0,0.275,0.5,"{'stable': 0.5, 'fatigued': 0.5}",0.675,0.49212962962962964,0.5292824074074074,0.5292824074074074,healthy,distinct,Keep
500432,20072,PixelForge,PixelForge Rush,gaming,banner,reward,free rewards,Watch now,Unlock rare gear,Free rewards for new players,stable,,0,0.4462962962962963,1.2725934608854022,0.7568913172397446,0.0047724855138298,0.158594785682722,-0.846475487699069,-0.0001676245210727,0.0124977964299321,0.0,0.9731317705602629,0.0007710528952409483,0.0,0.2434371532191139,0.5713,0.5319,0.6481,0,0.175,0.2,"{'stable': 0.7, 'fatigued': 0.2, 'top_performer': 0.1}",0.725,0.49212962962962964,0.5292824074074074,0.5292824074074074,healthy,distinct,Keep
500012,20002,EarnPath,EarnPath Invest,fintech,native,trust,last-minute deal,Book now,"Your money, clearer",Built for peace of mind,stable,,0,0.3620370370370371,6.185969994816537,0.3087574245943081,0.0030010188172911,0.1028842014636246,-0.7127321967981208,-0.0394352838173063,0.0070110796408371,0.0,0.8193767624515512,0.18139762349444644,0.0,0.2411237153117771,0.558,0.5148,0.6489,0,0.375,0.0,{'stable': 1.0},0.624537037037037,0.49212962962962964,0.529050925925926,0.529050925925926,healthy,distinct,Keep
500322,20053,PulsePlay,PulsePlay Play,entertainment,interstitial,trailer,new season,Learn more,Stream the hype,New hits every week,stable,,0,0.5024691358024692,1.590758052858573,0.5118859572426372,0.0056235195844792,0.0910259046052631,-0.809018663018861,-0.0329699133601116,0.0108847995855096,0.0,0.9300703628168473,0.15165768701067164,0.0,0.26284912810634614,0.5803,0.5216,0.6413,0,0.3,0.1,"{'stable': 0.9, 'fatigued': 0.1}",0.6620370370370371,0.49212962962962964,0.529050925925926,0.529050925925926,healthy,distinct,Keep
500526,20087,HorizonHop,HorizonHop Flights,travel,interstitial,wanderlust,discover,Shop now,Book your next trip,Flexible booking options,stable,,0,0.4756172839506172,5.047410831555157,0.2778214668890889,0.0053555970292505,0.0518749759124368,-0.8207046208415608,0.0159048310868377,0.0105038251927877,0.0,0.9435048650463309,0.0,0.0,0.23587621626158273,0.5656,0.5261,0.6148,0,0.225,0.2,"{'stable': 0.5, 'top_performer': 0.3, 'fatigued': 0.2}",0.6990740740740741,0.49212962962962964,0.5288194444444445,0.5288194444444445,healthy,distinct,Keep
500160,20026,ClearLedger,ClearLedger Invest,fintech,banner,minimalist,watch now,Try for free,Save with confidence,Built for peace of mind,stable,,0,0.3675925925925926,6.751417742240131,0.29571778776855,0.0031758424390636,0.0931147540983606,-0.642782807867137,-0.0195481759684492,0.0062364741859075,0.0,0.7389609988657115,0.0899192885426062,0.0,0.20272410742494912,0.5812,0.5195,0.6309,0,0.325,0.0,{'stable': 1.0},0.6481481481481481,0.49212962962962964,0.5283564814814815,0.5283564814814815,healthy,distinct,Keep
500625,20104,SwiftStack,SwiftStack Invest,fintech,banner,feature-focus,save smarter,Order now,Track every euro,No hidden fees,stable,,0,0.4108024691358025,7.157028756635192,0.3188179221601122,0.0034290075397903,0.0929767340726244,-0.7373393430209931,-0.109580791285905,0.0071508267268448,0.0,0.847665822347887,0.5040586296270225,0.0,0.31272818151237625,0.5908,0.5224,0.7584,0,0.275,0.1,"{'stable': 0.9, 'fatigued': 0.1}",0.6675925925925926,0.49212962962962964,0.5255787037037037,0.5255787037037037,healthy,distinct,Keep
500062,20010,BiteRush,BiteRush Delivery,food_delivery,interstitial,combo,late-night,Install now,"Fast food, fast",Free delivery over $15,stable,,0,0.4802469135802469,2.3493449299389786,0.4214638237640654,0.0047436013801139,0.088848912459407,-0.8474579900575909,-0.2167054308073223,0.0124572959887238,0.0,0.9742612826059418,0.996819252750939,0.0,0.44292917120167324,0.548,0.5186,0.597,0,0.325,0.1,"{'stable': 0.8, 'fatigued': 0.1, 'underperformer': 0.1}",0.6425925925925926,0.49212962962962964,0.5255787037037037,0.5255787037037037,at_risk,distinct,Monitor
500929,20154,BiteRush,BiteRush Delivery,food_delivery,interstitial,product-focus,late-night,Get offer,"Your cravings, delivered",Fresh favorites nearby,stable,,0,0.2882716049382716,1.68404265432992,0.364751394879818,0.0039346348124588,0.0927027315787599,-0.7959874610883435,-0.2097527840102099,0.0105643682112361,0.0,0.9150893305348102,0.9648379029567989,0.0,0.4217399132250623,0.5647,0.5205,0.6771,0,0.3,0.1,"{'stable': 0.8, 'fatigued': 0.1, 'underperformer': 0.1}",0.6532407407407408,0.49212962962962964,0.5246527777777779,0.5246527777777779,at_risk,distinct,Monitor
500554,20092,NovaPay,NovaPay Pay,fintech,native,testimonial,cashback,Start now,"Your money, clearer",Built for peace of mind,stable,,0,0.6358024691358025,9.45580065832053,0.4728540945084117,0.0044409444076766,0.1064760220125786,-0.749414909398399,-0.1404442573630263,0.0079482167553451,0.0,0.8615482294112096,0.6460269092298264,0.0,0.3445924391987677,0.5872,0.5136,0.6696,0,0.375,0.0,{'stable': 1.0},0.6157407407407407,0.49212962962962964,0.5246527777777777,0.5246527777777777,healthy,distinct,Keep
500105,20017,PulsePlay,PulsePlay Box,entertainment,interstitial,drama,trending,Learn more,Binge starts now,Cancel anytime,stable,,0,0.5509259259259259,1.847842274068944,0.5501571505677726,0.0055300834805832,0.0994844205335126,-0.7939047597265427,0.0621478135332744,0.0107496803069053,0.0,0.9126949991061866,0.0,0.0,0.22817374977654664,0.5422,0.52,0.5619,0,0.3,0.0,"{'stable': 0.8, 'underperformer': 0.2}",0.6509259259259259,0.49212962962962964,0.5234953703703704,0.5234953703703704,healthy,distinct,Keep
500397,20066,IronQuest,IronQuest Battle,gaming,interstitial,testimonial,competition,Shop now,Level up today,Play with friends tonight,stable,,0,0.561111111111111,0.98467742199281,1.1013591902006246,0.0065177872076488,0.1689774696707105,-0.8774806509793902,-0.1591248275279475,0.0147158253241608,0.0,1.0,0.7319553140851469,0.0,0.3963910628170294,0.5512,0.5106,0.6276,0,0.4,0.6,"{'fatigued': 0.6, 'stable': 0.4}",0.5976851851851852,0.49212962962962964,0.521875,0.521875,healthy,distinct,Keep
500192,20032,SwiftStack,SwiftStack Wallet,fintech,interstitial,product-focus,cashback,Watch now,Earn cashback daily,"Fast signup, instant card",stable,,0,0.571604938271605,5.747555354173752,0.4559675930621334,0.0045660679996829,0.0998600093327111,-0.7816330101874439,-0.1799773490588142,0.0086250941418239,0.0,0.8985870544221453,0.8278744373527724,0.0,0.3902216510760908,0.5891,0.5247,0.6648,0,0.225,0.0,{'stable': 1.0},0.6847222222222222,0.49212962962962964,0.5216435185185185,0.5216435185185185,healthy,distinct,Keep
501054,20175,CrispBox,CrispBox Shop,ecommerce,native,testimonial,2-for-1,Claim reward,Up to 40% off,Only this weekend,stable,,0,0.5598765432098766,2.7641656358905484,0.4000729081497521,0.0054823240951639,0.0729750560538116,-0.7904663120451593,0.0424133106709678,0.0095359425539583,0.0,0.9087420639901811,0.0,0.0,0.22718551599754527,0.5909,0.5214,0.7259,0,0.275,0.1,"{'stable': 0.9, 'fatigued': 0.1}",0.6597222222222222,0.49212962962962964,0.5216435185185185,0.5216435185185185,healthy,distinct,Keep
500384,20064,QuickFork,QuickFork Express,food_delivery,banner,discount,2-for-1,Install now,"Fast food, fast",Late-night deals available,stable,,0,0.3444444444444444,1.654652561005802,0.3839858754431465,0.004511423989841,0.0851141183599272,-0.7883788744945391,-0.1201455352102255,0.0097251471527972,0.0,0.9063422877071245,0.552655197349913,0.0,0.33711661139676374,0.5783,0.5194,0.674,0,0.3,0.2,"{'stable': 0.7, 'fatigued': 0.2, 'underperformer': 0.1}",0.6472222222222223,0.49212962962962964,0.5216435185185185,0.5216435185185185,healthy,distinct,Keep
500190,20031,CrispBox,CrispBox Shop,ecommerce,native,urgency,watch now,Learn more,Up to 40% off,Free shipping over $25,stable,,0,0.3641975308641975,2.203762001226317,0.2874762907184623,0.0048834909678355,0.0588669647618656,-0.7992695993912613,0.0143177461317267,0.0095458599163065,0.0,0.9188625680406286,0.0,0.0,0.22971564201015715,0.5739,0.516,0.6361,0,0.325,0.1,"{'stable': 0.8, 'fatigued': 0.1, 'underperformer': 0.1}",0.6314814814814815,0.49212962962962964,0.5200231481481482,0.5200231481481482,healthy,distinct,Keep
500194,20032,SwiftStack,SwiftStack Wallet,fintech,banner,minimalist,earn more,Order now,Earn cashback daily,Built for peace of mind,stable,,0,0.4314814814814814,6.131447730346502,0.3505042166770514,0.0035701502647673,0.0981763205140319,-0.7266648240102863,-0.0936958115089652,0.0066503122068527,0.0,0.8353940983160374,0.4309896086420723,0.0,0.2950464463074238,0.5557,0.5137,0.6547,0,0.35,0.0,{'stable': 1.0},0.6175925925925926,0.49212962962962964,0.5193287037037037,0.5193287037037037,healthy,distinct,Keep
500344,20057,RouteBloom,RouteBloom Deals,travel,rewarded_video,destination,escape,Book now,Fly smarter,Hotels + flights in one tap,stable,,0,0.4740740740740741,6.05486979392147,0.2850242295908139,0.004956620291025,0.0575037450633256,-0.8609939088877665,-0.0413151326260535,0.0130117316534104,0.0,0.9898225514776183,0.1900447048243381,0.0,0.28546457883427223,0.5768,0.5157,0.7853,0,0.325,0.5,"{'fatigued': 0.5, 'top_performer': 0.4, 'stable': 0.1}",0.6296296296296297,0.49212962962962964,0.5190972222222222,0.5190972222222222,healthy,distinct,Keep
500359,20059,NeonCast,NeonCast Now,entertainment,native,trailer,watch now,Try for free,Stream the hype,New hits every week,stable,,0,0.3126543209876543,1.911948868360502,0.3622415318763985,0.0038502861342777,0.0940817173693886,-0.7776866485204004,-0.1198568996021868,0.0085210891351754,0.0,0.8940502072574859,0.5513275078220107,0.0,0.3337780533787736,0.5761,0.5155,0.6555,0,0.325,0.1,"{'stable': 0.7, 'underperformer': 0.2, 'fatigued': 0.1}",0.6282407407407408,0.49212962962962964,0.5184027777777778,0.5184027777777778,healthy,distinct,Keep
500513,20085,BoltCart,BoltCart Drops,ecommerce,interstitial,ugc,new collection,Get offer,New collection drop,Only this weekend,stable,,0,0.4234567901234567,3.088576072716223,0.2685239287669391,0.0050965314858639,0.0526875836069561,-0.8316418066410195,-0.1299634096761079,0.0108718137658301,0.0,0.9560785581262157,0.5978162542381685,0.0,0.3585828903791876,0.5664,0.5153,0.6354,0,0.325,0.1,"{'stable': 0.8, 'fatigued': 0.1, 'underperformer': 0.1}",0.6268518518518519,0.49212962962962964,0.5177083333333333,0.5177083333333333,healthy,distinct,Keep
501059,20176,SwiftStack,SwiftStack Wallet,fintech,banner,minimalist,power-up,Install now,Save with confidence,"Fast signup, instant card",stable,,0,0.2864197530864197,4.216314907125829,0.2612746811261278,0.0031785223065287,0.0822000464144813,-0.613235329963595,0.0053937808776518,0.0051089444400359,0.0,0.7049923962236864,0.0,0.0,0.1762480990559216,0.5475,0.5201,0.57,0,0.275,0.2,"{'stable': 0.8, 'fatigued': 0.2}",0.6518518518518519,0.49212962962962964,0.5177083333333333,0.5177083333333333,healthy,distinct,Keep
501006,20167,NeonCast,NeonCast Now,entertainment,interstitial,ugc,save smarter,Order now,Exclusive tonight,Cancel anytime,underperformer,,0,0.1833333333333333,1.4757836333940286,0.3063691930966448,0.0036676002674499,0.0835339651967208,-0.7749471568453737,-0.0979861320420377,0.0085259658483888,0.0,0.8909008114121315,0.45072457371381447,0.0,0.31287011759579575,0.5802,0.5131,0.6289,0,0.35,0.0,{'stable': 1.0},0.6138888888888889,0.49212962962962964,0.5174768518518519,0.5174768518518519,healthy,distinct,Keep
500213,20035,StarVault,StarVault Plus,entertainment,interstitial,drama,new season,Try for free,Exclusive tonight,New hits every week,stable,,0,0.5373456790123456,1.7616765693488856,0.5428525968009135,0.005550433814101,0.0978036339108806,-0.8155935932529729,-0.2849863286104896,0.010767650525,0.0,0.9376290855359465,1.0,0.0,0.4344072713839866,0.5535,0.5168,0.6017,0,0.3,0.0,"{'stable': 0.8, 'underperformer': 0.2}",0.6361111111111111,0.49212962962962964,0.516087962962963,0.516087962962963,at_risk,distinct,Monitor
500116,20019,ZenDrop,ZenDrop Market,ecommerce,interstitial,competitive,free shipping,Get offer,Limited stock,Shop bestsellers now,stable,,0,0.575925925925926,2.08853790236587,0.4187258481726245,0.0065164210121864,0.0642570281124498,-0.8315308407426095,0.0843837535014004,0.0129691341718651,0.0,0.9559509886422073,0.0,0.0,0.23898774716055182,0.5705,0.5106,0.6276,0,0.375,0.1,"{'stable': 0.9, 'fatigued': 0.1}",0.5976851851851852,0.49212962962962964,0.515625,0.515625,healthy,distinct,Keep
500527,20087,HorizonHop,HorizonHop Flights,travel,rewarded_video,wanderlust,discover,Claim reward,Fly smarter,Flexible booking options,top_performer,,0,0.7885802469135802,7.122713910586939,0.4817861642349776,0.0073327467737073,0.0657033686152224,-0.7254321533451835,-0.0225079510859397,0.0123978345386219,0.0,0.833976985825149,0.10353390267542383,0.0,0.22920102699137201,0.6006,0.5231,0.6107,0,0.225,0.4,"{'stable': 0.5, 'fatigued': 0.4, 'top_performer': 0.1}",0.6717592592592593,0.49212962962962964,0.5151620370370371,0.5151620370370371,healthy,distinct,Keep
500877,20146,EarnPath,EarnPath Saver,fintech,interstitial,feature-focus,challenge,Learn more,Secure & simple,No hidden fees,stable,,0,0.5845679012345678,6.691537513897598,0.4464722185985592,0.0045051594961068,0.0991024222304192,-0.7795089728797875,-0.1372445606414779,0.0085036437824065,0.0,0.8961452020401534,0.6313086842037108,0.0,0.35029803735078047,0.5873,0.5231,0.7553,0,0.225,0.0,{'stable': 1.0},0.6717592592592593,0.49212962962962964,0.5151620370370371,0.5151620370370371,healthy,distinct,Keep
500525,20087,HorizonHop,HorizonHop Flights,travel,rewarded_video,discount,escape,Try for free,Escape this weekend,Special fares today,top_performer,,0,0.8333333333333334,7.743698949125434,0.513135649813811,0.0080440846843368,0.0637904335856847,-0.7051957965145482,0.1013526055411633,0.0136600717594633,0.0,0.8107127070144123,0.0,0.0,0.20267817675360308,0.552,0.5123,0.597,0,0.35,0.8,"{'fatigued': 0.8, 'top_performer': 0.1, 'stable': 0.1}",0.6092592592592593,0.49212962962962964,0.515162037037037,0.515162037037037,healthy,distinct,Keep
500078,20013,BoltCart,BoltCart Drops,ecommerce,banner,product-focus,before/after,Get offer,Flash sale live,Shop bestsellers now,underperformer,,0,0.1854938271604938,2.3402753971769106,0.1569292444867772,0.003070978016855,0.0511007384701128,-0.7481275437728885,0.0352857050138291,0.0079898240224638,0.0,0.860068238072161,0.0,0.0,0.21501705951804026,0.5577,0.509,0.6458,0,0.4,0.0,"{'underperformer': 0.7, 'stable': 0.3}",0.5837962962962963,0.49212962962962964,0.5149305555555556,0.5149305555555556,healthy,distinct,Keep
500719,20119,FluxStream,FluxStream Box,entertainment,interstitial,trailer,late-night,Try for free,A new season drops,Cancel anytime,underperformer,,0,0.1669753086419753,1.6711743240376116,0.2759035032208032,0.0034836518426181,0.0791995054860145,-0.7922422146024665,-0.0347577560193937,0.0098966330701879,0.0,0.9107836909776706,0.15988155097671314,0.0,0.2596722329397603,0.5683,0.5122,0.7581,0,0.35,0.1,"{'stable': 0.9, 'fatigued': 0.1}",0.6083333333333333,0.49212962962962964,0.514699074074074,0.514699074074074,healthy,distinct,Keep
500992,20165,RouteBloom,RouteBloom Getaway,travel,interstitial,urgency,challenge,Watch now,Escape this weekend,Hotels + flights in one tap,stable,,0,0.4922839506172839,5.317206917450033,0.2917271455679999,0.0052922930193155,0.0551230146371846,-0.846826316543279,0.0211055900942773,0.0116575541367643,0.0,0.9735350931600203,0.0,0.0,0.24338377329000507,0.5641,0.5161,0.6518,0,0.3,0.4,"{'stable': 0.5, 'fatigued': 0.4, 'top_performer': 0.1}",0.6328703703703704,0.49212962962962964,0.5144675925925927,0.5144675925925927,healthy,distinct,Keep
500809,20134,ClearLedger,ClearLedger Cash,fintech,interstitial,combo,watch now,Watch now,"Your money, clearer",Built for peace of mind,stable,,0,0.6885802469135802,8.096411243845996,0.5123550512823987,0.0049637652086952,0.103219034289713,-0.7463980127097312,0.0544201680672269,0.0087171346177329,0.0,0.8580799210444533,0.0,0.0,0.21451998026111332,0.5865,0.5284,0.7009,0,0.15,0.2,"{'stable': 0.7, 'fatigued': 0.2, 'top_performer': 0.1}",0.7074074074074074,0.49212962962962964,0.5142361111111111,0.5142361111111111,healthy,distinct,Keep
500984,20164,NovaPay,NovaPay Wallet,fintech,native,trust,save smarter,Shop now,Earn cashback daily,Built for peace of mind,stable,,0,0.3864197530864197,5.823644480086635,0.3322538755132732,0.0033128711199017,0.100291820444597,-0.7498601558179667,-0.050032358958769,0.0072184059900203,0.0,0.8620600970824015,0.23014291097757616,0.0,0.26154360646611563,0.5941,0.5088,0.6696,0,0.4,0.0,{'stable': 1.0},0.5805555555555556,0.49212962962962964,0.5133101851851852,0.5133101851851852,healthy,distinct,Keep
500915,20152,CoinBridge,CoinBridge Pay,fintech,banner,testimonial,cashback,Order now,Secure & simple,Built for peace of mind,stable,,0,0.3700617283950617,5.350093933178584,0.319333833012813,0.0034348726783464,0.0929681717246484,-0.7263283876832631,-0.0810453378354614,0.0065923480147556,0.0,0.835007321754454,0.37279893170707884,0.0,0.28331161678002925,0.5618,0.5206,0.6854,0,0.25,0.0,{'stable': 1.0},0.6555555555555556,0.49212962962962964,0.5133101851851852,0.5133101851851852,healthy,distinct,Keep
500131,20021,RouteBloom,RouteBloom Getaway,travel,interstitial,wanderlust,escape,Book now,Book your next trip,Hotels + flights in one tap,stable,,0,0.5555555555555556,5.560026288791998,0.3000635790452321,0.0059835629106659,0.0501479776389345,-0.8378241209536075,0.036532285576482,0.0117637106445657,0.0,0.9631859186589138,0.0,0.0,0.24079647966472845,0.5582,0.5137,0.6246,0,0.325,0.5,"{'fatigued': 0.5, 'stable': 0.5}",0.6175925925925926,0.49212962962962964,0.5130787037037037,0.5130787037037037,healthy,distinct,Keep
500003,20000,PixelForge,PixelForge Legends,gaming,interstitial,testimonial,free shipping,Order now,Level up today,No ads in first week,stable,,0,0.4916666666666667,0.9491882669871504,1.0368117358799032,0.0054818306750161,0.1891360381861575,-0.8583884136533985,-0.0872846037719718,0.0139213687319307,0.0,0.986827201668377,0.40149881424060196,0.0,0.32700656326521466,0.5694,0.5241,0.6015,0,0.2,0.5,"{'stable': 0.5, 'fatigued': 0.5}",0.6796296296296296,0.49212962962962964,0.5128472222222222,0.5128472222222222,healthy,distinct,Keep
500842,20140,SwiftStack,SwiftStack Invest,fintech,interstitial,trust,late-night,Shop now,Earn cashback daily,Built for peace of mind,stable,,0,0.5404320987654321,4.970910327243375,0.4621808626802474,0.0043612172893338,0.1059751972942502,-0.7817012742323821,-0.0044784978147088,0.008219060801073,0.0,0.8986655326673888,0.02060055822539126,0.0,0.22878649481192545,0.5792,0.5254,0.6982,0,0.175,0.0,{'stable': 1.0},0.6902777777777778,0.49212962962962964,0.5119212962962963,0.5119212962962963,healthy,distinct,Keep
500032,20005,MoonScreen,MoonScreen TV,entertainment,interstitial,drama,exclusive,Book now,Watch what’s trending,Start free today,stable,,0,0.4759259259259258,1.977986707824744,0.4310566781137342,0.0050553605242328,0.0852672477160558,-0.8225532723943887,-0.1896431913065841,0.0107509796965508,0.0,0.9456301263030301,0.8723361640881638,0.0,0.4108747643933903,0.5435,0.5055,0.6511,0,0.425,0.2,"{'stable': 0.6, 'underperformer': 0.2, 'fatigued': 0.2}",0.562962962962963,0.49212962962962964,0.5107638888888889,0.5107638888888889,at_risk,distinct,Monitor
500897,20149,MoonScreen,MoonScreen Box,entertainment,native,trailer,free shipping,Order now,Watch what’s trending,Start free today,stable,,0,0.6731481481481482,3.2472785189972764,0.5466027098851557,0.005718884157853,0.0955785595227651,-0.7293618428896553,-0.0028795248979271,0.0093290815039267,0.0,0.8384946662538627,0.013245472650759375,0.0,0.21227276109361756,0.5541,0.5146,0.5918,0,0.3,0.1,"{'stable': 0.8, 'top_performer': 0.1, 'fatigued': 0.1}",0.6231481481481481,0.49212962962962964,0.5096064814814815,0.5096064814814815,healthy,distinct,Keep
500600,20100,QuickFork,QuickFork Kitchen,food_delivery,interstitial,discount,late-night,Learn more,Hungry? We got you,Free delivery over $15,stable,,0,0.5209876543209876,1.44857709337839,0.5372670866446864,0.00603467763025,0.0890299564555899,-0.8432672109374766,-0.0488462143692114,0.0121178701599128,0.0,0.9694434463372634,0.22468678669396905,0.0,0.2872982189231097,0.5615,0.5144,0.6578,0,0.3,0.0,"{'stable': 0.7, 'underperformer': 0.3}",0.6222222222222222,0.49212962962962964,0.5091435185185186,0.5091435185185186,healthy,distinct,Keep
500437,20072,PixelForge,PixelForge Rush,gaming,interstitial,competitive,challenge,Watch now,Beat your rivals,Play with friends tonight,stable,,0,0.5018518518518519,1.146804746179421,0.9381532617709016,0.0054873187846321,0.1709675159384414,-0.8633157936011882,-0.0599956958817289,0.0131568250182921,0.0,0.9924918547416157,0.2759730778979482,0.0,0.3033175792649936,0.559,0.5211,0.6628,0,0.225,0.2,"{'stable': 0.7, 'fatigued': 0.2, 'top_performer': 0.1}",0.6583333333333333,0.49212962962962964,0.5084490740740741,0.5084490740740741,healthy,distinct,Keep
500637,20106,PlateSprint,PlateSprint Go,food_delivery,native,combo,2-for-1,Install now,"Fast food, fast",Late-night deals available,stable,,0,0.3580246913580247,1.5760197321080796,0.4272944763838532,0.0044577147151951,0.0958550521251002,-0.8320512809419123,-0.1405591600866542,0.0109079199113856,0.0,0.9565493011745582,0.6465554481163652,0.0,0.3684484149169126,0.5303,0.5037,0.5796,0,0.45,0.3,"{'stable': 0.7, 'fatigued': 0.3}",0.5453703703703704,0.49212962962962964,0.5082175925925926,0.5082175925925926,healthy,distinct,Keep
500802,20133,LuxShelf,LuxShelf Outlet,ecommerce,native,discount,limited offer,Shop now,Flash sale live,Only this weekend,stable,,0,0.316358024691358,2.364858532837128,0.2686364085676795,0.0043084938335733,0.0623504219675022,-0.7417028059751689,0.0203098512042361,0.0092517157363117,0.0,0.8526821807564612,0.0,0.0,0.2131705451891153,0.5511,0.5117,0.614,0,0.325,0.0,{'stable': 1.0},0.6060185185185185,0.49212962962962964,0.5072916666666667,0.5072916666666667,healthy,distinct,Keep
500671,20111,CloudRoute,CloudRoute Travel,travel,interstitial,discount,book now,Order now,Dream destinations await,Flexible booking options,stable,,0,0.4765432098765432,7.335839102385426,0.2510813314225079,0.0049194732892483,0.0510382548414793,-0.8447340524247257,-0.0246153067056363,0.012622372066352,0.0,0.9711297681201871,0.1132274883242957,0.0,0.2654279396949059,0.5535,0.5046,0.6159,0,0.425,0.2,"{'stable': 0.5, 'top_performer': 0.3, 'fatigued': 0.2}",0.5555555555555556,0.49212962962962964,0.5070601851851853,0.5070601851851853,healthy,distinct,Keep
501079,20179,StarVault,StarVault Now,entertainment,rewarded_video,testimonial,late-night,Install now,Exclusive tonight,Start free today,stable,,0,0.7694444444444445,3.4736643928260693,0.6564400153456562,0.0070673052726115,0.092884061183773,-0.7754943477793682,-0.0843826301447487,0.0131077044735999,0.0,0.8915298773333196,0.3881500801003696,0.0,0.3005124853534038,0.5904,0.5242,0.6956,0,0.175,0.2,"{'stable': 0.7, 'fatigued': 0.2, 'underperformer': 0.1}",0.6805555555555556,0.49212962962962964,0.5070601851851853,0.5070601851851853,healthy,distinct,Keep
500085,20014,VaultRun,VaultRun Pay,fintech,native,feature-focus,exclusive,Order now,Secure & simple,No hidden fees,stable,,0,0.587037037037037,7.583132408734466,0.4494123613953115,0.0042285870147603,0.1062795585916973,-0.7476582472556823,0.1690891272758676,0.0074602936018838,0.0,0.8595287217396231,0.0,0.0,0.21488218043490578,0.6067,0.51,0.7624,0,0.35,0.0,{'stable': 1.0},0.5930555555555556,0.49212962962962964,0.5070601851851851,0.5070601851851851,healthy,distinct,Keep
500386,20064,QuickFork,QuickFork Express,food_delivery,banner,urgency,free rewards,Claim reward,2-for-1 tonight,Fresh favorites nearby,stable,,0,0.4367283950617284,1.8174962807418484,0.4241181876016117,0.004975356162887,0.0852437843073942,-0.795017153105948,-0.1520033593449278,0.0097110854735358,0.0,0.9139738374831875,0.699197405959628,0.0,0.3683329405627225,0.5747,0.5221,0.599,0,0.2,0.1,"{'stable': 0.6, 'underperformer': 0.3, 'fatigued': 0.1}",0.6657407407407407,0.49212962962962964,0.5059027777777778,0.5059027777777778,healthy,distinct,Keep
500660,20110,EarnPath,EarnPath Invest,fintech,interstitial,product-focus,discover,Start now,Secure & simple,No hidden fees,stable,,0,0.7790123456790123,9.2027785278215,0.5660516730520297,0.0057043630220128,0.0992313551693096,-0.6782588311059095,-0.0679480682621138,0.0093909196294681,0.0,0.7797452221639257,0.3125530466799057,0.0,0.2574469148769626,0.5898,0.5155,0.7553,0,0.275,0.0,{'stable': 1.0},0.6282407407407408,0.49212962962962964,0.5059027777777778,0.5059027777777778,healthy,distinct,Keep
500808,20134,ClearLedger,ClearLedger Cash,fintech,banner,feature-focus,earn more,Book now,Track every euro,Built for peace of mind,stable,,0,0.3808641975308642,6.553746205093265,0.2996850315757069,0.0034754761375113,0.0862284820031299,-0.6665260273412618,0.1576921365315295,0.0057349699762685,0.0,0.766256864536272,0.0,0.0,0.191564216134068,0.5562,0.511,0.64,0,0.325,0.0,{'stable': 1.0},0.6023148148148149,0.49212962962962964,0.5054398148148148,0.5054398148148148,healthy,distinct,Keep
500125,20020,NovaPay,NovaPay Wallet,fintech,interstitial,feature-focus,earn more,Shop now,"Your money, clearer",Built for peace of mind,stable,,0,0.3225308641975309,6.303279137829585,0.2659287407302949,0.0029895664816719,0.0889522753083485,-0.7498312820918899,-0.1340309626663233,0.0080529184270649,0.0,0.862026903043604,0.6165265150614722,0.0,0.33881202877319544,0.5666,0.5176,0.7009,0,0.25,0.1,"{'stable': 0.9, 'fatigued': 0.1}",0.6388888888888888,0.49212962962962964,0.5049768518518518,0.5049768518518518,healthy,distinct,Keep
500946,20157,BoltCart,BoltCart Club,ecommerce,interstitial,testimonial,free shipping,Watch now,Limited stock,Only this weekend,stable,,0,0.2259259259259259,1.553420265381233,0.2680793195023986,0.0045305776811882,0.059171112022979,-0.8125547003637278,0.0863841124724267,0.0099609834239277,0.0,0.9341354897250476,0.0,0.0,0.2335338724312619,0.5661,0.517,0.6262,0,0.25,0.1,"{'stable': 0.6, 'underperformer': 0.3, 'fatigued': 0.1}",0.6370370370370371,0.49212962962962964,0.5040509259259259,0.5040509259259259,healthy,distinct,Keep
500466,20077,MoonScreen,MoonScreen Stream,entertainment,native,ugc,watch now,Order now,Binge starts now,New hits every week,stable,,0,0.3518518518518518,1.642823206300455,0.4254080327826564,0.0042953534564402,0.0990391214824982,-0.7740917387473736,-0.0815542391439492,0.008206106870229,0.0,0.8899173989679756,0.37513981730538126,0.0,0.29750731320307017,0.5172,0.5004,0.5669,0,0.475,0.0,"{'stable': 0.7, 'underperformer': 0.2, 'top_performer': 0.1}",0.5231481481481481,0.49212962962962964,0.5033564814814815,0.5033564814814815,healthy,distinct,Keep
500043,20007,ThreadMark,ThreadMark Shop,ecommerce,interstitial,product-focus,free rewards,Order now,Your next favorite pick,Free shipping over $25,stable,,0,0.7777777777777778,2.8590471441043595,0.6090350522038237,0.0086228352588857,0.0706304868316041,-0.6997979244152819,0.0588818315793844,0.0133841603510429,0.0,0.8045071630742147,0.0,0.0,0.20112679076855366,0.6035,0.5124,0.7005,0,0.3,0.2,"{'stable': 0.8, 'fatigued': 0.2}",0.6106481481481482,0.49212962962962964,0.5033564814814815,0.5033564814814815,healthy,distinct,Keep
500093,20015,HorizonHop,HorizonHop Trips,travel,native,discount,book now,Install now,Escape this weekend,Hotels + flights in one tap,stable,,0,0.7404320987654321,9.842602391369589,0.3904062751899664,0.0065607000253478,0.0595068016646996,-0.7650609261169845,-0.0663055434873035,0.0110804444309645,0.0,0.8795353255207019,0.3049976277291592,0.0,0.2808833569260073,0.5576,0.5106,0.6958,0,0.325,0.0,{'stable': 1.0},0.5976851851851852,0.49212962962962964,0.503125,0.503125,healthy,distinct,Keep
500814,20135,WayPoint,WayPoint Trips,travel,interstitial,wanderlust,fast,Order now,Fly smarter,Special fares today,stable,,0,0.7413580246913579,8.26455229974901,0.3651098495240909,0.0075491209927611,0.048364551299972,-0.7144102467972073,-0.1342006201443952,0.012536008811568,0.0,0.821305895415742,0.6173069193175409,0.0,0.3287878577174437,0.5852,0.5143,0.7779,0,0.275,0.3,"{'stable': 0.6, 'fatigued': 0.3, 'top_performer': 0.1}",0.6212962962962963,0.49212962962962964,0.5024305555555556,0.5024305555555556,healthy,distinct,Keep
500496,20082,BiteRush,BiteRush Eats,food_delivery,interstitial,discount,limited offer,Claim reward,2-for-1 tonight,Late-night deals available,stable,,0,0.2876543209876543,2.2380797197384767,0.3080412946333148,0.0036052149933624,0.0854432523997741,-0.8226870749232934,-0.1582500898122038,0.011697217568411,0.0,0.9457839494127961,0.7279316244484254,0.0,0.38203231224288414,0.5547,0.519,0.5758,0,0.225,0.1,"{'stable': 0.5, 'underperformer': 0.4, 'fatigued': 0.1}",0.6458333333333334,0.49212962962962964,0.5021990740740742,0.5021990740740742,healthy,distinct,Keep
500835,20139,CrispBox,CrispBox Outlet,ecommerce,native,discount,free shipping,Book now,Limited stock,Only this weekend,stable,,0,0.4802469135802469,2.4972994857646387,0.3507207738642959,0.0051677227325018,0.067867567982793,-0.826220561043608,-0.1427641387969344,0.010467930848562,0.0,0.9498461433622731,0.6566980883913452,0.0,0.36880115351883735,0.5292,0.5064,0.5556,0,0.375,0.0,"{'stable': 0.9, 'underperformer': 0.1}",0.5703703703703704,0.49212962962962964,0.5019675925925926,0.5019675925925926,healthy,distinct,Keep
501058,20176,SwiftStack,SwiftStack Wallet,fintech,native,feature-focus,free shipping,Watch now,Save with confidence,"Fast signup, instant card",stable,,0,0.525,6.28051812142636,0.4293322445113524,0.0039682803141207,0.1081910073196235,-0.6928293381129659,0.0077861952861952,0.0065544643255638,0.0,0.7964958823871529,0.0,0.0,0.1991239705967882,0.575,0.5089,0.6262,0,0.35,0.0,{'stable': 1.0},0.5819444444444445,0.49212962962962964,0.5015046296296296,0.5015046296296296,healthy,distinct,Keep
500841,20140,SwiftStack,SwiftStack Invest,fintech,interstitial,trust,cashback,Start now,"Your money, clearer",No hidden fees,stable,,0,0.6496913580246915,6.08421842194841,0.567409367701697,0.0047961979033089,0.1183039939428355,-0.7512690784263828,-0.1398728070175439,0.0089528377298161,0.0,0.8636798337108503,0.6433983054876595,0.0,0.3445996195252445,0.551,0.5096,0.6838,0,0.325,0.0,{'stable': 1.0},0.5884259259259259,0.49212962962962964,0.49849537037037034,0.49849537037037034,healthy,distinct,Keep
500718,20119,FluxStream,FluxStream Box,entertainment,interstitial,ugc,watch now,Try for free,Exclusive tonight,Start free today,stable,,0,0.2234567901234568,1.882158010538366,0.3057527288716773,0.0033787390872953,0.0904931458073704,-0.7709600587246326,-0.0309940673252168,0.0086971668546902,0.0,0.8863171324869672,0.14256902983804212,0.0,0.25009308908935024,0.5821,0.5047,0.6805,0,0.375,0.1,"{'stable': 0.6, 'underperformer': 0.3, 'fatigued': 0.1}",0.5578703703703703,0.49212962962962964,0.49571759259259257,0.49571759259259257,healthy,distinct,Keep
501000,20166,CraveLoop,CraveLoop Go,food_delivery,native,food-closeup,free delivery,Shop now,"Your cravings, delivered",Late-night deals available,stable,,0,0.7518518518518519,2.457255664089795,0.6822876998380017,0.0076428681263448,0.0892711595384153,-0.7048755166350038,-0.0291480309806916,0.0126445322502096,0.0,0.8103445043543411,0.1340774818290916,0.0,0.2294016224544036,0.5166,0.4968,0.5299,0,0.475,0.4,"{'stable': 0.5, 'fatigued': 0.4, 'underperformer': 0.1}",0.5069444444444444,0.49212962962962964,0.49525462962962963,0.49525462962962963,healthy,distinct,Keep
500857,20142,PlateSprint,PlateSprint Go,food_delivery,banner,urgency,fast,Install now,Dinner in minutes,Late-night deals available,stable,,0,0.3256172839506173,2.496928975057448,0.2974970921781149,0.0039245120198924,0.0758048620236531,-0.8214605612430004,0.0071114383476778,0.0104610149330141,0.0,0.9443739151629392,0.0,0.0,0.2360934787907348,0.5465,0.5104,0.6358,0,0.3,0.1,"{'stable': 0.7, 'underperformer': 0.2, 'fatigued': 0.1}",0.5944444444444444,0.49212962962962964,0.49525462962962963,0.49525462962962963,healthy,distinct,Keep
500452,20075,CloudRoute,CloudRoute Getaway,travel,interstitial,testimonial,discover,Claim reward,Last-minute savings,Special fares today,stable,,0,0.7182098765432099,6.507610378550189,0.3756551846682548,0.0078714322895354,0.0477238666167103,-0.7255439443804172,0.1014956241980886,0.0133258096609892,0.0,0.8341055039094062,0.0,0.0,0.20852637597735155,0.547,0.5117,0.5992,0,0.275,0.5,"{'fatigued': 0.5, 'stable': 0.4, 'top_performer': 0.1}",0.6060185185185185,0.49212962962962964,0.49479166666666663,0.49479166666666663,healthy,distinct,Keep
500538,20089,PulsePlay,PulsePlay Stream,entertainment,native,competitive,trending,Learn more,Binge starts now,Cancel anytime,stable,,0,0.2231481481481481,2.1011146248242705,0.2775326808790303,0.0033643312087583,0.0824926749650954,-0.7689167289706054,-0.0774940968122785,0.0083606998388018,0.0,0.8839680637540025,0.356463644631532,0.0,0.29228474486480704,0.5421,0.5087,0.5717,0,0.325,0.0,"{'stable': 0.7, 'underperformer': 0.3}",0.5796296296296296,0.49212962962962964,0.4940972222222222,0.4940972222222222,healthy,distinct,Keep
500699,20116,CoinBridge,CoinBridge Cash,fintech,banner,trust,earn more,Install now,Track every euro,Built for peace of mind,stable,,0,0.3530864197530864,4.404523256964335,0.3232849632830458,0.0033777999958911,0.0957087345835445,-0.64464001041717,-0.107290305722498,0.0051691201258568,0.0,0.741096090586696,0.49352266797970124,0.0,0.28397855624261426,0.5536,0.5033,0.6035,0,0.4,0.0,"{'stable': 0.9, 'top_performer': 0.1}",0.5412037037037037,0.49212962962962964,0.4936342592592593,0.4936342592592593,healthy,distinct,Keep
500528,20088,FreshDash,FreshDash Go,food_delivery,banner,combo,late-night,Order now,2-for-1 tonight,Late-night deals available,underperformer,,0,0.024074074074074,1.0140610207445964,0.1996884964005103,0.0025409315677454,0.0785886951602119,-0.5739438709382823,-0.0733903674757461,0.0055068927989189,0.0,0.6598218417955446,0.3375869769103088,0.0,0.2324728558309479,0.5354,0.5045,0.5551,0,0.375,0.1,"{'stable': 0.5, 'underperformer': 0.4, 'fatigued': 0.1}",0.5537037037037037,0.49212962962962964,0.49363425925925924,0.49363425925925924,healthy,distinct,Keep
500419,20069,NomadLayer,NomadLayer Trips,travel,interstitial,trust,escape,Install now,Book your next trip,Hotels + flights in one tap,stable,,0,0.5496913580246914,8.384198017653333,0.2629990660161374,0.005490849278726,0.0478977026441265,-0.8476421087057344,-0.0652470652470652,0.0118628525489038,0.0,0.9744729505262357,0.3001287534948739,0.0,0.30364398833053374,0.5517,0.5099,0.637,0,0.3,0.4,"{'stable': 0.6, 'fatigued': 0.4}",0.5907407407407408,0.49212962962962964,0.4934027777777778,0.4934027777777778,healthy,distinct,Keep
500102,20017,PulsePlay,PulsePlay Box,entertainment,rewarded_video,drama,new season,Learn more,A new season drops,New hits every week,stable,,0,0.475,1.5453653059383363,0.5575695317589477,0.0051373905363829,0.1085316617084573,-0.8172440006045115,-0.0001270501270501,0.010549684426831,0.0,0.9395264397434666,0.000584415500046219,0.0,0.2349984930358759,0.5759,0.5044,0.7207,0,0.375,0.4,"{'stable': 0.6, 'fatigued': 0.4}",0.5518518518518518,0.49212962962962964,0.4927083333333333,0.4927083333333333,healthy,distinct,Keep
500171,20028,QuickFork,QuickFork Kitchen,food_delivery,banner,discount,free delivery,Get offer,Dinner in minutes,Fresh favorites nearby,underperformer,,0,0.1345679012345678,1.1817875687850494,0.2926406806288447,0.0035517807638074,0.0823926644377503,-0.8209322844177501,-0.0743618859361459,0.0107252463975994,0.0,0.9437665934273752,0.3420558464818819,0.0,0.3043528176532202,0.5586,0.503,0.6789,0,0.4,0.0,"{'stable': 0.8, 'underperformer': 0.2}",0.538425925925926,0.49212962962962964,0.4922453703703704,0.4922453703703704,healthy,distinct,Keep
500812,20135,WayPoint,WayPoint Trips,travel,rewarded_video,destination,book now,Claim reward,Last-minute savings,Hotels + flights in one tap,top_performer,,0,0.8712962962962963,9.632949674724223,0.5257339739151456,0.0089773770099349,0.0585620915032679,-0.6715847808083624,0.0783309507997433,0.0154089043258604,0.0,0.7720725482622697,0.0,0.0,0.19301813706556742,0.5597,0.5079,0.6544,0,0.325,0.6,"{'fatigued': 0.6, 'top_performer': 0.2, 'stable': 0.2}",0.575925925925926,0.49212962962962964,0.49224537037037036,0.49224537037037036,healthy,distinct,Keep
500013,20002,EarnPath,EarnPath Invest,fintech,banner,minimalist,save smarter,Claim reward,Secure & simple,Built for peace of mind,stable,,0,0.2617283950617284,5.085934194846565,0.2245172652671489,0.0026480776287037,0.0847850013283236,-0.671551478785712,-0.0292267215740105,0.0060775771736367,0.0,0.772034263330531,0.13443944921559617,0.0,0.219896455675752,0.542,0.515,0.6154,0,0.225,0.0,{'stable': 1.0},0.6259259259259259,0.49212962962962964,0.49224537037037036,0.49224537037037036,healthy,distinct,Keep
500121,20020,NovaPay,NovaPay Wallet,fintech,banner,feature-focus,cashback,Shop now,Track every euro,No hidden fees,stable,,0,0.2546296296296296,5.602640212770087,0.170924502172145,0.0022764259440779,0.0750845871427543,-0.6330031998015992,0.0692886394197467,0.005679007221437,0.0,0.7277180893538586,0.0,0.0,0.18192952233846466,0.5775,0.5076,0.7584,0,0.325,0.1,"{'stable': 0.9, 'fatigued': 0.1}",0.5740740740740741,0.49212962962962964,0.4913194444444444,0.4913194444444444,healthy,distinct,Keep
500197,20032,SwiftStack,SwiftStack Wallet,fintech,native,feature-focus,save smarter,Claim reward,Save with confidence,Built for peace of mind,stable,,0,0.5845679012345678,7.408223797622045,0.4715432274873098,0.0040797101839341,0.1155825306768703,-0.7647832028834977,-0.1033349021717205,0.0072263883953895,0.0,0.8792160471649123,0.47532828126255394,0.0,0.31486966804373884,0.5572,0.5091,0.6252,0,0.3,0.0,{'stable': 1.0},0.5851851851851851,0.49212962962962964,0.490625,0.490625,healthy,distinct,Keep
501052,20175,CrispBox,CrispBox Shop,ecommerce,interstitial,discount,new collection,Install now,Your next favorite pick,Free shipping over $25,stable,,0,0.4058641975308641,1.868159517458377,0.3374597796209175,0.0052634802405536,0.0641134314556523,-0.7892646879008749,-0.1308033566842699,0.0095439679606013,0.0,0.9073606434433747,0.6016799107506391,0.0,0.3471761430109715,0.5914,0.5038,0.7005,0,0.375,0.1,"{'stable': 0.9, 'fatigued': 0.1}",0.5476851851851852,0.49212962962962964,0.490625,0.490625,healthy,distinct,Keep
500669,20111,CloudRoute,CloudRoute Travel,travel,native,family,discover,Order now,Dream destinations await,Flexible booking options,stable,,0,0.4580246913580246,8.831730943541412,0.2446424601070652,0.0044940053703672,0.0544375095143857,-0.8291548954664658,-0.0573100254854804,0.0114614184819754,0.0,0.9532195358512789,0.2636193129389886,0.0,0.29102874655061745,0.5236,0.4997,0.5841,0,0.425,0.1,"{'stable': 0.8, 'fatigued': 0.1, 'top_performer': 0.1}",0.5212962962962963,0.49212962962962964,0.48993055555555554,0.48993055555555554,healthy,distinct,Keep
500004,20000,PixelForge,PixelForge Legends,gaming,rewarded_video,reward,limited offer,Get offer,Level up today,Free rewards for new players,stable,,0,0.5191358024691358,0.8619217377295777,1.149609148947077,0.005819811395916,0.1975337464980049,-0.8639709189124348,-0.0659199901627248,0.0146295330635053,0.0,0.9932450050257489,0.30322412821200184,0.0,0.3089560768988376,0.5327,0.5119,0.5966,0,0.25,0.7,"{'fatigued': 0.7, 'stable': 0.3}",0.6074074074074074,0.49212962962962964,0.4892361111111111,0.4892361111111111,healthy,distinct,Keep
500817,20136,QuickFork,QuickFork Eats,food_delivery,interstitial,reward,security,Shop now,2-for-1 tonight,Fresh favorites nearby,stable,,0,0.5231481481481481,1.6788624471697673,0.5830928863527883,0.005358205082999,0.108822427906479,-0.8441591642894466,-0.1377096530842125,0.0121293074419126,0.0,0.9704688607258349,0.6334480542208796,0.0,0.3693068260256347,0.57,0.5063,0.6099,0,0.325,0.2,"{'stable': 0.7, 'fatigued': 0.2, 'underperformer': 0.1}",0.5694444444444444,0.49212962962962964,0.4890046296296296,0.4890046296296296,healthy,distinct,Keep
500769,20128,NovaPay,NovaPay Pay,fintech,native,feature-focus,earn more,Watch now,Save with confidence,"Fast signup, instant card",stable,,0,0.3802469135802469,4.618790720758896,0.3556586410782673,0.0033004578383156,0.1077603952243721,-0.7448644515021179,-0.0387035973173423,0.0076658927853411,0.0,0.8563168964147811,0.17803195246615294,0.0,0.24968561459692587,0.5448,0.5061,0.5771,0,0.325,0.0,{'stable': 1.0},0.5685185185185185,0.49212962962962964,0.48854166666666665,0.48854166666666665,healthy,distinct,Keep
500926,20154,BiteRush,BiteRush Delivery,food_delivery,native,urgency,trending,Install now,"Fast food, fast",Fresh favorites nearby,stable,,0,0.2743827160493827,1.8826086787126963,0.3326006974328026,0.0036907143932562,0.0901182432432432,-0.8111198276607496,-0.1018124744097175,0.0106507379665623,0.0,0.9324859201459292,0.4683252943118649,0.0,0.3267865388988553,0.5525,0.4698,0.831,1,0.325,0.1,"{'stable': 0.8, 'underperformer': 0.1, 'fatigued': 0.1}",0.31574074074074077,0.9921296296296296,0.48715277777777777,0.48715277777777777,healthy,distinct,Keep
501057,20176,SwiftStack,SwiftStack Wallet,fintech,interstitial,feature-focus,security,Learn more,Save with confidence,"Fast signup, instant card",stable,,0,0.7185185185185187,6.450436522908385,0.5542344941693309,0.0055467112848721,0.0999212805038047,-0.7111082045955517,0.0429447852760735,0.0089071366215626,0.0,0.8175097758341856,0.0,0.0,0.2043774439585464,0.5514,0.511,0.6194,0,0.25,0.0,{'stable': 1.0},0.6023148148148149,0.49212962962962964,0.4866898148148148,0.4866898148148148,healthy,distinct,Keep
500681,20113,MoonScreen,MoonScreen Play,entertainment,interstitial,trailer,2-for-1,Get offer,Exclusive tonight,New hits every week,stable,,0,0.6694444444444444,2.8756080635961214,0.5217874062529173,0.0060199264263271,0.0866767082021087,-0.7812805592944625,0.0820912504266697,0.0110403227784454,0.0,0.898181867069993,0.0,0.0,0.22454546676749826,0.5449,0.508,0.6429,0,0.3,0.1,"{'stable': 0.8, 'underperformer': 0.1, 'fatigued': 0.1}",0.5768518518518518,0.49212962962962964,0.4864583333333333,0.4864583333333333,healthy,distinct,Keep
500374,20062,ClearLedger,ClearLedger Cash,fintech,banner,minimalist,2-for-1,Start now,Secure & simple,No hidden fees,stable,,0,0.4814814814814815,7.777922880275569,0.3360944873821163,0.003897804999482,0.0862266038005429,-0.6678407076901904,0.0954137147639972,0.0064043741727595,0.0,0.7677682576412883,0.0,0.0,0.19194206441032208,0.5886,0.5108,0.6854,0,0.25,0.0,{'stable': 1.0},0.6,0.49212962962962964,0.4855324074074074,0.4855324074074074,healthy,distinct,Keep
500028,20004,SnapMeal,SnapMeal Bites,food_delivery,banner,combo,exclusive,Install now,"Fast food, fast",Late-night deals available,stable,,0,0.683641975308642,2.4328943580654863,0.5698513193412172,0.0064166207844683,0.0888086328430945,-0.7172539743206158,0.0177054628971644,0.0107992263056092,0.0,0.8245751236923548,0.0,0.0,0.2061437809230887,0.5541,0.5128,0.6001,0,0.225,0.1,"{'stable': 0.8, 'underperformer': 0.1, 'fatigued': 0.1}",0.612037037037037,0.49212962962962964,0.48530092592592594,0.48530092592592594,healthy,distinct,Keep
500742,20123,HorizonHop,HorizonHop Flights,travel,native,discount,discover,Order now,Escape this weekend,Special fares today,stable,,0,0.7194444444444444,9.118647140421468,0.3908878331668192,0.0062786190525758,0.0622569756014186,-0.7498231535030521,-0.0181400102197242,0.0113107526059586,0.0,0.8620175581917295,0.08344189328691659,0.0,0.2321927682053157,0.5403,0.4976,0.5772,0,0.425,0.0,"{'stable': 0.9, 'top_performer': 0.1}",0.5120370370370371,0.49212962962962964,0.48530092592592594,0.48530092592592594,healthy,distinct,Keep
500212,20035,StarVault,StarVault Plus,entertainment,native,ugc,free shipping,Learn more,Exclusive tonight,Start free today,stable,,0,0.4987654320987655,1.9976412605716063,0.4929663845473502,0.0049118457833814,0.1003627569528416,-0.769073371450321,-0.1510723994938675,0.0090416281447149,0.0,0.8841481443066537,0.6949151011755814,0.0,0.3600200563117797,0.6047,0.5106,0.7244,0,0.25,0.0,{'stable': 1.0},0.5976851851851852,0.49212962962962964,0.484375,0.484375,healthy,distinct,Keep
500250,20041,MoonScreen,MoonScreen Stream,entertainment,interstitial,celebrity,watch now,Book now,Stream the hype,New hits every week,stable,,0,0.4969135802469136,1.967041430747388,0.4700437105540174,0.0050980651183897,0.0922004132231405,-0.8168938817377149,0.1435257054150305,0.0098226451416658,0.0,0.939123933353496,0.0,0.0,0.234780983338374,0.5509,0.509,0.6319,0,0.275,0.0,"{'stable': 0.8, 'underperformer': 0.2}",0.5837962962962963,0.49212962962962964,0.48368055555555556,0.48368055555555556,healthy,distinct,Keep
500762,20127,ZenDrop,ZenDrop Club,ecommerce,banner,ugc,limited offer,Watch now,Flash sale live,Shop bestsellers now,underperformer,,0,0.1725308641975308,1.5766657775987547,0.2133429024586998,0.004193127190637,0.0508791870027411,-0.7546728909030467,-0.070147180397631,0.0082554497939438,0.0,0.8675929512319198,0.3226687014075015,0.0,0.2814319780894803,0.5442,0.4993,0.6405,0,0.4,0.0,"{'stable': 0.7, 'underperformer': 0.3}",0.5189814814814815,0.49212962962962964,0.4825231481481481,0.4825231481481481,healthy,distinct,Keep
500203,20033,NomadLayer,NomadLayer Getaway,travel,native,destination,book now,Learn more,Escape this weekend,Flexible booking options,stable,,0,0.5015432098765432,7.176573388942586,0.2865450828410151,0.0049498961935623,0.0578891095158087,-0.818088857167751,-0.1175670244856654,0.0103811765677589,0.0,0.9404977103534278,0.5407943541578861,0.0,0.34328329841993416,0.5333,0.5016,0.5766,0,0.375,0.2,"{'stable': 0.7, 'fatigued': 0.2, 'top_performer': 0.1}",0.5305555555555556,0.49212962962962964,0.4820601851851852,0.4820601851851852,healthy,distinct,Keep
500536,20089,PulsePlay,PulsePlay Stream,entertainment,rewarded_video,celebrity,watch now,Shop now,Binge starts now,Start free today,stable,,0,0.4018518518518518,2.086874126945085,0.4005323949117551,0.0043212789015852,0.0926883924952916,-0.8338170535856084,-0.0607819186849521,0.011580466245783,0.0,0.9585792825315349,0.2795896094462578,0.0,0.2955627425221353,0.5636,0.5015,0.6561,0,0.375,0.4,"{'stable': 0.6, 'fatigued': 0.4}",0.5296296296296297,0.49212962962962964,0.48159722222222223,0.48159722222222223,healthy,distinct,Keep
500923,20153,DriftPass,DriftPass Trips,travel,interstitial,family,book now,Shop now,Dream destinations await,Hotels + flights in one tap,stable,,0,0.4290123456790123,5.436830369256175,0.2624313076882036,0.0048441418129434,0.054174984511599,-0.8396292692185833,-0.0992576694582426,0.0113010591611106,0.0,0.9652611673255878,0.4565734948614953,0.0,0.332629990803696,0.5549,0.5045,0.6196,0,0.325,0.1,"{'stable': 0.7, 'top_performer': 0.2, 'fatigued': 0.1}",0.5537037037037037,0.49212962962962964,0.48113425925925923,0.48113425925925923,healthy,distinct,Keep
500574,20095,NeonCast,NeonCast Stream,entertainment,interstitial,wanderlust,exclusive,Get offer,Binge starts now,Cancel anytime,stable,,0,0.7191358024691358,2.7006019873664617,0.5826407241453856,0.0066903321513249,0.0870869653354956,-0.7257857277281792,-0.1286518262215831,0.0114180719498781,0.0,0.8343834647726783,0.591783126068795,0.0,0.3269524914069286,0.5669,0.5099,0.7517,0,0.25,0.0,{'stable': 1.0},0.5907407407407408,0.49212962962962964,0.4809027777777778,0.4809027777777778,healthy,distinct,Keep
500748,20124,FreshDash,FreshDash Delivery,food_delivery,banner,discount,book now,Get offer,"Your cravings, delivered",Fresh favorites nearby,underperformer,,0,0.1407407407407407,1.217080968669828,0.2944355727943846,0.0035795263247828,0.0822554567502021,-0.7873985706374631,-0.1241495678885488,0.0092882790617326,0.0,0.9052153031198725,0.5710732722801409,0.0,0.3405184802359963,0.5361,0.5099,0.5956,0,0.25,0.0,"{'stable': 0.7, 'underperformer': 0.3}",0.5907407407407408,0.49212962962962964,0.4809027777777778,0.4809027777777778,healthy,distinct,Keep
500123,20020,NovaPay,NovaPay Wallet,fintech,banner,family,cashback,Book now,"Your money, clearer",Built for peace of mind,stable,,0,0.2691358024691357,6.066732990588764,0.1859677175255755,0.002513931731544,0.0739748479213288,-0.6660142016272415,-0.0147106285628695,0.0061690027798441,0.0,0.7656684554558664,0.06766714482838293,0.0,0.20495054282964317,0.5398,0.5051,0.6528,0,0.3,0.0,{'stable': 1.0},0.5615740740740741,0.49212962962962964,0.47881944444444446,0.47881944444444446,healthy,distinct,Keep
500228,20038,EarnPath,EarnPath Invest,fintech,native,trust,earn more,Order now,Save with confidence,Built for peace of mind,stable,,0,0.2725308641975308,4.664075678455785,0.2593304585436214,0.0025740501649354,0.100748020406247,-0.6833772763761673,-0.0518343652884505,0.0062650201012885,0.0,0.7856295292475263,0.23843192614583322,0.0,0.24409376754104822,0.5436,0.5039,0.5847,0,0.325,0.0,{'stable': 1.0},0.549074074074074,0.49212962962962964,0.4788194444444444,0.4788194444444444,healthy,distinct,Keep
500357,20059,NeonCast,NeonCast Now,entertainment,interstitial,celebrity,trending,Learn more,Watch what’s trending,Cancel anytime,stable,,0,0.345679012345679,1.7104515481296876,0.3918214435134741,0.0043590903988747,0.0898860559566787,-0.7951176602383032,-0.1575552268371737,0.0095307488690003,0.0,0.9140893832787647,0.7247353372628512,0.0,0.3734694132722614,0.5544,0.5071,0.6512,0,0.275,0.1,"{'stable': 0.7, 'underperformer': 0.2, 'fatigued': 0.1}",0.5712962962962963,0.49212962962962964,0.4774305555555556,0.4774305555555556,healthy,distinct,Keep
500641,20106,PlateSprint,PlateSprint Go,food_delivery,interstitial,food-closeup,book now,Start now,Hungry? We got you,Fresh favorites nearby,underperformer,,0,0.2089506172839506,1.1102876748626558,0.3620763502850481,0.003831394456622,0.0945024988641526,-0.7882411239335779,-0.0038086028057811,0.0109465493611565,0.0,0.9061839258298677,0.017519120719495903,0.0,0.23004980560136612,0.5437,0.5047,0.585,0,0.3,0.1,"{'stable': 0.9, 'fatigued': 0.1}",0.5578703703703703,0.49212962962962964,0.4769675925925926,0.4769675925925926,healthy,distinct,Keep
500644,20107,StarVault,StarVault Plus,entertainment,native,celebrity,2-for-1,Order now,A new season drops,Start free today,stable,,0,0.5324074074074074,2.467031248927868,0.4794170426722843,0.0047963260788931,0.0999550561797752,-0.7969285176313993,-0.3261141202646014,0.0086684067232185,0.0,0.91617119531796,1.0,0.0,0.42904279882949004,0.547,0.502,0.6275,0,0.35,0.0,"{'stable': 0.9, 'underperformer': 0.1}",0.5324074074074074,0.49212962962962964,0.47673611111111114,0.47673611111111114,at_risk,distinct,Monitor
500352,20058,CraveLoop,CraveLoop Bites,food_delivery,native,combo,fast,Get offer,2-for-1 tonight,Free delivery over $15,stable,,0,0.4558641975308642,1.807477350419244,0.4940909685578474,0.0047505560158737,0.1040069766374443,-0.829770345836002,0.0157303370786516,0.0113942843003835,0.0,0.9539270747186201,0.0,0.0,0.23848176867965504,0.5615,0.4966,0.6868,0,0.4,0.4,"{'stable': 0.6, 'fatigued': 0.4}",0.5046296296296297,0.49212962962962964,0.47534722222222225,0.47534722222222225,healthy,distinct,Keep
500271,20045,DriftPass,DriftPass Trips,travel,interstitial,wanderlust,discover,Watch now,Fly smarter,Flexible booking options,stable,,0,0.755246913580247,11.436730556639889,0.3592750110232105,0.0074832435534631,0.0480105997428003,-0.7552324331621747,0.1637416470476325,0.0134829812553675,0.0,0.8682362165801092,0.0,0.0,0.2170590541450273,0.5285,0.503,0.6169,0,0.325,0.3,"{'stable': 0.6, 'fatigued': 0.3, 'top_performer': 0.1}",0.538425925925926,0.49212962962962964,0.47349537037037037,0.47349537037037037,healthy,distinct,Keep
500962,20160,FreshDash,FreshDash Eats,food_delivery,banner,food-closeup,late-night,Watch now,Dinner in minutes,Late-night deals available,stable,,0,0.3574074074074074,2.357561194291529,0.3181430295012691,0.004236116838643,0.0751025152562074,-0.8153284931507649,-0.0554064842593914,0.010657046298024,0.0,0.9373243190830648,0.25486324930227366,0.0,0.2853037296312209,0.5411,0.5096,0.6312,0,0.225,0.0,"{'stable': 0.9, 'underperformer': 0.1}",0.5884259259259259,0.49212962962962964,0.47349537037037037,0.47349537037037037,healthy,distinct,Keep
501031,20171,WayPoint,WayPoint Escapes,travel,rewarded_video,discount,last-minute deal,Watch now,Dream destinations await,Flexible booking options,top_performer,,0,0.8546296296296295,7.76488523854619,0.5451273152298418,0.0085205857076723,0.0639776811045961,-0.7360573681762795,-0.1333310464354613,0.0145765891144525,0.0,0.8461920284004203,0.6133069834990331,0.0,0.3342094037999117,0.5587,0.504,0.5701,0,0.3,0.2,"{'top_performer': 0.6, 'stable': 0.2, 'fatigued': 0.2}",0.55,0.49212962962962964,0.47303240740740743,0.47303240740740743,healthy,distinct,Keep
500051,20008,CoinBridge,CoinBridge Invest,fintech,banner,food-closeup,security,Book now,"Your money, clearer","Fast signup, instant card",stable,,0,0.3126543209876544,5.292489391659645,0.2745937021469667,0.0031742905935509,0.0865055337733882,-0.7141580681753701,-0.0069174148036588,0.0066556442361828,0.0,0.8210159838561846,0.03181928680727118,0.0,0.21161785332550037,0.5224,0.5011,0.5523,0,0.35,0.1,"{'stable': 0.9, 'fatigued': 0.1}",0.525,0.49212962962962964,0.4730324074074074,0.4730324074074074,healthy,distinct,Keep
500836,20139,CrispBox,CrispBox Outlet,ecommerce,native,product-focus,late-night,Learn more,Up to 40% off,Free shipping over $25,stable,,0,0.2404320987654321,1.980329606242937,0.2749145271868293,0.0038225860415701,0.0719184667649509,-0.7257461960302953,0.0133009686539493,0.0074060690434038,0.0,0.8343380180329747,0.0,0.0,0.20858450450824367,0.573,0.4974,0.6751,0,0.375,0.1,"{'stable': 0.9, 'fatigued': 0.1}",0.5106481481481482,0.49212962962962964,0.4721064814814815,0.4721064814814815,healthy,distinct,Keep
500781,20130,CraveLoop,CraveLoop Kitchen,food_delivery,banner,testimonial,discover,Shop now,2-for-1 tonight,Free delivery over $15,stable,,0,0.4632716049382716,2.7197577436688345,0.3381248680158921,0.0049220864047774,0.068695435270641,-0.8318224737080269,-0.1211874831713382,0.010674721009713,0.0,0.9562862580128086,0.5574480342628245,0.0,0.3505611713557671,0.5794,0.5048,0.6102,0,0.275,0.0,"{'stable': 0.7, 'underperformer': 0.3}",0.5601851851851852,0.49212962962962964,0.47187500000000004,0.47187500000000004,healthy,distinct,Keep
500579,20096,GlitchWave,GlitchWave Legends,gaming,interstitial,fantasy,free rewards,Start now,Unlock rare gear,No ads in first week,stable,,0,0.5709876543209876,1.08918629609447,1.190528387354905,0.00645922638072,0.1843143926505614,-0.8861379680906118,-0.2028270709575163,0.0166112320039662,0.0,1.0,0.9329804451892006,0.0,0.43659608903784014,0.5287,0.4938,0.6022,0,0.425,0.2,"{'stable': 0.8, 'fatigued': 0.2}",0.4847222222222222,0.49212962962962964,0.4716435185185185,0.4716435185185185,at_risk,distinct,Monitor
501050,20175,CrispBox,CrispBox Shop,ecommerce,interstitial,testimonial,before/after,Start now,Your next favorite pick,Shop bestsellers now,stable,,0,0.695679012345679,2.5790171384191143,0.4735388876691885,0.007559606344342,0.0626406807576173,-0.6853640900945819,-0.1628008402624013,0.0123678010789105,0.0,0.787913625573611,0.748864536218667,0.0,0.3467513136371362,0.5788,0.5037,0.6573,0,0.3,0.1,"{'stable': 0.9, 'fatigued': 0.1}",0.5453703703703704,0.49212962962962964,0.4707175925925926,0.4707175925925926,healthy,distinct,Keep
500547,20091,ZenDrop,ZenDrop Market,ecommerce,banner,gameplay,new collection,Install now,New collection drop,Only this weekend,stable,,0,0.3466049382716049,2.405355002312834,0.2674483119268395,0.0046327149471321,0.0577303622128538,-0.7991011289918333,0.0105118560213779,0.0094226624445488,0.0,0.9186688897824099,0.0,0.0,0.22966722244560248,0.564,0.5017,0.6356,0,0.325,0.0,"{'stable': 0.6, 'underperformer': 0.4}",0.5314814814814814,0.49212962962962964,0.4700231481481481,0.4700231481481481,healthy,distinct,Keep
500482,20080,CoinBridge,CoinBridge Wallet,fintech,native,trust,trending,Claim reward,Earn cashback daily,No hidden fees,stable,,0,0.587037037037037,5.829378157282623,0.4979243171372265,0.0044554561915078,0.1117560796773799,-0.734865301004821,-0.1021749742365895,0.0080091875221093,0.0,0.8448215948154602,0.469992750476663,0.0,0.30520394879919766,0.5607,0.4917,0.7431,0,0.45,0.0,{'stable': 1.0},0.4685185185185185,0.49212962962962964,0.46979166666666666,0.46979166666666666,healthy,distinct,Keep
500387,20064,QuickFork,QuickFork Express,food_delivery,native,combo,late-night,Order now,2-for-1 tonight,Late-night deals available,stable,,0,0.5567901234567901,2.105776331461374,0.5330849820558247,0.0052286320691446,0.1019549616431576,-0.8144885563398848,-0.1658915649139472,0.0104015423797396,0.0,0.936358704357289,0.7630815026607871,0.0,0.38670597662147965,0.5371,0.4991,0.6182,0,0.35,0.1,"{'stable': 0.7, 'underperformer': 0.2, 'fatigued': 0.1}",0.5175925925925926,0.49212962962962964,0.4693287037037037,0.4693287037037037,healthy,distinct,Keep
500694,20115,ThreadMark,ThreadMark Market,ecommerce,banner,ugc,limited offer,Order now,Flash sale live,Shop bestsellers now,underperformer,,0,0.1253086419753086,1.8446660873639305,0.1457903672440784,0.0031096050920004,0.0468838849084499,-0.7510429145705508,-0.0141252488823773,0.0078083544568783,0.0,0.8634198294500527,0.06497446779897043,0.0,0.22884985092230725,0.529,0.4916,0.5662,0,0.45,0.0,"{'stable': 0.6, 'underperformer': 0.4}",0.4675925925925926,0.49212962962962964,0.4693287037037037,0.4693287037037037,healthy,distinct,Keep
500408,20068,SwiftStack,SwiftStack Invest,fintech,banner,trust,power-up,Learn more,Secure & simple,Built for peace of mind,stable,,0,0.5780864197530864,7.605977764235175,0.4043509740197935,0.0044836352727957,0.0901837347192738,-0.6279900628309546,-0.0935743831122521,0.0068992222556862,0.0,0.7219548476212889,0.4304310524341205,0.0,0.2665749223921463,0.531,0.5033,0.577,0,0.3,0.0,{'stable': 1.0},0.5412037037037037,0.49212962962962964,0.4686342592592593,0.4686342592592593,healthy,distinct,Keep
500091,20015,HorizonHop,HorizonHop Trips,travel,rewarded_video,destination,discover,Start now,Escape this weekend,Special fares today,top_performer,,0,0.8478395061728395,8.432853323948484,0.5096760192477036,0.0084834712640799,0.060078711105645,-0.730473606228234,0.0317292257249222,0.0132367585188863,0.0,0.839772780318401,0.0,0.0,0.20994319507960024,0.537,0.4963,0.6061,0,0.375,0.5,"{'fatigued': 0.5, 'top_performer': 0.3, 'stable': 0.2}",0.5027777777777778,0.49212962962962964,0.4681712962962963,0.4681712962962963,healthy,distinct,Keep
500477,20079,ThreadMark,ThreadMark Store,ecommerce,banner,testimonial,limited offer,Learn more,Up to 40% off,Only this weekend,stable,,0,0.4148148148148148,2.906737580523143,0.2778205818935216,0.0049853047534314,0.0557279034350499,-0.7972856832183872,-0.319068255687974,0.009798013670826,0.0,0.9165818028135103,1.0,0.0,0.4291454507033776,0.5432,0.5056,0.5919,0,0.25,0.1,"{'stable': 0.5, 'underperformer': 0.4, 'fatigued': 0.1}",0.5643518518518519,0.49212962962962964,0.46770833333333334,0.46770833333333334,at_risk,distinct,Monitor
500618,20103,CrispBox,CrispBox Club,ecommerce,interstitial,discount,before/after,Book now,Flash sale live,Only this weekend,stable,,0,0.387037037037037,3.138048265930661,0.2735103676344807,0.004574932468286,0.059784569396485,-0.8262616183500584,-0.0615566037735848,0.011234814489716,0.0,0.949893343984029,0.2831530688772988,0.0,0.29410394977146703,0.5594,0.4984,0.6376,0,0.35,0.0,"{'stable': 0.8, 'underperformer': 0.1, 'top_performer': 0.1}",0.5138888888888888,0.49212962962962964,0.46747685185185184,0.46747685185185184,healthy,distinct,Keep
500784,20130,CraveLoop,CraveLoop Kitchen,food_delivery,native,combo,challenge,Claim reward,Hungry? We got you,Free delivery over $15,stable,,0,0.2601851851851852,2.0341979005186186,0.2883957802627524,0.0038178005029582,0.0755397721906345,-0.7115669997393005,-0.1375784271992005,0.0091964525837001,0.0,0.8180372194956369,0.6328444307299872,0.0,0.33107819101990665,0.5308,0.4944,0.5697,0,0.4,0.3,"{'stable': 0.7, 'fatigued': 0.3}",0.4888888888888889,0.49212962962962964,0.46747685185185184,0.46747685185185184,healthy,distinct,Keep
500980,20163,ZenDrop,ZenDrop Store,ecommerce,banner,discount,power-up,Watch now,Up to 40% off,Only this weekend,underperformer,,0,0.1746913580246913,1.8975035867468129,0.2178319156918959,0.0035143549064959,0.0619834710743801,-0.7438993982180394,-0.1203786791098348,0.0078854930822719,0.0,0.8552074443105353,0.5537276316074495,0.0,0.32454738739912375,0.5511,0.5077,0.6364,0,0.225,0.1,"{'stable': 0.6, 'underperformer': 0.3, 'fatigued': 0.1}",0.575,0.49212962962962964,0.4667824074074074,0.4667824074074074,healthy,distinct,Keep
500199,20033,NomadLayer,NomadLayer Getaway,travel,native,feature-focus,escape,Get offer,Dream destinations await,Flexible booking options,stable,,0,0.55,7.658294930468276,0.2968951955033515,0.0052557674929647,0.0564894082359557,-0.8221853059847245,-0.0427490148877752,0.0107465106648546,0.0,0.9452071018812402,0.1966403929865471,0.0,0.2756298540676195,0.554,0.5051,0.6274,0,0.25,0.0,{'stable': 1.0},0.5615740740740741,0.49212962962962964,0.46631944444444445,0.46631944444444445,healthy,distinct,Keep
500819,20136,QuickFork,QuickFork Eats,food_delivery,banner,discount,free delivery,Install now,Dinner in minutes,Free delivery over $15,underperformer,,0,0.1830246913580246,1.2279928984410808,0.3157962585262764,0.0038665971847094,0.0816729137897021,-0.7729555960489553,-0.0525439959810986,0.0083671063811935,0.0,0.8886112577131045,0.24169614307911141,0.0,0.2704920430440984,0.5524,0.4924,0.6089,0,0.425,0.0,"{'stable': 0.6, 'underperformer': 0.4}",0.47314814814814815,0.49212962962962964,0.46585648148148145,0.46585648148148145,healthy,distinct,Keep
500840,20140,SwiftStack,SwiftStack Invest,fintech,native,feature-focus,security,Start now,Earn cashback daily,"Fast signup, instant card",stable,,0,0.6453703703703705,7.318544774743227,0.5516718810406279,0.0044420333278596,0.1241935483870967,-0.7388805202196003,-0.0055118110236221,0.0077111209570225,0.0,0.8494376025326912,0.02535367630337081,0.0,0.21743013589384697,0.5554,0.491,0.6262,0,0.45,0.0,{'stable': 1.0},0.4601851851851852,0.49212962962962964,0.465625,0.465625,healthy,distinct,Keep
500763,20127,ZenDrop,ZenDrop Club,ecommerce,interstitial,product-focus,limited offer,Claim reward,Flash sale live,Free shipping over $25,stable,,0,0.5675925925925926,2.10605557040322,0.3913947762450677,0.0067314050097231,0.0581445887864007,-0.7315982007748528,-0.0879088740090818,0.0115675434346888,0.0,0.8410656454966808,0.4043703832130655,0.0,0.2911404880167833,0.5771,0.5038,0.654,0,0.275,0.0,"{'stable': 0.9, 'underperformer': 0.1}",0.5476851851851852,0.49212962962962964,0.46562499999999996,0.46562499999999996,healthy,distinct,Keep
500772,20128,NovaPay,NovaPay Pay,fintech,banner,testimonial,cashback,Learn more,Earn cashback daily,"Fast signup, instant card",stable,,0,0.3129629629629629,4.330510624730565,0.2926167125778892,0.0031473038354335,0.0929737730699847,-0.7163816373909406,0.0014101950974261,0.0063602212599003,0.0,0.8235722608886044,0.0,0.0,0.2058930652221511,0.5941,0.5073,0.672,0,0.225,0.0,{'stable': 1.0},0.5722222222222222,0.49212962962962964,0.4653935185185185,0.4653935185185185,healthy,distinct,Keep
500878,20146,EarnPath,EarnPath Saver,fintech,native,trust,security,Watch now,Save with confidence,No hidden fees,stable,,0,0.462037037037037,6.9428132780331575,0.3643714050670581,0.0036193669732033,0.1006726888333653,-0.723605234166155,-0.1215961477444521,0.0067571275941808,0.0,0.8318767087099886,0.5593278427792957,0.0,0.3198347457333563,0.5435,0.4957,0.5847,0,0.375,0.1,"{'stable': 0.9, 'fatigued': 0.1}",0.4962962962962963,0.49212962962962964,0.4649305555555555,0.4649305555555555,healthy,distinct,Keep
500260,20043,ThreadMark,ThreadMark Store,ecommerce,native,ugc,limited offer,Shop now,New collection drop,Free shipping over $25,stable,,0,0.3999999999999999,2.1035621637538973,0.2949285183746532,0.0053584998929715,0.0550393812196387,-0.7745958605428407,-0.0584298590695259,0.0099384493760234,0.0,0.8904969514092806,0.268770414470201,0.0,0.2763783207463604,0.5645,0.5022,0.5991,0,0.3,0.0,"{'stable': 0.9, 'underperformer': 0.1}",0.5333333333333333,0.49212962962962964,0.46469907407407407,0.46469907407407407,healthy,distinct,Keep
500755,20125,PulsePlay,PulsePlay Now,entertainment,banner,drama,watch now,Claim reward,Binge starts now,Cancel anytime,underperformer,,0,0.0830246913580246,1.5727063512731234,0.2074717094283176,0.0027700027208246,0.0748994605198626,-0.5955960403168361,-0.0724057026431658,0.0056924002198753,0.0,0.6847137781008681,0.3330576355875456,0.0,0.23778997164272614,0.5384,0.5105,0.5973,0,0.175,0.0,"{'stable': 0.7, 'underperformer': 0.2, 'top_performer': 0.1}",0.5953703703703703,0.49212962962962964,0.46446759259259257,0.46446759259259257,healthy,distinct,Keep
500967,20161,PulsePlay,PulsePlay Play,entertainment,interstitial,testimonial,new season,Learn more,Watch what’s trending,New hits every week,stable,,0,0.6478395061728395,2.191727755641052,0.5669644346020049,0.0062082474286364,0.0913243940611649,-0.7742115170923843,-0.0918864100256318,0.0108824707724806,0.0,0.8900550994857684,0.422666576645027,0.0,0.3070470902004475,0.5573,0.5034,0.6991,0,0.275,0.2,"{'stable': 0.6, 'fatigued': 0.2, 'underperformer': 0.2}",0.5425925925925926,0.49212962962962964,0.46307870370370374,0.46307870370370374,healthy,distinct,Keep
500605,20100,QuickFork,QuickFork Kitchen,food_delivery,banner,fantasy,cashback,Learn more,Dinner in minutes,Late-night deals available,stable,,0,0.2231481481481481,1.2435957432988465,0.3357298107294686,0.0040363591584305,0.0831763967357187,-0.7970440944885377,-0.0523533240879631,0.0091761271097491,0.0,0.9163040656884047,0.24081907500874578,0.0,0.27723983142385034,0.5398,0.5059,0.5808,0,0.225,0.1,"{'stable': 0.6, 'underperformer': 0.3, 'fatigued': 0.1}",0.5675925925925925,0.49212962962962964,0.4630787037037037,0.4630787037037037,healthy,distinct,Keep
500024,20004,SnapMeal,SnapMeal Bites,food_delivery,banner,urgency,exclusive,Install now,Dinner in minutes,Fresh favorites nearby,stable,,0,0.5972222222222222,2.151357482608445,0.5028518078200234,0.0058947059391393,0.0853056646102075,-0.7538422168694102,-0.1148586265118012,0.0105923286287494,0.0,0.8666379852525642,0.52833604504029,0.0,0.32232670532119906,0.5614,0.4955,0.6533,0,0.375,0.1,"{'stable': 0.6, 'underperformer': 0.3, 'fatigued': 0.1}",0.49212962962962964,0.49212962962962964,0.4628472222222222,0.4628472222222222,healthy,distinct,Keep
500956,20159,HorizonHop,HorizonHop Escapes,travel,interstitial,discount,challenge,Watch now,Escape this weekend,Hotels + flights in one tap,stable,,0,0.4401234567901235,4.829113094752334,0.2501189371542945,0.0051888853415967,0.0482028259806037,-0.7978578190178951,-0.0584975120352765,0.0097550829159919,0.0,0.9172395460460868,0.26908161008036485,0.0,0.2831262085275947,0.529,0.4963,0.6485,0,0.35,0.2,"{'stable': 0.7, 'fatigued': 0.2, 'top_performer': 0.1}",0.5027777777777778,0.49212962962962964,0.4619212962962963,0.4619212962962963,healthy,distinct,Keep
500960,20160,FreshDash,FreshDash Eats,food_delivery,native,combo,last-minute deal,Order now,"Your cravings, delivered",Free delivery over $15,stable,,0,0.4756172839506172,2.6075566932633185,0.3936693465968358,0.0046353774001429,0.0849271402550091,-0.8237782365503292,-0.0549834117393737,0.0107076539762814,0.0,0.9470383791765818,0.252917165940669,0.0,0.2873430279822793,0.5391,0.4987,0.641,0,0.325,0.4,"{'stable': 0.5, 'fatigued': 0.4, 'underperformer': 0.1}",0.5148148148148148,0.49212962962962964,0.4616898148148148,0.4616898148148148,healthy,distinct,Keep
500752,20125,PulsePlay,PulsePlay Now,entertainment,banner,celebrity,trending,Book now,Binge starts now,Cancel anytime,underperformer,,0,0.1682098765432098,1.904645859962257,0.2440703382686899,0.0031522579300988,0.0774271470421956,-0.7594507362669057,-0.0282759486392478,0.008362959200948,0.0,0.8730856951872512,0.1300660065988828,0.0,0.24428462511658935,0.564,0.5056,0.5973,0,0.225,0.2,"{'stable': 0.6, 'underperformer': 0.2, 'fatigued': 0.2}",0.5643518518518519,0.49212962962962964,0.46145833333333336,0.46145833333333336,healthy,distinct,Keep
500779,20129,RouteBloom,RouteBloom Travel,travel,native,discount,last-minute deal,Try for free,Last-minute savings,Hotels + flights in one tap,stable,,0,0.5055555555555555,10.19201733992346,0.2580053778177122,0.0048467324850947,0.0532328488545965,-0.8171955775312303,-0.1325492610837438,0.0101842823553965,0.0,0.939470771231238,0.6097108637008009,0.0,0.3568098655479697,0.5649,0.4912,0.6686,0,0.425,0.0,"{'stable': 0.9, 'top_performer': 0.1}",0.46296296296296297,0.49212962962962964,0.46076388888888886,0.46076388888888886,healthy,distinct,Keep
500405,20067,CrispBox,CrispBox Club,ecommerce,interstitial,discount,late-night,Claim reward,Limited stock,Free shipping over $25,stable,,0,0.2679012345679012,1.9336819273549823,0.2621801154369551,0.0043771991940047,0.0598967750419145,-0.7843066589213845,-0.0644077894031351,0.0091618428377267,0.0,0.9016607553906023,0.29626818425818435,0.0,0.2846688256992874,0.5738,0.4938,0.6462,0,0.375,0.0,"{'stable': 0.9, 'underperformer': 0.1}",0.4847222222222222,0.49212962962962964,0.45914351851851853,0.45914351851851853,healthy,distinct,Keep
500534,20089,PulsePlay,PulsePlay Stream,entertainment,native,trailer,trending,Shop now,Exclusive tonight,New hits every week,underperformer,,0,0.1743827160493827,1.954388577327339,0.2604900139238115,0.0029825780165687,0.0873372003940024,-0.6993017023043908,-0.10566692288478,0.0068392645831074,0.0,0.8039366923300763,0.48605529966689903,0.0,0.2981952330158989,0.5565,0.4956,0.7516,0,0.35,0.3,"{'stable': 0.7, 'fatigued': 0.3}",0.49444444444444446,0.49212962962962964,0.45775462962962965,0.45775462962962965,healthy,distinct,Keep
500773,20128,NovaPay,NovaPay Pay,fintech,native,combo,late-night,Try for free,Save with confidence,No hidden fees,stable,,0,0.4864197530864197,5.537441885006229,0.4170887479791547,0.0038942003169325,0.1071051086318261,-0.7516034067714888,-0.1147084350967846,0.0076569307338538,0.0,0.8640641868777753,0.5276451823631124,0.0,0.3215450831920663,0.5779,0.4993,0.6324,0,0.3,0.0,{'stable': 1.0},0.5189814814814815,0.49212962962962964,0.45752314814814815,0.45752314814814815,healthy,distinct,Keep
500599,20099,WayPoint,WayPoint Travel,travel,rewarded_video,destination,discover,Shop now,Last-minute savings,Special fares today,stable,,0,0.7206790123456791,7.660942405730999,0.4057867631764499,0.0063442502389065,0.0639613426166476,-0.7889460744455392,-0.0983644093357903,0.0111350091858224,0.0,0.9069943565509356,0.4524646043530391,0.0,0.3172415100083417,0.5277,0.4932,0.6491,0,0.375,0.5,"{'fatigued': 0.5, 'top_performer': 0.4, 'stable': 0.1}",0.4791666666666667,0.49212962962962964,0.45636574074074077,0.45636574074074077,healthy,distinct,Keep
500852,20142,PlateSprint,PlateSprint Go,food_delivery,banner,discount,late-night,Order now,"Fast food, fast",Late-night deals available,underperformer,,0,0.1611111111111111,1.8930266324980656,0.2327547434909841,0.003166437176974,0.0735068250156834,-0.6365351658134532,-0.1628878350700203,0.0066657416631459,0.0,0.7317785357443581,0.7492647020050108,0.0,0.3327975743370917,0.5338,0.5014,0.5844,0,0.275,0.1,"{'stable': 0.5, 'underperformer': 0.4, 'fatigued': 0.1}",0.5277777777777778,0.49212962962962964,0.4556712962962963,0.4556712962962963,healthy,distinct,Keep
500206,20034,PlateSprint,PlateSprint Delivery,food_delivery,banner,combo,free delivery,Get offer,Hungry? We got you,Late-night deals available,stable,,0,0.4160493827160494,1.6895629558401266,0.4594254501665519,0.0046917165889135,0.0979226774379688,-0.7910090732062605,-0.305125,0.0089266471975387,0.0,0.9093660373212098,1.0,0.0,0.42734150933030246,0.5376,0.5032,0.5874,0,0.25,0.1,"{'stable': 0.7, 'underperformer': 0.2, 'fatigued': 0.1}",0.5398148148148149,0.49212962962962964,0.4554398148148148,0.4554398148148148,at_risk,distinct,Monitor
500706,20117,DriftPass,DriftPass Getaway,travel,native,wanderlust,last-minute deal,Start now,Escape this weekend,Hotels + flights in one tap,stable,,0,0.4839506172839506,7.570764626455176,0.2635709808467074,0.0048826728928535,0.0539808802740973,-0.8160681590691929,0.0137918950714626,0.009971152275833,0.0,0.9381746596012285,0.0,0.0,0.23454366490030712,0.5608,0.4952,0.6041,0,0.35,0.1,"{'stable': 0.9, 'fatigued': 0.1}",0.4898148148148148,0.49212962962962964,0.45543981481481477,0.45543981481481477,healthy,distinct,Keep
500231,20038,EarnPath,EarnPath Invest,fintech,banner,feature-focus,save smarter,Shop now,Secure & simple,No hidden fees,stable,,0,0.2330246913580247,3.97950896776251,0.1958358660011814,0.0023529591999037,0.0832296055151283,-0.503825034734507,-0.1686193600904073,0.0044783390635738,0.0,0.5792112769106899,0.775629036607337,0.0,0.2999286265491399,0.5517,0.4962,0.6336,0,0.325,0.0,{'stable': 1.0},0.5,0.49212962962962964,0.4542824074074074,0.4542824074074074,healthy,distinct,Keep
501027,20171,WayPoint,WayPoint Escapes,travel,interstitial,family,book now,Watch now,Last-minute savings,Flexible booking options,stable,,0,0.742283950617284,6.988726749407095,0.4075765693461325,0.007329631307278,0.0556066945606694,-0.6941553612737796,0.0252384692322666,0.0122562017559365,0.0,0.7980203155042821,0.0,0.0,0.19950507887607052,0.5246,0.4962,0.5639,0,0.325,0.4,"{'stable': 0.6, 'fatigued': 0.4}",0.5,0.49212962962962964,0.4542824074074074,0.4542824074074074,healthy,distinct,Keep
500921,20153,DriftPass,DriftPass Trips,travel,interstitial,testimonial,challenge,Book now,Escape this weekend,Special fares today,stable,,0,0.5441358024691358,5.779365802503479,0.2896160988059622,0.0058838940545198,0.0492218412028488,-0.8288631780214806,-0.1007103677726822,0.0114189432111484,0.0,0.952884169360616,0.46325573463221775,0.0,0.33087218926659756,0.574,0.5094,0.6156,0,0.15,0.4,"{'stable': 0.5, 'fatigued': 0.4, 'top_performer': 0.1}",0.586574074074074,0.49212962962962964,0.4538194444444444,0.4538194444444444,healthy,distinct,Keep
500778,20129,RouteBloom,RouteBloom Travel,travel,interstitial,wanderlust,discover,Learn more,Last-minute savings,Hotels + flights in one tap,stable,,0,0.4629629629629629,7.117531938620996,0.2261661474510495,0.0050021862727586,0.0452134596991566,-0.8233996628323503,0.0860588030092608,0.0110901927536593,0.0,0.946603160298046,0.0,0.0,0.2366507900745115,0.5309,0.4957,0.6316,0,0.325,0.5,"{'fatigued': 0.5, 'stable': 0.4, 'top_performer': 0.1}",0.4962962962962963,0.49212962962962964,0.45243055555555556,0.45243055555555556,healthy,distinct,Keep
501078,20179,StarVault,StarVault Now,entertainment,native,celebrity,new season,Order now,Stream the hype,New hits every week,stable,,0,0.3253086419753087,2.5289986493284613,0.3173783648820091,0.0036142022701348,0.087814223211743,-0.7581218284129192,0.029280191862353,0.007891745594602,0.0,0.8715579457465952,0.0,0.0,0.2178894864366488,0.5532,0.4922,0.7372,0,0.375,0.0,{'stable': 1.0},0.47129629629629627,0.49212962962962964,0.45243055555555556,0.45243055555555556,healthy,distinct,Keep
500007,20001,VantaStyle,VantaStyle Drops,ecommerce,interstitial,feature-focus,before/after,Watch now,Limited stock,Only this weekend,stable,,0,0.4419753086419752,3.050351291416699,0.2814197634306966,0.0051818604612763,0.0543086340386281,-0.8437435554275438,0.1346531413612566,0.0121621344279117,0.0,0.9699910652154848,0.0,0.0,0.2424977663038712,0.5657,0.5047,0.6661,0,0.2,0.1,"{'stable': 0.6, 'underperformer': 0.3, 'fatigued': 0.1}",0.5578703703703703,0.49212962962962964,0.45196759259259256,0.45196759259259256,healthy,distinct,Keep
500474,20079,ThreadMark,ThreadMark Store,ecommerce,native,ugc,late-night,Order now,Up to 40% off,Shop bestsellers now,stable,,0,0.5271604938271605,3.2839223270329385,0.3453828979111767,0.0053902550163495,0.0640754281316143,-0.7994198229144518,-0.084872159090909,0.0102244964699998,0.0,0.9190352691822761,0.39040185513200387,0.0,0.30783918832196977,0.5446,0.4968,0.5658,0,0.3,0.0,{'stable': 1.0},0.5069444444444444,0.49212962962962964,0.4515046296296296,0.4515046296296296,healthy,distinct,Keep
500606,20101,BingeLayer,BingeLayer Plus,entertainment,native,discount,trending,Install now,A new season drops,New hits every week,stable,,0,0.4206790123456789,1.7280272440752604,0.4479624161058928,0.0047502883523945,0.0943021523904091,-0.8121198831592614,-0.0209056145687285,0.0100166036755422,0.0,0.9336356117696887,0.09616334493816918,0.0,0.252641571930056,0.533,0.4933,0.6338,0,0.35,0.1,"{'stable': 0.7, 'underperformer': 0.2, 'fatigued': 0.1}",0.4810185185185185,0.49212962962962964,0.4510416666666667,0.4510416666666667,healthy,distinct,Keep
501061,20176,SwiftStack,SwiftStack Wallet,fintech,native,testimonial,cashback,Claim reward,Track every euro,Built for peace of mind,stable,,0,0.7064814814814815,7.900411466726513,0.5419535111473753,0.0050711364257361,0.1068702290076335,-0.6960533586531948,0.1207780124467592,0.0083252413784144,0.0,0.8002023060960826,0.0,0.0,0.20005057652402064,0.5457,0.5058,0.6169,0,0.175,0.0,{'stable': 1.0},0.5666666666666667,0.49212962962962964,0.45011574074074073,0.45011574074074073,healthy,distinct,Keep
501055,20175,CrispBox,CrispBox Shop,ecommerce,banner,ugc,watch now,Order now,Up to 40% off,Shop bestsellers now,stable,,0,0.3932098765432099,2.193891235283944,0.2917214764445518,0.0051765707192561,0.0563541951352828,-0.7141179852220818,-0.0732939218274694,0.008880414157864,0.0,0.8209699033779315,0.33714333837901733,0.0,0.2726711435202863,0.5355,0.4929,0.5919,0,0.35,0.0,"{'underperformer': 0.6, 'stable': 0.4}",0.4777777777777778,0.49212962962962964,0.4494212962962963,0.4494212962962963,healthy,distinct,Keep
500567,20094,CraveLoop,CraveLoop Express,food_delivery,banner,destination,fast,Order now,Hungry? We got you,Free delivery over $15,underperformer,,0,0.1808641975308641,1.2943824051260924,0.2899552936527143,0.0040395040783242,0.0717799234833303,-0.7148336118188985,0.140653867601654,0.0078441220439664,0.0,0.8217926076231699,0.0,0.0,0.20544815190579246,0.5408,0.5012,0.5874,0,0.25,0.1,"{'stable': 0.6, 'underperformer': 0.3, 'fatigued': 0.1}",0.5259259259259259,0.49212962962962964,0.44849537037037035,0.44849537037037035,healthy,distinct,Keep
500798,20133,LuxShelf,LuxShelf Outlet,ecommerce,native,ugc,limited offer,Claim reward,Flash sale live,Free shipping over $25,stable,,0,0.3444444444444444,2.475474555605468,0.2765730295352029,0.0044206285344553,0.0625641868298895,-0.8108292622745428,0.0030128186908449,0.009539808484448,0.0,0.9321518780940895,0.0,0.0,0.23303796952352238,0.549,0.4912,0.6283,0,0.375,0.1,"{'stable': 0.9, 'fatigued': 0.1}",0.46296296296296297,0.49212962962962964,0.4482638888888889,0.4482638888888889,healthy,distinct,Keep
500512,20085,BoltCart,BoltCart Drops,ecommerce,native,ugc,free rewards,Book now,Flash sale live,Only this weekend,stable,,0,0.5419753086419753,4.854554422911934,0.3312897550172442,0.0055683908137829,0.0594947025264873,-0.8071760453092345,-0.1986801173421187,0.0108222895349482,0.0,0.9279520382341607,0.913904950917122,0.0,0.4147689997419646,0.5855,0.4926,0.6705,0,0.35,0.0,{'stable': 1.0},0.475462962962963,0.49212962962962964,0.4482638888888889,0.4482638888888889,at_risk,distinct,Monitor
500743,20123,HorizonHop,HorizonHop Flights,travel,rewarded_video,urgency,book now,Watch now,Fly smarter,Special fares today,top_performer,,0,0.842283950617284,7.77372401971862,0.5100863857319052,0.0086910392187725,0.0586910693752395,-0.6909202439787064,-0.0358617443825634,0.0146960635039513,0.0,0.7943011346572593,0.16495976637316534,0.0,0.23156723693894787,0.5219,0.5006,0.5351,0,0.25,0.5,"{'fatigued': 0.5, 'stable': 0.3, 'top_performer': 0.2}",0.524074074074074,0.49212962962962964,0.4475694444444444,0.4475694444444444,healthy,distinct,Keep
500205,20034,PlateSprint,PlateSprint Delivery,food_delivery,interstitial,ugc,limited offer,Shop now,2-for-1 tonight,Late-night deals available,stable,,0,0.5351851851851852,1.5229695308348068,0.5506857278911366,0.0060468311712467,0.0910701344713745,-0.8604722764164626,-0.3503566196003929,0.0133433060521937,0.0,0.9892228682762046,1.0,0.0,0.4473057170690512,0.4888,0.4364,0.6312,0,0.2,0.2,"{'stable': 0.7, 'fatigued': 0.2, 'underperformer': 0.1}",0.12824074074074074,0.49212962962962964,0.23715277777777777,0.4473057170690512,at_risk,distinct,Monitor
500516,20086,VaultRun,VaultRun Pay,fintech,native,celebrity,save smarter,Order now,Secure & simple,Built for peace of mind,stable,,0,0.5185185185185185,10.13728367143949,0.3720210475362177,0.0037034722279403,0.1004519609272488,-0.6926113486519265,-0.1103818177762546,0.0066666493506943,0.0,0.7962452756380297,0.507743256378504,0.0,0.30060997018520824,0.5531,0.4958,0.7036,0,0.3,0.0,{'stable': 1.0},0.4981481481481482,0.49212962962962964,0.44710648148148147,0.44710648148148147,healthy,distinct,Keep
500650,20108,PixelForge,PixelForge Battle,gaming,interstitial,product-focus,book now,Try for free,Win epic rewards,Play with friends tonight,stable,,0,0.4432098765432098,1.086176445282251,0.8302698445363472,0.0048972520556767,0.1695379031132207,-0.8503318451347788,-0.098042270183429,0.0136085340748068,0.0,0.9775651463565619,0.4509828024990555,0.0,0.33458784708895156,0.5444,0.5026,0.636,0,0.225,0.5,"{'fatigued': 0.5, 'stable': 0.5}",0.5347222222222222,0.49212962962962964,0.4466435185185185,0.4466435185185185,healthy,distinct,Keep
500442,20073,VantaStyle,VantaStyle Club,ecommerce,banner,discount,last-minute deal,Order now,Limited stock,Shop bestsellers now,underperformer,,0,0.053395061728395,1.3828547580294168,0.1577630875012805,0.0028933516209439,0.0545260680932421,-0.6867072480816282,-0.1461865264237147,0.0072760573913525,0.0,0.7894577573636873,0.6724406651419227,0.0,0.3318525723693064,0.5294,0.4923,0.6832,0,0.35,0.0,"{'stable': 0.6, 'underperformer': 0.4}",0.4722222222222222,0.49212962962962964,0.44664351851851847,0.44664351851851847,healthy,distinct,Keep
500924,20154,BiteRush,BiteRush Delivery,food_delivery,native,food-closeup,fast,Get offer,Dinner in minutes,Late-night deals available,stable,,0,0.2385802469135802,1.8102944031477115,0.3064785360688613,0.0037182702799998,0.0824250291102754,-0.7900861964615041,-0.0758578033381229,0.0103834113850178,0.0,0.9083050725399675,0.3489368889239685,0.0,0.2968636459197856,0.6074,0.4907,0.7698,0,0.375,0.2,"{'stable': 0.7, 'fatigued': 0.2, 'underperformer': 0.1}",0.45694444444444443,0.49212962962962964,0.4452546296296296,0.4452546296296296,healthy,distinct,Keep
500330,20055,ZenDrop,ZenDrop Shop,ecommerce,rewarded_video,discount,new collection,Watch now,New collection drop,Shop bestsellers now,stable,,0,0.4145061728395061,1.9685499134905544,0.367678004012856,0.0049338741745097,0.0745211553858471,-0.8519492882494223,-0.2643386665096754,0.0128176704848708,0.0,0.9794246039602452,1.0,0.0,0.4448561509900613,0.4294,0.4061,0.4861,0,0.45,0.3,"{'stable': 0.7, 'fatigued': 0.3}",0.0412037037037037,0.49212962962962964,0.25613425925925926,0.4448561509900613,at_risk,distinct,Monitor
500208,20034,PlateSprint,PlateSprint Delivery,food_delivery,banner,urgency,free rewards,Start now,Hungry? We got you,Fresh favorites nearby,stable,,0,0.3089506172839506,1.4280300948962,0.3687325337220868,0.004590900957323,0.0803181199398151,-0.8081917844224107,0.0863325276146043,0.0102618564149838,0.0,0.9291197601776742,0.0,0.0,0.23227994004441854,0.5569,0.5035,0.6301,0,0.2,0.1,"{'stable': 0.5, 'underperformer': 0.4, 'fatigued': 0.1}",0.5435185185185185,0.49212962962962964,0.44479166666666664,0.44479166666666664,healthy,distinct,Keep
500966,20161,PulsePlay,PulsePlay Play,entertainment,rewarded_video,ugc,book now,Book now,A new season drops,New hits every week,stable,,0,0.6623456790123456,2.0251351861167004,0.6398923891607675,0.0065575355157294,0.09758123118447,-0.7055710223471046,-0.0556664915046417,0.0109757242279446,0.0,0.8111440770707244,0.2560592517603324,0.0,0.2539978696197476,0.5651,0.4955,0.6991,0,0.3,0.4,"{'stable': 0.6, 'fatigued': 0.4}",0.49212962962962964,0.49212962962962964,0.4440972222222222,0.4440972222222222,healthy,distinct,Keep
501076,20179,StarVault,StarVault Now,entertainment,interstitial,drama,watch now,Book now,A new season drops,Cancel anytime,stable,,0,0.5185185185185185,2.500248916161878,0.4021681834215541,0.0051505354601029,0.0780827909130669,-0.836277808655559,-0.1271470123945702,0.0117631372719752,0.0,0.9614082350209276,0.5848611611277964,0.0,0.3573242909807912,0.521,0.4823,0.6454,0,0.5,0.1,"{'stable': 0.9, 'fatigued': 0.1}",0.3907407407407407,0.49212962962962964,0.44340277777777776,0.44340277777777776,healthy,distinct,Keep
500299,20049,BoltCart,BoltCart Market,ecommerce,banner,ugc,2-for-1,Install now,Your next favorite pick,Only this weekend,stable,,0,0.2493827160493827,1.678322022914176,0.2677815222151182,0.0045759317230819,0.0585195624454734,-0.8034703346838703,0.1688416884168841,0.0092672114376649,0.0,0.9236918502021989,0.0,0.0,0.23092296255054973,0.5421,0.4842,0.573,0,0.475,0.0,"{'underperformer': 0.6, 'stable': 0.4}",0.40324074074074073,0.49212962962962964,0.44340277777777776,0.44340277777777776,healthy,distinct,Keep
500715,20119,FluxStream,FluxStream Box,entertainment,interstitial,destination,trending,Claim reward,Stream the hype,New hits every week,underperformer,,0,0.1104938271604938,1.5360237881832262,0.2656367687981449,0.0029076163640393,0.0913589468278791,-0.7463967248554321,-0.0543582305141792,0.0081674163462763,0.0,0.8580784404913215,0.25004140653117646,0.0,0.2645278914290657,0.5713,0.4901,0.6805,0,0.375,0.1,"{'stable': 0.7, 'underperformer': 0.2, 'fatigued': 0.1}",0.4527777777777778,0.49212962962962964,0.44317129629629626,0.44317129629629626,healthy,distinct,Keep
500165,20027,WayPoint,WayPoint Trips,travel,interstitial,family,last-minute deal,Claim reward,Dream destinations await,Hotels + flights in one tap,stable,,0,0.7469135802469137,8.757660212614828,0.3630963946198433,0.0078536079737023,0.0462330683980745,-0.6891239099484956,0.1458393061926604,0.0128139791828896,0.0,0.792236019080093,0.0,0.0,0.19805900477002325,0.5437,0.4899,0.686,0,0.375,0.0,"{'stable': 0.7, 'top_performer': 0.3}",0.45,0.49212962962962964,0.4417824074074074,0.4417824074074074,healthy,distinct,Keep
501043,20173,BingeLayer,BingeLayer Play,entertainment,native,celebrity,new season,Learn more,Watch what’s trending,Start free today,stable,,0,0.6046296296296296,2.547486340266988,0.5227484115883555,0.0053125337568162,0.098399075755075,-0.748166983918628,-0.0060038039089785,0.009161891568541,0.0,0.8601135795609725,0.027616785162768966,0.0,0.2205517519227969,0.5205,0.4941,0.5449,0,0.3,0.1,"{'stable': 0.7, 'underperformer': 0.1, 'top_performer': 0.1, 'fatigued': 0.1}",0.48703703703703705,0.49212962962962964,0.44155092592592593,0.44155092592592593,healthy,distinct,Keep
500493,20082,BiteRush,BiteRush Eats,food_delivery,banner,reward,2-for-1,Get offer,Hungry? We got you,Free delivery over $15,underperformer,,0,0.1910493827160494,2.2021730694606134,0.2229669241650244,0.003071198742421,0.0725993147513658,-0.7876423154480285,-0.0976872600297035,0.0098017146769461,0.0,0.9054955189353537,0.44934979794149876,0.0,0.3162438393221382,0.5411,0.4999,0.5736,0,0.225,0.1,"{'stable': 0.5, 'underperformer': 0.4, 'fatigued': 0.1}",0.5222222222222223,0.49212962962962964,0.44039351851851855,0.44039351851851855,healthy,distinct,Keep
500488,20081,DriftPass,DriftPass Travel,travel,interstitial,family,last-minute deal,Learn more,Fly smarter,Hotels + flights in one tap,stable,,0,0.571604938271605,5.733582806522088,0.3316646351112997,0.0057017617435252,0.0581687994044876,-0.8344660840561149,-0.238545825570047,0.0111744240199435,0.0,0.9593254260171878,1.0,0.0,0.43983135650429694,0.4561,0.4391,0.4728,0,0.25,0.2,"{'stable': 0.7, 'fatigued': 0.2, 'top_performer': 0.1}",0.14074074074074075,0.49212962962962964,0.25590277777777776,0.43983135650429694,at_risk,distinct,Monitor
500521,20086,VaultRun,VaultRun Pay,fintech,banner,trust,earn more,Install now,Secure & simple,Built for peace of mind,stable,,0,0.4987654320987654,10.328374744648883,0.3306691399353526,0.0039050556774734,0.084677189583452,-0.6932874653897554,0.1383431479840879,0.0064856343948805,0.0,0.7970225582501669,0.0,0.0,0.19925563956254172,0.5238,0.4847,0.6035,0,0.45,0.0,{'stable': 1.0},0.40694444444444444,0.49212962962962964,0.4390046296296296,0.4390046296296296,healthy,distinct,Keep
500306,20051,HorizonHop,HorizonHop Flights,travel,native,celebrity,discover,Book now,Book your next trip,Special fares today,stable,,0,0.5367283950617284,6.500488705435914,0.3067240786399139,0.0052959299314245,0.0579169442593826,-0.8194038218420787,-0.0559086714016291,0.0106134132684548,0.0,0.9420094303268332,0.25717325053298395,0.0,0.2869370076883051,0.5493,0.4891,0.7431,0,0.375,0.2,"{'stable': 0.7, 'fatigued': 0.2, 'top_performer': 0.1}",0.4439814814814815,0.49212962962962964,0.43877314814814816,0.43877314814814816,healthy,distinct,Keep
500376,20062,ClearLedger,ClearLedger Cash,fintech,interstitial,feature-focus,exclusive,Claim reward,"Your money, clearer",No hidden fees,stable,,0,0.7484567901234568,9.349663974623258,0.5462470734566982,0.0053809642737189,0.1015147184909974,-0.7062367770661784,-0.0312560727087003,0.0092118752488837,0.0,0.8119094472178178,0.143774223494739,0.0,0.23173220650340226,0.5555,0.4967,0.6637,0,0.25,0.4,"{'stable': 0.6, 'fatigued': 0.4}",0.5055555555555555,0.49212962962962964,0.43831018518518516,0.43831018518518516,healthy,distinct,Keep
500731,20121,BoltCart,BoltCart Market,ecommerce,interstitial,discount,limited offer,Get offer,Limited stock,Shop bestsellers now,stable,,0,0.3515432098765432,2.1516247800391435,0.2876547863625674,0.0048134234251336,0.0597609561752988,-0.8274552166357798,-0.2337787839469192,0.0109737155589354,0.0,0.951265537780543,1.0,0.0,0.43781638444513576,0.5296,0.4765,0.6182,0,0.4,0.0,"{'stable': 0.9, 'underperformer': 0.1}",0.3592592592592593,0.49212962962962964,0.40266203703703707,0.43781638444513576,at_risk,distinct,Monitor
501025,20170,ClearLedger,ClearLedger Pay,fintech,banner,testimonial,security,Book now,"Your money, clearer","Fast signup, instant card",stable,,0,0.3058641975308642,4.113861417500062,0.2938352208018425,0.003015246137203,0.0974498291122601,-0.6911837268618953,-0.1201042118975249,0.0060909211423377,0.0,0.7946040419101638,0.552465115017717,0.0,0.3091440334810843,0.5569,0.4932,0.6315,0,0.3,0.0,{'stable': 1.0},0.4791666666666667,0.49212962962962964,0.4376157407407407,0.4376157407407407,healthy,distinct,Keep
500837,20139,CrispBox,CrispBox Outlet,ecommerce,banner,discount,save smarter,Get offer,Flash sale live,Only this weekend,underperformer,,0,0.2067901234567901,1.8257563498137217,0.2312070131429933,0.0039987705983599,0.0578195241401995,-0.7807952227944622,0.0029126660198721,0.008908297123683,0.0,0.8976239107269847,0.0,0.0,0.22440597768174617,0.5422,0.4887,0.6537,0,0.375,0.0,"{'stable': 0.6, 'underperformer': 0.4}",0.44074074074074077,0.49212962962962964,0.4371527777777778,0.4371527777777778,healthy,distinct,Keep
500716,20119,FluxStream,FluxStream Box,entertainment,rewarded_video,trailer,new season,Shop now,Stream the hype,Start free today,stable,,0,0.2481481481481481,1.6815461546981862,0.3430033809301673,0.0036418293706212,0.0941843634128447,-0.781296334038757,-0.0584134743106103,0.0091503587547258,0.0,0.8982000021549051,0.2686950465245159,0.0,0.2782890098436295,0.5603,0.4988,0.6863,0,0.225,0.3,"{'stable': 0.6, 'fatigued': 0.3, 'underperformer': 0.1}",0.5157407407407407,0.49212962962962964,0.4371527777777778,0.4371527777777778,healthy,distinct,Keep
500945,20157,BoltCart,BoltCart Club,ecommerce,native,urgency,free shipping,Order now,New collection drop,Free shipping over $25,stable,,0,0.4228395061728395,2.263694369159086,0.3191019287782614,0.0051504581994435,0.061956027293404,-0.8294029196976628,-0.2156310154179196,0.0111884084528242,0.0,0.9535046714077764,0.9918770695226804,0.0,0.4367515817564802,0.5434,0.4782,0.6226,0,0.275,0.0,{'stable': 1.0},0.37037037037037035,0.49212962962962964,0.3769675925925926,0.4367515817564802,at_risk,distinct,Monitor
500278,20046,BiteRush,BiteRush Go,food_delivery,banner,combo,fast,Learn more,Hungry? We got you,Free delivery over $15,stable,,0,0.4141975308641974,1.918067963580277,0.4113403559841703,0.0045677858380475,0.0900524609884051,-0.8035948549749132,-0.0315512476268453,0.0097143447180592,0.0,0.9238350021930766,0.1451319930727323,0.0,0.2599851491628156,0.5309,0.4881,0.6109,0,0.375,0.1,"{'stable': 0.7, 'underperformer': 0.2, 'fatigued': 0.1}",0.43657407407407406,0.49212962962962964,0.4350694444444444,0.4350694444444444,healthy,distinct,Keep
500081,20013,BoltCart,BoltCart Drops,ecommerce,native,discount,new collection,Claim reward,Your next favorite pick,Shop bestsellers now,stable,,0,0.3290123456790123,3.075088705372562,0.2396122620911703,0.0041514580523222,0.0577176160932506,-0.8154636658679933,-0.2307895336700538,0.0104839478176881,0.0,0.9374797173994478,1.0,0.0,0.43436992934986196,0.4972,0.4329,0.7251,0,0.375,0.0,"{'stable': 0.9, 'underperformer': 0.1}",0.11574074074074074,0.49212962962962964,0.2746527777777778,0.43436992934986196,at_risk,distinct,Monitor
500494,20082,BiteRush,BiteRush Eats,food_delivery,banner,discount,free rewards,Try for free,"Fast food, fast",Fresh favorites nearby,underperformer,,0,0.1228395061728395,1.884087912267272,0.183375337559232,0.0025198112593341,0.072773441613911,-0.4772373408299529,-0.0599275345752915,0.0052714896971434,0.0,0.5486453242984256,0.2756595439809793,0.0,0.19229323987080227,0.5204,0.4908,0.5792,0,0.325,0.0,"{'stable': 0.7, 'underperformer': 0.3}",0.4583333333333333,0.49212962962962964,0.43344907407407407,0.43344907407407407,healthy,distinct,Keep
500701,20116,CoinBridge,CoinBridge Cash,fintech,native,testimonial,save smarter,Install now,Secure & simple,"Fast signup, instant card",stable,,0,0.6095679012345679,6.341283172683749,0.510784022021585,0.0044926348340864,0.1136936432371884,-0.7060309950899439,-0.2623467233850566,0.0068444222261377,0.0,0.8116728745328523,1.0,0.0,0.4029182186332131,0.5196,0.4934,0.5991,0,0.275,0.0,{'stable': 1.0},0.4824074074074074,0.49212962962962964,0.43298611111111107,0.43298611111111107,at_risk,distinct,Monitor
500675,20112,SnapMeal,SnapMeal Express,food_delivery,native,discount,free delivery,Get offer,"Your cravings, delivered",Free delivery over $15,stable,,0,0.345679012345679,1.807010388584613,0.3840670929702559,0.0042317785724642,0.0907578424517155,-0.8039610114316698,-0.0796917957986611,0.0101891989340446,0.0,0.9242559458426489,0.3665727990408888,0.0,0.30437854626884,0.5162,0.4847,0.5502,0,0.425,0.3,"{'stable': 0.5, 'fatigued': 0.3, 'underperformer': 0.2}",0.40694444444444444,0.49212962962962964,0.43275462962962963,0.43275462962962963,healthy,distinct,Keep
500202,20033,NomadLayer,NomadLayer Getaway,travel,native,wanderlust,discover,Shop now,Escape this weekend,Flexible booking options,stable,,0,0.4799382716049383,6.705524836953856,0.2672953072773038,0.0050192365894808,0.053254175712197,-0.8204415256740907,0.0969282838611331,0.0102752260657384,0.0,0.9432024035222034,0.0,0.0,0.23580060088055085,0.5242,0.4906,0.5715,0,0.325,0.2,"{'stable': 0.8, 'fatigued': 0.2}",0.45555555555555555,0.49212962962962964,0.4320601851851852,0.4320601851851852,healthy,distinct,Keep
500498,20083,FluxStream,FluxStream Stream,entertainment,native,trailer,exclusive,Get offer,Watch what’s trending,New hits every week,stable,,0,0.5669753086419753,2.6932457078450254,0.4831460049892492,0.0050061393322851,0.0965106987481132,-0.8070946175572971,-0.2731638027478537,0.0093656072883272,0.0,0.9278584266251216,1.0,0.0,0.43196460665628045,0.4952,0.4575,0.5855,0,0.4,0.3,"{'stable': 0.6, 'fatigued': 0.3, 'underperformer': 0.1}",0.24027777777777778,0.49212962962962964,0.3431712962962963,0.43196460665628045,at_risk,distinct,Monitor
500993,20165,RouteBloom,RouteBloom Getaway,travel,native,destination,escape,Install now,Last-minute savings,Hotels + flights in one tap,stable,,0,0.5564814814814815,6.819616977294032,0.3011512029019231,0.0055455442121003,0.054305076541417,-0.8041805946085714,0.0636964845109642,0.0104074216062641,0.0,0.9245083847718663,0.0,0.0,0.23112709619296656,0.5194,0.4862,0.6211,0,0.4,0.1,"{'stable': 0.8, 'top_performer': 0.1, 'fatigued': 0.1}",0.41759259259259257,0.49212962962962964,0.4318287037037037,0.4318287037037037,healthy,distinct,Keep
500106,20017,PulsePlay,PulsePlay Box,entertainment,rewarded_video,product-focus,trending,Start now,Exclusive tonight,New hits every week,stable,,0,0.579320987654321,1.7124983774732303,0.6359339588118983,0.0059109876964614,0.1075850587868067,-0.8267397790217412,-0.0296714358282353,0.0110091692095496,0.0,0.950443050795164,0.13648508198507764,0.0,0.26490777909580654,0.5833,0.4955,0.7207,0,0.25,0.4,"{'stable': 0.6, 'fatigued': 0.4}",0.49212962962962964,0.49212962962962964,0.4315972222222222,0.4315972222222222,healthy,distinct,Keep
500590,20098,ClearLedger,ClearLedger Wallet,fintech,banner,discount,security,Try for free,Track every euro,No hidden fees,stable,,0,0.3509259259259258,4.529101931606313,0.3091859975917946,0.0035019923304947,0.0882885992923103,-0.7112747397726654,-0.0249683810009671,0.0064513598504744,0.0,0.8177012293069917,0.11485158816307703,0.0,0.22739562495936333,0.5319,0.4902,0.6817,0,0.325,0.0,{'stable': 1.0},0.45416666666666666,0.49212962962962964,0.43136574074074074,0.43136574074074074,healthy,distinct,Keep
500952,20158,VaultRun,VaultRun Pay,fintech,interstitial,testimonial,security,Start now,Earn cashback daily,"Fast signup, instant card",stable,,0,0.4719135802469136,5.396882226984274,0.4047735871985556,0.0038030138424038,0.1064349497457253,-0.7824354414732564,-0.1518246682336572,0.0085112347994618,0.0,0.8995095517528574,0.6983754480633888,0.0,0.36455247755089215,0.5511,0.4824,0.7693,0,0.45,0.0,{'stable': 1.0},0.39166666666666666,0.49212962962962964,0.43136574074074074,0.43136574074074074,healthy,distinct,Keep
501053,20175,CrispBox,CrispBox Shop,ecommerce,native,discount,new collection,Order now,Your next favorite pick,Only this weekend,stable,,0,0.5376543209876543,2.694451812863864,0.3932079873649167,0.0053037488962395,0.0741377457827441,-0.8049692140732061,-0.2656461972507352,0.0101890356990634,0.0,0.925415003648692,1.0,0.0,0.431353750912173,0.4641,0.4282,0.4873,0,0.375,0.0,{'stable': 1.0},0.1037037037037037,0.49212962962962964,0.26863425925925927,0.431353750912173,at_risk,distinct,Monitor
500382,20063,WayPoint,WayPoint Travel,travel,interstitial,wanderlust,limited offer,Get offer,Escape this weekend,Special fares today,stable,,0,0.3407407407407407,4.184783973145148,0.2045735634844372,0.0043694315400739,0.0468192627824019,-0.8034459639712961,-0.2664421874624281,0.0094929455508582,0.0,0.9236638329530029,1.0,0.0,0.43091595823825074,0.4642,0.4178,0.6053,0,0.325,0.3,"{'stable': 0.6, 'fatigued': 0.3, 'top_performer': 0.1}",0.0712962962962963,0.49212962962962964,0.23993055555555556,0.43091595823825074,at_risk,distinct,Monitor
500469,20078,NeonArena,NeonArena Rush,gaming,banner,testimonial,power-up,Book now,Join the arena,Free rewards for new players,stable,,0,0.4179012345679012,1.2195981449805735,0.775610047133226,0.0044826563341627,0.1730246508576249,-0.8011468486008514,-0.0039327969016788,0.0101820169529664,0.0,0.9210207059591606,0.018090398815331424,0.0,0.23387325625285643,0.5347,0.5014,0.6373,0,0.175,0.2,"{'stable': 0.8, 'fatigued': 0.2}",0.5277777777777778,0.49212962962962964,0.4306712962962963,0.4306712962962963,healthy,distinct,Keep
500522,20087,HorizonHop,HorizonHop Flights,travel,native,reward,discover,Try for free,Escape this weekend,Flexible booking options,stable,,0,0.3228395061728396,4.787313101836439,0.2067448221514966,0.0040045910138857,0.0516269505261884,-0.7389704106423063,-0.0251465838475798,0.0078249206761678,0.0,0.8495409430634868,0.1156713000998605,0.0,0.2355194957858438,0.5274,0.4885,0.6078,0,0.35,0.1,"{'stable': 0.9, 'fatigued': 0.1}",0.4398148148148148,0.49212962962962964,0.4304398148148148,0.4304398148148148,healthy,distinct,Keep
500189,20031,CrispBox,CrispBox Shop,ecommerce,rewarded_video,product-focus,limited offer,Get offer,Your next favorite pick,Only this weekend,stable,,0,0.5780864197530864,2.1585557543205,0.4317851729233657,0.0061756442211947,0.0699174300620301,-0.8144853889138464,-0.0563939970407947,0.0116861645179997,0.0,0.9363550629961938,0.259405690851492,0.0,0.28596990391934685,0.5564,0.4927,0.6456,0,0.275,0.3,"{'stable': 0.6, 'fatigued': 0.3, 'underperformer': 0.1}",0.47685185185185186,0.49212962962962964,0.4302083333333333,0.4302083333333333,healthy,distinct,Keep
500583,20097,LuxShelf,LuxShelf Outlet,ecommerce,interstitial,testimonial,new collection,Claim reward,Flash sale live,Shop bestsellers now,stable,,0,0.3873456790123457,2.167136001523355,0.3018434670063201,0.0050319313850879,0.0599856086871197,-0.8257665385361052,0.0630937292534252,0.0107793905963277,0.0,0.9493241864562304,0.0,0.0,0.2373310466140576,0.52,0.487,0.5552,0,0.375,0.1,"{'stable': 0.7, 'fatigued': 0.1, 'underperformer': 0.1, 'top_performer': 0.1}",0.42685185185185187,0.49212962962962964,0.4302083333333333,0.4302083333333333,healthy,distinct,Keep
500174,20029,BingeLayer,BingeLayer Plus,entertainment,interstitial,drama,watch now,Get offer,A new season drops,Start free today,stable,,0,0.4052469135802468,1.625960376142718,0.4452359750667853,0.0048090441551833,0.0925830499158335,-0.8100208971175856,-0.0950181406371242,0.0095585700408794,0.0,0.9312225590200225,0.4370721656343529,0.0,0.3202200728818762,0.509,0.4838,0.5256,0,0.425,0.2,"{'stable': 0.7, 'fatigued': 0.2, 'underperformer': 0.1}",0.4009259259259259,0.49212962962962964,0.42974537037037036,0.42974537037037036,healthy,distinct,Keep
500445,20074,EarnPath,EarnPath Bank,fintech,interstitial,testimonial,save smarter,Shop now,"Your money, clearer",Built for peace of mind,stable,,0,0.4966049382716049,7.246987692220824,0.3936255832930875,0.0036663299863656,0.1073622900166921,-0.7665106080937764,-0.0875370029540499,0.0081552985791554,0.0,0.8812019202530071,0.40265982051135735,0.0,0.30083244416552324,0.5374,0.4912,0.6445,0,0.3,0.0,{'stable': 1.0},0.46296296296296297,0.49212962962962964,0.42951388888888886,0.42951388888888886,healthy,distinct,Keep
500585,20097,LuxShelf,LuxShelf Outlet,ecommerce,rewarded_video,testimonial,free shipping,Book now,New collection drop,Shop bestsellers now,stable,,0,0.457716049382716,2.108017974997003,0.3655723766197423,0.0052485388848884,0.0696522183863956,-0.8379949621730696,-0.2046801990667267,0.0112228632572916,0.0,0.9633823224778025,0.9415046144737134,0.0,0.4291465035141933,0.454,0.4198,0.488,0,0.225,0.1,"{'stable': 0.8, 'fatigued': 0.1, 'underperformer': 0.1}",0.07685185185185185,0.49212962962962964,0.21770833333333334,0.4291465035141933,at_risk,distinct,Monitor
500033,20005,MoonScreen,MoonScreen TV,entertainment,native,ugc,new collection,Order now,Binge starts now,Start free today,stable,,0,0.3271604938271604,2.03790345822002,0.3624962333729994,0.0037840308607636,0.0957963205669627,-0.739548759782156,-0.0480412234887213,0.0079675225426658,0.0,0.8502058293249825,0.22098392421852456,0.0,0.2567482421749505,0.5549,0.488,0.6766,0,0.35,0.1,"{'stable': 0.6, 'underperformer': 0.2, 'fatigued': 0.1, 'top_performer': 0.1}",0.4351851851851852,0.49212962962962964,0.428125,0.428125,healthy,distinct,Keep
500067,20011,FluxStream,FluxStream Play,entertainment,interstitial,celebrity,security,Order now,Stream the hype,Cancel anytime,stable,,0,0.2398148148148148,1.4347813591993264,0.356973154186137,0.0038768597823777,0.0920779120794518,-0.7975024026868038,0.0531684027777779,0.0096951450587393,0.0,0.9168309495437817,0.0,0.0,0.22920773738594544,0.5361,0.4879,0.5754,0,0.35,0.0,"{'stable': 0.9, 'underperformer': 0.1}",0.43425925925925923,0.49212962962962964,0.427662037037037,0.427662037037037,healthy,distinct,Keep
500872,20145,VantaStyle,VantaStyle Shop,ecommerce,banner,ugc,before/after,Book now,New collection drop,Only this weekend,stable,,0,0.2200617283950617,2.030308424963475,0.2181122675072383,0.0038931634666059,0.0560244308717379,-0.7861382376706884,-0.0293307429639213,0.0086862303713681,0.0,0.9037663892773857,0.1349179352589533,0.0,0.2529251843711371,0.5286,0.4957,0.5984,0,0.225,0.0,"{'stable': 0.8, 'underperformer': 0.2}",0.4962962962962963,0.49212962962962964,0.42743055555555554,0.42743055555555554,healthy,distinct,Keep
500532,20088,FreshDash,FreshDash Go,food_delivery,interstitial,wanderlust,fast,Get offer,"Fast food, fast",Late-night deals available,underperformer,,0,0.1314814814814815,1.1412603052389212,0.2989744972733728,0.0035218387739621,0.0848915911437421,-0.7910255716686968,-0.2260382171731234,0.0108305443519551,0.0,0.9093850044126324,1.0,0.0,0.4273462511031581,0.5353,0.4881,0.5859,0,0.175,0.1,"{'stable': 0.6, 'underperformer': 0.3, 'fatigued': 0.1}",0.43657407407407406,0.49212962962962964,0.3850694444444444,0.4273462511031581,at_risk,distinct,Monitor
500179,20029,BingeLayer,BingeLayer Plus,entertainment,native,discount,fast,Shop now,Binge starts now,Start free today,stable,,0,0.4052469135802468,1.9918976878777224,0.412806043817466,0.0043407819199377,0.0950994662785055,-0.7897187901680192,-0.2204246987951807,0.0086984118759553,0.0,0.9078826920433203,1.0,0.0,0.4269706730108301,0.4948,0.4438,0.5349,0,0.3,0.1,"{'stable': 0.9, 'fatigued': 0.1}",0.1648148148148148,0.49212962962962964,0.2804398148148148,0.4269706730108301,at_risk,distinct,Monitor
500868,20144,PixelForge,PixelForge Legends,gaming,rewarded_video,fantasy,book now,Get offer,Unlock rare gear,No ads in first week,stable,,0,0.7046296296296296,1.4902485376041796,1.9185839229110928,0.0101884276710855,0.1883101087674184,-0.7862853876161785,-0.0112543259568931,0.0177111899949673,0.0,0.9039355569485984,0.05176856320015498,0.0,0.2363376018771806,0.5392,0.4994,0.5808,0,0.175,0.4,"{'fatigued': 0.4, 'stable': 0.4, 'top_performer': 0.2}",0.5203703703703704,0.49212962962962964,0.4269675925925926,0.4269675925925926,healthy,distinct,Keep
501023,20170,ClearLedger,ClearLedger Pay,fintech,banner,trust,earn more,Book now,Earn cashback daily,No hidden fees,stable,,0,0.4364197530864198,5.2361118540132985,0.3783752734393732,0.0036620191854181,0.1033242193121312,-0.7154858752654039,0.0161241912892682,0.0068427228246698,0.0,0.8225424678279761,0.0,0.0,0.20563561695699403,0.5468,0.4864,0.6469,0,0.375,0.0,{'stable': 1.0},0.41944444444444445,0.49212962962962964,0.42650462962962965,0.42650462962962965,healthy,distinct,Keep
500449,20074,EarnPath,EarnPath Bank,fintech,interstitial,trust,new collection,Shop now,Track every euro,Built for peace of mind,stable,,0,0.5638888888888889,7.752688581294339,0.4035913069783596,0.0043061881147095,0.0937235662324479,-0.7878784070310099,-0.222036918066097,0.0082525068310752,0.0,0.9057669363874827,1.0,0.0,0.4264417340968707,0.5317,0.4862,0.5979,0,0.25,0.0,{'stable': 1.0},0.41759259259259257,0.49212962962962964,0.39432870370370365,0.4264417340968707,at_risk,distinct,Monitor
500737,20122,VaultRun,VaultRun Wallet,fintech,interstitial,feature-focus,cashback,Book now,"Your money, clearer",Built for peace of mind,stable,,0,0.7015432098765432,7.279082149957801,0.546012158928902,0.0051537833722155,0.1059439482599322,-0.7232275934532418,-0.0978766863005891,0.0085973309022765,0.0,0.8314425624400338,0.4502211362974049,0.0,0.29790486786948944,0.5344,0.4891,0.6528,0,0.325,0.1,"{'stable': 0.9, 'fatigued': 0.1}",0.4439814814814815,0.49212962962962964,0.42627314814814815,0.42627314814814815,healthy,distinct,Keep
501030,20171,WayPoint,WayPoint Escapes,travel,native,family,watch now,Watch now,Escape this weekend,Special fares today,stable,,0,0.5524691358024691,7.252636732374346,0.3257184081111168,0.0050704886374486,0.0642380708055413,-0.786411181027591,-0.2255756494286399,0.0094002496301886,0.0,0.9040801725540726,1.0,0.0,0.42602004313851816,0.474,0.428,0.5669,0,0.325,0.1,"{'stable': 0.8, 'fatigued': 0.1, 'top_performer': 0.1}",0.10277777777777777,0.49212962962962964,0.2556712962962963,0.42602004313851816,at_risk,distinct,Monitor
500619,20103,CrispBox,CrispBox Club,ecommerce,banner,ugc,before/after,Book now,Flash sale live,Free shipping over $25,stable,,0,0.2873456790123457,3.017381979750114,0.190398911188063,0.0039203177114904,0.048567214496418,-0.7860214938241228,-0.2400648869062334,0.0091030943440449,0.0,0.9036321773034286,1.0,0.0,0.42590804432585716,0.5047,0.4716,0.5483,0,0.4,0.0,"{'underperformer': 0.8, 'stable': 0.2}",0.3277777777777778,0.49212962962962964,0.3869212962962963,0.42590804432585716,at_risk,distinct,Monitor
500275,20045,DriftPass,DriftPass Trips,travel,native,family,book now,Learn more,Book your next trip,Flexible booking options,stable,,0,0.7175925925925926,13.192217481759064,0.3429009663875338,0.0066858122228305,0.0512878547824906,-0.7852789050921487,-0.2640044940019571,0.0129137104126203,0.0,0.9027784766374963,1.0,0.0,0.4256946191593741,0.5152,0.4372,0.5981,0,0.45,0.1,"{'stable': 0.9, 'fatigued': 0.1}",0.13194444444444445,0.49212962962962964,0.30150462962962965,0.4256946191593741,at_risk,distinct,Monitor
500167,20027,WayPoint,WayPoint Trips,travel,banner,urgency,last-minute deal,Shop now,Last-minute savings,Special fares today,stable,,0,0.4564814814814815,8.039853047661111,0.237183996695559,0.0045720038982077,0.0518774703557312,-0.7844307669934878,-0.2449944382647386,0.0088366696568196,0.0,0.9018034334831186,1.0,0.0,0.42545085837077967,0.4457,0.4096,0.5842,0,0.15,0.4,"{'stable': 0.6, 'fatigued': 0.4}",0.04814814814814815,0.49212962962962964,0.18460648148148148,0.42545085837077967,at_risk,distinct,Monitor
500332,20055,ZenDrop,ZenDrop Shop,ecommerce,banner,ugc,limited offer,Get offer,New collection drop,Free shipping over $25,underperformer,,0,0.1679012345679012,1.84489187669462,0.1991722635049046,0.0036628820682151,0.0543758329631275,-0.7841106727437295,-0.2355330715795831,0.0082389886684054,0.0,0.901435444228214,1.0,0.0,0.4253588610570535,0.4641,0.4278,0.5797,0,0.4,0.0,"{'stable': 0.7, 'underperformer': 0.3}",0.10185185185185185,0.49212962962962964,0.27395833333333336,0.4253588610570535,at_risk,distinct,Monitor
500069,20011,FluxStream,FluxStream Play,entertainment,rewarded_video,celebrity,watch now,Watch now,A new season drops,Start free today,stable,,0,0.5558641975308642,1.8132314882693672,0.5532433826360842,0.0056165182514081,0.0985029083627348,-0.8072346962224349,-0.1942802889576883,0.0110177740743243,0.0,0.9280194649557104,0.8936662627307617,0.0,0.41073811878507993,0.5472,0.4915,0.7022,0,0.275,0.2,"{'stable': 0.8, 'fatigued': 0.2}",0.4666666666666667,0.49212962962962964,0.42511574074074077,0.42511574074074077,at_risk,distinct,Monitor
500739,20123,HorizonHop,HorizonHop Flights,travel,native,destination,escape,Book now,Last-minute savings,Flexible booking options,stable,,0,0.5719135802469136,6.99884247413023,0.2992084790998798,0.0057431185997148,0.0520986070381231,-0.7822738487421078,-0.2180258105922439,0.0105369101536794,0.0,0.8993237802534372,1.0,0.0,0.4248309450633593,0.4622,0.4235,0.4898,0,0.45,0.0,"{'stable': 0.9, 'top_performer': 0.1}",0.09074074074074075,0.49212962962962964,0.2809027777777778,0.4248309450633593,at_risk,distinct,Monitor
501026,20171,WayPoint,WayPoint Escapes,travel,interstitial,discount,challenge,Claim reward,Book your next trip,Flexible booking options,stable,,0,0.7583333333333334,7.354980902330781,0.4223039143560018,0.0072158553909101,0.058524442561305,-0.7808956463642764,-0.2798383142148752,0.0134816188963072,0.0,0.89773936045674,1.0,0.0,0.424434840114185,0.4857,0.4583,0.5511,0,0.375,0.5,"{'fatigued': 0.5, 'stable': 0.4, 'top_performer': 0.1}",0.24444444444444444,0.49212962962962964,0.33900462962962963,0.424434840114185,at_risk,distinct,Monitor
500337,20056,NovaPay,NovaPay Bank,fintech,rewarded_video,celebrity,fast,Watch now,Track every euro,Built for peace of mind,stable,,0,0.763888888888889,6.475334345760055,0.7681913783051434,0.0057347507946737,0.1339537507050197,-0.7566821831072358,-0.1371594543917056,0.0104558976538343,0.0,0.8699028894506277,0.6309172055592375,0.0,0.3436591634745044,0.565,0.4963,0.6753,0,0.2,0.1,"{'stable': 0.7, 'top_performer': 0.2, 'fatigued': 0.1}",0.5027777777777778,0.49212962962962964,0.42442129629629627,0.42442129629629627,healthy,distinct,Keep
501024,20170,ClearLedger,ClearLedger Pay,fintech,interstitial,combo,save smarter,Install now,Save with confidence,"Fast signup, instant card",stable,,0,0.5225308641975309,4.420224826381899,0.4407433759028766,0.0043899841489994,0.1003974868572894,-0.7749207684723216,-0.0371258800802029,0.008289039149147,0.0,0.8908704746043165,0.1707746404942352,0.0,0.25687254674992616,0.5199,0.49,0.5574,0,0.3,0.0,{'stable': 1.0},0.45185185185185184,0.49212962962962964,0.4239583333333333,0.4239583333333333,healthy,distinct,Keep
500455,20075,CloudRoute,CloudRoute Getaway,travel,native,destination,discover,Claim reward,Fly smarter,Flexible booking options,stable,,0,0.5793209876543209,7.235740316477087,0.3345223918077563,0.0052523205781859,0.0636903987157794,-0.8201525961454104,-0.0697314348555883,0.010318384833244,0.0,0.9428702420976877,0.32075632127466575,0.0,0.29986882477935506,0.5022,0.4858,0.5273,0,0.375,0.0,{'stable': 1.0},0.4134259259259259,0.49212962962962964,0.4234953703703703,0.4234953703703703,healthy,distinct,Keep
500104,20017,PulsePlay,PulsePlay Box,entertainment,native,drama,watch now,Shop now,Exclusive tonight,New hits every week,stable,,0,0.4858024691358024,2.090932548306793,0.495780174739842,0.0045874955003362,0.1080720786981704,-0.8029156726188783,-0.1018997821532955,0.0094819946486698,0.0,0.9230541952609608,0.4687268995664659,0.0,0.3245089287285334,0.5428,0.4869,0.7516,0,0.35,0.3,"{'stable': 0.5, 'fatigued': 0.3, 'underperformer': 0.2}",0.42592592592592593,0.49212962962962964,0.4234953703703703,0.4234953703703703,healthy,distinct,Keep
500891,20148,SnapMeal,SnapMeal Express,food_delivery,native,urgency,free delivery,Claim reward,2-for-1 tonight,Free delivery over $15,stable,,0,0.3808641975308642,1.6986443507219129,0.4202930379302948,0.0045359396620966,0.0926584278539585,-0.8165200984278252,-0.2049440979830328,0.0102611766892833,0.0,0.9386942216613742,0.9427185181565793,0.0,0.4232172590466594,0.501,0.4463,0.5894,0,0.35,0.2,"{'stable': 0.6, 'underperformer': 0.2, 'fatigued': 0.2}",0.17731481481481481,0.49212962962962964,0.2991898148148148,0.4232172590466594,at_risk,distinct,Monitor
501005,20167,NeonCast,NeonCast Now,entertainment,interstitial,testimonial,trending,Watch now,Stream the hype,New hits every week,stable,,0,0.3160493827160494,1.6848525802398906,0.3572697006838711,0.0043702304758431,0.0817507686742629,-0.8309599721275954,-0.1999663409559167,0.0108728581469183,0.0,0.9552947022001792,0.9198214268300708,0.0,0.42278796091605897,0.5022,0.4804,0.5376,0,0.325,0.0,"{'stable': 0.9, 'underperformer': 0.1}",0.38333333333333336,0.49212962962962964,0.3959490740740741,0.42278796091605897,at_risk,distinct,Monitor
500158,20026,ClearLedger,ClearLedger Invest,fintech,interstitial,minimalist,security,Try for free,Secure & simple,"Fast signup, instant card",stable,,0,0.6296296296296297,8.119812120546076,0.4822537066019889,0.0044203374747138,0.1090988435522583,-0.7744620807255728,-0.2282489113475028,0.0082988369800906,0.0,0.8903431544094443,1.0,0.0,0.42258578860236107,0.484,0.4491,0.5786,0,0.35,0.0,{'stable': 1.0},0.19444444444444445,0.49212962962962964,0.30775462962962963,0.42258578860236107,at_risk,distinct,Monitor
500871,20145,VantaStyle,VantaStyle Shop,ecommerce,native,ugc,new collection,Shop now,New collection drop,Only this weekend,stable,,0,0.3469135802469136,2.3269246103821315,0.2784733389774578,0.0046148432511152,0.0603429680759275,-0.7997229446065748,-0.2091162889443235,0.0089259397154868,0.0,0.9193837463127275,0.9619101012233913,0.0,0.42222795682286013,0.4529,0.4197,0.4881,0,0.425,0.0,"{'stable': 0.9, 'underperformer': 0.1}",0.07546296296296297,0.49212962962962964,0.2670138888888889,0.42222795682286013,at_risk,distinct,Monitor
500285,20047,FluxStream,FluxStream Stream,entertainment,interstitial,feature-focus,exclusive,Order now,Exclusive tonight,New hits every week,underperformer,,0,0.207716049382716,1.4605468973914917,0.3312221694255418,0.0036889528075526,0.0897875865333412,-0.7941745112146226,-0.2104697555124033,0.0093462674970274,0.0,0.9130051129216733,0.9681358867424272,0.0,0.4218784555789038,0.5245,0.4521,0.6525,0,0.275,0.0,"{'stable': 0.6, 'underperformer': 0.4}",0.20925925925925926,0.49212962962962964,0.29641203703703706,0.4218784555789038,at_risk,distinct,Monitor
500551,20091,ZenDrop,ZenDrop Market,ecommerce,native,ugc,before/after,Learn more,New collection drop,Shop bestsellers now,stable,,0,0.4342592592592593,2.766092044775869,0.3303013625290451,0.0046718448778346,0.0707004130415678,-0.8118513396304758,-0.0213347375811832,0.009796142578125,0.0,0.9333268866578134,0.09813725984662229,0.0,0.2529591736337778,0.532,0.4897,0.6192,0,0.3,0.1,"{'stable': 0.9, 'fatigued': 0.1}",0.44722222222222224,0.49212962962962964,0.4216435185185185,0.4216435185185185,healthy,distinct,Keep
500987,20164,NovaPay,NovaPay Wallet,fintech,rewarded_video,testimonial,free rewards,Claim reward,Secure & simple,Built for peace of mind,stable,,0,0.5302469135802469,5.3241707073425,0.4599832857873924,0.0041051278420651,0.1120509040117948,-0.7700343544490696,-0.3177930046128353,0.008369652880174,0.0,0.8852529170976445,1.0,0.0,0.42131322927441117,0.4664,0.4293,0.5234,0,0.175,0.0,"{'stable': 0.9, 'top_performer': 0.1}",0.1050925925925926,0.49212962962962964,0.21932870370370372,0.42131322927441117,at_risk,distinct,Monitor
500098,20016,FreshDash,FreshDash Bites,food_delivery,interstitial,discount,book now,Try for free,Hungry? We got you,Late-night deals available,stable,,0,0.5608024691358025,2.7421905260314547,0.4521032407449171,0.0050837304808614,0.0889313944645449,-0.858040867794128,-0.1895858194633448,0.0140615434511246,0.0,0.9864276532794425,0.8720722604208967,0.0,0.42102136540404,0.4825,0.4563,0.5013,0,0.25,0.1,"{'stable': 0.7, 'underperformer': 0.2, 'fatigued': 0.1}",0.2324074074074074,0.49212962962962964,0.3017361111111111,0.42102136540404,at_risk,distinct,Monitor
500698,20116,CoinBridge,CoinBridge Cash,fintech,interstitial,minimalist,security,Shop now,Secure & simple,No hidden fees,stable,,0,0.6716049382716048,5.321751676391418,0.5537669113301508,0.0052983460783929,0.1045169385194479,-0.4955799355421133,-0.1219017926734217,0.0075569780680085,0.0,0.5697324814911685,0.5607337731640007,0.0,0.2545798750055923,0.5436,0.4865,0.6441,0,0.35,0.0,{'stable': 1.0},0.42083333333333334,0.49212962962962964,0.42094907407407406,0.42094907407407406,healthy,distinct,Keep
500048,20008,CoinBridge,CoinBridge Invest,fintech,native,feature-focus,cashback,Shop now,Secure & simple,Built for peace of mind,stable,,0,0.6052469135802468,7.980125027952726,0.4542711823952788,0.0043543009892872,0.1043270053018642,-0.7526704591513502,-0.139194741781229,0.0080739360914762,0.0,0.865290899980263,0.6402792859058163,0.0,0.344378582176229,0.5193,0.4907,0.5491,0,0.275,0.1,"{'stable': 0.9, 'fatigued': 0.1}",0.45694444444444443,0.49212962962962964,0.4202546296296296,0.4202546296296296,healthy,distinct,Keep
500981,20163,ZenDrop,ZenDrop Store,ecommerce,native,ugc,limited offer,Install now,New collection drop,Free shipping over $25,stable,,0,0.4012345679012346,2.3303641194849183,0.3112584602618137,0.0049000543040245,0.0635214307739747,-0.815974029201771,-0.2007679530599477,0.0099793865508302,0.0,0.9380664452868414,0.9235087473349582,0.0,0.419218360788702,0.468,0.4253,0.5562,0,0.425,0.1,"{'stable': 0.7, 'underperformer': 0.2, 'fatigued': 0.1}",0.09537037037037037,0.49212962962962964,0.27696759259259257,0.419218360788702,at_risk,distinct,Monitor
500890,20148,SnapMeal,SnapMeal Express,food_delivery,banner,discount,last-minute deal,Get offer,"Your cravings, delivered",Free delivery over $15,stable,,0,0.2265432098765432,1.453738781466292,0.3284381128354476,0.0039693610145646,0.082743321061078,-0.7821770149969747,-0.1265506389567561,0.0084874456918296,0.0,0.8992124574860083,0.5821179141199679,0.0,0.3412266971954957,0.5503,0.4989,0.6659,0,0.15,0.1,"{'stable': 0.8, 'underperformer': 0.1, 'fatigued': 0.1}",0.5166666666666667,0.49212962962962964,0.41886574074074073,0.41886574074074073,healthy,distinct,Keep
500058,20009,DriftPass,DriftPass Travel,travel,native,family,last-minute deal,Try for free,Book your next trip,Special fares today,stable,,0,0.4598765432098765,7.2703720416047775,0.2540885065848578,0.0047215213586624,0.0538149649834132,-0.8210533586280566,-0.1202829314280569,0.0107685191969519,0.0,0.9439057837079645,0.5532872036391844,0.0,0.346633886654828,0.549,0.4842,0.6078,0,0.375,0.2,"{'stable': 0.8, 'fatigued': 0.2}",0.40324074074074073,0.49212962962962964,0.4184027777777778,0.4184027777777778,healthy,distinct,Keep
500858,20143,StarVault,StarVault Play,entertainment,banner,trailer,free rewards,Watch now,Watch what’s trending,New hits every week,stable,,0,0.3037037037037037,2.2494491155712093,0.3037440415844537,0.0038969961041637,0.0779431216931216,-0.7568083691580396,-0.2942964691379766,0.0074596651887566,0.0,0.8700479564452698,1.0,0.0,0.4175119891113175,0.4732,0.4423,0.5333,0,0.075,0.2,"{'stable': 0.6, 'fatigued': 0.2, 'underperformer': 0.2}",0.1574074074074074,0.49212962962962964,0.2204861111111111,0.4175119891113175,at_risk,distinct,Monitor
500283,20047,FluxStream,FluxStream Stream,entertainment,native,trailer,new season,Order now,A new season drops,Start free today,underperformer,,0,0.191358024691358,1.70242598236133,0.3128416056197728,0.003083225146295,0.1014657025600938,-0.7592708177659047,-0.0430403796525048,0.0084405415675794,0.0,0.8728788558729651,0.19798063631120075,0.0,0.2578158412304814,0.5309,0.482,0.5752,0,0.4,0.0,"{'stable': 0.5, 'underperformer': 0.4, 'top_performer': 0.1}",0.3888888888888889,0.49212962962962964,0.41747685185185185,0.41747685185185185,healthy,distinct,Keep
500584,20097,LuxShelf,LuxShelf Outlet,ecommerce,native,combo,new collection,Book now,New collection drop,Shop bestsellers now,stable,,0,0.3256172839506173,2.4383543813540727,0.2717189279426326,0.0043349359786696,0.0626811858997783,-0.7926004649963264,-0.0032898919262555,0.0090935964651725,0.0,0.9111955455973815,0.015133112259088552,0.0,0.23082550885116307,0.564,0.4884,0.6127,0,0.3,0.0,{'stable': 1.0},0.4388888888888889,0.49212962962962964,0.41747685185185185,0.41747685185185185,healthy,distinct,Keep
500119,20019,ZenDrop,ZenDrop Market,ecommerce,interstitial,discount,late-night,Try for free,Your next favorite pick,Only this weekend,stable,,0,0.6796296296296296,2.347871612598087,0.474960718440944,0.0078356463702186,0.0606153846153846,-0.7566811643612659,-0.3667975014531939,0.0126404396513078,0.0,0.869901718271918,1.0,0.0,0.4174754295679795,0.5604,0.4798,0.6573,0,0.375,0.1,"{'stable': 0.9, 'fatigued': 0.1}",0.37962962962962965,0.49212962962962964,0.4065972222222222,0.4174754295679795,at_risk,distinct,Monitor
500893,20148,SnapMeal,SnapMeal Express,food_delivery,interstitial,food-closeup,discover,Book now,Hungry? We got you,Late-night deals available,stable,,0,0.4574074074074074,1.4831711055693542,0.4633167957669517,0.0055336309352165,0.0837274478892976,-0.8584992137440253,-0.1851383782679738,0.0127335297067656,0.0,0.986954580535145,0.8516145589571747,0.0,0.4170615569252212,0.4852,0.4549,0.5372,0,0.175,0.2,"{'stable': 0.7, 'fatigued': 0.2, 'underperformer': 0.1}",0.22037037037037038,0.49212962962962964,0.27696759259259257,0.4170615569252212,at_risk,distinct,Monitor
500010,20001,VantaStyle,VantaStyle Drops,ecommerce,native,fantasy,free shipping,Watch now,Limited stock,Shop bestsellers now,stable,,0,0.2487654320987654,2.588338237265342,0.1930181648499495,0.0036336415737248,0.0531197590443919,-0.7900245156678192,-0.2063388622528407,0.0087698018892196,0.0,0.9082341625835181,0.9491342682003785,0.0,0.4168853942859552,0.4836,0.444,0.5893,0,0.325,0.0,"{'stable': 0.7, 'underperformer': 0.3}",0.16574074074074074,0.49212962962962964,0.28715277777777776,0.4168853942859552,at_risk,distinct,Monitor
500418,20069,NomadLayer,NomadLayer Trips,travel,interstitial,discount,new collection,Shop now,Book your next trip,Special fares today,stable,,0,0.5268518518518518,7.7289341227894655,0.2425840543896219,0.0054857274970996,0.044220945083014,-0.8390338373560358,0.0741136802304549,0.0124253448118232,0.0,0.9645766422908181,0.0,0.0,0.24114416057270452,0.5261,0.4818,0.6323,0,0.4,0.5,"{'fatigued': 0.5, 'stable': 0.4, 'top_performer': 0.1}",0.3875,0.49212962962962964,0.4167824074074074,0.4167824074074074,healthy,distinct,Keep
500749,20124,FreshDash,FreshDash Delivery,food_delivery,native,discount,2-for-1,Watch now,2-for-1 tonight,Late-night deals available,stable,,0,0.332716049382716,1.5207010399545977,0.4227245964411641,0.0043168433689163,0.0979244694132334,-0.8364691099153633,-0.1358307289093278,0.0116189469929707,0.0,0.9616281602714151,0.6248052260969755,0.0,0.36536808528724884,0.5319,0.4899,0.5894,0,0.275,0.2,"{'stable': 0.6, 'fatigued': 0.2, 'underperformer': 0.2}",0.45,0.49212962962962964,0.4167824074074074,0.4167824074074074,healthy,distinct,Keep
500050,20008,CoinBridge,CoinBridge Invest,fintech,banner,feature-focus,save smarter,Start now,Secure & simple,No hidden fees,stable,,0,0.2876543209876543,5.087406242331003,0.2635554072443049,0.0029555582094565,0.089172802078822,-0.6807032656668492,-0.0147491083909232,0.0062194523568283,0.0,0.7825554121421047,0.06784414746880398,0.0,0.20920768252928695,0.5284,0.4865,0.5761,0,0.325,0.0,{'stable': 1.0},0.42083333333333334,0.49212962962962964,0.4146990740740741,0.4146990740740741,healthy,distinct,Keep
501070,20178,PlateSprint,PlateSprint Go,food_delivery,interstitial,wanderlust,late-night,Watch now,"Fast food, fast",Free delivery over $15,stable,,0,0.7651234567901235,2.301822266247416,0.825922419963185,0.009014833020945,0.0916181606519208,-0.6394757355761616,-0.1763472124419811,0.0131260370566383,0.0,0.7351590965535304,0.8111762399135362,0.0,0.3460250221210899,0.5237,0.4848,0.6095,0,0.35,0.1,"{'stable': 0.8, 'underperformer': 0.1, 'fatigued': 0.1}",0.4083333333333333,0.49212962962962964,0.414699074074074,0.414699074074074,healthy,distinct,Keep
500016,20002,EarnPath,EarnPath Invest,fintech,interstitial,testimonial,earn more,Order now,Secure & simple,"Fast signup, instant card",stable,,0,0.4858024691358024,6.453928537255652,0.3944508821936297,0.0037789865206851,0.1043800712266402,-0.7855275280705257,-0.1495783477374587,0.0087751371115173,0.0,0.9030643005304099,0.6880426404816046,0.0,0.3633746032289234,0.5458,0.4895,0.599,0,0.275,0.0,{'stable': 1.0},0.44537037037037036,0.49212962962962964,0.4144675925925926,0.4144675925925926,healthy,distinct,Keep
500241,20040,SnapMeal,SnapMeal Kitchen,food_delivery,interstitial,family,2-for-1,Get offer,"Fast food, fast",Fresh favorites nearby,stable,,0,0.5484567901234568,1.6443111113909288,0.5637694327879375,0.005863113411519,0.0961553006428841,-0.8500857583313636,-0.1275654744110816,0.0126071666849323,0.0,0.9772822381209437,0.586786036720667,0.0,0.36167776687436937,0.5422,0.4919,0.6269,0,0.225,0.1,"{'stable': 0.8, 'fatigued': 0.1, 'underperformer': 0.1}",0.46944444444444444,0.49212962962962964,0.41400462962962964,0.41400462962962964,healthy,distinct,Keep
500297,20049,BoltCart,BoltCart Market,ecommerce,native,wanderlust,free shipping,Watch now,Your next favorite pick,Shop bestsellers now,stable,,0,0.2759259259259259,1.7077023725027185,0.3047451863763863,0.0044422825506527,0.06860103626943,-0.7617462891821629,-0.1369000678286305,0.0086103153575475,0.0,0.8757247266834984,0.6297240581654925,0.0,0.3448759933039731,0.5286,0.4876,0.6265,0,0.3,0.1,"{'stable': 0.9, 'fatigued': 0.1}",0.4310185185185185,0.49212962962962964,0.41354166666666664,0.41354166666666664,healthy,distinct,Keep
500948,20158,VaultRun,VaultRun Pay,fintech,interstitial,testimonial,cashback,Start now,Earn cashback daily,No hidden fees,stable,,0,0.4669753086419754,5.283983111337292,0.4048550141158246,0.0037829147577316,0.107021976450398,-0.775964169875377,-0.0216229162674841,0.0082295279212966,0.0,0.892069997885871,0.09946284758878007,0.0,0.2429100689892238,0.5345,0.476,0.7693,0,0.45,0.0,{'stable': 1.0},0.3541666666666667,0.49212962962962964,0.41261574074074076,0.41261574074074076,healthy,distinct,Keep
500821,20136,QuickFork,QuickFork Eats,food_delivery,native,feature-focus,limited offer,Get offer,2-for-1 tonight,Late-night deals available,stable,,0,0.5132716049382716,1.8608128929530283,0.523326932900155,0.0051725717507021,0.1011734506784011,-0.816393243572299,-0.090307018953639,0.0109653655308765,0.0,0.9385483857902163,0.4154015652315144,0.0,0.31771740949385696,0.5232,0.4888,0.5832,0,0.275,0.2,"{'stable': 0.8, 'fatigued': 0.2}",0.44166666666666665,0.49212962962962964,0.4126157407407407,0.4126157407407407,healthy,distinct,Keep
500997,20166,CraveLoop,CraveLoop Go,food_delivery,interstitial,combo,late-night,Install now,Dinner in minutes,Late-night deals available,stable,,0,0.7271604938271605,2.1305298254226632,0.7440676959940421,0.0080373477460752,0.0925762726090058,-0.7379980760613913,-0.1556097366124651,0.013844784940531,0.0,0.8484231201778238,0.7157863132129991,0.0,0.3552630426870558,0.5647,0.4874,0.7072,0,0.3,0.1,"{'stable': 0.6, 'underperformer': 0.3, 'fatigued': 0.1}",0.42916666666666664,0.49212962962962964,0.4126157407407407,0.4126157407407407,healthy,distinct,Keep
500805,20134,ClearLedger,ClearLedger Cash,fintech,native,feature-focus,cashback,Shop now,Earn cashback daily,Built for peace of mind,stable,,0,0.4962962962962963,7.444892881044028,0.3780933833657911,0.0037138016751373,0.1018076398362892,-0.7416264565443578,-0.0725720214714508,0.007443745548299,0.0,0.8525944073266736,0.3338226824509851,0.0,0.27991313832186543,0.5111,0.4797,0.5448,0,0.4,0.0,{'stable': 1.0},0.3787037037037037,0.49212962962962964,0.41238425925925926,0.41238425925925926,healthy,distinct,Keep
500259,20043,ThreadMark,ThreadMark Store,ecommerce,native,discount,before/after,Shop now,Limited stock,Only this weekend,stable,,0,0.5429012345679013,2.5867450674257624,0.3712108723280125,0.0056654963293967,0.0655213331269669,-0.7926596172539033,-0.1998198218876238,0.0107339439129299,0.0,0.9112635486783743,0.9191474565118125,0.0,0.4116453784719561,0.4945,0.4655,0.5148,0,0.3,0.0,"{'stable': 0.9, 'underperformer': 0.1}",0.287962962962963,0.49212962962962964,0.3420138888888889,0.4116453784719561,at_risk,distinct,Monitor
500844,20140,SwiftStack,SwiftStack Invest,fintech,native,minimalist,earn more,Get offer,Earn cashback daily,"Fast signup, instant card",stable,,0,0.5929012345679013,6.7739739033485655,0.5041341259944673,0.0042061892127221,0.1198553133248606,-0.7386510360834185,-0.0863372733279494,0.0068339302165979,0.0,0.8491737811852296,0.3971412066725746,0.0,0.2917216866308223,0.5271,0.4868,0.6139,0,0.3,0.1,"{'stable': 0.9, 'fatigued': 0.1}",0.425,0.49212962962962964,0.4105324074074074,0.4105324074074074,healthy,distinct,Keep
500239,20039,CloudRoute,CloudRoute Trips,travel,native,destination,escape,Install now,Escape this weekend,Flexible booking options,stable,,0,0.4574074074074074,6.854440875476209,0.2482398718887563,0.0048877574775337,0.0507880910683012,-0.8192800496122605,0.0563985714285713,0.0103684199269481,0.0,0.9418671383279513,0.0,0.0,0.23546678458198783,0.5109,0.4767,0.5773,0,0.425,0.0,{'stable': 1.0},0.36203703703703705,0.49212962962962964,0.41030092592592593,0.41030092592592593,healthy,distinct,Keep
500150,20025,LuxShelf,LuxShelf Market,ecommerce,interstitial,testimonial,free shipping,Book now,Your next favorite pick,Free shipping over $25,stable,,0,0.5935185185185186,1.998870164731189,0.4282198095725125,0.0069303342224583,0.0617892003223784,-0.7295324730455688,-0.2164084418949589,0.0122301235834262,0.0,0.838690827428224,0.9954531390149126,0.0,0.40876333466003856,0.4533,0.436,0.4855,0,0.3,0.1,"{'stable': 0.7, 'underperformer': 0.2, 'fatigued': 0.1}",0.12314814814814815,0.49212962962962964,0.25960648148148147,0.40876333466003856,at_risk,distinct,Monitor
500879,20146,EarnPath,EarnPath Saver,fintech,native,testimonial,cashback,Book now,"Your money, clearer",No hidden fees,stable,,0,0.4888888888888889,7.191847336157341,0.370029057047141,0.0038286070983184,0.0966484801247077,-0.7263351233626327,-0.2444769505453137,0.0070374896589046,0.0,0.8350150652788515,1.0,0.0,0.4087537663197129,0.5286,0.4749,0.6489,0,0.425,0.0,{'stable': 1.0},0.3453703703703704,0.49212962962962964,0.40196759259259257,0.4087537663197129,at_risk,distinct,Monitor
500851,20141,NomadLayer,NomadLayer Travel,travel,interstitial,wanderlust,last-minute deal,Order now,Escape this weekend,Flexible booking options,stable,,0,0.7475308641975308,6.338722349546478,0.4203865493673304,0.0079534204104318,0.0528560704292636,-0.7057727868638781,-0.0424520691228343,0.0120041455837722,0.0,0.8113760311725233,0.1952744777235414,0.0,0.24189890333783912,0.5125,0.4828,0.5605,0,0.35,0.0,"{'stable': 0.8, 'top_performer': 0.2}",0.3962962962962963,0.49212962962962964,0.40868055555555555,0.40868055555555555,healthy,distinct,Keep
500380,20063,WayPoint,WayPoint Travel,travel,rewarded_video,wanderlust,escape,Order now,Escape this weekend,Flexible booking options,stable,,0,0.4722222222222222,5.088572252867344,0.3049339541706778,0.0049960051605467,0.0610355562837948,-0.8377558134206474,-0.1816483590538445,0.0116019073921451,0.0,0.9631073904186305,0.8355608849345427,0.0,0.4078890245915662,0.4778,0.4343,0.5701,0,0.425,0.6,"{'fatigued': 0.6, 'top_performer': 0.3, 'stable': 0.1}",0.11898148148148148,0.49212962962962964,0.28877314814814814,0.4078890245915662,at_risk,distinct,Monitor
500294,20049,BoltCart,BoltCart Market,ecommerce,native,testimonial,new collection,Try for free,New collection drop,Free shipping over $25,stable,,0,0.4049382716049383,1.94744856674512,0.3422998378679486,0.0051079584983111,0.0670130420952179,-0.8272135016232316,-0.1847245989304813,0.0102580894608999,0.0,0.9509876554773337,0.8497112231318267,0.0,0.40768915849569876,0.5164,0.4587,0.6226,0,0.3,0.0,{'stable': 1.0},0.2462962962962963,0.49212962962962964,0.3211805555555555,0.40768915849569876,at_risk,distinct,Monitor
500151,20025,LuxShelf,LuxShelf Market,ecommerce,interstitial,ugc,power-up,Try for free,Limited stock,Only this weekend,stable,,0,0.520679012345679,1.879729239976661,0.3998215372445465,0.006243808020697,0.0640348863897177,-0.8031034763959781,-0.192201459355363,0.0118238298819678,0.0,0.9232700997080273,0.884103893374966,0.0,0.40763830360200004,0.543,0.4778,0.5924,0,0.225,0.0,{'stable': 1.0},0.36944444444444446,0.49212962962962964,0.36400462962962965,0.40763830360200004,at_risk,distinct,Monitor
501034,20172,QuickFork,QuickFork Kitchen,food_delivery,banner,food-closeup,fast,Get offer,"Fast food, fast",Free delivery over $15,underperformer,,0,0.1154320987654321,1.61599569721723,0.2251435780916388,0.0032102881457208,0.0701318909306461,-0.7631668680210525,-0.0768120821509306,0.008204815499658,0.0,0.8773578636387891,0.3533264581634436,0.0,0.29000475754238597,0.4949,0.4745,0.5216,0,0.45,0.0,"{'stable': 0.8, 'underperformer': 0.2}",0.3435185185185185,0.49212962962962964,0.40729166666666666,0.40729166666666666,healthy,distinct,Keep
500224,20037,VantaStyle,VantaStyle Market,ecommerce,native,discount,trending,Order now,Flash sale live,Only this weekend,stable,,0,0.266358024691358,1.83458872671126,0.2801600098189413,0.004375204724769,0.0640335772707705,-0.7977372037720825,-0.0202188135686403,0.0093935096103176,0.0,0.9171008834038487,0.09300414188014695,0.0,0.24787604922699155,0.5477,0.4874,0.6383,0,0.275,0.0,"{'stable': 0.9, 'underperformer': 0.1}",0.42916666666666664,0.49212962962962964,0.4063657407407407,0.4063657407407407,healthy,distinct,Keep
500308,20051,HorizonHop,HorizonHop Flights,travel,native,wanderlust,discover,Shop now,Fly smarter,Special fares today,stable,,0,0.5660493827160494,6.786131486772004,0.3091107936360815,0.0055696401446939,0.0554992397364419,-0.83311313911711,-0.1796110096587534,0.0115247191798416,0.0,0.9577700428748559,0.8261893196071699,0.0,0.40468037464014794,0.5328,0.4606,0.6172,0,0.35,0.0,{'stable': 1.0},0.25416666666666665,0.49212962962962964,0.33761574074074074,0.40468037464014794,at_risk,distinct,Monitor
500139,20023,NeonCast,NeonCast Stream,entertainment,rewarded_video,drama,exclusive,Order now,A new season drops,New hits every week,stable,,0,0.4126543209876543,1.9724866596207489,0.4261677881029455,0.0043928391887843,0.0970142019291357,-0.8285553902936893,-0.0920798454603992,0.0114937692330436,0.0,0.952530328025746,0.4235563566787901,0.0,0.3228438533421945,0.5334,0.4714,0.6991,0,0.475,0.4,"{'stable': 0.5, 'fatigued': 0.4, 'underperformer': 0.1}",0.325,0.49212962962962964,0.4042824074074074,0.4042824074074074,healthy,distinct,Keep
500765,20127,ZenDrop,ZenDrop Club,ecommerce,banner,product-focus,2-for-1,Get offer,New collection drop,Free shipping over $25,underperformer,,0,0.1422839506172839,1.6119106293553904,0.2106684816840654,0.0037786738572704,0.0557519621013929,-0.7136876268979659,-0.1986611129873541,0.006942525498234,0.0,0.8204751514754746,0.9138175331415502,0.0,0.3878822944971787,0.5328,0.4789,0.6356,0,0.375,0.1,"{'underperformer': 0.5, 'stable': 0.4, 'fatigued': 0.1}",0.375,0.49212962962962964,0.4042824074074074,0.4042824074074074,healthy,distinct,Keep
500276,20046,BiteRush,BiteRush Go,food_delivery,banner,destination,trending,Order now,Hungry? We got you,Fresh favorites nearby,stable,,0,0.3348765432098765,1.7714099758987971,0.3684233307498049,0.00433637134637,0.0849612040394588,-0.8046128668777642,-0.0245537792238316,0.0098779013802138,0.0,0.9250053369988318,0.11294446921301768,0.0,0.2538402280923115,0.5142,0.4899,0.6149,0,0.225,0.0,"{'stable': 0.7, 'underperformer': 0.3}",0.45,0.49212962962962964,0.4042824074074074,0.4042824074074074,healthy,distinct,Keep
500789,20131,NeonCast,NeonCast Stream,entertainment,native,celebrity,exclusive,Order now,A new season drops,Cancel anytime,stable,,0,0.3145061728395062,1.8830259121670776,0.3521080531983702,0.0039635092043987,0.0888374506126032,-0.791982548961807,-0.1919361417218715,0.0086300724519964,0.0,0.910485172132978,0.8828834637614885,0.0,0.4041979857855422,0.5517,0.4657,0.6814,0,0.375,0.0,"{'stable': 0.8, 'underperformer': 0.2}",0.28888888888888886,0.49212962962962964,0.3612268518518518,0.4041979857855422,at_risk,distinct,Monitor
500015,20002,EarnPath,EarnPath Invest,fintech,banner,fantasy,free rewards,Start now,Track every euro,Built for peace of mind,stable,,0,0.3101851851851852,6.06685674054334,0.2647121564157282,0.0027940557542772,0.0947411861808749,-0.7103455310312328,-0.217732721191599,0.0062661532251175,0.0,0.8166329850862071,1.0,0.0,0.4041582462715518,0.5021,0.4706,0.5256,0,0.2,0.0,{'stable': 1.0},0.3226851851851852,0.49212962962962964,0.334375,0.4041582462715518,at_risk,distinct,Monitor
500237,20039,CloudRoute,CloudRoute Trips,travel,interstitial,food-closeup,last-minute deal,Shop now,Book your next trip,Hotels + flights in one tap,stable,,0,0.7049382716049383,7.683603695178304,0.3463687013236518,0.0071084094010315,0.0487266112266112,-0.7821810826125757,-0.0351526400625215,0.0135122415470052,0.0,0.8992171337300688,0.1616979706913806,0.0,0.2571438775707933,0.518,0.4811,0.5511,0,0.35,0.5,"{'fatigued': 0.5, 'stable': 0.4, 'top_performer': 0.1}",0.3861111111111111,0.49212962962962964,0.40358796296296295,0.40358796296296295,healthy,distinct,Keep
500627,20104,SwiftStack,SwiftStack Invest,fintech,interstitial,trust,cashback,Shop now,Secure & simple,No hidden fees,stable,,0,0.5037037037037037,6.276094059370347,0.3839172320933602,0.0041256320719113,0.0930565851247837,-0.783039411991616,-0.1807652543029044,0.00831824875744,0.0,0.9002038930639036,0.8314987079293177,0.0,0.3913507148518395,0.5399,0.4867,0.593,0,0.275,0.0,{'stable': 1.0},0.42314814814814816,0.49212962962962964,0.4033564814814815,0.4033564814814815,healthy,distinct,Keep
500053,20008,CoinBridge,CoinBridge Invest,fintech,interstitial,fantasy,earn more,Install now,Secure & simple,Built for peace of mind,stable,,0,0.4805555555555555,5.730642006482579,0.4032181619150001,0.0038648908449641,0.1043284734523322,-0.756344855084509,0.0028297260699199,0.0076541422299563,0.0,0.8695150877708555,0.0,0.0,0.21737877194271388,0.5336,0.4852,0.5815,0,0.3,0.0,{'stable': 1.0},0.4101851851851852,0.49212962962962964,0.403125,0.403125,healthy,distinct,Keep
500658,20109,VantaStyle,VantaStyle Outlet,ecommerce,rewarded_video,discount,security,Watch now,New collection drop,Shop bestsellers now,stable,,0,0.7595679012345679,2.945526376622366,0.5764676826522163,0.0078200862958174,0.0737162814891877,-0.775416347787136,0.0183695468845099,0.0118775578831522,0.0,0.8914402063722018,0.0,0.0,0.22286005159305045,0.5379,0.491,0.5984,0,0.2,0.1,"{'stable': 0.9, 'fatigued': 0.1}",0.4601851851851852,0.49212962962962964,0.403125,0.403125,healthy,distinct,Keep
500273,20045,DriftPass,DriftPass Trips,travel,interstitial,urgency,free rewards,Shop now,Last-minute savings,Special fares today,stable,,0,0.6959876543209877,9.71647522754889,0.3117068773016933,0.0072095651017279,0.0432351844949683,-0.7773205999679459,-0.1940446452563171,0.0127309535671931,0.0,0.8936293876577012,0.8925823296819163,0.0,0.4019238128508086,0.5349,0.4792,0.5961,0,0.2,0.2,"{'stable': 0.6, 'top_performer': 0.2, 'fatigued': 0.2}",0.37777777777777777,0.49212962962962964,0.36192129629629627,0.4019238128508086,at_risk,distinct,Monitor
500502,20083,FluxStream,FluxStream Stream,entertainment,native,gameplay,trending,Get offer,Stream the hype,Cancel anytime,stable,,0,0.6191358024691357,2.8440330537232423,0.501168579070079,0.0054339119614719,0.0922297936778345,-0.7230092100409753,0.0015962167166723,0.0092330238475289,0.0,0.8311915027936196,0.0,0.0,0.2077978756984049,0.5266,0.4826,0.5533,0,0.325,0.1,"{'stable': 0.7, 'underperformer': 0.2, 'fatigued': 0.1}",0.39490740740740743,0.49212962962962964,0.4017361111111111,0.4017361111111111,healthy,distinct,Keep
500514,20085,BoltCart,BoltCart Drops,ecommerce,interstitial,product-focus,security,Book now,New collection drop,Shop bestsellers now,stable,,0,0.5030864197530863,3.694492077010553,0.3157224063244145,0.0054185368562306,0.0582670958418183,-0.8405551874122213,0.0362156137001206,0.0120719503368696,0.0,0.9663256286410811,0.0,0.0,0.24158140716027027,0.541,0.4877,0.6313,0,0.25,0.0,{'stable': 1.0},0.4324074074074074,0.49212962962962964,0.40173611111111107,0.40173611111111107,healthy,distinct,Keep
500008,20001,VantaStyle,VantaStyle Drops,ecommerce,native,combo,limited offer,Install now,Flash sale live,Only this weekend,stable,,0,0.2496913580246913,2.642289116341278,0.1989780403009406,0.0035884980352741,0.0554488363502031,-0.7988159231274188,-0.1870760272515931,0.0093729454895087,0.0,0.9183410091859306,0.8605275142289895,0.0,0.4016907551422806,0.4663,0.4361,0.4992,0,0.275,0.0,"{'stable': 0.7, 'underperformer': 0.3}",0.12453703703703704,0.49212962962962964,0.25405092592592593,0.4016907551422806,at_risk,distinct,Monitor
500302,20050,VaultRun,VaultRun Cash,fintech,native,wanderlust,save smarter,Try for free,Save with confidence,"Fast signup, instant card",stable,,0,0.4654320987654321,6.824046083669385,0.3760626509955329,0.0035482490357667,0.105985416244683,-0.7177629531331935,-0.2119175073621927,0.0070433405366226,0.0,0.8251602598956579,0.9747953733630417,0.0,0.4012491396465228,0.5135,0.474,0.57,0,0.325,0.1,"{'stable': 0.9, 'fatigued': 0.1}",0.34074074074074073,0.49212962962962964,0.3746527777777778,0.4012491396465228,at_risk,distinct,Monitor
500372,20062,ClearLedger,ClearLedger Cash,fintech,native,urgency,save smarter,Try for free,Earn cashback daily,No hidden fees,stable,,0,0.4888888888888889,7.93796167438304,0.3732073285025685,0.0035332653871164,0.1056267468227601,-0.7169312356727078,-0.2121058820312286,0.0065786075463859,0.0,0.8242040943637671,0.9756618744752936,0.0,0.4011833984860005,0.5008,0.4523,0.5657,0,0.325,0.0,{'stable': 1.0},0.2101851851851852,0.49212962962962964,0.309375,0.4011833984860005,at_risk,distinct,Monitor
500060,20010,BiteRush,BiteRush Delivery,food_delivery,native,celebrity,free delivery,Try for free,Dinner in minutes,Late-night deals available,stable,,0,0.3824074074074073,2.407225541094152,0.351214828172271,0.0040668510635389,0.0863603861279942,-0.8146374994212803,-0.0917969633159702,0.0102821896386546,0.0,0.9365299334674254,0.42225513240039625,0.0,0.3185835098469356,0.5859,0.4825,0.7499,0,0.325,0.2,"{'stable': 0.7, 'fatigued': 0.2, 'underperformer': 0.1}",0.39305555555555555,0.49212962962962964,0.4008101851851852,0.4008101851851852,healthy,distinct,Keep
500277,20046,BiteRush,BiteRush Go,food_delivery,banner,reward,free delivery,Shop now,2-for-1 tonight,Late-night deals available,stable,,0,0.5450617283950617,2.324903623906544,0.473524457713332,0.0051601325868481,0.0917659478208415,-0.8041498134874115,-0.0437640384726142,0.010320908332233,0.0,0.9244729979386155,0.201309380965272,0.0,0.2713801256777083,0.5256,0.4862,0.619,0,0.275,0.1,"{'stable': 0.8, 'underperformer': 0.1, 'fatigued': 0.1}",0.41759259259259257,0.49212962962962964,0.4005787037037037,0.4005787037037037,healthy,distinct,Keep
500630,20105,NomadLayer,NomadLayer Flights,travel,interstitial,competitive,escape,Try for free,Dream destinations await,Special fares today,top_performer,,0,0.8416666666666667,10.468499538877056,0.4594112147623557,0.0085888599951929,0.0534891958908962,-0.6294356725034911,-0.0252324263633406,0.0130966493865609,0.0,0.723616760719326,0.11606616548046565,0.0,0.20411742327592464,0.5213,0.4889,0.5643,0,0.225,0.3,"{'top_performer': 0.4, 'fatigued': 0.3, 'stable': 0.3}",0.4425925925925926,0.49212962962962964,0.4005787037037037,0.4005787037037037,healthy,distinct,Keep
500163,20027,WayPoint,WayPoint Trips,travel,banner,urgency,escape,Get offer,Fly smarter,Hotels + flights in one tap,stable,,0,0.4925925925925926,7.6083507539602975,0.229294754846878,0.0051605561750786,0.0444321788326203,-0.8231760880095822,-0.1781763210334638,0.0105240345021888,0.0,0.9463461324616884,0.8195899222682865,0.0,0.40050451756907945,0.4189,0.3947,0.4602,0,0.1,0.4,"{'stable': 0.6, 'fatigued': 0.4}",0.026851851851851852,0.49212962962962964,0.16145833333333334,0.40050451756907945,at_risk,distinct,Monitor
500140,20023,NeonCast,NeonCast Stream,entertainment,interstitial,drama,exclusive,Get offer,Watch what’s trending,Cancel anytime,underperformer,,0,0.1567901234567901,1.6053414634568826,0.2799617996049137,0.0033965209731507,0.0824260476581758,-0.7510368665706558,-0.0643595649173853,0.0091068901349322,0.0,0.8634128765011113,0.29604635734932316,0.0,0.2750624905951425,0.524,0.476,0.5642,0,0.4,0.3,"{'stable': 0.5, 'fatigued': 0.3, 'underperformer': 0.2}",0.3541666666666667,0.49212962962962964,0.40011574074074074,0.40011574074074074,healthy,distinct,Keep
500906,20151,ThreadMark,ThreadMark Club,ecommerce,banner,celebrity,free shipping,Install now,New collection drop,Shop bestsellers now,underperformer,,0,0.1836419753086419,1.6307701407372617,0.1881752066433921,0.0043475925218055,0.0432826226698093,-0.78198968226818,-0.1897162318971623,0.0086102655532503,0.0,0.8989970945691784,0.8726721421328737,0.0,0.3992837020688693,0.3767,0.3444,0.4103,0,0.225,0.0,"{'stable': 0.6, 'underperformer': 0.4}",0.002777777777777778,0.49212962962962964,0.1806712962962963,0.3992837020688693,healthy,distinct,Keep
500168,20028,QuickFork,QuickFork Kitchen,food_delivery,interstitial,combo,trending,Learn more,"Fast food, fast",Free delivery over $15,stable,,0,0.3018518518518518,1.1495130554741004,0.4007832630384736,0.0045250288797126,0.0885703215807826,-0.848181877139476,0.0532516054544216,0.0127314646984614,0.0,0.9750934833346309,0.0,0.0,0.24377337083365772,0.5239,0.479,0.6095,0,0.35,0.1,"{'stable': 0.9, 'fatigued': 0.1}",0.3763888888888889,0.49212962962962964,0.39872685185185186,0.39872685185185186,healthy,distinct,Keep
500588,20098,ClearLedger,ClearLedger Wallet,fintech,banner,testimonial,earn more,Claim reward,Secure & simple,"Fast signup, instant card",stable,,0,0.4030864197530864,5.291175563698956,0.3450973988419641,0.0035416028794404,0.0974410205179436,-0.7087635484774453,-0.1153920171062009,0.006276697168022,0.0,0.8148142939298366,0.5307895784462277,0.0,0.3098614891717047,0.5136,0.4769,0.6039,0,0.375,0.0,{'stable': 1.0},0.36342592592592593,0.49212962962962964,0.39849537037037036,0.39849537037037036,healthy,distinct,Keep
500810,20135,WayPoint,WayPoint Trips,travel,native,family,book now,Try for free,Fly smarter,Flexible booking options,stable,,0,0.7206790123456791,9.841427583884544,0.3476718196683852,0.0068630562976887,0.0506584536958368,-0.7279261107229418,-0.1973802614683073,0.0128072046283076,0.0,0.836844108611323,0.90792576822664,0.0,0.39079618079815875,0.5313,0.4769,0.5917,0,0.375,0.0,"{'stable': 0.9, 'top_performer': 0.1}",0.36342592592592593,0.49212962962962964,0.39849537037037036,0.39849537037037036,healthy,distinct,Keep
500451,20075,CloudRoute,CloudRoute Getaway,travel,interstitial,urgency,new collection,Order now,Escape this weekend,Flexible booking options,stable,,0,0.4694444444444444,4.779267943273542,0.2789294525129377,0.0052882255964561,0.0527453769559032,-0.8513359210563558,0.3293108969693441,0.0117281224128325,0.0,0.9787194599705299,0.0,0.0,0.24467986499263247,0.5077,0.4818,0.5508,0,0.325,0.4,"{'stable': 0.6, 'fatigued': 0.4}",0.3875,0.49212962962962964,0.3980324074074074,0.3980324074074074,healthy,distinct,Keep
500568,20094,CraveLoop,CraveLoop Express,food_delivery,native,discount,2-for-1,Install now,"Fast food, fast",Fresh favorites nearby,stable,,0,0.4765432098765432,1.843610899822319,0.4590332310688287,0.0051550566637918,0.0890452348066298,-0.8277452367081967,-0.1735794426348172,0.0103626807997269,0.0,0.9515989529244785,0.7984448274118496,0.0,0.39758870371348953,0.4764,0.4346,0.5439,0,0.325,0.5,"{'stable': 0.5, 'fatigued': 0.5}",0.12037037037037036,0.49212962962962964,0.2644675925925926,0.39758870371348953,healthy,distinct,Keep
500670,20111,CloudRoute,CloudRoute Travel,travel,native,discount,discover,Learn more,Fly smarter,Special fares today,stable,,0,0.4916666666666666,9.00714214833112,0.2443790474913465,0.0048944962322259,0.0499293565458942,-0.8355708405992277,0.0529609756582369,0.0115940236141464,0.0,0.9605954848747216,0.0,0.0,0.2401488712186804,0.5235,0.4712,0.6006,0,0.45,0.0,{'stable': 1.0},0.32407407407407407,0.49212962962962964,0.3975694444444444,0.3975694444444444,healthy,distinct,Keep
500409,20068,SwiftStack,SwiftStack Invest,fintech,interstitial,feature-focus,discover,Watch now,Secure & simple,No hidden fees,stable,,0,0.4589506172839506,5.143628356606959,0.3743552133365384,0.0039996294725495,0.0935974734424346,-0.7486361118943425,0.0096153846153845,0.0075211585029609,0.0,0.8606529021335225,0.0,0.0,0.21516322553338063,0.5395,0.4867,0.593,0,0.25,0.0,{'stable': 1.0},0.42314814814814816,0.49212962962962964,0.3971064814814815,0.3971064814814815,healthy,distinct,Keep
500279,20046,BiteRush,BiteRush Go,food_delivery,interstitial,competitive,fast,Install now,Hungry? We got you,Free delivery over $15,stable,,0,0.5740740740740741,1.871310778171396,0.5225639566600803,0.0059833834058536,0.0873358635431662,-0.851657639375546,-0.0993835415375584,0.0122787783868441,0.0,0.9790893163008368,0.4571524914818308,0.0,0.33620282737157536,0.5082,0.4805,0.554,0,0.325,0.1,"{'stable': 0.7, 'underperformer': 0.2, 'fatigued': 0.1}",0.38425925925925924,0.49212962962962964,0.39641203703703703,0.39641203703703703,healthy,distinct,Keep
500063,20010,BiteRush,BiteRush Delivery,food_delivery,interstitial,drama,book now,Book now,2-for-1 tonight,Fresh favorites nearby,stable,,0,0.412037037037037,2.003405443334677,0.3723044456035121,0.0047667113524771,0.0781050955414012,-0.8552961642896842,-0.0323687817782236,0.0132653007242351,0.0,0.9832722657699912,0.14889255310502733,0.0,0.27559657706350327,0.5506,0.4876,0.6791,0,0.225,0.2,"{'underperformer': 0.5, 'stable': 0.3, 'fatigued': 0.2}",0.4310185185185185,0.49212962962962964,0.39479166666666665,0.39479166666666665,healthy,distinct,Keep
500204,20034,PlateSprint,PlateSprint Delivery,food_delivery,native,urgency,save smarter,Order now,"Your cravings, delivered",Free delivery over $15,top_performer,,0,0.7975308641975308,2.922165304106543,0.8406061380158601,0.0082504917899474,0.101885579601457,-0.6242044342163808,0.0372540742763967,0.012695234860038,0.0,0.7176027836455232,0.0,0.0,0.1794006959113808,0.5143,0.4799,0.5544,0,0.325,0.1,"{'stable': 0.8, 'fatigued': 0.1, 'underperformer': 0.1}",0.38055555555555554,0.49212962962962964,0.39456018518518515,0.39456018518518515,healthy,distinct,Keep
500258,20043,ThreadMark,ThreadMark Store,ecommerce,interstitial,celebrity,free shipping,Get offer,Limited stock,Free shipping over $25,stable,,0,0.466358024691358,1.8822311411936503,0.330442474214584,0.0062540851020765,0.052836261231058,-0.8340337821703309,-0.1671139738772589,0.0120821772513815,0.0,0.9588284397421651,0.7687044387580733,0.0,0.39344799768715594,0.4399,0.4109,0.5044,0,0.35,0.1,"{'stable': 0.9, 'fatigued': 0.1}",0.050462962962962966,0.49212962962962964,0.23576388888888888,0.39344799768715594,healthy,distinct,Keep
500117,20019,ZenDrop,ZenDrop Market,ecommerce,banner,product-focus,limited offer,Start now,Limited stock,Only this weekend,stable,,0,0.3052469135802469,1.820426118118708,0.2697265081562277,0.0049700108238887,0.0542708090010122,-0.8214052170607664,-0.0425035317240956,0.010166020845477,0.0,0.9443102899513056,0.19551119957930108,0.0,0.2751798124036866,0.543,0.4822,0.6582,0,0.3,0.0,"{'stable': 0.5, 'underperformer': 0.5}",0.38981481481481484,0.49212962962962964,0.3929398148148148,0.3929398148148148,healthy,distinct,Keep
500025,20004,SnapMeal,SnapMeal Bites,food_delivery,banner,food-closeup,2-for-1,Shop now,Hungry? We got you,Fresh favorites nearby,stable,,0,0.3759259259259259,1.6872810313486946,0.4022554495584135,0.0046515981702978,0.0864768268521036,-0.792317847438816,-0.0160006060533566,0.0094715165196861,0.0,0.9108706405905287,0.0736008881284121,0.0,0.2424378377733146,0.5602,0.4859,0.7121,0,0.25,0.0,"{'stable': 0.8, 'underperformer': 0.2}",0.4148148148148148,0.49212962962962964,0.39293981481481477,0.39293981481481477,healthy,distinct,Keep
500860,20143,StarVault,StarVault Play,entertainment,native,celebrity,cashback,Get offer,Exclusive tonight,Cancel anytime,stable,,0,0.6228395061728396,3.071688655754347,0.477533787312381,0.0055264540465822,0.0864087140302389,-0.7774048511228244,-0.1840536692487753,0.0099348378640828,0.0,0.8937262451293115,0.8466250262539957,0.0,0.39275656653312707,0.5298,0.4724,0.5866,0,0.4,0.0,{'stable': 1.0},0.3333333333333333,0.49212962962962964,0.38969907407407406,0.39275656653312707,healthy,distinct,Keep
500307,20051,HorizonHop,HorizonHop Flights,travel,native,wanderlust,limited offer,Install now,Escape this weekend,Flexible booking options,stable,,0,0.6333333333333334,7.034815929060022,0.3324293964206202,0.0061690764609135,0.0538864120953673,-0.777302689535963,-0.1837355815510344,0.0114989880890481,0.0,0.8936087973268053,0.8451618606102455,0.0,0.39243457145375044,0.502,0.4441,0.6172,0,0.35,0.0,{'stable': 1.0},0.16712962962962963,0.49212962962962964,0.29409722222222223,0.39243457145375044,healthy,distinct,Keep
500356,20059,NeonCast,NeonCast Now,entertainment,rewarded_video,drama,watch now,Try for free,Binge starts now,New hits every week,stable,,0,0.4632716049382716,1.7882226163683246,0.5033907992513615,0.0048257155014652,0.1043142305215711,-0.8075049368980477,0.0013028608653167,0.0093782550233888,0.0,0.9283301411547948,0.0,0.0,0.2320825352886987,0.5343,0.473,0.5784,0,0.4,0.4,"{'stable': 0.6, 'fatigued': 0.4}",0.33611111111111114,0.49212962962962964,0.391087962962963,0.391087962962963,healthy,distinct,Keep
500251,20041,MoonScreen,MoonScreen Stream,entertainment,native,destination,new season,Start now,A new season drops,Start free today,underperformer,,0,0.2114197530864197,1.684409654240029,0.3221042830320249,0.0034300565356321,0.0939064064064064,-0.6497357581323469,-0.0714860059900559,0.0064388446279179,0.0,0.7469543039295039,0.328827140176816,0.0,0.2525040040177392,0.5493,0.4854,0.6602,0,0.25,0.0,"{'stable': 0.8, 'underperformer': 0.1, 'top_performer': 0.1}",0.4111111111111111,0.49212962962962964,0.39108796296296294,0.39108796296296294,healthy,distinct,Keep
500214,20035,StarVault,StarVault Plus,entertainment,rewarded_video,ugc,challenge,Book now,Exclusive tonight,Cancel anytime,stable,,0,0.7271604938271605,2.202904368453443,0.8043752100980026,0.0073548153538696,0.1093671521848317,-0.781162006283417,-0.166147837116642,0.0124100158995214,0.0,0.8980455752302169,0.764260324366544,0.0,0.3773634586808631,0.5233,0.4867,0.5878,0,0.225,0.1,"{'stable': 0.8, 'fatigued': 0.1, 'underperformer': 0.1}",0.42314814814814816,0.49212962962962964,0.3908564814814815,0.3908564814814815,healthy,distinct,Keep
500303,20050,VaultRun,VaultRun Cash,fintech,banner,testimonial,fast,Watch now,"Your money, clearer","Fast signup, instant card",stable,,0,0.2703703703703703,4.752939444449247,0.2413033269515587,0.0029589278618646,0.0815509327082723,-0.6595729994974533,-0.1344260652592919,0.0056237549427687,0.0,0.7582634702859642,0.6183439400794594,0.0,0.31323465558738295,0.5177,0.4898,0.5628,0,0.175,0.1,"{'stable': 0.8, 'top_performer': 0.1, 'fatigued': 0.1}",0.44814814814814813,0.49212962962962964,0.39085648148148144,0.39085648148148144,healthy,distinct,Keep
500222,20037,VantaStyle,VantaStyle Market,ecommerce,banner,ugc,power-up,Install now,Up to 40% off,Only this weekend,underperformer,,0,0.0453703703703703,1.19447145739005,0.1629790892985382,0.0030895486921612,0.0527517464644743,-0.7387095006300697,-0.1936890391532927,0.007516149564605,0.0,0.8492409936546093,0.8909465838283404,0.0,0.3904995651793204,0.5036,0.4668,0.5411,0,0.4,0.0,"{'stable': 0.6, 'underperformer': 0.4}",0.2967592592592593,0.49212962962962964,0.37141203703703707,0.3904995651793204,healthy,distinct,Keep
500925,20154,BiteRush,BiteRush Delivery,food_delivery,interstitial,combo,security,Shop now,"Fast food, fast",Free delivery over $15,stable,,0,0.3009259259259259,1.6304204421087072,0.3528725197278935,0.0043354530478465,0.0813923056791415,-0.8262017771242588,-0.0212900654897698,0.0109163666439622,0.0,0.9498245488459995,0.09793177352994055,0.0,0.257042491917488,0.509,0.4765,0.5293,0,0.35,0.2,"{'stable': 0.7, 'fatigued': 0.2, 'underperformer': 0.1}",0.3592592592592593,0.49212962962962964,0.390162037037037,0.390162037037037,healthy,distinct,Keep
500286,20047,FluxStream,FluxStream Stream,entertainment,native,trailer,exclusive,Book now,Binge starts now,Cancel anytime,underperformer,,0,0.1478395061728395,1.5955802741972134,0.287621928398658,0.00309404067289,0.0929599700866241,-0.7560037876727533,-0.1311743921605981,0.0081542393986996,0.0,0.8691229871854216,0.6033866298895165,0.0,0.3379580727742587,0.5022,0.4783,0.5406,0,0.325,0.0,"{'stable': 0.7, 'underperformer': 0.2, 'top_performer': 0.1}",0.3712962962962963,0.49212962962962964,0.38993055555555556,0.38993055555555556,healthy,distinct,Keep
500654,20109,VantaStyle,VantaStyle Outlet,ecommerce,banner,testimonial,free shipping,Book now,Up to 40% off,Shop bestsellers now,stable,,0,0.3932098765432099,2.342410628483567,0.264789182348207,0.0052687518046826,0.0502565298507462,-0.6975824991133308,0.086704406364749,0.0082769121416961,0.0,0.8019602485114646,0.0,0.0,0.20049006212786616,0.5275,0.4764,0.6178,0,0.35,0.0,"{'stable': 0.6, 'underperformer': 0.4}",0.35694444444444445,0.49212962962962964,0.3890046296296296,0.3890046296296296,healthy,distinct,Keep
500404,20067,CrispBox,CrispBox Club,ecommerce,native,product-focus,limited offer,Order now,Flash sale live,Only this weekend,stable,,0,0.5256172839506172,3.2074515959007543,0.3342111606878891,0.0055280381695707,0.060457462563765,-0.8514612848723889,-0.1178893628073649,0.0117043528663142,0.0,0.978863581701204,0.5422770721671785,0.0,0.3531713098587367,0.4983,0.4719,0.5256,0,0.4,0.1,"{'stable': 0.9, 'fatigued': 0.1}",0.3296296296296296,0.49212962962962964,0.38784722222222223,0.38784722222222223,healthy,distinct,Keep
500134,20022,CraveLoop,CraveLoop Express,food_delivery,banner,food-closeup,late-night,Claim reward,Dinner in minutes,Free delivery over $15,stable,,0,0.4833333333333333,1.590773145765426,0.4499221599964839,0.0058206510801601,0.0772975658221559,-0.7673117646231244,-0.1809355546431429,0.0104332401530644,0.0,0.8821229520882227,0.832282069275027,0.0,0.3869871518770611,0.4935,0.4579,0.5293,0,0.375,0.1,"{'stable': 0.5, 'underperformer': 0.4, 'fatigued': 0.1}",0.24259259259259258,0.49212962962962964,0.3380787037037037,0.3869871518770611,healthy,distinct,Keep
500367,20061,LuxShelf,LuxShelf Shop,ecommerce,native,product-focus,free shipping,Get offer,Your next favorite pick,Shop bestsellers now,stable,,0,0.6058641975308642,2.5846629584073884,0.4097800232463574,0.0061966296380261,0.06612950058072,-0.6886074984655473,0.0750306410099277,0.0096380255279878,0.0,0.7916423380721466,0.0,0.0,0.19791058451803664,0.5169,0.4739,0.5588,0,0.375,0.0,{'stable': 1.0},0.3398148148148148,0.49212962962962964,0.3866898148148148,0.3866898148148148,healthy,distinct,Keep
500546,20091,ZenDrop,ZenDrop Market,ecommerce,interstitial,product-focus,free shipping,Claim reward,Up to 40% off,Only this weekend,stable,,0,0.3629629629629629,2.0226761020532784,0.305492316964161,0.0049064240578717,0.0622637410384531,-0.8185555444795575,-0.0824869535940744,0.010196464701739,0.0,0.9410342270708472,0.3794301930368066,0.0,0.3111445953750731,0.554,0.4757,0.6462,0,0.35,0.0,"{'stable': 0.8, 'underperformer': 0.2}",0.35185185185185186,0.49212962962962964,0.38645833333333335,0.38645833333333335,healthy,distinct,Keep
500591,20098,ClearLedger,ClearLedger Wallet,fintech,native,feature-focus,security,Shop now,"Your money, clearer",No hidden fees,stable,,0,0.5475308641975309,6.084210257874258,0.4458083828571212,0.0042134298203817,0.1058065286149072,-0.7016071140407429,-0.2007190523371022,0.0061112126473544,0.0,0.8065870578013377,0.9232838098157449,0.0,0.3863035264134834,0.5168,0.4694,0.674,0,0.375,0.1,"{'stable': 0.9, 'fatigued': 0.1}",0.31296296296296294,0.49212962962962964,0.37326388888888884,0.3863035264134834,healthy,distinct,Keep
500621,20103,CrispBox,CrispBox Club,ecommerce,interstitial,ugc,new collection,Order now,Your next favorite pick,Shop bestsellers now,stable,,0,0.5243827160493827,3.3076399975168,0.3107160616658687,0.0058140529388527,0.0534422484510747,-0.8513359596749878,-0.1531964025279534,0.0123684774875668,0.0,0.9787195043675836,0.704685262954133,0.0,0.3856169286827225,0.507,0.4614,0.5808,0,0.275,0.2,"{'stable': 0.8, 'fatigued': 0.2}",0.25787037037037036,0.49212962962962964,0.3207175925925926,0.3856169286827225,healthy,distinct,Keep
500777,20129,RouteBloom,RouteBloom Travel,travel,native,destination,discover,Learn more,Book your next trip,Special fares today,stable,,0,0.4938271604938271,9.08503316887239,0.2337568773818714,0.0049525526702091,0.0471992713551493,-0.8173365077804485,0.0594117797892252,0.0104993395241605,0.0,0.9396327885665776,0.0,0.0,0.2349081971416444,0.5102,0.4692,0.5421,0,0.425,0.2,"{'stable': 0.8, 'fatigued': 0.2}",0.31157407407407406,0.49212962962962964,0.3850694444444444,0.3850694444444444,healthy,distinct,Keep
500191,20031,CrispBox,CrispBox Shop,ecommerce,native,ugc,free shipping,Start now,New collection drop,Only this weekend,stable,,0,0.2626543209876543,1.8922461791672385,0.2528214949506371,0.0044472555352183,0.0568488797076116,-0.7759739909887755,-0.1751649692106462,0.0084817559878954,0.0,0.8920812885110685,0.8057380614145537,0.0,0.38416793441067787,0.4228,0.397,0.4848,0,0.275,0.0,"{'stable': 0.8, 'underperformer': 0.2}",0.02962962962962963,0.49212962962962964,0.2065972222222222,0.38416793441067787,healthy,distinct,Keep
500101,20016,FreshDash,FreshDash Bites,food_delivery,native,wanderlust,fast,Book now,Hungry? We got you,Late-night deals available,stable,,0,0.337037037037037,2.2273522888740733,0.3205219342463919,0.0040921886591025,0.0783253072981946,-0.8015796177833312,-0.0944352993796835,0.0103074232867059,0.0,0.9215182294514656,0.43439116504959585,0.0,0.31725779037278556,0.5163,0.4849,0.6023,0,0.225,0.2,"{'stable': 0.6, 'fatigued': 0.2, 'underperformer': 0.2}",0.40925925925925927,0.49212962962962964,0.383912037037037,0.383912037037037,healthy,distinct,Keep
500655,20109,VantaStyle,VantaStyle Outlet,ecommerce,interstitial,discount,new collection,Claim reward,Flash sale live,Shop bestsellers now,stable,,0,0.7052469135802469,2.904057936682516,0.4612992880231273,0.0075605475835961,0.0610140049940288,-0.7418030424448283,-0.0573042291950885,0.0125579410385231,0.0,0.8527974153906731,0.2635926506913668,0.0,0.2659178839859416,0.5255,0.4668,0.6097,0,0.45,0.0,"{'stable': 0.9, 'underperformer': 0.1}",0.2967592592592593,0.49212962962962964,0.383912037037037,0.383912037037037,healthy,distinct,Keep
500341,20056,NovaPay,NovaPay Bank,fintech,rewarded_video,feature-focus,challenge,Book now,"Your money, clearer","Fast signup, instant card",top_performer,,0,0.820679012345679,6.81912278203412,0.8087168403157796,0.0065562425206799,0.1233506597361055,-0.7320784984809973,-0.1159264217940508,0.0107416337425603,0.0,0.8416178091020876,0.5332477765616351,0.0,0.31705400758784896,0.6004,0.4921,0.6753,0,0.1,0.1,"{'stable': 0.8, 'fatigued': 0.1, 'top_performer': 0.1}",0.4703703703703704,0.49212962962962964,0.3832175925925926,0.3832175925925926,healthy,distinct,Keep
500126,20021,RouteBloom,RouteBloom Getaway,travel,native,celebrity,watch now,Get offer,Last-minute savings,Flexible booking options,top_performer,,0,0.7907407407407407,10.422594070375231,0.4415541001675124,0.0067955630055986,0.0649768238192675,-0.7266066161352949,-0.1373190541561663,0.0120033005550292,0.0,0.8353271809235385,0.6316513455268251,0.0,0.3351620643362496,0.522,0.4803,0.6211,0,0.275,0.1,"{'stable': 0.9, 'fatigued': 0.1}",0.3824074074074074,0.49212962962962964,0.38298611111111114,0.38298611111111114,healthy,distinct,Keep
501017,20169,LuxShelf,LuxShelf Shop,ecommerce,banner,discount,watch now,Book now,Limited stock,Only this weekend,stable,,0,0.5018518518518518,2.8452787974182163,0.3186133329209722,0.0055929687288584,0.0569667645872933,-0.7065900692023246,0.0769131225783861,0.0094117502033973,0.0,0.8123156016865165,0.0,0.0,0.20307890042162913,0.5261,0.4764,0.6537,0,0.325,0.0,"{'stable': 0.7, 'underperformer': 0.3}",0.35694444444444445,0.49212962962962964,0.38275462962962964,0.38275462962962964,healthy,distinct,Keep
500350,20058,CraveLoop,CraveLoop Bites,food_delivery,banner,food-closeup,free delivery,Learn more,"Fast food, fast",Fresh favorites nearby,stable,,0,0.2645061728395061,1.4754029147006409,0.3609888821185574,0.0040814030687238,0.088447251114413,-0.8032942641039218,-0.162592104854341,0.009727517992151,0.0,0.9234894345650082,0.747904378124289,0.0,0.3804532342661099,0.4944,0.4802,0.5042,0,0.275,0.0,"{'stable': 0.7, 'underperformer': 0.3}",0.3814814814814815,0.49212962962962964,0.38252314814814814,0.38252314814814814,healthy,distinct,Keep
500061,20010,BiteRush,BiteRush Delivery,food_delivery,native,food-closeup,late-night,Watch now,Hungry? We got you,Fresh favorites nearby,stable,,0,0.3148148148148148,2.1707934878017023,0.3264527831807155,0.0038625093888424,0.0845183144729005,-0.8059209439009429,0.0277629852529106,0.010477713018714,0.0,0.926509138736854,0.0,0.0,0.2316272846842135,0.5704,0.4777,0.7499,0,0.3,0.2,"{'stable': 0.7, 'fatigued': 0.2, 'underperformer': 0.1}",0.3685185185185185,0.49212962962962964,0.38229166666666664,0.38229166666666664,healthy,distinct,Keep
500026,20004,SnapMeal,SnapMeal Bites,food_delivery,banner,urgency,2-for-1,Shop now,"Fast food, fast",Free delivery over $15,stable,,0,0.4817901234567901,1.853571245098207,0.4496959947925003,0.005246676502162,0.0857106388410236,-0.7897415301429611,-0.1686132366760638,0.0098066548501122,0.0,0.9079088345511652,0.7756008696283764,0.0,0.3820973825634666,0.4947,0.4539,0.5524,0,0.35,0.0,"{'stable': 0.8, 'underperformer': 0.2}",0.21666666666666667,0.49212962962962964,0.31886574074074076,0.3820973825634666,healthy,distinct,Keep
500884,20147,CloudRoute,CloudRoute Getaway,travel,rewarded_video,discount,save smarter,Try for free,Fly smarter,Special fares today,top_performer,,0,0.8944444444444445,10.276755446267869,0.5769214402001778,0.0088696352081355,0.0650445510623714,-0.6324619247415002,-0.2196149424441489,0.0139257995349258,0.0,0.7270958244858869,1.0,0.0,0.38177395612147175,0.4017,0.3804,0.4232,0,0.275,0.2,"{'top_performer': 0.4, 'stable': 0.4, 'fatigued': 0.2}",0.014814814814814815,0.49212962962962964,0.19918981481481482,0.38177395612147175,healthy,distinct,Keep
500811,20135,WayPoint,WayPoint Trips,travel,native,destination,book now,Try for free,Book your next trip,Hotels + flights in one tap,stable,,0,0.7364197530864197,10.48483107127412,0.3693598239573231,0.0067428946440165,0.0547776353416822,-0.7531600668044807,0.0457979816954174,0.0123958662333207,0.0,0.8658537665597381,0.0,0.0,0.21646344163993453,0.5204,0.4682,0.5669,0,0.425,0.1,"{'stable': 0.9, 'fatigued': 0.1}",0.3037037037037037,0.49212962962962964,0.38113425925925926,0.38113425925925926,healthy,distinct,Keep
500311,20051,HorizonHop,HorizonHop Flights,travel,native,discount,free rewards,Learn more,Dream destinations await,Special fares today,stable,,0,0.4657407407407408,6.094292933385115,0.2861186897677011,0.004830332240773,0.0592337494619027,-0.8130281833097049,0.039530727570042,0.0100744700668454,0.0,0.9346798188925717,0.0,0.0,0.23366995472314292,0.5062,0.4774,0.5639,0,0.3,0.0,"{'stable': 0.9, 'top_performer': 0.1}",0.3662037037037037,0.49212962962962964,0.38113425925925926,0.38113425925925926,healthy,distinct,Keep
500159,20026,ClearLedger,ClearLedger Invest,fintech,interstitial,minimalist,save smarter,Claim reward,Save with confidence,Built for peace of mind,stable,,0,0.6962962962962963,8.509122590500082,0.4956398289527491,0.0051103556959804,0.0969873446074588,-0.7750147364093131,-0.1398160009316408,0.0091984714124736,0.0,0.8909785027589757,0.6431370042369677,0.0,0.3513720265371375,0.5014,0.4716,0.5574,0,0.375,0.2,"{'stable': 0.8, 'fatigued': 0.2}",0.3277777777777778,0.49212962962962964,0.38067129629629626,0.38067129629629626,healthy,distinct,Keep
500141,20023,NeonCast,NeonCast Stream,entertainment,rewarded_video,destination,watch now,Watch now,Watch what’s trending,New hits every week,stable,,0,0.3302469135802469,1.759381214696151,0.3882973217822982,0.0040856754964205,0.0950387083170165,-0.8208425932248009,-0.1405171834072236,0.0114534890003998,0.0,0.9436634819366508,0.646362360374784,0.0,0.3651883425591195,0.5173,0.4858,0.5544,0,0.2,0.1,"{'stable': 0.8, 'underperformer': 0.1, 'fatigued': 0.1}",0.4134259259259259,0.49212962962962964,0.37974537037037037,0.37974537037037037,healthy,distinct,Keep
500628,20104,SwiftStack,SwiftStack Invest,fintech,native,trust,cashback,Claim reward,"Your money, clearer",No hidden fees,stable,,0,0.4922839506172839,7.579138989191723,0.3730319467679282,0.0037014129330588,0.1007809594644849,-0.7552449197439595,-0.0127904981673687,0.0071405702906248,0.0,0.8682505715019198,0.05883477298196957,0.0,0.22882959747187384,0.5157,0.4674,0.5553,0,0.425,0.0,{'stable': 1.0},0.300462962962963,0.49212962962962964,0.3795138888888889,0.3795138888888889,healthy,distinct,Keep
500631,20105,NomadLayer,NomadLayer Flights,travel,interstitial,wanderlust,book now,Book now,Escape this weekend,Hotels + flights in one tap,top_performer,,0,0.8250000000000001,10.096183879743494,0.439379759859297,0.0084323699822852,0.0521063189568706,-0.693638017344047,-0.0418292658604848,0.0136538393499463,0.0,0.7974255625295706,0.19240965666080548,0.0,0.23783832196455376,0.5292,0.4731,0.6518,0,0.35,0.3,"{'stable': 0.6, 'fatigued': 0.3, 'top_performer': 0.1}",0.337037037037037,0.49212962962962964,0.37905092592592593,0.37905092592592593,healthy,distinct,Keep
500704,20117,DriftPass,DriftPass Getaway,travel,interstitial,testimonial,book now,Claim reward,Fly smarter,Special fares today,stable,,0,0.5666666666666668,7.284566964121787,0.3057281496881122,0.0054733235831248,0.0558578613240992,-0.8452177762646202,0.030602310714914,0.0123057656353389,0.0,0.9716858705042719,0.0,0.0,0.24292146762606798,0.5327,0.4788,0.6145,0,0.275,0.2,"{'stable': 0.7, 'fatigued': 0.2, 'top_performer': 0.1}",0.37407407407407406,0.49212962962962964,0.37881944444444443,0.37881944444444443,healthy,distinct,Keep
500153,20025,LuxShelf,LuxShelf Market,ecommerce,interstitial,discount,limited offer,Try for free,Up to 40% off,Only this weekend,stable,,0,0.5018518518518519,1.927535237814821,0.4083994146275057,0.0056223905898888,0.0726380368098159,-0.856942686904191,-0.0504834578999634,0.0129815443104983,0.0,0.9851651539757417,0.2322179125490778,0.0,0.29273487100375095,0.4975,0.4616,0.5419,0,0.5,0.0,"{'stable': 0.9, 'underperformer': 0.1}",0.26064814814814813,0.49212962962962964,0.3783564814814815,0.3783564814814815,healthy,distinct,Keep
500593,20098,ClearLedger,ClearLedger Wallet,fintech,interstitial,feature-focus,save smarter,Shop now,Earn cashback daily,"Fast signup, instant card",stable,,0,0.770679012345679,6.461365718040491,0.6061318481617436,0.0061342994302472,0.0988102806284624,-0.5504760320635894,-0.0644275970761663,0.0090464897200646,0.0,0.6328425613234896,0.29635929720240606,0.0,0.21748249977135362,0.5233,0.4785,0.576,0,0.275,0.0,{'stable': 1.0},0.3726851851851852,0.49212962962962964,0.378125,0.378125,healthy,distinct,Keep
500240,20040,SnapMeal,SnapMeal Kitchen,food_delivery,banner,urgency,2-for-1,Install now,Hungry? We got you,Free delivery over $15,underperformer,,0,0.2141975308641975,1.336915780778827,0.3335480638465392,0.0039082543999872,0.0853445118228806,-0.7988766985069181,-0.0266904814147502,0.0098105271420768,0.0,0.9184108782530426,0.12277304560525643,0.0,0.25415732868431196,0.5286,0.4691,0.7121,0,0.4,0.0,"{'stable': 0.9, 'underperformer': 0.1}",0.3101851851851852,0.49212962962962964,0.378125,0.378125,healthy,distinct,Keep
500744,20124,FreshDash,FreshDash Delivery,food_delivery,banner,food-closeup,free delivery,Order now,2-for-1 tonight,Free delivery over $15,underperformer,,0,0.1629629629629629,1.2214728393919372,0.2895496586900687,0.0039271615590117,0.0737300094073377,-0.8220394860427663,-0.1440062912150382,0.0102434894908069,0.0,0.9450394632190902,0.6624118420365777,0.0,0.36874223421208807,0.536,0.4749,0.5819,0,0.325,0.0,"{'stable': 0.6, 'underperformer': 0.4}",0.3453703703703704,0.49212962962962964,0.3769675925925926,0.3769675925925926,healthy,distinct,Keep
500856,20142,PlateSprint,PlateSprint Go,food_delivery,banner,urgency,fast,Get offer,2-for-1 tonight,Late-night deals available,underperformer,,0,0.1864197530864197,1.9730857676050235,0.2306359488571611,0.0034580096718512,0.0666961549398123,-0.7984725953963601,-0.0632577691079778,0.009939140726409,0.0,0.9179463100745414,0.29097822743985996,0.0,0.28768222300660734,0.5354,0.4722,0.6002,0,0.35,0.0,"{'stable': 0.9, 'underperformer': 0.1}",0.33240740740740743,0.49212962962962964,0.3767361111111111,0.3767361111111111,healthy,distinct,Keep
500608,20101,BingeLayer,BingeLayer Plus,entertainment,native,family,exclusive,Start now,Watch what’s trending,Cancel anytime,stable,,0,0.3354938271604937,1.566927048090497,0.4024830626382484,0.0044091888714367,0.091282790185193,-0.8059529897680868,-0.0223022075888655,0.0091831256534147,0.0,0.9265459795572747,0.10258750701635878,0.0,0.25215399629259044,0.5077,0.4741,0.5642,0,0.325,0.1,"{'stable': 0.7, 'underperformer': 0.2, 'fatigued': 0.1}",0.3416666666666667,0.49212962962962964,0.3751157407407407,0.3751157407407407,healthy,distinct,Keep
500587,20097,LuxShelf,LuxShelf Outlet,ecommerce,interstitial,product-focus,challenge,Book now,Your next favorite pick,Shop bestsellers now,stable,,0,0.312037037037037,2.015158103825956,0.2805936810303032,0.004561257280486,0.0615167406212182,-0.8168886563963959,-0.1525233102347351,0.0104738453546972,0.0,0.9391179261557407,0.7015891183201074,0.0,0.3750973052029567,0.4766,0.4472,0.5166,0,0.225,0.1,"{'stable': 0.8, 'underperformer': 0.1, 'fatigued': 0.1}",0.1824074074074074,0.49212962962962964,0.2704861111111111,0.3750973052029567,healthy,distinct,Keep
500057,20009,DriftPass,DriftPass Travel,travel,interstitial,celebrity,cashback,Learn more,Dream destinations await,Flexible booking options,stable,,0,0.4993827160493827,5.679441634512126,0.2527981973697044,0.0056856371476666,0.0444625977360252,-0.8197105425273157,-0.1514929474262686,0.0111046965179662,0.0,0.9423620449598965,0.6968495717338885,0.0,0.3749604255867518,0.495,0.4465,0.5961,0,0.175,0.4,"{'stable': 0.5, 'fatigued': 0.4, 'top_performer': 0.1}",0.17916666666666667,0.49212962962962964,0.25636574074074076,0.3749604255867518,healthy,distinct,Keep
500944,20157,BoltCart,BoltCart Club,ecommerce,interstitial,discount,limited offer,Install now,Flash sale live,Free shipping over $25,stable,,0,0.300925925925926,1.7193696069329665,0.3084783598967476,0.0046383637327479,0.0665058580289455,-0.844395248310152,-0.014129709338879,0.0114022924668316,0.0,0.9707402694841611,0.06499498536929799,0.0,0.2556840644448999,0.5191,0.4758,0.634,0,0.3,0.0,"{'stable': 0.8, 'underperformer': 0.2}",0.3527777777777778,0.49212962962962964,0.3744212962962963,0.3744212962962963,healthy,distinct,Keep
500787,20131,NeonCast,NeonCast Stream,entertainment,native,drama,new season,Order now,Exclusive tonight,Start free today,stable,,0,0.537962962962963,2.533216771224504,0.4710867478368795,0.004861809167041,0.0968953596596197,-0.8127211063423843,-0.1126879234174459,0.0101267259258816,0.0,0.9343267946677127,0.5183510685290954,0.0,0.33725191237274726,0.5164,0.4642,0.5652,0,0.45,0.0,"{'stable': 0.7, 'underperformer': 0.2, 'top_performer': 0.1}",0.27685185185185185,0.49212962962962964,0.37395833333333334,0.37395833333333334,healthy,distinct,Keep
500604,20100,QuickFork,QuickFork Kitchen,food_delivery,native,gameplay,cashback,Start now,Dinner in minutes,Fresh favorites nearby,stable,,0,0.4083333333333334,1.539199974465408,0.4559918430009348,0.0049243728770175,0.0925989672977624,-0.8215405218374574,-0.1489148611368236,0.0103784390266707,0.0,0.9444658400869208,0.6849906808929989,0.0,0.37311459620032994,0.4784,0.4414,0.641,0,0.2,0.3,"{'stable': 0.4, 'fatigued': 0.3, 'underperformer': 0.3}",0.15185185185185185,0.49212962962962964,0.24895833333333334,0.37311459620032994,healthy,distinct,Keep
500875,20145,VantaStyle,VantaStyle Shop,ecommerce,interstitial,discount,watch now,Install now,Limited stock,Free shipping over $25,stable,,0,0.5475308641975308,2.434740228335202,0.3770906021052134,0.0058703634828707,0.0642363293526084,-0.8391739623339161,-0.1429503916449086,0.0117444254762703,0.0,0.964737733863824,0.6575548293786325,0.0,0.3726953993416825,0.4659,0.4396,0.5104,0,0.3,0.0,"{'stable': 0.7, 'underperformer': 0.3}",0.14444444444444443,0.49212962962962964,0.2702546296296296,0.3726953993416825,healthy,distinct,Keep
500622,20103,CrispBox,CrispBox Club,ecommerce,native,food-closeup,free shipping,Watch now,Up to 40% off,Shop bestsellers now,stable,,0,0.3064814814814815,2.9202618518508143,0.2155267391645389,0.0040525082344782,0.0531835413265447,-0.7747993368638163,-0.0403439113518028,0.0089369573409491,0.0,0.8907308734488146,0.18557720227376664,0.0,0.259798158816957,0.5313,0.4765,0.5556,0,0.275,0.0,{'stable': 1.0},0.3592592592592593,0.49212962962962964,0.37141203703703707,0.37141203703703707,healthy,distinct,Keep
500107,20017,PulsePlay,PulsePlay Box,entertainment,interstitial,destination,cashback,Claim reward,Stream the hype,Start free today,stable,,0,0.4981481481481482,1.6991287700119309,0.4935726825777869,0.0054204783839371,0.0910570336449305,-0.82457592590452,-0.1460183514882398,0.010577622602585,0.0,0.9479554250507758,0.671667080405781,0.0,0.3713222723438502,0.4947,0.4182,0.6746,0,0.15,0.2,"{'stable': 0.6, 'underperformer': 0.2, 'fatigued': 0.2}",0.07222222222222222,0.49212962962962964,0.19664351851851852,0.3713222723438502,healthy,distinct,Keep
500695,20115,ThreadMark,ThreadMark Market,ecommerce,banner,ugc,before/after,Install now,Up to 40% off,Only this weekend,underperformer,,0,0.1657407407407407,2.039592817683688,0.1626138209942429,0.0033131553308051,0.0490812548033256,-0.7780545847774873,-0.1595180911606536,0.008801840868185,0.0,0.894473197015034,0.7337642801042624,0.0,0.370371155274611,0.4679,0.4225,0.5429,0,0.325,0.0,"{'stable': 0.6, 'underperformer': 0.3, 'top_performer': 0.1}",0.08611111111111111,0.49212962962962964,0.24733796296296295,0.370371155274611,healthy,distinct,Keep
500210,20035,StarVault,StarVault Plus,entertainment,banner,ugc,new season,Learn more,Stream the hype,Start free today,stable,,0,0.4459876543209876,1.916458828447153,0.4277163497464665,0.0048614889868544,0.087980524259752,-0.7784449447725091,-0.1593878228761518,0.0088223097376074,0.0,0.8949219657255658,0.7331650614620232,0.0,0.3703635037237961,0.4765,0.4277,0.5215,0,0.175,0.0,"{'stable': 0.7, 'underperformer': 0.3}",0.10046296296296296,0.49212962962962964,0.2170138888888889,0.3703635037237961,healthy,distinct,Keep
500582,20097,LuxShelf,LuxShelf Outlet,ecommerce,banner,product-focus,free shipping,Try for free,Your next favorite pick,Only this weekend,underperformer,,0,0.0746913580246913,1.5911021082526735,0.1539051554609056,0.0028466191796437,0.0540659448097181,-0.5673051928890859,0.0724003289701238,0.0057552993439773,0.0,0.6521898328146883,0.0,0.0,0.16304745820367209,0.5213,0.4721,0.6147,0,0.325,0.1,"{'underperformer': 0.5, 'stable': 0.4, 'fatigued': 0.1}",0.3314814814814815,0.49212962962962964,0.37002314814814813,0.37002314814814813,healthy,distinct,Keep
500549,20091,ZenDrop,ZenDrop Market,ecommerce,interstitial,trust,late-night,Learn more,New collection drop,Only this weekend,stable,,0,0.4558641975308641,2.2639405961119854,0.3461679908528799,0.0051918588163434,0.066675154910449,-0.8320150654561989,0.0915307576413413,0.0112040244467488,0.0,0.9565076668446264,0.0,0.0,0.2391269167111566,0.5142,0.4845,0.553,0,0.175,0.0,"{'stable': 0.7, 'underperformer': 0.3}",0.40555555555555556,0.49212962962962964,0.3695601851851852,0.3695601851851852,healthy,distinct,Keep
500896,20149,MoonScreen,MoonScreen Box,entertainment,native,drama,trending,Get offer,Watch what’s trending,Start free today,stable,,0,0.6749999999999999,3.113788128722455,0.5318816767839031,0.005874077858987,0.090547263681592,-0.7160308856931468,-0.1380894758071588,0.0096474434812536,0.0,0.8231690269785132,0.6351951936509097,0.0,0.3328312954748103,0.5037,0.466,0.5695,0,0.4,0.1,"{'stable': 0.8, 'top_performer': 0.1, 'fatigued': 0.1}",0.2916666666666667,0.49212962962962964,0.36886574074074074,0.36886574074074074,healthy,distinct,Keep
500249,20041,MoonScreen,MoonScreen Stream,entertainment,native,ugc,trending,Shop now,A new season drops,New hits every week,stable,,0,0.4469135802469136,2.17426775314214,0.4333617738406477,0.0044159455227376,0.0981356702906039,-0.7940602383332408,-0.1525414442478984,0.0088563934058958,0.0,0.9128737416380366,0.7016725326276467,0.0,0.3685529419350385,0.464,0.4363,0.5319,0,0.25,0.0,"{'stable': 0.8, 'underperformer': 0.2}",0.12638888888888888,0.49212962962962964,0.24872685185185184,0.3685529419350385,healthy,distinct,Keep
500108,20018,StormByte,StormByte Saga,gaming,banner,competitive,book now,Try for free,Unlock rare gear,Play with friends tonight,stable,,0,0.3802469135802469,1.2016122548344184,0.7017929900790336,0.0040489612857009,0.1733266733266733,-0.8245769417266171,-0.04569454979928,0.0102872314043558,0.0,0.94795659286812,0.21018950386253904,0.0,0.2790270489895378,0.5107,0.484,0.5403,0,0.175,0.3,"{'stable': 0.7, 'fatigued': 0.3}",0.40185185185185185,0.49212962962962964,0.3677083333333333,0.3677083333333333,healthy,distinct,Keep
500753,20125,PulsePlay,PulsePlay Now,entertainment,rewarded_video,combo,free shipping,Try for free,Exclusive tonight,Cancel anytime,stable,,0,0.3277777777777778,1.7188994421755466,0.3768856771031205,0.0042186978282,0.0893369690011481,-0.8269242855215011,-0.1150912761891067,0.0106463943909154,0.0,0.9506551646004666,0.5294062059339069,0.0,0.34354503233689804,0.5266,0.4737,0.7097,0,0.3,0.3,"{'stable': 0.6, 'fatigued': 0.3, 'underperformer': 0.1}",0.3388888888888889,0.49212962962962964,0.36747685185185186,0.36747685185185186,healthy,distinct,Keep
500462,20077,MoonScreen,MoonScreen Stream,entertainment,interstitial,drama,new season,Start now,Binge starts now,Cancel anytime,stable,,0,0.5015432098765432,1.604645315423453,0.5243540920071994,0.0055152425623931,0.0950736229776404,-0.8181291417440826,-0.1375928944288473,0.0102732746131685,0.0,0.9405440226231409,0.6329109782686999,0.0,0.3617182013095252,0.5405,0.4715,0.6294,0,0.325,0.0,"{'stable': 0.8, 'underperformer': 0.2}",0.32592592592592595,0.49212962962962964,0.36724537037037036,0.36724537037037036,healthy,distinct,Keep
500818,20136,QuickFork,QuickFork Eats,food_delivery,interstitial,discount,watch now,Get offer,Dinner in minutes,Free delivery over $15,stable,,0,0.4938271604938271,1.5394629653254108,0.5378641008052643,0.0054756607983877,0.0982281628846751,-0.8401779761867638,-0.0215126575684967,0.0119193348725338,0.0,0.965891976121854,0.09895567066421267,0.0,0.261264128163306,0.5299,0.4754,0.6068,0,0.275,0.0,"{'stable': 0.5, 'underperformer': 0.5}",0.350462962962963,0.49212962962962964,0.3670138888888889,0.3670138888888889,healthy,distinct,Keep
500287,20047,FluxStream,FluxStream Stream,entertainment,interstitial,competitive,exclusive,Learn more,Exclusive tonight,New hits every week,underperformer,,0,0.1722222222222222,1.4038636770938244,0.3117524838778646,0.0035259461760981,0.0884166882612075,-0.7990879612245949,-0.0982305293019815,0.0098603081656452,0.0,0.9186537517508506,0.45184877209280283,0.0,0.32003319235627326,0.5637,0.4735,0.6676,0,0.3,0.0,"{'stable': 0.6, 'underperformer': 0.4}",0.33796296296296297,0.49212962962962964,0.36701388888888886,0.36701388888888886,healthy,distinct,Keep
500355,20059,NeonCast,NeonCast Now,entertainment,rewarded_video,trailer,save smarter,Shop now,A new season drops,Start free today,stable,,0,0.4746913580246913,1.7978005909226171,0.5133483007438937,0.004893725184809,0.1048992906952383,-0.8132316539788892,-0.1447667332373932,0.0100782752406235,0.0,0.9349137344346491,0.6659097850537894,0.0,0.36691039061942016,0.508,0.4478,0.6078,0,0.275,0.4,"{'stable': 0.6, 'fatigued': 0.4}",0.1875,0.49212962962962964,0.28553240740740743,0.36691039061942016,healthy,distinct,Keep
500083,20013,BoltCart,BoltCart Drops,ecommerce,native,discount,free shipping,Watch now,Limited stock,Only this weekend,stable,,0,0.3854938271604938,3.472076565402454,0.266490718814791,0.0045668093708471,0.0583538083538083,-0.8284095033897069,-0.1399912376885893,0.0110455207402378,0.0,0.9523626123821898,0.6439430725134533,0.0,0.3668792675982381,0.4697,0.4299,0.5893,0,0.4,0.0,"{'stable': 0.9, 'underperformer': 0.1}",0.10740740740740741,0.49212962962962964,0.2767361111111111,0.3668792675982381,healthy,distinct,Keep
500244,20040,SnapMeal,SnapMeal Kitchen,food_delivery,banner,discount,discover,Learn more,2-for-1 tonight,Fresh favorites nearby,underperformer,,0,0.1274691358024691,1.1549417133828677,0.2986343714194555,0.0034484640553691,0.0865992414664981,-0.7112593978790671,0.0435536433150867,0.0073814589870315,0.0,0.8176835918392824,0.0,0.0,0.2044208979598206,0.5093,0.4766,0.578,0,0.25,0.0,"{'stable': 0.7, 'underperformer': 0.3}",0.3611111111111111,0.49212962962962964,0.366087962962963,0.366087962962963,healthy,distinct,Keep
500657,20109,VantaStyle,VantaStyle Outlet,ecommerce,interstitial,testimonial,free shipping,Book now,Flash sale live,Only this weekend,stable,,0,0.6666666666666666,2.7132994478292662,0.4252765278083777,0.0072578130260794,0.0585956852677566,-0.658381608703963,-0.0303211741586832,0.0109510743603929,0.0,0.7568938142839341,0.13947380116312436,0.0,0.2171182138036084,0.5008,0.4703,0.5216,0,0.325,0.0,"{'stable': 0.8, 'underperformer': 0.2}",0.3212962962962963,0.49212962962962964,0.36493055555555554,0.36493055555555554,healthy,distinct,Keep
500703,20117,DriftPass,DriftPass Getaway,travel,interstitial,family,book now,Try for free,Escape this weekend,Flexible booking options,stable,,0,0.4074074074074074,5.640176638448799,0.2401379995277902,0.0046815986905841,0.0512940162963494,-0.8359481164048301,0.016290261101582,0.0111827821293462,0.0,0.96102921163708,0.0,0.0,0.24025730290927,0.5442,0.4689,0.6053,0,0.35,0.3,"{'stable': 0.5, 'fatigued': 0.3, 'top_performer': 0.2}",0.3087962962962963,0.49212962962962964,0.36493055555555554,0.36493055555555554,healthy,distinct,Keep
500750,20125,PulsePlay,PulsePlay Now,entertainment,native,ugc,exclusive,Try for free,Binge starts now,Cancel anytime,stable,,0,0.3095679012345679,2.299290929204386,0.3252923447733467,0.0035851678654815,0.0907328072153325,-0.7676524337945674,-0.0692889719887465,0.008285156252676,0.0,0.8825145948455135,0.3187210446198438,0.0,0.28437285763534714,0.5094,0.4667,0.5828,0,0.375,0.0,"{'stable': 0.6, 'underperformer': 0.3, 'top_performer': 0.1}",0.2949074074074074,0.49212962962962964,0.3642361111111111,0.3642361111111111,healthy,distinct,Keep
500201,20033,NomadLayer,NomadLayer Getaway,travel,native,family,trending,Book now,Book your next trip,Special fares today,stable,,0,0.5567901234567901,7.7845316615612,0.3063456210069469,0.0051856889661816,0.0590752015797268,-0.7725632217594762,-0.036469113819248,0.0096649935800163,0.0,0.8881601733136246,0.16775359367026715,0.0,0.25559076206245956,0.5029,0.4702,0.5608,0,0.325,0.2,"{'stable': 0.8, 'fatigued': 0.2}",0.3194444444444444,0.49212962962962964,0.3640046296296296,0.3640046296296296,healthy,distinct,Keep
500088,20014,VaultRun,VaultRun Pay,fintech,native,ugc,save smarter,Shop now,Earn cashback daily,No hidden fees,stable,,0,0.5984567901234569,8.044623611234359,0.4503588380898624,0.004251126353981,0.1059387090830928,-0.765251759003138,-0.1564052723592197,0.0080532418269982,0.0,0.8797547123158098,0.7194456831958476,0.0,0.363827814718122,0.5109,0.4653,0.7036,0,0.275,0.0,{'stable': 1.0},0.2865740740740741,0.49212962962962964,0.3350694444444445,0.363827814718122,healthy,distinct,Keep
500406,20067,CrispBox,CrispBox Club,ecommerce,interstitial,product-focus,new collection,Watch now,Limited stock,Free shipping over $25,stable,,0,0.5614197530864198,2.624910844130048,0.3373167629958189,0.0063699901111193,0.0529540481400437,-0.8284938153010459,-0.1364131585333741,0.0124654661170174,0.0,0.9524595397011175,0.6274843332169907,0.0,0.36361175156867753,0.478,0.4349,0.5138,0,0.3,0.1,"{'stable': 0.8, 'fatigued': 0.1, 'underperformer': 0.1}",0.12129629629629629,0.49212962962962964,0.2586805555555555,0.36361175156867753,healthy,distinct,Keep
500727,20121,BoltCart,BoltCart Market,ecommerce,native,testimonial,before/after,Try for free,Limited stock,Only this weekend,stable,,0,0.3200617283950617,2.3320124502843087,0.2499985988869557,0.0045267960868113,0.0552263883975946,-0.8096464462837825,-0.1418133939174884,0.0095205916173016,0.0,0.9307920799238385,0.6523247748257578,0.0,0.36316297494611116,0.4062,0.3875,0.4349,0,0.225,0.0,"{'stable': 0.5, 'underperformer': 0.5}",0.023148148148148147,0.49212962962962964,0.1908564814814815,0.36316297494611116,healthy,distinct,Keep
500651,20108,PixelForge,PixelForge Battle,gaming,banner,fantasy,watch now,Book now,Level up today,Free rewards for new players,stable,,0,0.3299382716049382,1.0797659852845338,0.5980508089754127,0.0037836489581967,0.1580619173667856,-0.7687969245386194,-0.1231834417892289,0.0089179177365186,0.0,0.8838303332458971,0.5666292069293121,0.0,0.3342834246973367,0.5364,0.4843,0.6407,0,0.15,0.1,"{'stable': 0.9, 'fatigued': 0.1}",0.4046296296296296,0.49212962962962964,0.3628472222222222,0.3628472222222222,healthy,distinct,Keep
500340,20056,NovaPay,NovaPay Bank,fintech,banner,feature-focus,earn more,Shop now,Save with confidence,"Fast signup, instant card",stable,,0,0.5287037037037038,5.787528668720042,0.4124221334273181,0.0043678529420507,0.0944221655122129,-0.7044281390636085,0.0533864483375883,0.0075963455919862,0.0,0.8098301866517171,0.0,0.0,0.20245754666292928,0.5176,0.479,0.6041,0,0.2,0.0,{'stable': 1.0},0.3763888888888889,0.49212962962962964,0.3612268518518518,0.3612268518518518,healthy,distinct,Keep
500346,20057,RouteBloom,RouteBloom Deals,travel,interstitial,wanderlust,save smarter,Book now,Escape this weekend,Flexible booking options,stable,,0,0.3515432098765432,5.569891851263709,0.2118588164931044,0.0041283334506051,0.0513182423435419,-0.8152957724983243,0.0197865992781212,0.0099826103447801,0.0,0.9372867025106936,0.0,0.0,0.2343216756276734,0.5177,0.4754,0.5344,0,0.25,0.2,"{'stable': 0.7, 'fatigued': 0.2, 'top_performer': 0.1}",0.350462962962963,0.49212962962962964,0.3607638888888889,0.3607638888888889,healthy,distinct,Keep
500313,20052,FreshDash,FreshDash Eats,food_delivery,banner,discount,late-night,Install now,Dinner in minutes,Fresh favorites nearby,underperformer,,0,0.0410493827160493,1.080977805385796,0.2109008716041414,0.0029900866462118,0.0705333646004325,-0.6334080151421737,-0.1499874906179635,0.0061322643561968,0.0,0.7281834763318017,0.6899246491552855,0.0,0.32003079891400754,0.5074,0.4618,0.6089,0,0.425,0.0,"{'stable': 0.6, 'underperformer': 0.4}",0.2625,0.49212962962962964,0.3605324074074074,0.3605324074074074,healthy,distinct,Keep
500349,20058,CraveLoop,CraveLoop Bites,food_delivery,native,product-focus,limited offer,Install now,2-for-1 tonight,Free delivery over $15,stable,,0,0.4929012345679012,1.8428334424583148,0.4946714016106539,0.0051277903827499,0.0964687252573238,-0.8387490456232217,0.1429836839902076,0.0110075486785495,0.0,0.9642492377915484,0.0,0.0,0.2410623094478871,0.5255,0.4749,0.6059,0,0.25,0.2,"{'stable': 0.5, 'underperformer': 0.3, 'fatigued': 0.2}",0.3453703703703704,0.49212962962962964,0.3582175925925926,0.3582175925925926,healthy,distinct,Keep
500951,20158,VaultRun,VaultRun Pay,fintech,interstitial,gameplay,exclusive,Order now,Secure & simple,No hidden fees,stable,,0,0.3561728395061728,4.077950072292063,0.3196833639205391,0.0035101831555193,0.0910731291664578,-0.7449789705255415,0.0503513416348007,0.0072964280986458,0.0,0.8564485506701571,0.0,0.0,0.21411213766753928,0.5362,0.4826,0.6013,0,0.15,0.0,{'stable': 1.0},0.39490740740740743,0.49212962962962964,0.3579861111111111,0.3579861111111111,healthy,distinct,Keep
500229,20038,EarnPath,EarnPath Invest,fintech,rewarded_video,drama,save smarter,Claim reward,"Your money, clearer",No hidden fees,stable,,0,0.3540123456790123,4.057664376405147,0.3342476187389344,0.0031775047301102,0.1051918556002709,-0.7555440806499363,-0.1521287366121383,0.0082910386089972,0.0,0.868594495202424,0.699774126503027,0.0,0.3571034491012114,0.5355,0.4574,0.628,0,0.125,0.1,"{'stable': 0.7, 'top_performer': 0.2, 'fatigued': 0.1}",0.23842592592592593,0.49212962962962964,0.27349537037037036,0.3571034491012114,healthy,distinct,Keep
500745,20124,FreshDash,FreshDash Delivery,food_delivery,banner,urgency,security,Order now,"Your cravings, delivered",Late-night deals available,underperformer,,0,0.0901234567901234,1.0682170800791877,0.2623621725843614,0.0035008029302927,0.0749434280673493,-0.7723188678607578,-0.1464553036420761,0.0085237747315756,0.0,0.8878792572734573,0.6736770084350526,0.0,0.35670521600537486,0.4621,0.4311,0.5139,0,0.175,0.0,"{'stable': 0.7, 'underperformer': 0.3}",0.1111111111111111,0.49212962962962964,0.22233796296296296,0.35670521600537486,healthy,distinct,Keep
501019,20169,LuxShelf,LuxShelf Shop,ecommerce,interstitial,competitive,free shipping,Install now,Your next favorite pick,Free shipping over $25,stable,,0,0.5083333333333333,2.1394960434761026,0.3324973998184964,0.0063507743894062,0.0523554104477611,-0.7355829091821742,-0.1576260851891641,0.0111634706432839,0.0,0.8456465771408131,0.7250612772691496,0.0,0.3564238997390332,0.5069,0.4596,0.5281,0,0.225,0.0,"{'stable': 0.6, 'underperformer': 0.4}",0.25092592592592594,0.49212962962962964,0.30474537037037036,0.3564238997390332,healthy,distinct,Keep
500233,20038,EarnPath,EarnPath Invest,fintech,native,trust,cashback,Learn more,Track every euro,No hidden fees,stable,,0,0.3083333333333333,5.143403715244662,0.283732599679088,0.0029851332376097,0.0950485546522132,-0.7367068108974122,-0.1560594692637728,0.0073437042054124,0.0,0.8469386458208623,0.7178550300132385,0.0,0.3553056674578633,0.4973,0.4622,0.6169,0,0.275,0.0,{'stable': 1.0},0.2638888888888889,0.49212962962962964,0.32372685185185185,0.3553056674578633,healthy,distinct,Keep
500162,20027,WayPoint,WayPoint Trips,travel,rewarded_video,discount,security,Learn more,Book your next trip,Special fares today,stable,,0,0.5006172839506173,5.89271478887092,0.3023649906469933,0.0051319311721005,0.0589183643558551,-0.847218011723406,-0.1036327885762175,0.0121062942683478,0.0,0.9739853968364953,0.47669852335583757,0.0,0.33883605388029137,0.5022,0.4679,0.5443,0,0.325,0.9,"{'fatigued': 0.9, 'stable': 0.1}",0.30185185185185187,0.49212962962962964,0.35520833333333335,0.35520833333333335,healthy,distinct,Keep
500368,20061,LuxShelf,LuxShelf Shop,ecommerce,banner,discount,new collection,Learn more,New collection drop,Only this weekend,stable,,0,0.4145061728395061,2.110627974474841,0.3127348296263588,0.0052808435738461,0.0592206198220313,-0.7986595043980694,-0.1360428885630498,0.0087955656491781,0.0,0.9181611858629254,0.6257811353148443,0.0,0.3546965235287002,0.5048,0.4625,0.5823,0,0.2,0.0,"{'stable': 0.7, 'underperformer': 0.3}",0.2657407407407407,0.49212962962962964,0.30590277777777775,0.3546965235287002,healthy,distinct,Keep
500476,20079,ThreadMark,ThreadMark Store,ecommerce,interstitial,discount,exclusive,Watch now,Flash sale live,Shop bestsellers now,stable,,0,0.3422839506172839,2.1758804596752563,0.2816977692009261,0.0047108579919452,0.0597975506123469,-0.8305605044322552,-0.1139267236828213,0.0111634593901479,0.0,0.9548354630239749,0.524049402669771,0.0,0.34351874628994794,0.5047,0.464,0.6313,0,0.375,0.0,{'stable': 1.0},0.2740740740740741,0.49212962962962964,0.35381944444444446,0.35381944444444446,healthy,distinct,Keep
500820,20136,QuickFork,QuickFork Eats,food_delivery,banner,combo,fast,Claim reward,Dinner in minutes,Late-night deals available,underperformer,,0,0.1354938271604938,1.1531584504097676,0.2996156075734872,0.0035242542948046,0.085015320266524,-0.6933144617171484,0.0963819148551463,0.0078653339822059,0.0,0.797053593979206,0.0,0.0,0.1992633984948015,0.4995,0.4751,0.5582,0,0.225,0.1,"{'stable': 0.6, 'underperformer': 0.3, 'fatigued': 0.1}",0.34814814814814815,0.49212962962962964,0.35335648148148147,0.35335648148148147,healthy,distinct,Keep
501042,20173,BingeLayer,BingeLayer Play,entertainment,rewarded_video,trailer,fast,Book now,A new season drops,New hits every week,stable,,0,0.5388888888888889,1.7913795193829607,0.5443579218808969,0.0055022707301457,0.0989333220007649,-0.8053315669024177,0.0026885932591242,0.0098885191099437,0.0,0.9258315745422175,0.0,0.0,0.23145789363555438,0.5987,0.475,0.7407,0,0.225,0.2,"{'stable': 0.8, 'fatigued': 0.2}",0.3472222222222222,0.49212962962962964,0.3528935185185185,0.3528935185185185,healthy,distinct,Keep
500910,20151,ThreadMark,ThreadMark Club,ecommerce,native,ugc,before/after,Get offer,New collection drop,Free shipping over $25,stable,,0,0.5234567901234567,2.517620581024975,0.3190603402589255,0.0061872469599137,0.0515674163850367,-0.7939355296981855,-0.0608036977333289,0.0117278410733028,0.0,0.9127303731216423,0.27968979048301224,0.0,0.28412055137701303,0.5252,0.4652,0.6226,0,0.35,0.0,{'stable': 1.0},0.2847222222222222,0.49212962962962964,0.3528935185185185,0.3528935185185185,healthy,distinct,Keep
500169,20028,QuickFork,QuickFork Kitchen,food_delivery,interstitial,food-closeup,challenge,Shop now,Dinner in minutes,Fresh favorites nearby,underperformer,,0,0.1228395061728395,0.8848625453832959,0.3074113005110913,0.0034941713780557,0.0879783122378326,-0.7213294082531501,0.0284158092479422,0.0092297938619785,0.0,0.8292603559243581,0.0,0.0,0.20731508898108952,0.5317,0.4702,0.6791,0,0.275,0.0,"{'stable': 0.6, 'underperformer': 0.4}",0.3194444444444444,0.49212962962962964,0.35150462962962964,0.35150462962962964,healthy,distinct,Keep
500610,20101,BingeLayer,BingeLayer Plus,entertainment,rewarded_video,trust,exclusive,Get offer,Exclusive tonight,New hits every week,stable,,0,0.6839506172839506,1.961006144481949,0.7783295653313976,0.0070404609859907,0.1105509379116137,-0.7092297859172121,-0.0396773625736445,0.0123542085513519,0.0,0.8153502934618432,0.18251115703211987,0.0,0.24033980477188477,0.4977,0.4632,0.5246,0,0.375,0.3,"{'stable': 0.7, 'fatigued': 0.3}",0.2689814814814815,0.49212962962962964,0.35127314814814814,0.35127314814814814,healthy,distinct,Keep
500636,20106,PlateSprint,PlateSprint Go,food_delivery,native,fantasy,2-for-1,Get offer,2-for-1 tonight,Free delivery over $15,stable,,0,0.3802469135802469,1.624007872314524,0.422148514170554,0.004701055358085,0.0897986690253559,-0.8461223604840862,-0.1130043009697623,0.0114770447176487,0.0,0.9727258056895217,0.5198063677069347,0.0,0.34714272496376736,0.5218,0.4646,0.6868,0,0.35,0.5,"{'fatigued': 0.5, 'stable': 0.3, 'underperformer': 0.2}",0.2810185185185185,0.49212962962962964,0.35104166666666664,0.35104166666666664,healthy,distinct,Keep
500656,20109,VantaStyle,VantaStyle Outlet,ecommerce,banner,testimonial,new collection,Book now,Up to 40% off,Shop bestsellers now,stable,,0,0.3373456790123457,2.370332096992046,0.2621433644609032,0.0045917309437067,0.0570903146710257,-0.763895833936859,-0.0367007672634271,0.0083376320626739,0.0,0.8781959031362531,0.16881917200978327,0.0,0.2533128101860199,0.5077,0.4631,0.5905,0,0.375,0.0,"{'stable': 0.6, 'underperformer': 0.4}",0.2675925925925926,0.49212962962962964,0.3505787037037037,0.3505787037037037,healthy,distinct,Keep
500629,20104,SwiftStack,SwiftStack Invest,fintech,interstitial,testimonial,security,Try for free,Earn cashback daily,"Fast signup, instant card",stable,,0,0.5141975308641976,6.589949786337766,0.4077609288324566,0.0039396536722525,0.1035017193781178,-0.7668739835712779,-0.14127972887221,0.008623204808974,0.0,0.881619666811458,0.649869978978363,0.0,0.3503789124985371,0.5023,0.4491,0.5302,0,0.225,0.1,"{'stable': 0.7, 'top_performer': 0.2, 'fatigued': 0.1}",0.19444444444444445,0.49212962962962964,0.27650462962962963,0.3503789124985371,healthy,distinct,Keep
500009,20001,VantaStyle,VantaStyle Drops,ecommerce,banner,discount,free shipping,Shop now,Limited stock,Free shipping over $25,underperformer,,0,0.1925925925925926,2.428691311133428,0.1562794042843381,0.0030358031224205,0.0514787678852276,-0.7493751901816303,-0.1464951775756916,0.0083275001848835,0.0,0.861502567094579,0.6738604237955389,0.0,0.3501477265327525,0.4574,0.4195,0.5119,0,0.35,0.0,"{'underperformer': 0.6, 'stable': 0.4}",0.07407407407407407,0.49212962962962964,0.24756944444444445,0.3501477265327525,healthy,distinct,Keep
500968,20161,PulsePlay,PulsePlay Play,entertainment,rewarded_video,ugc,new season,Try for free,A new season drops,New hits every week,stable,,0,0.7058641975308642,2.281933587791825,0.73180620532531,0.00664141985078,0.1101882160392798,-0.7177448807362165,-0.1186024689750933,0.011091531254207,0.0,0.8251394833652986,0.5455572758731906,0.0,0.3153963260159628,0.5248,0.4626,0.6078,0,0.375,0.3,"{'stable': 0.7, 'fatigued': 0.3}",0.26666666666666666,0.49212962962962964,0.35011574074074076,0.35011574074074076,healthy,distinct,Keep
500161,20026,ClearLedger,ClearLedger Invest,fintech,banner,trust,earn more,Install now,Earn cashback daily,Built for peace of mind,stable,,0,0.382716049382716,7.091985114722904,0.2998659289612327,0.0032996582132673,0.0908778757010415,-0.7155979426204266,-0.0292696997937585,0.006550683202421,0.0,0.8226713035771503,0.13463714392372675,0.0,0.23259525467903294,0.5112,0.466,0.6547,0,0.325,0.0,{'stable': 1.0},0.2916666666666667,0.49212962962962964,0.35011574074074076,0.35011574074074076,healthy,distinct,Keep
500895,20149,MoonScreen,MoonScreen Box,entertainment,native,ugc,exclusive,Book now,A new season drops,New hits every week,stable,,0,0.54320987654321,2.6594474764782743,0.4418121245796108,0.0050095375933114,0.0881941928471611,-0.7960600902238255,-0.1316731092400103,0.0089347490246794,0.0,0.9151728270095847,0.6056806692432226,0.0,0.3499293406010407,0.4892,0.4394,0.6602,0,0.35,0.1,"{'stable': 0.6, 'underperformer': 0.2, 'fatigued': 0.1, 'top_performer': 0.1}",0.1425925925925926,0.49212962962962964,0.2818287037037037,0.3499293406010407,healthy,distinct,Keep
501069,20178,PlateSprint,PlateSprint Go,food_delivery,interstitial,combo,late-night,Learn more,Hungry? We got you,Fresh favorites nearby,stable,,0,0.7524691358024692,2.2315783281528594,0.82923144380809,0.0085511679018103,0.0969728876020005,-0.6645378579886527,-0.0580352883224277,0.0127959606442871,0.0,0.763971209735402,0.2669554358800728,0.0,0.24438388960986507,0.4986,0.468,0.5223,0,0.3,0.1,"{'stable': 0.8, 'fatigued': 0.1, 'underperformer': 0.1}",0.30277777777777776,0.49212962962962964,0.34942129629629626,0.34942129629629626,healthy,distinct,Keep
500130,20021,RouteBloom,RouteBloom Getaway,travel,native,discount,last-minute deal,Learn more,Escape this weekend,Flexible booking options,stable,,0,0.5108024691358025,6.561437789538839,0.2796311361998918,0.0052876461207723,0.0528838598145528,-0.8131559140225995,0.0486053814420295,0.0098822647169103,0.0,0.9348266616737275,0.0,0.0,0.23370666541843188,0.4798,0.456,0.5099,0,0.45,0.0,"{'stable': 0.9, 'top_performer': 0.1}",0.22592592592592592,0.49212962962962964,0.34849537037037037,0.34849537037037037,healthy,distinct,Keep
500047,20007,ThreadMark,ThreadMark Shop,ecommerce,rewarded_video,ugc,free shipping,Watch now,Limited stock,Free shipping over $25,stable,,0,0.7435185185185186,2.3564451941460614,0.6261767185470675,0.0083740587306503,0.0747757734556081,-0.6583913491443129,-0.1730549306336707,0.012745942648609,0.0,0.7569050121651503,0.7960321344807406,0.0,0.3484326799374357,0.4543,0.4155,0.4861,0,0.3,0.2,"{'stable': 0.7, 'fatigued': 0.2, 'underperformer': 0.1}",0.06666666666666667,0.49212962962962964,0.23136574074074073,0.3484326799374357,healthy,distinct,Keep
500949,20158,VaultRun,VaultRun Pay,fintech,banner,trust,security,Start now,"Your money, clearer",Built for peace of mind,stable,,0,0.270679012345679,4.548602864880739,0.2517571301463619,0.0028137398327383,0.0894742034132386,-0.6841540188543334,-0.1646845167468418,0.0059358782479625,0.0,0.7865224940102765,0.7575292244022963,0.0,0.34813646838302836,0.4717,0.4441,0.4942,0,0.175,0.0,{'stable': 1.0},0.16712962962962963,0.49212962962962964,0.2503472222222222,0.34813646838302836,healthy,distinct,Keep
500548,20091,ZenDrop,ZenDrop Market,ecommerce,banner,ugc,last-minute deal,Try for free,Your next favorite pick,Only this weekend,underperformer,,0,0.1682098765432098,1.8557713963267195,0.1941718992227028,0.0036708301621811,0.0528959092750101,-0.7235411462047951,-0.1520386312983438,0.0073371755235557,0.0,0.8318030314066102,0.6993596527575795,0.0,0.34782268840316843,0.5044,0.4644,0.573,0,0.3,0.0,"{'stable': 0.6, 'underperformer': 0.4}",0.2791666666666667,0.49212962962962964,0.33761574074074074,0.34782268840316843,healthy,distinct,Keep
500783,20130,CraveLoop,CraveLoop Kitchen,food_delivery,native,discount,cashback,Book now,Hungry? We got you,Late-night deals available,stable,,0,0.4175925925925925,2.5321634584066977,0.351246143813815,0.0043939815452775,0.0799380107072414,-0.8189759161560531,-0.06863771961603,0.0102630043291218,0.0,0.94151749804536,0.31572536102712045,0.0,0.2985244467167641,0.5055,0.4692,0.5562,0,0.275,0.2,"{'stable': 0.8, 'fatigued': 0.2}",0.31157407407407406,0.49212962962962964,0.34756944444444443,0.34756944444444443,healthy,distinct,Keep
500257,20042,NeonArena,NeonArena Arena,gaming,native,competitive,free shipping,Install now,Unlock rare gear,Free rewards for new players,stable,,0,0.4219135802469135,1.5953955269261444,0.68416160270194,0.0040697537632634,0.1681088445393622,-0.7933298250215056,-0.0840792238812561,0.0106558178175243,0.0,0.9120340381739449,0.38675444731106706,0.0,0.30535939900569964,0.5145,0.4671,0.5933,0,0.3,0.5,"{'stable': 0.5, 'fatigued': 0.5}",0.2986111111111111,0.49212962962962964,0.34733796296296293,0.34733796296296293,healthy,distinct,Keep
500464,20077,MoonScreen,MoonScreen Stream,entertainment,native,drama,trending,Try for free,Stream the hype,New hits every week,stable,,0,0.5691358024691359,2.127307575328052,0.5571062260212417,0.0052338897241836,0.1064421024094344,-0.7979038485172515,0.0213039280962361,0.0094530057604253,0.0,0.9172924628391395,0.0,0.0,0.22932311570978486,0.4919,0.4593,0.5672,0,0.4,0.0,"{'stable': 0.7, 'underperformer': 0.2, 'top_performer': 0.1}",0.24814814814814815,0.49212962962962964,0.3471064814814815,0.3471064814814815,healthy,distinct,Keep
500263,20043,ThreadMark,ThreadMark Store,ecommerce,interstitial,discount,free shipping,Start now,Up to 40% off,Free shipping over $25,underperformer,,0,0.2089506172839506,1.505380296576912,0.2656850088918064,0.0044539587212788,0.0596514304505097,-0.820756223599584,-0.1199566757454736,0.0099915459952242,0.0,0.9435641890126013,0.5517864662349262,0.0,0.3462483405001356,0.519,0.4544,0.6454,0,0.325,0.0,"{'stable': 0.9, 'underperformer': 0.1}",0.2175925925925926,0.49212962962962964,0.3130787037037037,0.3462483405001356,healthy,distinct,Keep
500379,20063,WayPoint,WayPoint Travel,travel,native,family,discover,Start now,Book your next trip,Hotels + flights in one tap,stable,,0,0.3444444444444444,5.2561051553357965,0.2076262368127271,0.004164916705918,0.0498512338836707,-0.8103008063044221,0.0142530317006186,0.0095665301127899,0.0,0.9315443504085986,0.0,0.0,0.23288608760214966,0.4802,0.4563,0.512,0,0.425,0.1,"{'stable': 0.9, 'fatigued': 0.1}",0.2324074074074074,0.49212962962962964,0.3454861111111111,0.3454861111111111,healthy,distinct,Keep
500586,20097,LuxShelf,LuxShelf Outlet,ecommerce,native,urgency,cashback,Order now,Your next favorite pick,Only this weekend,stable,,0,0.324074074074074,2.466508948036258,0.270602287504177,0.0042638317733309,0.063464578784913,-0.7987287024275411,-0.0200437317784256,0.0095840223178546,0.0,0.9182407378427732,0.09219878643223808,0.0,0.2479999417471409,0.5352,0.4667,0.614,0,0.3,0.0,{'stable': 1.0},0.2949074074074074,0.49212962962962964,0.3454861111111111,0.3454861111111111,healthy,distinct,Keep
500019,20003,CloudRoute,CloudRoute Getaway,travel,interstitial,food-closeup,exclusive,Install now,Last-minute savings,Special fares today,stable,,0,0.4132716049382716,5.191783577837914,0.2283971883471889,0.0049521380502049,0.0461209251502458,-0.7872599920878198,-0.1284753594651887,0.0094243077866305,0.0,0.9050559893637913,0.5909713999408934,0.0,0.3444582773291265,0.44,0.4142,0.4554,0,0.25,0.2,"{'stable': 0.7, 'fatigued': 0.2, 'top_performer': 0.1}",0.06388888888888888,0.49212962962962964,0.21747685185185184,0.3444582773291265,healthy,distinct,Keep
500889,20148,SnapMeal,SnapMeal Express,food_delivery,banner,minimalist,2-for-1,Try for free,"Your cravings, delivered",Late-night deals available,underperformer,,0,0.1037037037037037,1.133731643949999,0.261281987620898,0.0035885224145453,0.0728104655447733,-0.6922221846014138,-0.1094549313291824,0.0073016478568349,0.0,0.7957978818185781,0.5034796887691765,0.0,0.29964540820847985,0.5303,0.4775,0.6659,0,0.15,0.1,"{'stable': 0.9, 'fatigued': 0.1}",0.3675925925925926,0.49212962962962964,0.3443287037037037,0.3443287037037037,healthy,distinct,Keep
500497,20082,BiteRush,BiteRush Eats,food_delivery,rewarded_video,food-closeup,2-for-1,Order now,Dinner in minutes,Fresh favorites nearby,stable,,0,0.4660493827160494,2.2912207127678257,0.3996250345408947,0.0048139732347416,0.0830135555505097,-0.8583429902765639,-0.1059763740821531,0.0136489490309246,0.0,0.9867749816906385,0.4874787384343502,0.0,0.3441894931095297,0.3654,0.3268,0.4321,0,0.2,0.2,"{'stable': 0.5, 'underperformer': 0.3, 'fatigued': 0.2}",0.000925925925925926,0.49212962962962964,0.17349537037037038,0.3441894931095297,healthy,distinct,Keep
500933,20155,FluxStream,FluxStream Now,entertainment,interstitial,drama,trending,Get offer,Stream the hype,New hits every week,underperformer,,0,0.1731481481481481,1.1698157709003911,0.327435610119303,0.0036310106144306,0.0901775414310233,-0.7651326462922174,-0.1343644646881979,0.0090639238018522,0.0,0.8796177770294857,0.6180605847661282,0.0,0.3435165612105971,0.4671,0.4267,0.5084,0,0.375,0.1,"{'stable': 0.7, 'underperformer': 0.2, 'fatigued': 0.1}",0.09722222222222222,0.49212962962962964,0.2653935185185185,0.3435165612105971,healthy,distinct,Keep
500729,20121,BoltCart,BoltCart Market,ecommerce,native,testimonial,before/after,Learn more,Your next favorite pick,Only this weekend,stable,,0,0.325,2.348309780315515,0.2503839679420473,0.0045430474241909,0.0551136593047199,-0.8332169377606964,-0.1117346216822655,0.0114913757793655,0.0,0.957889372683318,0.5139659937306996,0.0,0.34226554191696945,0.4841,0.4493,0.5164,0,0.325,0.0,"{'stable': 0.8, 'underperformer': 0.2}",0.1962962962962963,0.49212962962962964,0.30243055555555554,0.34226554191696945,healthy,distinct,Keep
500550,20091,ZenDrop,ZenDrop Market,ecommerce,native,feature-focus,limited offer,Start now,Your next favorite pick,Free shipping over $25,stable,,0,0.3839506172839506,2.711567224629677,0.3159219072984054,0.0042897929487533,0.0736450246136514,-0.7503322525613438,-0.137035290227845,0.0082170699427073,0.0,0.8626028326328509,0.6303460651472188,0.0,0.3417199211876565,0.5191,0.4524,0.6619,0,0.275,0.0,{'stable': 1.0},0.2111111111111111,0.49212962962962964,0.29733796296296294,0.3417199211876565,healthy,distinct,Keep
500284,20047,FluxStream,FluxStream Stream,entertainment,native,celebrity,trending,Claim reward,Binge starts now,New hits every week,underperformer,,0,0.074074074074074,1.3549098181808754,0.244405788326271,0.0025655345799696,0.0952650532308031,-0.4898102645483604,-0.1195010773426158,0.0048815488972969,0.0,0.5630995071980051,0.5496907676739842,0.0,0.2507130303342981,0.542,0.4639,0.6814,0,0.325,0.0,"{'stable': 0.7, 'underperformer': 0.3}",0.2726851851851852,0.49212962962962964,0.340625,0.340625,healthy,distinct,Keep
500760,20126,StormByte,StormByte Arena,gaming,banner,competitive,cashback,Claim reward,Join the arena,Play with friends tonight,stable,,0,0.4354938271604938,1.4065382798818282,0.720020893407213,0.004519280075641,0.159322033898305,-0.8371976879966732,0.0153322530035919,0.0114194164492746,0.0,0.9624657539035517,0.0,0.0,0.24061643847588793,0.5017,0.4785,0.542,0,0.125,0.5,"{'fatigued': 0.5, 'stable': 0.5}",0.3726851851851852,0.49212962962962964,0.340625,0.340625,healthy,distinct,Keep
500370,20061,LuxShelf,LuxShelf Shop,ecommerce,banner,reward,free shipping,Shop now,Flash sale live,Only this weekend,stable,,0,0.4558641975308642,2.123190208593536,0.3034409351274476,0.0059842144542813,0.0507068951899534,-0.6568071751622355,-0.0221903689006961,0.0093342964189657,0.0,0.7550838016818499,0.10207306232914284,0.0,0.20918556288629103,0.5276,0.4652,0.6405,0,0.3,0.0,"{'underperformer': 0.5, 'stable': 0.5}",0.2847222222222222,0.49212962962962964,0.3403935185185185,0.3403935185185185,healthy,distinct,Keep
500943,20157,BoltCart,BoltCart Club,ecommerce,banner,ugc,limited offer,Learn more,Your next favorite pick,Shop bestsellers now,underperformer,,0,0.0935185185185185,1.5165656441031277,0.1944487977171485,0.0033704929319416,0.0576915014045532,-0.7775371569094881,-0.1270046762702822,0.007887915139157,0.0,0.8938783475425561,0.5842064318553288,0.0,0.34031087325670484,0.5024,0.4643,0.5281,0,0.175,0.0,"{'stable': 0.9, 'underperformer': 0.1}",0.2777777777777778,0.49212962962962964,0.3056712962962963,0.34031087325670484,healthy,distinct,Keep
500143,20023,NeonCast,NeonCast Stream,entertainment,interstitial,reward,new season,Try for free,Exclusive tonight,Start free today,underperformer,,0,0.15,1.5777174944778092,0.2796292609923159,0.0033894283343084,0.0825004199563245,-0.7622869961689996,-0.1317301289108647,0.0085604182946911,0.0,0.8763463384786432,0.6059429529593318,0.0,0.34027517521152717,0.4983,0.4114,0.6746,0,0.25,0.2,"{'stable': 0.6, 'fatigued': 0.2, 'underperformer': 0.2}",0.05277777777777778,0.49212962962962964,0.2119212962962963,0.34027517521152717,healthy,distinct,Keep
500804,20134,ClearLedger,ClearLedger Cash,fintech,native,testimonial,earn more,Start now,Track every euro,No hidden fees,stable,,0,0.7086419753086419,11.102092539534086,0.5667893347095491,0.0046876667704008,0.1209107563465061,-0.6963146726810618,-0.15117944198782,0.0080202432579403,0.0,0.8005027199725689,0.6954074839388412,0.0,0.3392071767809105,0.4821,0.4335,0.5385,0,0.325,0.1,"{'stable': 0.9, 'fatigued': 0.1}",0.11666666666666667,0.49212962962962964,0.26261574074074073,0.3392071767809105,healthy,distinct,Keep
500440,20073,VantaStyle,VantaStyle Club,ecommerce,rewarded_video,testimonial,free shipping,Claim reward,Up to 40% off,Only this weekend,stable,,0,0.4231481481481481,1.837101932843012,0.3533620769882745,0.0053947443207547,0.0655011722481113,-0.8322123916807387,-0.1086514105089957,0.011872045392574,0.0,0.9567345185621953,0.4997835883965906,0.0,0.339140347319867,0.496,0.452,0.5197,0,0.25,0.2,"{'stable': 0.7, 'fatigued': 0.2, 'underperformer': 0.1}",0.20833333333333334,0.49212962962962964,0.2896990740740741,0.339140347319867,healthy,distinct,Keep
500676,20112,SnapMeal,SnapMeal Express,food_delivery,interstitial,urgency,challenge,Order now,Hungry? We got you,Free delivery over $15,stable,,0,0.4246913580246914,1.711787776995159,0.4537993902154359,0.0048115787115209,0.0943140323422013,-0.8479335253278258,0.1155726139536201,0.0124896340933681,0.0,0.9748079711825307,0.0,0.0,0.24370199279563268,0.5143,0.4702,0.6201,0,0.225,0.1,"{'stable': 0.6, 'underperformer': 0.3, 'fatigued': 0.1}",0.3194444444444444,0.49212962962962964,0.33900462962962963,0.33900462962962963,healthy,distinct,Keep
500531,20088,FreshDash,FreshDash Go,food_delivery,rewarded_video,fantasy,free delivery,Try for free,"Your cravings, delivered",Fresh favorites nearby,stable,,0,0.3632716049382716,1.4186329981926624,0.4557073870818638,0.0045351120690315,0.1004842615012106,-0.8557520194712933,-0.1010431936579352,0.0129295983065962,0.0,0.9837963295691735,0.46478669418869073,0.0,0.33890642123003156,0.3985,0.3657,0.4726,0,0.1,0.0,"{'stable': 0.7, 'underperformer': 0.3}",0.009259259259259259,0.49212962962962964,0.15266203703703704,0.33890642123003156,healthy,distinct,Keep
500801,20133,LuxShelf,LuxShelf Outlet,ecommerce,banner,ugc,free shipping,Install now,Your next favorite pick,Free shipping over $25,stable,,0,0.2317901234567901,2.245710915142482,0.2160595732043287,0.0037211435184309,0.0580626821121455,-0.7504669723918536,-0.0247943050738081,0.0082626837577314,0.0,0.8627577102980623,0.11405085956580048,0.0,0.23849959948767566,0.5075,0.4612,0.6147,0,0.35,0.2,"{'underperformer': 0.4, 'stable': 0.4, 'fatigued': 0.2}",0.2564814814814815,0.49212962962962964,0.33877314814814813,0.33877314814814813,healthy,distinct,Keep
500086,20014,VaultRun,VaultRun Pay,fintech,interstitial,family,free shipping,Install now,Earn cashback daily,Built for peace of mind,stable,,0,0.4450617283950617,5.1322460689446325,0.3658683868401048,0.0039417605291675,0.0928185221128518,-0.7474151581477502,-0.0618213069459616,0.0075542450811828,0.0,0.8592492597381316,0.28437067204260225,0.0,0.27168644934305336,0.4792,0.4663,0.4933,0,0.275,0.0,{'stable': 1.0},0.2935185185185185,0.49212962962962964,0.3385416666666667,0.3385416666666667,healthy,distinct,Keep
500922,20153,DriftPass,DriftPass Trips,travel,banner,discount,discover,Watch now,Escape this weekend,Flexible booking options,stable,,0,0.3317901234567901,5.592518386835697,0.1945730593791401,0.0039552671277756,0.0491934054245701,-0.8070912961802085,-0.1156447982932001,0.0097742869904128,0.0,0.9278546082776162,0.5319523418942654,0.0,0.33835412044825713,0.4987,0.4416,0.6601,0,0.2,0.1,"{'stable': 0.8, 'fatigued': 0.1, 'top_performer': 0.1}",0.1527777777777778,0.49212962962962964,0.24942129629629628,0.33835412044825713,healthy,distinct,Keep
500481,20080,CoinBridge,CoinBridge Wallet,fintech,interstitial,minimalist,earn more,Watch now,Track every euro,No hidden fees,stable,,0,0.5623456790123457,4.977515724588813,0.5139947431674664,0.0043268467096843,0.1187919927962873,-0.7987849452831929,-0.1181531692635755,0.0091506229959134,0.0,0.91830539619437,0.5434905505445826,0.0,0.33827445915750903,0.4226,0.3843,0.4916,0,0.35,0.1,"{'stable': 0.9, 'fatigued': 0.1}",0.017592592592592594,0.49212962962962964,0.21932870370370372,0.33827445915750903,healthy,distinct,Keep
500825,20137,BingeLayer,BingeLayer Plus,entertainment,interstitial,celebrity,save smarter,Book now,A new season drops,New hits every week,stable,,0,0.7743827160493827,3.302326717727764,0.6374446982205628,0.007367433939903,0.086521942839294,-0.6152700704039263,-0.0169135300116753,0.011683909359519,0.0,0.7073315904426619,0.0778002299472094,0.0,0.19239294360010736,0.5246,0.47,0.6137,0,0.225,0.2,"{'stable': 0.7, 'fatigued': 0.2, 'underperformer': 0.1}",0.3175925925925926,0.49212962962962964,0.3380787037037037,0.3380787037037037,healthy,distinct,Keep
500609,20101,BingeLayer,BingeLayer Plus,entertainment,rewarded_video,celebrity,exclusive,Get offer,Watch what’s trending,Cancel anytime,stable,,0,0.6453703703703704,1.855357486375727,0.7256894049346879,0.0065338169172881,0.1110666879897649,-0.778218238772733,-0.1243314158845494,0.0112486178446882,0.0,0.8946613382010069,0.571909751471328,0.0,0.33804728484451735,0.4582,0.4375,0.4711,0,0.4,0.2,"{'stable': 0.7, 'fatigued': 0.2, 'underperformer': 0.1}",0.13333333333333333,0.49212962962962964,0.2896990740740741,0.33804728484451735,healthy,distinct,Keep
500638,20106,PlateSprint,PlateSprint Go,food_delivery,banner,fantasy,late-night,Get offer,Dinner in minutes,Fresh favorites nearby,underperformer,,0,0.0089506172839506,0.7817916400691317,0.1819737955103835,0.0025476989028828,0.071426727587186,-0.592410507168408,-0.1820409531852371,0.0065446196674909,0.0,0.6810516005683153,0.8373667713271046,0.0,0.33773625440749977,0.5133,0.4574,0.6312,0,0.35,0.0,{'stable': 1.0},0.23842592592592593,0.49212962962962964,0.3297453703703704,0.33773625440749977,healthy,distinct,Keep
500082,20013,BoltCart,BoltCart Drops,ecommerce,rewarded_video,discount,new collection,Get offer,Your next favorite pick,Free shipping over $25,stable,,0,0.4302469135802469,2.707077403785389,0.3211503505717994,0.0047698315021454,0.0673294959009244,-0.851031845075714,-0.1010976999005683,0.0122922685028696,0.0,0.9783698857634479,0.4650374164333958,0.0,0.3375999547275411,0.5011,0.4512,0.6029,0,0.425,0.4,"{'stable': 0.6, 'fatigued': 0.4}",0.2037037037037037,0.49212962962962964,0.33113425925925927,0.3375999547275411,healthy,distinct,Keep
500354,20059,NeonCast,NeonCast Now,entertainment,rewarded_video,ugc,save smarter,Book now,Binge starts now,Cancel anytime,stable,,0,0.5271604938271605,1.787188331965676,0.5366947320408708,0.0054084569220679,0.0992325056433408,-0.8371542817712123,0.0726664966237531,0.0113997013402996,0.0,0.9624158528991519,0.0,0.0,0.24060396322478797,0.5285,0.4716,0.6323,0,0.2,0.3,"{'stable': 0.7, 'fatigued': 0.3}",0.3277777777777778,0.49212962962962964,0.3369212962962963,0.3369212962962963,healthy,distinct,Keep
500728,20121,BoltCart,BoltCart Market,ecommerce,interstitial,drama,before/after,Install now,Your next favorite pick,Only this weekend,stable,,0,0.4104938271604939,2.276464393313248,0.3067536850397516,0.0051106710584858,0.0600221930797942,-0.8393842775664234,-0.0875691535912982,0.0124385044555583,0.0,0.9649795181063211,0.40280770962552453,0.0,0.3218064214516852,0.5104,0.4659,0.5933,0,0.275,0.0,"{'stable': 0.9, 'underperformer': 0.1}",0.2898148148148148,0.49212962962962964,0.3366898148148148,0.3366898148148148,healthy,distinct,Keep
500853,20142,PlateSprint,PlateSprint Go,food_delivery,banner,discount,late-night,Try for free,Dinner in minutes,Fresh favorites nearby,stable,,0,0.2845679012345679,2.4031620823235817,0.2778225199418457,0.0037332861698286,0.0744176865377023,-0.7944077697742351,-0.0212624771324686,0.0095519228478703,0.0,0.9132732734513197,0.09780487036186046,0.0,0.24787929243520201,0.4913,0.4596,0.5624,0,0.35,0.1,"{'stable': 0.6, 'underperformer': 0.3, 'fatigued': 0.1}",0.25092592592592594,0.49212962962962964,0.33599537037037036,0.33599537037037036,healthy,distinct,Keep
500816,20136,QuickFork,QuickFork Eats,food_delivery,interstitial,discount,2-for-1,Install now,2-for-1 tonight,Free delivery over $15,stable,,0,0.5478395061728395,1.6890133567463552,0.5821950117432086,0.0056273058149985,0.1034589252625077,-0.8519064418860702,-0.0981073720799748,0.0125459136345295,0.0,0.9793753465889016,0.4512822634937601,0.0,0.3351002893459774,0.4764,0.4491,0.512,0,0.375,0.1,"{'stable': 0.8, 'fatigued': 0.1, 'underperformer': 0.1}",0.19444444444444445,0.49212962962962964,0.3140046296296296,0.3351002893459774,healthy,distinct,Keep
500931,20155,FluxStream,FluxStream Now,entertainment,interstitial,drama,exclusive,Start now,Exclusive tonight,New hits every week,stable,,0,0.2416666666666667,1.261931102731101,0.3624477337994112,0.0040085791327033,0.0904180064308681,-0.8019568802442845,-0.0936159333532874,0.0093024548402037,0.0,0.9219519408724439,0.4306221786097135,0.0,0.3166124209400537,0.5109,0.4653,0.6137,0,0.275,0.0,"{'stable': 0.7, 'underperformer': 0.3}",0.2865740740740741,0.49212962962962964,0.3350694444444445,0.3350694444444445,healthy,distinct,Keep
500740,20123,HorizonHop,HorizonHop Flights,travel,banner,discount,book now,Try for free,Fly smarter,Special fares today,stable,,0,0.4000000000000001,6.076139655747338,0.2271095354246723,0.004509657964674,0.0503607007901064,-0.7689416770581916,0.0371490113432095,0.0081542076863089,0.0,0.8839967447695755,0.0,0.0,0.22099918619239386,0.5395,0.4752,0.606,0,0.15,0.3,"{'stable': 0.4, 'fatigued': 0.3, 'top_performer': 0.3}",0.3490740740740741,0.49212962962962964,0.3350694444444445,0.3350694444444445,healthy,distinct,Keep
500826,20137,BingeLayer,BingeLayer Plus,entertainment,banner,drama,trending,Book now,Stream the hype,Cancel anytime,stable,,0,0.5817901234567903,3.0283782698250787,0.4285500682496732,0.0053567552706593,0.080001800828381,-0.6827660879941193,-0.1163753868926924,0.0087840068674062,0.0,0.7849268900795747,0.5353129627107405,0.0,0.3032943150620418,0.5226,0.4706,0.6298,0,0.2,0.0,"{'stable': 0.9, 'underperformer': 0.1}",0.3226851851851852,0.49212962962962964,0.334375,0.334375,healthy,distinct,Keep
500226,20037,VantaStyle,VantaStyle Market,ecommerce,rewarded_video,product-focus,new collection,Watch now,New collection drop,Free shipping over $25,stable,,0,0.5092592592592592,1.860413921101728,0.4304818174012289,0.0057236136932194,0.0752115429996966,-0.8510460326013433,-0.0853844437334825,0.0125958459684818,0.0,0.9783861961376241,0.39275830366540465,0.0,0.323148209767487,0.5255,0.4614,0.5932,0,0.325,0.4,"{'stable': 0.5, 'fatigued': 0.4, 'underperformer': 0.1}",0.25787037037037036,0.49212962962962964,0.3332175925925926,0.3332175925925926,healthy,distinct,Keep
500373,20062,ClearLedger,ClearLedger Cash,fintech,banner,ugc,security,Get offer,Secure & simple,No hidden fees,stable,,0,0.4037037037037037,7.342658014350647,0.3090762591353294,0.0033278845891026,0.0928746928746928,-0.7108208137173048,0.0917442167786448,0.0063831964353819,0.0,0.817179383285015,0.0,0.0,0.20429484582125376,0.4936,0.4632,0.5134,0,0.3,0.0,{'stable': 1.0},0.2689814814814815,0.49212962962962964,0.33252314814814815,0.33252314814814815,healthy,distinct,Keep
500268,20044,CoinBridge,CoinBridge Pay,fintech,interstitial,minimalist,save smarter,Claim reward,Track every euro,"Fast signup, instant card",stable,,0,0.7611111111111111,6.9617129141172205,0.6116581420909808,0.0057931581224268,0.1055828494863778,-0.653101774776265,-0.0409612817089453,0.008847110865358,0.0,0.7508239703097261,0.18841703261758733,0.0,0.22538939910094902,0.4953,0.4644,0.5693,0,0.275,0.0,{'stable': 1.0},0.2791666666666667,0.49212962962962964,0.33136574074074077,0.33136574074074077,healthy,distinct,Keep
500029,20004,SnapMeal,SnapMeal Bites,food_delivery,banner,combo,fast,Get offer,2-for-1 tonight,Free delivery over $15,stable,,0,0.2435185185185185,1.4724911182311624,0.3406567358662215,0.0039946885357918,0.085277420958853,-0.751435628893216,0.1347588122051419,0.0079403607566349,0.0,0.8638713047611434,0.0,0.0,0.21596782619028584,0.4882,0.4531,0.619,0,0.4,0.2,"{'stable': 0.6, 'underperformer': 0.2, 'fatigued': 0.2}",0.21481481481481482,0.49212962962962964,0.3304398148148148,0.3304398148148148,healthy,distinct,Keep
500097,20016,FreshDash,FreshDash Bites,food_delivery,banner,food-closeup,2-for-1,Book now,"Fast food, fast",Free delivery over $15,stable,,0,0.362962962962963,2.55851435046144,0.3118879701148707,0.0041220366472642,0.0756635607113951,-0.8131152001934173,-0.076149549682719,0.0106851530012054,0.0,0.9347798559229952,0.3502788874707039,0.0,0.30375074147488956,0.5104,0.4624,0.674,0,0.3,0.2,"{'stable': 0.6, 'underperformer': 0.2, 'fatigued': 0.2}",0.26481481481481484,0.49212962962962964,0.3304398148148148,0.3304398148148148,healthy,distinct,Keep
501056,20176,SwiftStack,SwiftStack Wallet,fintech,banner,testimonial,earn more,Install now,Earn cashback daily,No hidden fees,stable,,0,0.2861111111111111,4.309698040844675,0.26591033203471,0.0030944788743117,0.0859305695191909,-0.6573466401216149,0.0612063627628909,0.0057412449310235,0.0,0.7557039856076752,0.0,0.0,0.1889259964019188,0.4851,0.4528,0.5122,0,0.4,0.0,{'stable': 1.0},0.21388888888888888,0.49212962962962964,0.3299768518518518,0.3299768518518518,healthy,distinct,Keep
500096,20016,FreshDash,FreshDash Bites,food_delivery,native,urgency,free delivery,Order now,"Fast food, fast",Free delivery over $15,stable,,0,0.2916666666666667,2.3503444487221747,0.3127116009349518,0.0034410375063595,0.090877126551808,-0.6705164140067601,-0.1372358966564003,0.0080022889093297,0.0,0.7708443240639801,0.6312688309010098,0.0,0.318964847196197,0.5022,0.4641,0.6182,0,0.275,0.2,"{'stable': 0.5, 'underperformer': 0.3, 'fatigued': 0.2}",0.27546296296296297,0.49212962962962964,0.3295138888888889,0.3295138888888889,healthy,distinct,Keep
500395,20065,BingeLayer,BingeLayer Now,entertainment,native,drama,trending,Try for free,Exclusive tonight,Start free today,stable,,0,0.3490740740740741,2.729000925016187,0.3189406497456849,0.0037629827453625,0.0847574042529809,-0.741499440487159,-0.1253712116494112,0.0075009320698354,0.0,0.8524483861335881,0.576692688537011,0.0,0.32845063424079923,0.4802,0.4383,0.5509,0,0.3,0.0,"{'stable': 0.8, 'underperformer': 0.2}",0.13518518518518519,0.49212962962962964,0.265625,0.32845063424079923,healthy,distinct,Keep
500934,20155,FluxStream,FluxStream Now,entertainment,rewarded_video,discount,exclusive,Get offer,Exclusive tonight,New hits every week,stable,,0,0.4709876543209876,1.572510466282856,0.5325674226727141,0.005164573013507,0.1031193520315951,-0.8338922050642483,-0.0357093173699053,0.0108773850898491,0.0,0.9586656787621781,0.16425862021226453,0.0,0.27251814373299743,0.4889,0.4616,0.5313,0,0.3,0.2,"{'stable': 0.8, 'fatigued': 0.2}",0.26064814814814813,0.49212962962962964,0.32835648148148144,0.32835648148148144,healthy,distinct,Keep
500006,20001,VantaStyle,VantaStyle Drops,ecommerce,banner,drama,before/after,Order now,Up to 40% off,Only this weekend,underperformer,,0,0.1296296296296296,1.941227777254894,0.1264021030997586,0.0027744539015031,0.0455592731352553,-0.5677809492945851,-0.1786259044744684,0.0063333398176236,0.0,0.6527367756145293,0.8216579527188471,0.0,0.32751578444740176,0.4867,0.4485,0.5669,0,0.25,0.0,"{'stable': 0.7, 'underperformer': 0.3}",0.19166666666666668,0.49212962962962964,0.2813657407407407,0.32751578444740176,healthy,distinct,Keep
500533,20088,FreshDash,FreshDash Go,food_delivery,banner,food-closeup,fast,Watch now,"Your cravings, delivered",Fresh favorites nearby,underperformer,,0,0.0459876543209876,1.1184319361798116,0.2125246870194475,0.00299731245567,0.0709050825239826,-0.7552518014896852,-0.1198074325202441,0.0085287190140089,0.0,0.8682584829482639,0.5510999651181929,0.0,0.32728461376070456,0.4648,0.4326,0.5075,0,0.2,0.0,"{'stable': 0.6, 'underperformer': 0.4}",0.11481481481481481,0.49212962962962964,0.23043981481481482,0.32728461376070456,healthy,distinct,Keep
500177,20029,BingeLayer,BingeLayer Plus,entertainment,native,trailer,power-up,Claim reward,Stream the hype,New hits every week,stable,,0,0.2632716049382715,1.6287986674798436,0.3463769963822036,0.0038989615746612,0.0888382687927107,-0.7448635120259652,-0.1224795483350617,0.0073266520022065,0.0,0.8563158163668588,0.5633913806118762,0.0,0.32675723021409,0.4353,0.4119,0.4838,0,0.25,0.1,"{'stable': 0.8, 'fatigued': 0.1, 'underperformer': 0.1}",0.05462962962962963,0.49212962962962964,0.21284722222222224,0.32675723021409,healthy,distinct,Keep
500425,20070,PlateSprint,PlateSprint Go,food_delivery,interstitial,combo,new collection,Book now,Dinner in minutes,Fresh favorites nearby,underperformer,,0,0.1808641975308641,0.9980064568416358,0.3514364844069861,0.0035993393307002,0.0976391643348094,-0.7805526205194305,-0.0724337310916081,0.0096501909517105,0.0,0.8973450084021397,0.3331865631226236,0.0,0.29097356472505964,0.4844,0.4685,0.5201,0,0.2,0.0,"{'stable': 0.7, 'underperformer': 0.3}",0.3060185185185185,0.49212962962962964,0.3260416666666667,0.3260416666666667,healthy,distinct,Keep
500730,20121,BoltCart,BoltCart Market,ecommerce,native,product-focus,free shipping,Watch now,Limited stock,Free shipping over $25,underperformer,,0,0.1916666666666666,1.8590031789083548,0.1963383083443899,0.003945866147337,0.0497579748053275,-0.7592877394398292,-0.1167955488494907,0.0082742751839009,0.0,0.8728983095000887,0.5372456578271007,0.0,0.32567370894044234,0.4419,0.4072,0.455,0,0.4,0.0,{'stable': 1.0},0.046296296296296294,0.49212962962962964,0.24618055555555557,0.32567370894044234,healthy,distinct,Keep
500495,20082,BiteRush,BiteRush Eats,food_delivery,banner,food-closeup,2-for-1,Learn more,Dinner in minutes,Late-night deals available,underperformer,,0,0.1666666666666666,2.0736325975217347,0.2094266000463555,0.0030109541782523,0.0695548944447622,-0.7130951951774132,-0.0734892141265075,0.0080800803524541,0.0,0.8197940754874095,0.3380416597679642,0.0,0.27255685082544523,0.5191,0.4683,0.5742,0,0.2,0.0,"{'stable': 0.6, 'underperformer': 0.4}",0.30462962962962964,0.49212962962962964,0.32534722222222223,0.32534722222222223,healthy,distinct,Keep
500746,20124,FreshDash,FreshDash Delivery,food_delivery,rewarded_video,product-focus,fast,Try for free,2-for-1 tonight,Free delivery over $15,stable,,0,0.5537037037037037,1.6247997056702057,0.6674182236355881,0.0056673012955263,0.1177664974619289,-0.8418603999093264,-0.0906262501733131,0.0119681368951147,0.0,0.9678261372402347,0.4168699909403894,0.0,0.3253305324981366,0.3966,0.3708,0.4354,0,0.25,0.2,"{'stable': 0.5, 'underperformer': 0.3, 'fatigued': 0.2}",0.012962962962962963,0.49212962962962964,0.19201388888888887,0.3253305324981366,healthy,distinct,Keep
500103,20017,PulsePlay,PulsePlay Box,entertainment,banner,trailer,new season,Claim reward,Stream the hype,Cancel anytime,underperformer,,0,0.191358024691358,1.4939672792130436,0.3178667286213201,0.0036123815994044,0.0879936739445591,-0.7786772416821143,0.0146109916190759,0.0085825716486876,0.0,0.8951890207156096,0.0,0.0,0.2237972551789024,0.509,0.4699,0.5984,0,0.175,0.3,"{'stable': 0.7, 'fatigued': 0.3}",0.31666666666666665,0.49212962962962964,0.32511574074074073,0.32511574074074073,healthy,distinct,Keep
500438,20073,VantaStyle,VantaStyle Club,ecommerce,rewarded_video,testimonial,new collection,Watch now,Your next favorite pick,Free shipping over $25,stable,,0,0.3626543209876542,1.7593056671144385,0.337079410250879,0.0049890003128071,0.06756451976673,-0.8205491682725978,0.0515000615961303,0.0101860484060751,0.0,0.9433261524481855,0.0,0.0,0.23583153811204638,0.5057,0.4561,0.6456,0,0.35,0.4,"{'stable': 0.6, 'fatigued': 0.4}",0.22824074074074074,0.49212962962962964,0.3246527777777778,0.3246527777777778,healthy,distinct,Keep
500253,20042,NeonArena,NeonArena Arena,gaming,native,competitive,free rewards,Install now,Beat your rivals,No ads in first week,stable,,0,0.5030864197530864,1.7898034268527854,0.78527878542021,0.0045980892790121,0.1707837185773212,-0.8175061877354981,-0.0967746596423722,0.0127337975762277,0.0,0.93982785736359,0.4451519445108266,0.0,0.3239873532430628,0.4763,0.4214,0.5405,0,0.325,0.6,"{'fatigued': 0.6, 'stable': 0.4}",0.08333333333333333,0.49212962962962964,0.24594907407407407,0.3239873532430628,healthy,distinct,Keep
500799,20133,LuxShelf,LuxShelf Outlet,ecommerce,banner,product-focus,new collection,Learn more,Up to 40% off,Free shipping over $25,stable,,0,0.2950617283950617,2.4262590233697563,0.2403198301921927,0.0041569527445531,0.0578115376719359,-0.7998773597453108,-0.0387626715583843,0.0100658424075882,0.0,0.9195612662522216,0.17830368696119048,0.0,0.2655510539552935,0.4974,0.4695,0.5102,0,0.175,0.0,"{'stable': 0.8, 'underperformer': 0.2}",0.3138888888888889,0.49212962962962964,0.32372685185185185,0.32372685185185185,healthy,distinct,Keep
500490,20081,DriftPass,DriftPass Travel,travel,native,ugc,discover,Start now,Last-minute savings,Hotels + flights in one tap,stable,,0,0.3203703703703703,4.731798944612072,0.218222332273417,0.0039353283901585,0.0554521276595744,-0.7230744585521358,-0.1258620158857213,0.0083363880982967,0.0,0.8312665142973369,0.5789503297519218,0.0,0.3236066945247186,0.4653,0.4134,0.5216,0,0.4,0.2,"{'stable': 0.7, 'fatigued': 0.2, 'top_performer': 0.1}",0.0625,0.49212962962962964,0.25428240740740743,0.3236066945247186,healthy,distinct,Keep
500427,20071,StarVault,StarVault Play,entertainment,banner,celebrity,limited offer,Get offer,Binge starts now,New hits every week,underperformer,,0,0.1422839506172839,1.881747463266349,0.225111906199604,0.0028516894231902,0.0789398397907471,-0.5892270971871478,0.0785866527731729,0.0065189179536102,0.0,0.6773918638878075,0.0,0.0,0.16934796597195187,0.5225,0.4641,0.5707,0,0.25,0.1,"{'stable': 0.7, 'underperformer': 0.2, 'fatigued': 0.1}",0.27546296296296297,0.49212962962962964,0.3232638888888889,0.3232638888888889,healthy,distinct,Keep
500733,20122,VaultRun,VaultRun Wallet,fintech,native,minimalist,free shipping,Order now,"Your money, clearer",No hidden fees,stable,,0,0.7108024691358024,9.45972839590322,0.5694793075811314,0.0048416361355271,0.1176212527418961,-0.7323600181675591,-0.1207471614240834,0.0078571556682583,0.0,0.8419414519659539,0.5554226065038923,0.0,0.32156988429226696,0.481,0.4229,0.5636,0,0.3,0.0,{'stable': 1.0},0.08796296296296297,0.49212962962962964,0.2420138888888889,0.32156988429226696,healthy,distinct,Keep
500690,20115,ThreadMark,ThreadMark Market,ecommerce,interstitial,celebrity,new collection,Order now,Up to 40% off,Free shipping over $25,stable,,0,0.3228395061728394,2.3370199142299977,0.2604271755757713,0.004508120422366,0.0577684602841835,-0.8483473605760736,-0.0844498413249115,0.0117829802471764,0.0,0.975283727697279,0.3884592435492818,0.0,0.3215127806341761,0.3958,0.3677,0.4835,0,0.25,0.1,"{'stable': 0.6, 'underperformer': 0.3, 'fatigued': 0.1}",0.010185185185185186,0.49212962962962964,0.190625,0.3215127806341761,healthy,distinct,Keep
500869,20144,PixelForge,PixelForge Legends,gaming,native,minimalist,competition,Get offer,Level up today,Free rewards for new players,stable,,0,0.7117283950617285,1.7941463303045009,1.5009559961030174,0.0075864818501121,0.1978461196846896,-0.7627735238794884,-0.1110425583718739,0.0140721408275402,0.0,0.87690566427037,0.5107825846700643,0.0,0.32138293300160536,0.5227,0.4565,0.5984,0,0.275,0.4,"{'stable': 0.6, 'fatigued': 0.4}",0.23425925925925925,0.49212962962962964,0.308912037037037,0.32138293300160536,healthy,distinct,Keep
501021,20170,ClearLedger,ClearLedger Pay,fintech,banner,testimonial,free shipping,Get offer,"Your money, clearer",No hidden fees,stable,,0,0.317283950617284,4.20391339302574,0.3019227283425903,0.0030741469194953,0.0982134999559975,-0.6649261421932982,-0.1410138603068345,0.0056730608348178,0.0,0.7644175920595663,0.6486470151436301,0.0,0.3208338010436176,0.5099,0.4646,0.6315,0,0.225,0.0,{'stable': 1.0},0.2810185185185185,0.49212962962962964,0.31979166666666664,0.3208338010436176,healthy,distinct,Keep
500011,20001,VantaStyle,VantaStyle Drops,ecommerce,interstitial,ugc,before/after,Start now,Flash sale live,Free shipping over $25,underperformer,,0,0.2095679012345679,1.977829338344585,0.184429355236823,0.003980561731448,0.0463324946777627,-0.824723754663361,-0.0906073424522184,0.0109228910516131,0.0,0.9481253731047019,0.4167830176682262,0.0,0.32038794680982075,0.3932,0.365,0.4773,0,0.25,0.1,"{'stable': 0.8, 'underperformer': 0.1, 'fatigued': 0.1}",0.008333333333333333,0.49212962962962964,0.18969907407407408,0.32038794680982075,healthy,distinct,Keep
500918,20153,DriftPass,DriftPass Trips,travel,native,destination,last-minute deal,Watch now,Book your next trip,Special fares today,stable,,0,0.4972222222222222,6.686947897811643,0.2566680975977727,0.0053020960245756,0.0484087984087984,-0.8381945513382265,0.0072393150494223,0.0115566489299424,0.0,0.9636117757348623,0.0,0.0,0.24090294393371559,0.4993,0.4562,0.5376,0,0.325,0.1,"{'stable': 0.9, 'fatigued': 0.1}",0.23055555555555557,0.49212962962962964,0.3195601851851852,0.3195601851851852,healthy,distinct,Keep
500640,20106,PlateSprint,PlateSprint Go,food_delivery,banner,trust,free delivery,Shop now,Dinner in minutes,Late-night deals available,underperformer,,0,0.1064814814814814,1.144935830476841,0.2727939485243872,0.003509691385931,0.0777259076447325,-0.7797950903104063,-0.1034983452840595,0.009120057846933,0.0,0.8964741305985019,0.47608010017406943,0.0,0.31933455268443933,0.5213,0.4606,0.6403,0,0.225,0.0,"{'underperformer': 0.5, 'stable': 0.5}",0.25416666666666665,0.49212962962962964,0.30636574074074074,0.31933455268443933,healthy,distinct,Keep
500920,20153,DriftPass,DriftPass Trips,travel,interstitial,family,limited offer,Get offer,Fly smarter,Special fares today,stable,,0,0.4046296296296296,5.2555944761974045,0.2498576383769284,0.0046951849767334,0.053215717722534,-0.8180879041754516,-0.0914905526430756,0.0106596160000922,0.0,0.9404966147669671,0.42084567968455133,0.0,0.31929328962865205,0.4855,0.4526,0.5506,0,0.3,0.2,"{'stable': 0.8, 'fatigued': 0.2}",0.2125,0.49212962962962964,0.3042824074074074,0.31929328962865205,healthy,distinct,Keep
500447,20074,EarnPath,EarnPath Bank,fintech,native,minimalist,new collection,Claim reward,Track every euro,No hidden fees,stable,,0,0.5175925925925925,8.734314774755585,0.385445575084798,0.0037126166660069,0.1038204613511468,-0.7411771291910705,0.0399022771741695,0.0072042643065473,0.0,0.8520778481005415,0.0,0.0,0.2130194620251354,0.4887,0.4576,0.544,0,0.3,0.1,"{'stable': 0.9, 'fatigued': 0.1}",0.24166666666666667,0.49212962962962964,0.31886574074074076,0.31886574074074076,healthy,distinct,Keep
501051,20175,CrispBox,CrispBox Shop,ecommerce,banner,product-focus,new collection,Try for free,Limited stock,Free shipping over $25,stable,,0,0.2811728395061728,1.916228745752896,0.2525010591844598,0.004632521540299,0.0545061813502458,-0.7668514737379937,-0.006755550264865,0.0081844467586263,0.0,0.8815937888808655,0.03107472914664305,0.0,0.22661339304954498,0.5095,0.4537,0.6582,0,0.35,0.0,"{'stable': 0.6, 'underperformer': 0.4}",0.21574074074074073,0.49212962962962964,0.31840277777777776,0.31840277777777776,healthy,distinct,Keep
500100,20016,FreshDash,FreshDash Bites,food_delivery,banner,combo,late-night,Shop now,"Your cravings, delivered",Fresh favorites nearby,underperformer,,0,0.0848765432098765,1.5819462119856738,0.1945338306234748,0.002963307994735,0.0656475232979846,-0.7091883422249937,-0.1085487942891965,0.0075395485800359,0.0,0.8153026486402588,0.4993115659689141,0.0,0.3036879753538475,0.4869,0.4598,0.5704,0,0.275,0.0,"{'stable': 0.6, 'underperformer': 0.3, 'top_performer': 0.1}",0.25277777777777777,0.49212962962962964,0.3181712962962963,0.3181712962962963,healthy,distinct,Keep
501066,20177,NomadLayer,NomadLayer Getaway,travel,native,destination,book now,Claim reward,Book your next trip,Flexible booking options,stable,,0,0.3981481481481481,6.908900459726729,0.2123524294768236,0.0043566049459425,0.048742640682762,-0.7828813302993852,-0.0112721390878357,0.0093915951638872,0.0,0.9000221579525044,0.051850501487576785,0.0,0.23537563978564147,0.4895,0.4507,0.5956,0,0.375,0.1,"{'stable': 0.9, 'fatigued': 0.1}",0.20185185185185187,0.49212962962962964,0.3177083333333333,0.3177083333333333,healthy,distinct,Keep
501011,20168,GlitchWave,GlitchWave Rush,gaming,native,reward,free rewards,Get offer,Level up today,Free rewards for new players,stable,,0,0.5530864197530865,1.7362223645695198,0.8975728186051866,0.0052515561092197,0.1709155914814239,-0.85646445094239,-0.0775108285852614,0.0128812706795872,0.0,0.9846153606089922,0.35654060880072647,0.0,0.31746196191239334,0.4913,0.4449,0.6475,0,0.225,0.4,"{'stable': 0.5, 'fatigued': 0.4, 'top_performer': 0.1}",0.1712962962962963,0.49212962962962964,0.26493055555555556,0.31746196191239334,healthy,distinct,Keep
500298,20049,BoltCart,BoltCart Market,ecommerce,native,ugc,discover,Book now,New collection drop,Shop bestsellers now,stable,,0,0.5737654320987654,2.3625016779590364,0.4229395849675464,0.0058679238069982,0.0720765297707405,-0.8120783260237999,-0.0913457250544215,0.0105108819220777,0.0,0.9335878365305958,0.42017948997180593,0.0,0.31743285712701014,0.5086,0.4558,0.6192,0,0.3,0.0,"{'stable': 0.9, 'underperformer': 0.1}",0.225,0.49212962962962964,0.3105324074074074,0.31743285712701014,healthy,distinct,Keep
500369,20061,LuxShelf,LuxShelf Shop,ecommerce,banner,discount,new collection,Get offer,Flash sale live,Free shipping over $25,underperformer,,0,0.1432098765432098,1.3999569535297,0.2137712374648369,0.0040725779420856,0.0524903980979089,-0.6985913572543913,-0.0379857690202518,0.0070098011291236,0.0,0.8031200598979974,0.1747300275257234,0.0,0.23572602047964403,0.4948,0.4502,0.5441,0,0.375,0.0,"{'stable': 0.6, 'underperformer': 0.4}",0.19907407407407407,0.49212962962962964,0.31631944444444443,0.31631944444444443,healthy,distinct,Keep
500327,20054,StormByte,StormByte Saga,gaming,native,celebrity,competition,Learn more,Join the arena,No ads in first week,stable,,0,0.4299382716049383,0.931399856205351,0.9170830434507622,0.0048191251132613,0.1903007334105344,-0.8578680106499768,-0.0366508722502063,0.0129575955379107,0.0,0.9862289318974458,0.1685896608728936,0.0,0.28027516514894013,0.4991,0.4572,0.615,0,0.3,0.4,"{'stable': 0.6, 'fatigued': 0.4}",0.2361111111111111,0.49212962962962964,0.31608796296296293,0.31608796296296293,healthy,distinct,Keep
500331,20055,ZenDrop,ZenDrop Shop,ecommerce,interstitial,minimalist,limited offer,Shop now,Up to 40% off,Free shipping over $25,underperformer,,0,0.1429012345679012,1.4972697497878154,0.2299609707054312,0.0038963492483756,0.0590195991289276,-0.7880203632111874,-0.0213813668600902,0.0091697419938832,0.0,0.9059301331615957,0.09835174899340199,0.0,0.24615288308907932,0.5108,0.4671,0.5624,0,0.175,0.1,"{'stable': 0.7, 'underperformer': 0.2, 'fatigued': 0.1}",0.2986111111111111,0.49212962962962964,0.31608796296296293,0.31608796296296293,healthy,distinct,Keep
500700,20116,CoinBridge,CoinBridge Cash,fintech,native,minimalist,earn more,Try for free,Secure & simple,"Fast signup, instant card",stable,,0,0.6935185185185185,6.999231371853429,0.5770868933987334,0.00501761867313,0.1150121065375302,-0.7028528125610893,-0.1238647276587375,0.008350114023999,0.0,0.8080191474770637,0.5697630410414676,0.0,0.31595739507755943,0.4607,0.4105,0.577,0,0.475,0.0,{'stable': 1.0},0.049074074074074076,0.49212962962962964,0.26631944444444444,0.31595739507755943,healthy,distinct,Keep
500065,20010,BiteRush,BiteRush Delivery,food_delivery,native,food-closeup,2-for-1,Get offer,"Your cravings, delivered",Late-night deals available,stable,,0,0.4037037037037037,2.4721365954941814,0.3627800905572831,0.0041343651838926,0.0877474713580365,-0.8314685408923801,-0.0834320906231241,0.011964229395786,0.0,0.9558793670011315,0.3837777111563789,0.0,0.3157253839815587,0.4872,0.4516,0.5307,0,0.3,0.3,"{'stable': 0.5, 'fatigued': 0.3, 'underperformer': 0.2}",0.2074074074074074,0.49212962962962964,0.3017361111111111,0.3157253839815587,healthy,distinct,Keep
500309,20051,HorizonHop,HorizonHop Flights,travel,interstitial,destination,security,Try for free,Escape this weekend,Hotels + flights in one tap,stable,,0,0.5697530864197531,5.33970512478544,0.3108035778207839,0.0061294215644272,0.0507068366164542,-0.8296219443081116,0.1242734522844011,0.011470806400339,0.0,0.9537564681934598,0.0,0.0,0.23843911704836496,0.4876,0.4568,0.5325,0,0.3,0.2,"{'stable': 0.7, 'fatigued': 0.2, 'top_performer': 0.1}",0.2351851851851852,0.49212962962962964,0.315625,0.315625,healthy,distinct,Keep
500996,20166,CraveLoop,CraveLoop Go,food_delivery,banner,fantasy,late-night,Claim reward,Hungry? We got you,Fresh favorites nearby,stable,,0,0.254320987654321,1.4522872646018694,0.3390493046995279,0.0041636252207003,0.0814312736443884,-0.7142179037412211,0.0765335815372012,0.0078463699623399,0.0,0.8210847724873797,0.0,0.0,0.2052711931218449,0.4962,0.4636,0.6109,0,0.225,0.1,"{'stable': 0.8, 'fatigued': 0.1, 'underperformer': 0.1}",0.27037037037037037,0.49212962962962964,0.3144675925925926,0.3144675925925926,healthy,distinct,Keep
500874,20145,VantaStyle,VantaStyle Shop,ecommerce,native,discount,limited offer,Watch now,Your next favorite pick,Only this weekend,stable,,0,0.291358024691358,2.1281869119254693,0.2745113565876127,0.0042638344485357,0.0643813356031881,-0.7918587685030073,-0.0939627959819086,0.008886711389161,0.0,0.91034287067383,0.4322177055191283,0.0,0.31402925877228316,0.5205,0.4479,0.7251,0,0.25,0.0,"{'stable': 0.9, 'underperformer': 0.1}",0.18888888888888888,0.49212962962962964,0.27997685185185184,0.31402925877228316,healthy,distinct,Keep
500155,20025,LuxShelf,LuxShelf Market,ecommerce,interstitial,ugc,limited offer,Start now,Your next favorite pick,Shop bestsellers now,stable,,0,0.6126543209876544,2.088866582123336,0.4478016128919959,0.0069009819754354,0.0648895497026338,-0.7287313095719402,-0.1130948392716326,0.010571147304254,0.0,0.8377697876096704,0.5202228331461232,0.0,0.3134870135316422,0.4151,0.3902,0.476,0,0.2,0.0,"{'stable': 0.8, 'underperformer': 0.2}",0.025,0.49212962962962964,0.1855324074074074,0.3134870135316422,healthy,distinct,Keep
500450,20075,CloudRoute,CloudRoute Getaway,travel,rewarded_video,wanderlust,escape,Shop now,Last-minute savings,Flexible booking options,top_performer,,0,0.8172839506172839,7.132664237786908,0.5089774041383154,0.0080709884589053,0.0630625860425712,-0.7526661206820286,-0.1055355145634125,0.0145289420956715,0.0,0.8652859123552298,0.4854508369904317,0.0,0.3134116454868938,0.4259,0.3957,0.4949,0,0.175,0.4,"{'stable': 0.4, 'fatigued': 0.4, 'top_performer': 0.2}",0.027777777777777776,0.49212962962962964,0.1806712962962963,0.3134116454868938,healthy,distinct,Keep
500296,20049,BoltCart,BoltCart Market,ecommerce,native,ugc,before/after,Book now,Flash sale live,Shop bestsellers now,stable,,0,0.3719135802469135,1.7890384477359351,0.3203290190037963,0.0052462847379206,0.0610582602748243,-0.7848064113671179,-0.0926246271659635,0.0096823354104578,0.0,0.9022352847058934,0.4260622878436432,0.0,0.310771278745202,0.4447,0.4206,0.4548,0,0.3,0.0,"{'stable': 0.6, 'underperformer': 0.4}",0.07962962962962963,0.49212962962962964,0.2378472222222222,0.310771278745202,healthy,distinct,Keep
500510,20085,BoltCart,BoltCart Drops,ecommerce,interstitial,discount,before/after,Install now,Limited stock,Only this weekend,stable,,0,0.3947530864197531,2.872679293259874,0.2447493396324333,0.0050171247609758,0.0487827892055104,-0.781141062517926,-0.092689927196554,0.0097114269861104,0.0,0.8980214976947293,0.42636266023142944,0.0,0.3097779064699682,0.4899,0.4526,0.5409,0,0.325,0.1,"{'stable': 0.8, 'underperformer': 0.1, 'fatigued': 0.1}",0.2125,0.49212962962962964,0.3105324074074074,0.3105324074074074,healthy,distinct,Keep
501014,20169,LuxShelf,LuxShelf Shop,ecommerce,banner,testimonial,new collection,Order now,Up to 40% off,Free shipping over $25,stable,,0,0.2484567901234567,2.0715133334340283,0.2334149759393086,0.004089786386538,0.057072657072657,-0.7752991966945293,-0.01392218329338,0.0083485658788153,0.0,0.8913055262168658,0.06404039019911695,0.0,0.23563445959403984,0.4778,0.4573,0.5074,0,0.275,0.0,"{'stable': 0.6, 'underperformer': 0.3, 'top_performer': 0.1}",0.23703703703703705,0.49212962962962964,0.31030092592592595,0.31030092592592595,healthy,distinct,Keep
500084,20014,VaultRun,VaultRun Pay,fintech,native,testimonial,save smarter,Get offer,Track every euro,Built for peace of mind,stable,,0,0.719753086419753,9.254314865350988,0.5290759510547434,0.0051363200083011,0.1030068123091378,-0.6832101782442086,0.0752887392849284,0.0087202835926148,0.0,0.7854374285861683,0.0,0.0,0.19635935714654207,0.483,0.4594,0.5051,0,0.25,0.0,{'stable': 1.0},0.2490740740740741,0.49212962962962964,0.31006944444444445,0.31006944444444445,healthy,distinct,Keep
500518,20086,VaultRun,VaultRun Pay,fintech,interstitial,wanderlust,security,Book now,Secure & simple,Built for peace of mind,stable,,0,0.6716049382716051,9.979363178153214,0.4482877000556166,0.0049586403983571,0.0904053659959171,-0.7731269004417902,-0.0953385632190606,0.0088532479928828,0.0,0.8888081940089886,0.4385460714681867,0.0,0.3099112627958845,0.5164,0.4615,0.5815,0,0.175,0.0,{'stable': 1.0},0.25925925925925924,0.49212962962962964,0.296412037037037,0.3099112627958845,healthy,distinct,Keep
500339,20056,NovaPay,NovaPay Bank,fintech,native,ugc,security,Watch now,Track every euro,"Fast signup, instant card",stable,,0,0.5537037037037037,5.870673634000219,0.4575534226303308,0.0043210473702879,0.1058894715611133,-0.7621599527130162,-0.0617158290419131,0.0072911945034234,0.0,0.8762002857871526,0.28388548620714044,0.0,0.2758271686882162,0.4919,0.4554,0.5871,0,0.3,0.1,"{'stable': 0.9, 'fatigued': 0.1}",0.22361111111111112,0.49212962962962964,0.30983796296296295,0.30983796296296295,healthy,distinct,Keep
500702,20117,DriftPass,DriftPass Getaway,travel,native,gameplay,book now,Try for free,Book your next trip,Flexible booking options,stable,,0,0.4885802469135802,8.062740804322308,0.2719793486557723,0.004722448442862,0.057592867756315,-0.8264504837240163,0.0715741420070106,0.0110404834763276,0.0,0.9501104688723785,0.0,0.0,0.23752761721809462,0.5215,0.4429,0.5837,0,0.425,0.2,"{'stable': 0.8, 'fatigued': 0.2}",0.16111111111111112,0.49212962962962964,0.30983796296296295,0.30983796296296295,healthy,distinct,Keep
500647,20107,StarVault,StarVault Plus,entertainment,native,gameplay,watch now,Get offer,Stream the hype,New hits every week,stable,,0,0.4848765432098765,2.2308606995824136,0.4332187348983429,0.0048315007672954,0.089665459194545,-0.7954286014220371,-0.0876511128686025,0.009383486567544,0.0,0.914446849914319,0.4031847125702782,0.0,0.30924865499263543,0.5001,0.4561,0.5327,0,0.275,0.1,"{'stable': 0.9, 'fatigued': 0.1}",0.22824074074074074,0.49212962962962964,0.3059027777777778,0.30924865499263543,healthy,distinct,Keep
501016,20169,LuxShelf,LuxShelf Shop,ecommerce,banner,destination,free shipping,Start now,Limited stock,Free shipping over $25,underperformer,,0,0.1561728395061728,1.6956043134600554,0.191407265524983,0.0038607537828061,0.0495776929306953,-0.7407788705628515,0.2066999912303779,0.0069798587401406,0.0,0.8516199989015374,0.0,0.0,0.21290499972538435,0.5066,0.4638,0.5461,0,0.2,0.0,"{'stable': 0.6, 'underperformer': 0.4}",0.2712962962962963,0.49212962962962964,0.30868055555555557,0.30868055555555557,healthy,distinct,Keep
500315,20052,FreshDash,FreshDash Eats,food_delivery,banner,combo,2-for-1,Get offer,2-for-1 tonight,Late-night deals available,stable,,0,0.4305555555555556,2.0664289326246674,0.394552062655806,0.0047354527729875,0.0833187620213324,-0.8262200859207787,-0.0770236069874052,0.0104204538790828,0.0,0.9498455971478501,0.35429944729734464,0.0,0.30832128874643144,0.4423,0.4055,0.5531,0,0.4,0.2,"{'underperformer': 0.4, 'stable': 0.4, 'fatigued': 0.2}",0.03796296296296296,0.49212962962962964,0.24201388888888892,0.30832128874643144,healthy,distinct,Keep
500018,20003,CloudRoute,CloudRoute Getaway,travel,rewarded_video,destination,escape,Start now,Last-minute savings,Hotels + flights in one tap,top_performer,,0,0.8944444444444444,10.289326807917238,0.5562620573910184,0.0094568875277914,0.0588208388601747,-0.575112357014079,0.0016343613007683,0.0139025265435893,0.0,0.6611651658968792,0.0,0.0,0.1652912914742198,0.4942,0.4584,0.526,0,0.25,0.3,"{'stable': 0.5, 'fatigued': 0.3, 'top_performer': 0.2}",0.24537037037037038,0.49212962962962964,0.30821759259259257,0.30821759259259257,healthy,distinct,Keep
500080,20013,BoltCart,BoltCart Drops,ecommerce,interstitial,testimonial,free shipping,Claim reward,Limited stock,Free shipping over $25,stable,,0,0.4435185185185185,2.9140685983842083,0.2848611617347323,0.0052132897948488,0.0546413441309547,-0.8409377999993689,-0.0721201524087895,0.011408411934228,0.0,0.966765490715979,0.33174413841217054,0.0,0.3080402003614289,0.4446,0.4109,0.5275,0,0.225,0.0,"{'stable': 0.8, 'underperformer': 0.2}",0.050462962962962966,0.49212962962962964,0.20451388888888888,0.3080402003614289,healthy,distinct,Keep
500238,20039,CloudRoute,CloudRoute Trips,travel,interstitial,fantasy,book now,Watch now,Fly smarter,Special fares today,stable,,0,0.4104938271604939,4.904972209628186,0.2338191027745713,0.0049402831480966,0.047329089399391,-0.8485629257207562,-0.0693929745811369,0.0123191046123868,0.0,0.9755315473848712,0.3191994441968388,0.0,0.3077227756855856,0.4642,0.4318,0.5506,0,0.275,0.1,"{'stable': 0.8, 'fatigued': 0.1, 'top_performer': 0.1}",0.11342592592592593,0.49212962962962964,0.2484953703703704,0.3077227756855856,healthy,distinct,Keep
500883,20147,CloudRoute,CloudRoute Getaway,travel,interstitial,product-focus,exclusive,Book now,Book your next trip,Flexible booking options,top_performer,,0,0.8904320987654321,11.654016304316654,0.5279510483787943,0.0097348893810565,0.0542328759694126,-0.570167533419089,-0.1031007535324746,0.0145033957320646,0.0,0.6554804591215172,0.4742512253219796,0.0,0.25872035984477526,0.4889,0.458,0.4971,0,0.25,0.5,"{'fatigued': 0.5, 'stable': 0.3, 'top_performer': 0.2}",0.24351851851851852,0.49212962962962964,0.3072916666666667,0.3072916666666667,healthy,distinct,Keep
500519,20086,VaultRun,VaultRun Pay,fintech,banner,minimalist,earn more,Get offer,Secure & simple,"Fast signup, instant card",stable,,0,0.4364197530864198,8.931140374239748,0.2888904412695798,0.0037811430438503,0.0764029389841337,-0.7260811138843981,0.0120238409877948,0.0074508176401937,0.0,0.8347230489158431,0.0,0.0,0.2086807622289608,0.4825,0.4419,0.5571,0,0.425,0.0,{'stable': 1.0},0.15555555555555556,0.49212962962962964,0.3070601851851852,0.3070601851851852,healthy,distinct,Keep
500788,20131,NeonCast,NeonCast Stream,entertainment,rewarded_video,celebrity,new season,Order now,Stream the hype,New hits every week,stable,,0,0.5753086419753086,1.9265471088203632,0.5546074677907475,0.005607432456307,0.0989057776642397,-0.8221562055052096,-0.076668128868743,0.0104675894955316,0.0,0.9451736471603819,0.3526642901566396,0.0,0.30682626982142336,0.5287,0.4428,0.6604,0,0.25,0.1,"{'stable': 0.8, 'fatigued': 0.1, 'underperformer': 0.1}",0.16018518518518518,0.49212962962962964,0.265625,0.30682626982142336,healthy,distinct,Keep
500938,20156,VoxelRealm,VoxelRealm Quest,gaming,banner,wanderlust,challenge,Shop now,Level up today,No ads in first week,stable,,0,0.5944444444444444,1.410338521748246,0.958013444071867,0.0065590082139501,0.1460607172337888,-0.7653300722571577,-0.0455884420697414,0.0109672982571387,0.0,0.8798447434113937,0.2097014209046006,0.0,0.26190147003376857,0.4925,0.466,0.5219,0,0.15,0.4,"{'stable': 0.6, 'fatigued': 0.4}",0.2916666666666667,0.49212962962962964,0.30636574074074074,0.30636574074074074,healthy,distinct,Keep
500692,20115,ThreadMark,ThreadMark Market,ecommerce,playable,discount,limited offer,Try for free,Your next favorite pick,Shop bestsellers now,stable,,0,0.4351851851851852,2.2623649435527424,0.3364853764167548,0.0050686447971349,0.0663856691253951,-0.8560341584206672,-0.0652876463687274,0.0126158715803753,0.0,0.9841206843547972,0.3003154218364121,0.0,0.3060932554559817,0.4627,0.4128,0.5228,0,0.125,0.0,{'stable': 1.0},0.058333333333333334,0.49212962962962964,0.18344907407407407,0.3060932554559817,healthy,distinct,Keep
500870,20145,VantaStyle,VantaStyle Shop,ecommerce,native,urgency,new collection,Order now,Up to 40% off,Free shipping over $25,stable,,0,0.3064814814814814,2.212791452447685,0.2760477093486748,0.0043098813674075,0.0640499553969669,-0.7611819722702753,-0.0947643024060186,0.0082619035128242,0.0,0.8750759722616603,0.43590453990892625,0.0,0.3059499010472003,0.4743,0.4398,0.5256,0,0.4,0.0,{'stable': 1.0},0.14675925925925926,0.49212962962962964,0.29641203703703706,0.3059499010472003,healthy,distinct,Keep
500986,20164,NovaPay,NovaPay Wallet,fintech,banner,feature-focus,watch now,Claim reward,Secure & simple,No hidden fees,stable,,0,0.2438271604938271,4.091341862612146,0.2125147749222035,0.0025641774278197,0.0828783424331513,-0.6430931722158704,-0.0576675849403123,0.0056320461667484,0.0,0.7393178023557011,0.26526404397896186,0.0,0.23788225938471766,0.4913,0.4561,0.5414,0,0.275,0.0,{'stable': 1.0},0.22824074074074074,0.49212962962962964,0.3059027777777778,0.3059027777777778,healthy,distinct,Keep
500042,20007,ThreadMark,ThreadMark Shop,ecommerce,banner,discount,limited offer,Try for free,Flash sale live,Shop bestsellers now,stable,,0,0.3040123456790123,1.862391222519128,0.2762982043264944,0.0048369840594473,0.0571220001824984,-0.7461980868608302,-0.0988438681793625,0.0081133591834029,0.0,0.8578500807263946,0.45467005810836936,0.0,0.30539653180327253,0.4077,0.3809,0.4445,0,0.3,0.0,"{'stable': 0.6, 'underperformer': 0.4}",0.016666666666666666,0.49212962962962964,0.20636574074074074,0.30539653180327253,healthy,distinct,Keep
500876,20146,EarnPath,EarnPath Saver,fintech,rewarded_video,feature-focus,cashback,Try for free,Secure & simple,Built for peace of mind,stable,,0,0.5864197530864198,6.031474468778035,0.4922642884799613,0.0044318328482797,0.1110746513535685,-0.7786229553285219,-0.0876041124414367,0.0084812997607439,0.0,0.8951266116132123,0.4029685161855737,0.0,0.30437535614041783,0.4295,0.4051,0.4706,0,0.275,0.0,"{'stable': 0.9, 'top_performer': 0.1}",0.037037037037037035,0.49212962962962964,0.21030092592592592,0.30437535614041783,healthy,distinct,Keep
500959,20159,HorizonHop,HorizonHop Escapes,travel,rewarded_video,family,book now,Claim reward,Book your next trip,Special fares today,stable,,0,0.546604938271605,5.40255272523247,0.3275574386051478,0.0055124057163988,0.0594218668685243,-0.8376205861668058,-0.0691667471335615,0.0120016615958055,0.0,0.9629519294054396,0.318158824797483,0.0,0.30436974731085653,0.4373,0.4049,0.4577,0,0.325,0.8,"{'fatigued': 0.8, 'top_performer': 0.1, 'stable': 0.1}",0.03611111111111111,0.49212962962962964,0.222337962962963,0.30436974731085653,healthy,distinct,Keep
500351,20058,CraveLoop,CraveLoop Bites,food_delivery,native,reward,discover,Try for free,Dinner in minutes,Fresh favorites nearby,stable,,0,0.524074074074074,1.943731613988204,0.52173803295194,0.005159974896319,0.1011125138077954,-0.8330399596052288,-0.0700052886375656,0.0115123078889409,0.0,0.9576859136720608,0.32201601615769954,0.0,0.3038246816495551,0.4145,0.387,0.4726,0,0.225,0.4,"{'stable': 0.5, 'fatigued': 0.4, 'underperformer': 0.1}",0.021296296296296296,0.49212962962962964,0.18993055555555555,0.3038246816495551,healthy,distinct,Keep
500248,20041,MoonScreen,MoonScreen Stream,entertainment,rewarded_video,drama,new season,Watch now,Watch what’s trending,Cancel anytime,stable,,0,0.7793209876543209,2.9898556284582227,0.8487779656324997,0.0072229468773501,0.1175113122171945,-0.7062099064108636,-0.0447746310331073,0.012683860753668,0.0,0.811878555964896,0.2059579867580916,0.0,0.2441612363428423,0.5137,0.4554,0.5645,0,0.275,0.3,"{'stable': 0.7, 'fatigued': 0.3}",0.22361111111111112,0.49212962962962964,0.303587962962963,0.303587962962963,healthy,distinct,Keep
500378,20063,WayPoint,WayPoint Travel,travel,native,minimalist,last-minute deal,Claim reward,Last-minute savings,Flexible booking options,stable,,0,0.3314814814814814,5.208470734441319,0.2019356826941911,0.0040444254986945,0.0499293862031504,-0.7880701086231644,-0.0835210878718851,0.0093394666248292,0.0,0.9059873218711778,0.38418708793423045,0.0,0.30333424805464054,0.4714,0.423,0.5015,0,0.3,0.1,"{'stable': 0.9, 'fatigued': 0.1}",0.08935185185185185,0.49212962962962964,0.24270833333333333,0.30333424805464054,healthy,distinct,Keep
500916,20152,CoinBridge,CoinBridge Pay,fintech,rewarded_video,trust,earn more,Try for free,Secure & simple,"Fast signup, instant card",stable,,0,0.7219135802469135,6.309211398969824,0.623447135714347,0.0054183396942506,0.1150623938133458,-0.7844213150176719,-0.0845104931349359,0.0094820747928096,0.0,0.901792567228756,0.38873823467433705,0.0,0.30319578874205644,0.4536,0.4173,0.4936,0,0.3,0.2,"{'stable': 0.8, 'fatigued': 0.2}",0.07037037037037037,0.49212962962962964,0.23321759259259262,0.30319578874205644,healthy,distinct,Keep
500713,20118,BiteRush,BiteRush Bites,food_delivery,native,food-closeup,fast,Book now,Hungry? We got you,Late-night deals available,stable,,0,0.4046296296296297,2.255428451160124,0.406104648817908,0.0039950748888085,0.101651323221883,-0.8003506580148314,-0.0791613692402528,0.0100653244447422,0.0,0.9201053831105532,0.364132899848598,0.0,0.3028529257473579,0.4534,0.421,0.5742,0,0.175,0.2,"{'stable': 0.6, 'underperformer': 0.2, 'fatigued': 0.2}",0.08148148148148149,0.49212962962962964,0.20752314814814815,0.3028529257473579,healthy,distinct,Keep
500245,20040,SnapMeal,SnapMeal Kitchen,food_delivery,interstitial,celebrity,free delivery,Claim reward,"Your cravings, delivered",Fresh favorites nearby,stable,,0,0.4962962962962963,1.5052569698269818,0.525738810097259,0.0056180385649556,0.0935804914862506,-0.8476251567318749,-0.0642393505189034,0.0127238454288407,0.0,0.9744534620654638,0.2954933853890995,0.0,0.3027120425941858,0.4937,0.4551,0.55,0,0.2,0.2,"{'underperformer': 0.4, 'stable': 0.4, 'fatigued': 0.2}",0.2212962962962963,0.49212962962962964,0.28368055555555555,0.3027120425941858,healthy,distinct,Keep
501035,20172,QuickFork,QuickFork Kitchen,food_delivery,interstitial,ugc,free delivery,Start now,2-for-1 tonight,Late-night deals available,stable,,0,0.412037037037037,2.002058600346453,0.3835972745380518,0.0046863131631172,0.081854810207111,-0.8478861281734522,-0.0633602823772472,0.013112293678163,0.0,0.9747534820952205,0.2914497763073225,0.0,0.3019783257852696,0.4907,0.443,0.6312,0,0.25,0.1,"{'stable': 0.7, 'underperformer': 0.2, 'fatigued': 0.1}",0.16203703703703703,0.49212962962962964,0.26655092592592594,0.3019783257852696,healthy,distinct,Keep
500942,20157,BoltCart,BoltCart Club,ecommerce,banner,drama,before/after,Book now,Limited stock,Free shipping over $25,underperformer,,0,0.0771604938271604,1.2882828713284549,0.1657549901981146,0.0035121320401369,0.0471949768129026,-0.7742681899490654,-0.0858705982330075,0.0086844832709058,0.0,0.8901202521785117,0.39499455664315714,0.0,0.3015289743732593,0.408,0.386,0.4554,0,0.35,0.0,"{'stable': 0.7, 'underperformer': 0.3}",0.018518518518518517,0.49212962962962964,0.21979166666666666,0.3015289743732593,healthy,distinct,Keep
500225,20037,VantaStyle,VantaStyle Market,ecommerce,interstitial,minimalist,late-night,Try for free,Up to 40% off,Shop bestsellers now,stable,,0,0.2932098765432099,1.5622892230490972,0.2995346603846583,0.005002630246922,0.0598754346413969,-0.823411466143785,-0.0700022107889115,0.0110720500811716,0.0,0.9466167297132528,0.32200185841931694,0.0,0.30105455411217663,0.462,0.4029,0.513,0,0.15,0.1,"{'stable': 0.6, 'underperformer': 0.2, 'fatigued': 0.1, 'top_performer': 0.1}",0.03425925925925926,0.49212962962962964,0.17766203703703703,0.30105455411217663,healthy,distinct,Keep
500262,20043,ThreadMark,ThreadMark Store,ecommerce,interstitial,product-focus,limited offer,Claim reward,New collection drop,Free shipping over $25,stable,,0,0.5203703703703704,2.1403006073840323,0.3780109096056939,0.0058975725976728,0.0640960163432073,-0.8433552553924706,-0.0001525524515799,0.0123817927496715,0.0,0.9695446646922203,0.0007017231650479776,0.0,0.2425265108060647,0.4992,0.4575,0.634,0,0.225,0.0,"{'stable': 0.9, 'underperformer': 0.1}",0.24027777777777778,0.49212962962962964,0.2994212962962963,0.2994212962962963,healthy,distinct,Keep
500388,20064,QuickFork,QuickFork Express,food_delivery,native,combo,power-up,Shop now,Hungry? We got you,Free delivery over $15,stable,,0,0.6953703703703704,2.2653530765786227,0.5864312199954834,0.006951837709973,0.0843562874251497,-0.7223523536086744,-0.0444711562243393,0.011146058882574,0.0,0.8304363623645609,0.2045620386686604,0.0,0.2485214983248723,0.482,0.4511,0.5489,0,0.3,0.1,"{'stable': 0.8, 'underperformer': 0.1, 'fatigued': 0.1}",0.20277777777777778,0.49212962962962964,0.29942129629629627,0.29942129629629627,healthy,distinct,Keep
500154,20025,LuxShelf,LuxShelf Market,ecommerce,banner,discount,free shipping,Try for free,New collection drop,Shop bestsellers now,stable,,0,0.304320987654321,1.862236325402036,0.2814676901358829,0.0047644672103395,0.0590764250670173,-0.8046141701962497,-0.0463343692183817,0.0091156348138178,0.0,0.9250068353300225,0.21313259722604394,0.0,0.2738782282777144,0.4914,0.4618,0.5148,0,0.175,0.1,"{'stable': 0.6, 'underperformer': 0.3, 'fatigued': 0.1}",0.2625,0.49212962962962964,0.2980324074074074,0.2980324074074074,healthy,distinct,Keep
501073,20178,PlateSprint,PlateSprint Go,food_delivery,banner,discount,2-for-1,Install now,"Your cravings, delivered",Free delivery over $15,stable,,0,0.5064814814814814,1.7606208357983146,0.460916778719484,0.0056447645190251,0.0816538541450239,-0.7478309385375188,0.0019498656173695,0.0092973235982826,0.0,0.8597272524416883,0.0,0.0,0.2149318131104221,0.485,0.4498,0.5216,0,0.3,0.1,"{'stable': 0.6, 'underperformer': 0.3, 'fatigued': 0.1}",0.19722222222222222,0.49212962962962964,0.2966435185185185,0.2966435185185185,healthy,distinct,Keep
500334,20055,ZenDrop,ZenDrop Shop,ecommerce,banner,discount,free rewards,Get offer,Limited stock,Shop bestsellers now,underperformer,,0,0.1040123456790123,1.6447949782459317,0.176488313534124,0.0032294902017365,0.054648970118944,-0.708883064243101,-0.0606839966806654,0.0070273989072498,0.0,0.8149516925790976,0.27913917985260484,0.0,0.2595657591152954,0.4662,0.4444,0.4752,0,0.35,0.0,"{'stable': 0.6, 'underperformer': 0.4}",0.16944444444444445,0.49212962962962964,0.2952546296296296,0.2952546296296296,healthy,distinct,Keep
501002,20167,NeonCast,NeonCast Now,entertainment,native,trailer,exclusive,Try for free,Watch what’s trending,Start free today,stable,,0,0.2996913580246913,2.0009503678487546,0.3354492331963895,0.0037389046519932,0.0897185845639454,-0.7859311382415967,-0.0255808195435975,0.0089131546463667,0.0,0.9035283020119625,0.11766873274568564,0.0,0.24941582205212776,0.4775,0.4368,0.5672,0,0.425,0.1,"{'stable': 0.8, 'top_performer': 0.1, 'fatigued': 0.1}",0.13055555555555556,0.49212962962962964,0.2945601851851852,0.2945601851851852,healthy,distinct,Keep
500747,20124,FreshDash,FreshDash Delivery,food_delivery,interstitial,food-closeup,late-night,Order now,Dinner in minutes,Fresh favorites nearby,stable,,0,0.5104938271604939,1.5067355322392513,0.5185994707869295,0.0058873120454434,0.0880876479425451,-0.8588065934754003,-0.0314819659684924,0.0129109535793056,0.0,0.987307952825984,0.14481330566996903,0.0,0.27578964934048983,0.5318,0.4608,0.7072,0,0.175,0.1,"{'stable': 0.5, 'underperformer': 0.4, 'fatigued': 0.1}",0.25555555555555554,0.49212962962962964,0.2945601851851852,0.2945601851851852,healthy,distinct,Keep
500366,20061,LuxShelf,LuxShelf Shop,ecommerce,interstitial,discount,security,Learn more,Up to 40% off,Only this weekend,stable,,0,0.7416666666666667,2.6721017790057284,0.5289833085297153,0.008446073402655,0.062630678578217,-0.5838923804793025,-0.0044837625979844,0.0122041134100881,0.0,0.6712589251426414,0.020624775603382793,0.0,0.17193968640633692,0.4952,0.4514,0.5576,0,0.275,0.0,"{'stable': 0.7, 'underperformer': 0.2, 'top_performer': 0.1}",0.20462962962962963,0.49212962962962964,0.29409722222222223,0.29409722222222223,healthy,distinct,Keep
500305,20050,VaultRun,VaultRun Cash,fintech,interstitial,drama,cashback,Try for free,Earn cashback daily,No hidden fees,stable,,0,0.3265432098765432,4.347341576072958,0.3057354267106802,0.0031497529824665,0.0970664774071445,-0.6253337774144541,-0.1240204071445804,0.0067204921875606,0.0,0.7189011080056279,0.5704791481928594,0.0,0.29382110663997885,0.4668,0.4355,0.5473,0,0.225,0.1,"{'stable': 0.9, 'fatigued': 0.1}",0.12222222222222222,0.49212962962962964,0.24039351851851853,0.29382110663997885,healthy,distinct,Keep
500295,20049,BoltCart,BoltCart Market,ecommerce,interstitial,food-closeup,new collection,Book now,New collection drop,Only this weekend,stable,,0,0.5015432098765432,1.7761958845214507,0.3953524292565307,0.0061986149887426,0.0637807687643991,-0.8365990894406281,-0.0152750798670756,0.0124321139149768,0.0,0.9617775883498363,0.07026355381165982,0.0,0.254497107849791,0.494,0.4482,0.5763,0,0.3,0.1,"{'stable': 0.8, 'fatigued': 0.1, 'underperformer': 0.1}",0.19027777777777777,0.49212962962962964,0.2931712962962963,0.2931712962962963,healthy,distinct,Keep
500261,20043,ThreadMark,ThreadMark Store,ecommerce,rewarded_video,ugc,free shipping,Learn more,Up to 40% off,Free shipping over $25,stable,,0,0.5783950617283952,2.0133340356372607,0.4382236287309256,0.0063877417707447,0.0686038422432707,-0.8379121649682929,0.0207927040749607,0.01215032030742,0.0,0.9632871365076798,0.0,0.0,0.24082178412691996,0.5137,0.4482,0.6329,0,0.3,0.5,"{'fatigued': 0.5, 'stable': 0.4, 'underperformer': 0.1}",0.19027777777777777,0.49212962962962964,0.2931712962962963,0.2931712962962963,healthy,distinct,Keep
500989,20164,NovaPay,NovaPay Wallet,fintech,interstitial,ugc,cashback,Book now,"Your money, clearer",No hidden fees,stable,,0,0.4447530864197531,5.369815960924405,0.3815645020232988,0.0036786057900169,0.1037253034991668,-0.7747821343268888,-0.0764411027568922,0.0084576853478796,0.0,0.8907110969337688,0.3516199969964406,0.0,0.29300177363273033,0.4848,0.4477,0.5087,0,0.225,0.0,{'stable': 1.0},0.18611111111111112,0.49212962962962964,0.272337962962963,0.29300177363273033,healthy,distinct,Keep
500790,20131,NeonCast,NeonCast Stream,entertainment,native,celebrity,exclusive,Claim reward,Watch what’s trending,Start free today,stable,,0,0.45,2.199396098515955,0.4123037045087839,0.0045878299576008,0.089869003062266,-0.7974327748526692,-0.0557321309778994,0.0092337252743207,0.0,0.9167509034485357,0.25636118554408643,0.0,0.2804599629709512,0.4664,0.4505,0.5032,0,0.275,0.0,{'stable': 1.0},0.2,0.49212962962962964,0.2917824074074074,0.2917824074074074,healthy,distinct,Keep
500530,20088,FreshDash,FreshDash Go,food_delivery,playable,urgency,challenge,Learn more,"Your cravings, delivered",Free delivery over $15,stable,,0,0.3024691358024691,1.1732710700927826,0.4139693697414799,0.0044050557080688,0.0939759669743104,-0.8562133955351959,-0.0495410499729159,0.0140133244228933,0.0,0.9843267403282377,0.22788294797469527,0.0,0.2916582746769985,0.4353,0.4132,0.4555,0,0.0,0.3,"{'stable': 0.6, 'fatigued': 0.3, 'underperformer': 0.1}",0.060648148148148145,0.49212962962962964,0.15335648148148148,0.2916582746769985,healthy,distinct,Keep
500523,20087,HorizonHop,HorizonHop Flights,travel,native,reward,escape,Claim reward,Fly smarter,Hotels + flights in one tap,stable,,0,0.5114197530864197,6.692202074348175,0.2952357543803942,0.0051254509222701,0.0576019083701676,-0.8029854547445613,-0.065032258064516,0.0097380731171976,0.0,0.9231344187340632,0.2991406659587355,0.0,0.2906117378752629,0.4972,0.4372,0.6006,0,0.3,0.0,{'stable': 1.0},0.13194444444444445,0.49212962962962964,0.2640046296296296,0.2906117378752629,healthy,distinct,Keep
500741,20123,HorizonHop,HorizonHop Flights,travel,interstitial,destination,last-minute deal,Shop now,Fly smarter,Special fares today,stable,,0,0.7604938271604937,7.263303667822819,0.3934369509937957,0.0085346845954107,0.0460985929351569,-0.6407358962951433,-0.1152538941531514,0.0137213582468407,0.0,0.7366078123751622,0.5301542292612367,0.0,0.2901827989460379,0.4877,0.4427,0.5285,0,0.275,0.2,"{'stable': 0.6, 'fatigued': 0.2, 'top_performer': 0.2}",0.1587962962962963,0.49212962962962964,0.27118055555555554,0.2901827989460379,healthy,distinct,Keep
500243,20040,SnapMeal,SnapMeal Kitchen,food_delivery,banner,reward,free delivery,Get offer,"Fast food, fast",Free delivery over $15,underperformer,,0,0.0543209876543209,1.017666193836778,0.2470116118073058,0.0029940420698718,0.0825010490977759,-0.7299241702187779,-0.013078077211326,0.0081901477634982,0.0,0.8391411333960016,0.06015760244054104,0.0,0.2218168038371086,0.4821,0.4398,0.55,0,0.375,0.0,"{'stable': 0.8, 'underperformer': 0.2}",0.14675925925925926,0.49212962962962964,0.290162037037037,0.290162037037037,healthy,distinct,Keep
501032,20172,QuickFork,QuickFork Kitchen,food_delivery,interstitial,food-closeup,late-night,Try for free,2-for-1 tonight,Free delivery over $15,underperformer,,0,0.1626543209876543,1.4430886943060135,0.2774857283094007,0.0038449726279153,0.0721684535007593,-0.7286718551526747,0.0016619317424697,0.0088526685221404,0.0,0.837701437155194,0.0,0.0,0.2094253592887985,0.4861,0.4473,0.5247,0,0.3,0.1,"{'stable': 0.8, 'fatigued': 0.1, 'underperformer': 0.1}",0.18333333333333332,0.49212962962962964,0.2896990740740741,0.2896990740740741,healthy,distinct,Keep
500677,20112,SnapMeal,SnapMeal Express,food_delivery,interstitial,product-focus,fast,Order now,"Your cravings, delivered",Late-night deals available,stable,,0,0.4450617283950617,1.7333101021234294,0.4429525465851495,0.0050618326040078,0.0875083356637339,-0.8247637963026293,-0.0562020390966738,0.0111567477917657,0.0,0.9481714060872083,0.25852270709928354,0.0,0.2887473929416588,0.4824,0.4546,0.6201,0,0.225,0.0,"{'stable': 0.7, 'underperformer': 0.3}",0.21851851851851853,0.49212962962962964,0.2885416666666667,0.2887473929416588,healthy,distinct,Keep
500965,20160,FreshDash,FreshDash Eats,food_delivery,banner,discount,last-minute deal,Book now,2-for-1 tonight,Fresh favorites nearby,stable,,0,0.2484567901234567,2.077175912341681,0.2784997077188634,0.0037080082734511,0.0751076284572738,-0.7779836410077199,-0.0681838588752956,0.0094449525580824,0.0,0.8943916380835738,0.31363765550563716,0.0,0.28632544062202087,0.4788,0.4515,0.509,0,0.25,0.1,"{'stable': 0.6, 'underperformer': 0.3, 'fatigued': 0.1}",0.20601851851851852,0.49212962962962964,0.28854166666666664,0.28854166666666664,healthy,distinct,Keep
500120,20020,NovaPay,NovaPay Wallet,fintech,native,trust,security,Try for free,Earn cashback daily,Built for peace of mind,stable,,0,0.3006172839506173,6.717705951976957,0.2290779978150564,0.0025086689373748,0.0913145590485014,-0.6157145272590581,-0.051304120635241,0.0054301075808882,0.0,0.7078425504086117,0.2359928636958597,0.0,0.22415921034132485,0.4692,0.4419,0.5095,0,0.35,0.0,{'stable': 1.0},0.15555555555555556,0.49212962962962964,0.2883101851851852,0.2883101851851852,healthy,distinct,Keep
500133,20022,CraveLoop,CraveLoop Express,food_delivery,banner,ugc,late-night,Order now,Hungry? We got you,Fresh favorites nearby,stable,,0,0.5611111111111111,1.9173793277957256,0.5258362454344624,0.005612393944514,0.0936919700635867,-0.7778386992204308,-0.0533149166236923,0.0107262944353855,0.0,0.8942250089724625,0.24524228650531743,0.0,0.2726047095441791,0.5048,0.4467,0.6004,0,0.3,0.0,"{'stable': 0.7, 'underperformer': 0.3}",0.18055555555555555,0.49212962962962964,0.2883101851851852,0.2883101851851852,healthy,distinct,Keep
500932,20155,FluxStream,FluxStream Now,entertainment,native,ugc,2-for-1,Claim reward,A new season drops,Cancel anytime,underperformer,,0,0.195679012345679,1.5124407536562745,0.3327750930224781,0.0034302405976575,0.0970121726300258,-0.7497467102741293,-0.0534136736516436,0.0080402745325767,0.0,0.8619296769290232,0.24569655710868707,0.0,0.2646217306539932,0.5054,0.4486,0.6143,0,0.275,0.0,"{'stable': 0.6, 'underperformer': 0.3, 'top_performer': 0.1}",0.1925925925925926,0.49212962962962964,0.2880787037037037,0.2880787037037037,healthy,distinct,Keep
500371,20061,LuxShelf,LuxShelf Shop,ecommerce,interstitial,reward,free shipping,Start now,Up to 40% off,Shop bestsellers now,top_performer,,0,0.7972222222222222,3.218803008960949,0.6351970427704506,0.0090089531797809,0.0705073086844368,-0.5942227574048629,-0.0919593086508373,0.0133646083351516,0.0,0.6831350138589863,0.42300190166587764,0.0,0.25538413379792213,0.4825,0.4465,0.5576,0,0.3,0.0,"{'stable': 0.9, 'underperformer': 0.1}",0.17916666666666667,0.49212962962962964,0.28761574074074076,0.28761574074074076,healthy,distinct,Keep
500885,20147,CloudRoute,CloudRoute Getaway,travel,native,destination,limited offer,Try for free,Last-minute savings,Hotels + flights in one tap,stable,,0,0.7512345679012346,10.492461481674564,0.3801169497400568,0.0068535851374272,0.0554624976735529,-0.7204867333994296,-0.0615258408531583,0.0112001530757854,0.0,0.8282915934683576,0.28301156309575126,0.0,0.26367521098623964,0.4634,0.4417,0.5084,0,0.35,0.0,"{'stable': 0.9, 'top_performer': 0.1}",0.1537037037037037,0.49212962962962964,0.28738425925925926,0.28738425925925926,healthy,distinct,Keep
500457,20076,SnapMeal,SnapMeal Go,food_delivery,banner,food-closeup,free delivery,Start now,Hungry? We got you,Fresh favorites nearby,underperformer,,0,0.2117283950617283,1.6171565738827345,0.2838478920417679,0.0040233875657867,0.0705494778717056,-0.7664798569460065,-0.0726592672396677,0.0083373820379087,0.0,0.8811665678779994,0.3342240026262833,0.0,0.2871364424947565,0.4627,0.4044,0.6004,0,0.3,0.0,"{'stable': 0.7, 'underperformer': 0.3}",0.03518518518518519,0.49212962962962964,0.215625,0.2871364424947565,healthy,distinct,Keep
500712,20118,BiteRush,BiteRush Bites,food_delivery,banner,combo,free delivery,Install now,"Fast food, fast",Late-night deals available,stable,,0,0.3200617283950617,2.021838632918477,0.3259647391646832,0.0041022854323539,0.0794593025131464,-0.8294121241115198,-0.0518124845229251,0.0107842375252603,0.0,0.9535152530580235,0.23833127722227188,0.0,0.2860450687089603,0.4693,0.4315,0.5904,0,0.3,0.1,"{'stable': 0.5, 'underperformer': 0.4, 'fatigued': 0.1}",0.11203703703703703,0.49212962962962964,0.25405092592592593,0.2860450687089603,healthy,distinct,Keep
500170,20028,QuickFork,QuickFork Kitchen,food_delivery,banner,food-closeup,late-night,Try for free,Dinner in minutes,Late-night deals available,underperformer,,0,0.0910493827160493,1.100058716409841,0.2730193298901684,0.0033344841898701,0.0818775301798023,-0.780698882246179,0.0367870137139658,0.0084847922848664,0.0,0.8975131549523757,0.0,0.0,0.22437828873809393,0.4948,0.4411,0.5624,0,0.35,0.0,"{'stable': 0.7, 'underperformer': 0.3}",0.15092592592592594,0.49212962962962964,0.28599537037037037,0.28599537037037037,healthy,distinct,Keep
500839,20139,CrispBox,CrispBox Outlet,ecommerce,native,testimonial,new collection,Learn more,Up to 40% off,Free shipping over $25,stable,,0,0.4074074074074074,2.2675321104734136,0.319834684587369,0.0049247071409236,0.0649449145776784,-0.8053512730000973,-0.0545181722073581,0.0094480846155733,0.0,0.9258542292203559,0.2507771193302713,0.0,0.28161898117114326,0.461,0.445,0.4868,0,0.3,0.0,"{'stable': 0.8, 'underperformer': 0.2}",0.17222222222222222,0.49212962962962964,0.2841435185185185,0.2841435185185185,healthy,distinct,Keep
500570,20095,NeonCast,NeonCast Stream,entertainment,native,reward,trending,Get offer,Exclusive tonight,Cancel anytime,stable,,0,0.654320987654321,2.963071012310832,0.5032416480800969,0.0058308397333927,0.0863068907893443,-0.7366201784059502,-0.0115881063169068,0.0099290221402668,0.0,0.8468390506984641,0.053303913227204486,0.0,0.22237054532005693,0.4742,0.4396,0.537,0,0.35,0.0,{'stable': 1.0},0.14444444444444443,0.49212962962962964,0.2827546296296296,0.2827546296296296,healthy,distinct,Keep
500780,20130,CraveLoop,CraveLoop Kitchen,food_delivery,interstitial,competitive,late-night,Install now,Dinner in minutes,Late-night deals available,stable,,0,0.402469135802469,2.0100044830464303,0.349805710531831,0.004889393081293,0.0715437897333712,-0.8154694628773577,-0.0084823915048255,0.011433788223152,0.0,0.9374863818026924,0.03901799382637053,0.0,0.24217519421594721,0.4722,0.4443,0.512,0,0.3,0.1,"{'stable': 0.5, 'underperformer': 0.4, 'fatigued': 0.1}",0.1685185185185185,0.49212962962962964,0.28229166666666666,0.28229166666666666,healthy,distinct,Keep
501033,20172,QuickFork,QuickFork Kitchen,food_delivery,banner,combo,free delivery,Try for free,"Your cravings, delivered",Late-night deals available,stable,,0,0.2379629629629629,1.9179346693617976,0.2686813814604674,0.0039337631931154,0.0683013613861386,-0.7722057221819595,-0.0630490153801925,0.0084652568137109,0.0,0.8877491818532706,0.290017985076922,0.0,0.279940892478702,0.4283,0.4061,0.4537,0,0.3,0.0,"{'stable': 0.5, 'underperformer': 0.5}",0.0412037037037037,0.49212962962962964,0.21863425925925928,0.279940892478702,healthy,distinct,Keep
500200,20033,NomadLayer,NomadLayer Getaway,travel,banner,family,book now,Install now,Dream destinations await,Flexible booking options,stable,,0,0.3067901234567901,5.243861078977811,0.1857206379428766,0.0038277774950816,0.0485191833071572,-0.7412678598995395,0.0590282736563121,0.0079833979696887,0.0,0.8521821546472279,0.0,0.0,0.21304553866180698,0.4963,0.4596,0.5762,0,0.125,0.5,"{'fatigued': 0.5, 'stable': 0.4, 'top_performer': 0.1}",0.25092592592592594,0.49212962962962964,0.2797453703703704,0.2797453703703704,healthy,distinct,Keep
500187,20031,CrispBox,CrispBox Shop,ecommerce,native,discount,limited offer,Claim reward,Flash sale live,Free shipping over $25,underperformer,,0,0.1348765432098765,1.6370076751253837,0.2214580920487567,0.003512191381974,0.0630541072406727,-0.6685618505939639,-0.0938552413840747,0.0077890016561661,0.0,0.768597303586474,0.431722967138815,0.0,0.2784939193243815,0.4607,0.4382,0.4895,0,0.35,0.0,{'stable': 1.0},0.13425925925925927,0.49212962962962964,0.277662037037037,0.2784939193243815,healthy,distinct,Keep
500994,20165,RouteBloom,RouteBloom Getaway,travel,interstitial,wanderlust,trending,Book now,Last-minute savings,Flexible booking options,stable,,0,0.4771604938271605,4.950395467704185,0.2746661997088589,0.005419287934826,0.0506830792185387,-0.8018279208280514,-0.0512173497919934,0.0105433496485217,0.0,0.9218036855397462,0.2355937281190335,0.0,0.27756966700874325,0.4657,0.4208,0.5511,0,0.15,0.3,"{'stable': 0.5, 'fatigued': 0.3, 'top_performer': 0.2}",0.08055555555555556,0.49212962962962964,0.20081018518518517,0.27756966700874325,healthy,distinct,Keep
500124,20020,NovaPay,NovaPay Wallet,fintech,native,discount,cashback,Book now,Secure & simple,Built for peace of mind,stable,,0,0.3327160493827161,7.413085775008813,0.2474115384655317,0.0027165188396466,0.091076687875177,-0.7198134058992616,-0.0768157805735262,0.007425101506297,0.0,0.8275175174414351,0.3533434704682777,0.0,0.27754807345401433,0.445,0.4269,0.473,0,0.225,0.0,{'stable': 1.0},0.09814814814814815,0.49212962962962964,0.22835648148148147,0.27754807345401433,healthy,distinct,Keep
500557,20092,NovaPay,NovaPay Pay,fintech,native,drama,earn more,Install now,Secure & simple,Built for peace of mind,stable,,0,0.4898148148148148,7.575162030537618,0.3719863815825234,0.0036749961704377,0.1012208895821007,-0.712008981358646,-0.0479884286653518,0.0067258517407085,0.0,0.818545333861663,0.22074107429923898,0.0,0.24878454832526353,0.4751,0.4471,0.5155,0,0.25,0.0,{'stable': 1.0},0.1814814814814815,0.49212962962962964,0.27627314814814813,0.27627314814814813,healthy,distinct,Keep
500800,20133,LuxShelf,LuxShelf Outlet,ecommerce,banner,ugc,security,Install now,Limited stock,Shop bestsellers now,stable,,0,0.3277777777777778,2.464926176236168,0.2400309620222259,0.0045267078812436,0.0530255029304609,-0.8165692708791662,0.0340004537952511,0.0101268627130897,0.0,0.9387507516794688,0.0,0.0,0.2346876879198672,0.4823,0.4391,0.5238,0,0.325,0.0,"{'stable': 0.7, 'underperformer': 0.3}",0.14074074074074075,0.49212962962962964,0.2746527777777778,0.2746527777777778,healthy,distinct,Keep
500571,20095,NeonCast,NeonCast Stream,entertainment,banner,celebrity,save smarter,Try for free,Binge starts now,Start free today,stable,,0,0.2858024691358025,1.9713017414654064,0.3053560726058478,0.0040194625197996,0.0759693792644366,-0.756493100988987,-0.0399054870044629,0.008094121648708,0.0,0.8696855153870114,0.18356050232916882,0.0,0.2541334793125866,0.4823,0.4561,0.5159,0,0.15,0.0,{'stable': 1.0},0.22824074074074074,0.49212962962962964,0.2746527777777778,0.2746527777777778,healthy,distinct,Keep
501028,20171,WayPoint,WayPoint Escapes,travel,native,destination,escape,Start now,Dream destinations await,Hotels + flights in one tap,stable,,0,0.4679012345679013,6.056819440412946,0.2734899099904922,0.0050127644640702,0.0545586994862357,-0.7946047439540252,0.1007869960650198,0.0092630639178492,0.0,0.91349972044845,0.0,0.0,0.2283749301121125,0.4769,0.4364,0.5216,0,0.35,0.1,"{'stable': 0.8, 'fatigued': 0.1, 'top_performer': 0.1}",0.12824074074074074,0.49212962962962964,0.27465277777777775,0.27465277777777775,healthy,distinct,Keep
500046,20007,ThreadMark,ThreadMark Shop,ecommerce,banner,testimonial,new collection,Start now,Limited stock,Free shipping over $25,stable,,0,0.5981481481481481,2.4469275799038885,0.3703344591500891,0.0069353544168107,0.0533980582524271,-0.5846721768910519,-0.113458687625867,0.0101361083105285,0.0,0.672155400792403,0.5218964923766806,0.0,0.27241814867343683,0.4862,0.441,0.5665,0,0.275,0.1,"{'stable': 0.6, 'underperformer': 0.3, 'fatigued': 0.1}",0.15,0.49212962962962964,0.2667824074074074,0.27241814867343683,healthy,distinct,Keep
500186,20031,CrispBox,CrispBox Shop,ecommerce,banner,trust,before/after,Watch now,Your next favorite pick,Shop bestsellers now,underperformer,,0,0.187037037037037,1.7083718243147863,0.2107276660120396,0.0040943911960822,0.0514673991614861,-0.7880662901015048,-0.0486531858069438,0.0087786097019233,0.0,0.9059829319924423,0.22379887822539787,0.0,0.27125550864319015,0.428,0.4008,0.4643,0,0.275,0.0,"{'stable': 0.5, 'underperformer': 0.5}",0.03148148148148148,0.49212962962962964,0.20752314814814815,0.27125550864319015,healthy,distinct,Keep
500142,20023,NeonCast,NeonCast Stream,entertainment,interstitial,celebrity,fast,Learn more,Stream the hype,Cancel anytime,underperformer,,0,0.1037037037037037,1.3934895674305263,0.2521877397618227,0.0033042375991015,0.0763225198546237,-0.6961390203459615,-0.0771547597038921,0.0077157278316658,0.0,0.8003007851612919,0.3549027342217087,0.0,0.27105574313466474,0.4264,0.3874,0.5243,0,0.3,0.1,"{'stable': 0.7, 'underperformer': 0.2, 'fatigued': 0.1}",0.022222222222222223,0.49212962962962964,0.20914351851851853,0.27105574313466474,healthy,distinct,Keep
500079,20013,BoltCart,BoltCart Drops,ecommerce,banner,reward,before/after,Book now,Your next favorite pick,Free shipping over $25,underperformer,,0,0.1935185185185185,2.257436047448962,0.1615656591330674,0.0034129046469926,0.047339634664401,-0.7283954391944827,-0.0667376851449799,0.0078563288012958,0.0,0.837383661679453,0.306985428047235,0.0,0.27074300102931026,0.5082,0.4548,0.6364,0,0.125,0.1,"{'stable': 0.6, 'underperformer': 0.3, 'fatigued': 0.1}",0.21944444444444444,0.49212962962962964,0.2640046296296296,0.27074300102931026,healthy,distinct,Keep
500209,20034,PlateSprint,PlateSprint Delivery,food_delivery,native,family,cashback,Get offer,"Your cravings, delivered",Late-night deals available,stable,,0,0.4320987654320987,1.6127197199779548,0.4920978558313791,0.0048638216076762,0.1011751448808757,-0.8144697601575661,-0.0100052821551193,0.0102087037903603,0.0,0.9363370957431644,0.04602311000823949,0.0,0.243288895937439,0.4607,0.4396,0.5388,0,0.3,0.5,"{'fatigued': 0.5, 'stable': 0.3, 'top_performer': 0.1, 'underperformer': 0.1}",0.14444444444444443,0.49212962962962964,0.2702546296296296,0.2702546296296296,healthy,distinct,Keep
501036,20172,QuickFork,QuickFork Kitchen,food_delivery,banner,urgency,2-for-1,Claim reward,Hungry? We got you,Late-night deals available,stable,,0,0.2271604938271605,1.912006244014504,0.2664006753540525,0.003866352354806,0.0689023272860546,-0.7918370378151806,-0.0462353011252639,0.0096642191441862,0.0,0.9103178884705322,0.2126768957598405,0.0,0.27011485126960116,0.4399,0.4062,0.4821,0,0.35,0.0,"{'stable': 0.8, 'underperformer': 0.2}",0.043055555555555555,0.49212962962962964,0.23206018518518517,0.27011485126960116,healthy,distinct,Keep
500172,20028,QuickFork,QuickFork Kitchen,food_delivery,native,food-closeup,2-for-1,Try for free,Hungry? We got you,Free delivery over $15,underperformer,,0,0.2166666666666666,1.2711869521266164,0.3519801949273527,0.0037936978006163,0.0927802406586447,-0.7943931495127032,-0.0435283159392517,0.00906899822596,0.0,0.9132564655919105,0.20022508529862632,0.0,0.2683591334577029,0.4539,0.4168,0.5212,0,0.375,0.1,"{'stable': 0.7, 'underperformer': 0.2, 'fatigued': 0.1}",0.06944444444444445,0.49212962962962964,0.2515046296296296,0.2683591334577029,healthy,distinct,Keep
500444,20074,EarnPath,EarnPath Bank,fintech,native,drama,save smarter,Start now,Track every euro,Built for peace of mind,stable,,0,0.3469135802469136,6.573162155996352,0.2906903664333903,0.0028581705186597,0.1017050468247416,-0.6432038078717939,-0.0216251778366433,0.0059635065653577,0.0,0.7394449921837593,0.09947325053840123,0.0,0.20475589815362005,0.476,0.4436,0.5183,0,0.25,0.0,{'stable': 1.0},0.1638888888888889,0.49212962962962964,0.2674768518518518,0.2674768518518518,healthy,distinct,Keep
500909,20151,ThreadMark,ThreadMark Club,ecommerce,banner,testimonial,challenge,Start now,Up to 40% off,Free shipping over $25,underperformer,,0,0.1802469135802469,1.7682873008348203,0.210226942548224,0.0039283870832269,0.0535148237926533,-0.7165240064312162,0.2233507292921182,0.0067831530121702,0.0,0.8237359322981721,0.0,0.0,0.20593398307454303,0.4839,0.4459,0.5665,0,0.225,0.0,"{'stable': 0.8, 'underperformer': 0.2}",0.17546296296296296,0.49212962962962964,0.2670138888888889,0.2670138888888889,healthy,distinct,Keep
500697,20116,CoinBridge,CoinBridge Cash,fintech,banner,feature-focus,earn more,Start now,Earn cashback daily,No hidden fees,stable,,0,0.5697530864197531,6.019030567619493,0.4368638218328805,0.0045679764307385,0.0956361812405952,-0.6428105369329317,0.0778642536108826,0.0072185366971511,0.0,0.7389928769712029,0.0,0.0,0.18474821924280072,0.5026,0.4361,0.6469,0,0.325,0.0,{'stable': 1.0},0.12453703703703704,0.49212962962962964,0.26655092592592594,0.26655092592592594,healthy,distinct,Keep
500456,20076,SnapMeal,SnapMeal Go,food_delivery,interstitial,testimonial,fast,Watch now,2-for-1 tonight,Fresh favorites nearby,stable,,0,0.2743827160493827,1.419891261721202,0.3561022896559643,0.0043399058127612,0.0820529995394984,-0.7509099655033067,-0.0268628875516268,0.0091155079321988,0.0,0.8632669875035561,0.12356609336548449,0.0,0.24052996554898592,0.4883,0.4403,0.6269,0,0.275,0.3,"{'stable': 0.6, 'fatigued': 0.3, 'underperformer': 0.1}",0.14814814814814814,0.49212962962962964,0.2658564814814815,0.2658564814814815,healthy,distinct,Keep
501018,20169,LuxShelf,LuxShelf Shop,ecommerce,banner,discount,before/after,Watch now,Up to 40% off,Only this weekend,underperformer,,0,0.1771604938271604,1.7877236090390236,0.202009212806939,0.0038970222803551,0.0518368123850009,-0.7674622920289712,0.2826759619028582,0.0079406185025366,0.0,0.882296002581826,0.0,0.0,0.2205740006454565,0.4436,0.413,0.5091,0,0.45,0.0,"{'underperformer': 0.6, 'stable': 0.4}",0.05925925925925926,0.49212962962962964,0.26516203703703706,0.26516203703703706,healthy,distinct,Keep
500443,20073,VantaStyle,VantaStyle Club,ecommerce,banner,ugc,limited offer,Install now,New collection drop,Only this weekend,underperformer,,0,0.0601851851851851,1.2836844315630656,0.1454286419924438,0.003352895611831,0.0433740440588973,-0.7392026017404076,-0.0005369946605644,0.0073541462775048,0.0,0.849807876409682,0.0024701116823924213,0.0,0.212945991438899,0.4478,0.4219,0.4898,0,0.4,0.0,"{'stable': 0.6, 'underperformer': 0.4}",0.08425925925925926,0.49212962962962964,0.26516203703703706,0.26516203703703706,healthy,distinct,Keep
500635,20105,NomadLayer,NomadLayer Flights,travel,native,destination,discover,Shop now,Book your next trip,Special fares today,top_performer,,0,0.780246913580247,11.443850899912857,0.4013799742133128,0.0071756551188681,0.0559363525091799,-0.6474629297928505,-0.0856686000621267,0.0110214798542473,0.0,0.7443413972377746,0.3940653890399074,0.0,0.2648984271174251,0.4609,0.4065,0.5656,0,0.4,0.3,"{'stable': 0.7, 'fatigued': 0.3}",0.044444444444444446,0.49212962962962964,0.24525462962962963,0.2648984271174251,healthy,distinct,Keep
500034,20005,MoonScreen,MoonScreen TV,entertainment,banner,celebrity,trending,Install now,Exclusive tonight,Cancel anytime,underperformer,,0,0.1950617283950617,1.8182816302299845,0.2852570405676511,0.0033918139220723,0.0841016185207949,-0.7169147020459166,-0.0621441420626144,0.0075121998048031,0.0,0.8241850868464238,0.28585567524969646,0.0,0.26321740676154526,0.4105,0.3906,0.4292,0,0.225,0.0,"{'stable': 0.7, 'underperformer': 0.3}",0.025925925925925925,0.49212962962962964,0.19224537037037037,0.26321740676154526,healthy,distinct,Keep
500492,20082,BiteRush,BiteRush Eats,food_delivery,banner,discount,free rewards,Claim reward,Dinner in minutes,Free delivery over $15,underperformer,,0,0.1265432098765432,1.8212811978678147,0.1900254640530784,0.0030456627665195,0.0623921552123227,-0.7788065556740861,-0.0408336449869104,0.0100578139893568,0.0,0.8953376836784412,0.18782991885025618,0.0,0.2614004046896615,0.5,0.4246,0.5582,0,0.225,0.0,"{'stable': 0.7, 'underperformer': 0.3}",0.09351851851851851,0.49212962962962964,0.22604166666666667,0.2614004046896615,healthy,distinct,Keep
500914,20152,CoinBridge,CoinBridge Pay,fintech,native,minimalist,limited offer,Try for free,Save with confidence,No hidden fees,stable,,0,0.437037037037037,5.755644891208582,0.3750272243504767,0.0035314926854919,0.1061951015476135,-0.6899937420884716,0.0238541524696753,0.0063570057950339,0.0,0.7932360023079192,0.0,0.0,0.1983090005769798,0.4608,0.4363,0.477,0,0.3,0.0,{'stable': 1.0},0.12638888888888888,0.49212962962962964,0.26122685185185185,0.26122685185185185,healthy,distinct,Keep
500441,20073,VantaStyle,VantaStyle Club,ecommerce,native,minimalist,new collection,Claim reward,New collection drop,Free shipping over $25,stable,,0,0.2567901234567901,1.93513649404406,0.2446673840310283,0.0043553244093533,0.0561766153413485,-0.778471958465141,-0.0372708175448392,0.0083820129490459,0.0,0.8949530214181667,0.1714413356234534,0.0,0.25802652247923236,0.4366,0.4068,0.4826,0,0.35,0.0,"{'stable': 0.9, 'underperformer': 0.1}",0.04537037037037037,0.49212962962962964,0.2332175925925926,0.25802652247923236,healthy,distinct,Keep
500156,20026,ClearLedger,ClearLedger Invest,fintech,native,minimalist,security,Get offer,Track every euro,Built for peace of mind,stable,,0,0.5401234567901235,8.540124413390695,0.4044201993178125,0.0038449726415408,0.1051815544663399,-0.7437816884348316,0.0667814090709189,0.006953818320738,0.0,0.8550721218689409,0.0,0.0,0.21376803046723522,0.4854,0.4247,0.577,0,0.35,0.1,"{'stable': 0.9, 'fatigued': 0.1}",0.09444444444444444,0.49212962962962964,0.25775462962962964,0.25775462962962964,healthy,distinct,Keep
500674,20112,SnapMeal,SnapMeal Express,food_delivery,banner,celebrity,fast,Book now,2-for-1 tonight,Late-night deals available,underperformer,,0,0.1135802469135802,1.3779743609014343,0.256743977107644,0.0034589829536009,0.0742252796708242,-0.7927727318706904,-0.0323330479866129,0.0094612409822057,0.0,0.9113935883888088,0.14872818190621317,0.0,0.25759403347844484,0.4955,0.439,0.5904,0,0.2,0.1,"{'stable': 0.7, 'underperformer': 0.2, 'fatigued': 0.1}",0.1388888888888889,0.49212962962962964,0.24247685185185186,0.25759403347844484,healthy,distinct,Keep
500803,20133,LuxShelf,LuxShelf Outlet,ecommerce,native,wanderlust,security,Order now,Your next favorite pick,Free shipping over $25,stable,,0,0.4537037037037036,2.9604524905847582,0.3194009749961721,0.0049362634073864,0.0647050103765194,-0.8225154321200648,-0.0227968632668246,0.0107869389380971,0.0,0.9455866240709084,0.10486286440558182,0.0,0.25736922889884345,0.4828,0.4343,0.5542,0,0.25,0.0,"{'stable': 0.9, 'underperformer': 0.1}",0.11898148148148148,0.49212962962962964,0.24502314814814813,0.25736922889884345,healthy,distinct,Keep
500269,20044,CoinBridge,CoinBridge Pay,fintech,rewarded_video,product-focus,challenge,Try for free,Track every euro,Built for peace of mind,top_performer,,0,0.8151234567901234,7.182436513496025,0.7628607009238894,0.0062889274819454,0.1213021939136588,-0.62154962136664,-0.0848838570007606,0.0099111443630891,0.0,0.7145507369335777,0.39045566412845395,0.0,0.25672881705908523,0.4245,0.3869,0.4425,0,0.175,0.1,"{'stable': 0.9, 'fatigued': 0.1}",0.020370370370370372,0.49212962962962964,0.1769675925925926,0.25672881705908523,healthy,distinct,Keep
500394,20065,BingeLayer,BingeLayer Now,entertainment,native,wanderlust,fast,Try for free,Exclusive tonight,Cancel anytime,stable,,0,0.4503086419753086,3.0128529116516884,0.3633838461682138,0.0044055545946645,0.0824831104370605,-0.7997535662937407,-0.028564250722271,0.0096314075186032,0.0,0.9194189498562233,0.13139216195131256,0.0,0.25613316985431833,0.4393,0.4074,0.5059,0,0.35,0.1,"{'stable': 0.9, 'fatigued': 0.1}",0.04722222222222222,0.49212962962962964,0.2341435185185185,0.25613316985431833,healthy,distinct,Keep
501020,20170,ClearLedger,ClearLedger Pay,fintech,banner,feature-focus,cashback,Watch now,"Your money, clearer","Fast signup, instant card",stable,,0,0.4043209876543209,4.968786148135311,0.3645374546570941,0.0034853198203855,0.104592253636215,-0.705761508765729,-0.0573850523699626,0.0064905533645694,0.0,0.8113630655571217,0.26396442769982853,0.0,0.25563365192924614,0.4722,0.424,0.5949,0,0.25,0.0,{'stable': 1.0},0.09166666666666666,0.49212962962962964,0.23136574074074073,0.25563365192924614,healthy,distinct,Keep
500843,20140,SwiftStack,SwiftStack Invest,fintech,rewarded_video,minimalist,earn more,Book now,Track every euro,Built for peace of mind,stable,,0,0.7459876543209877,5.960648272011045,0.6820098498297015,0.0057816496833983,0.1179611161478795,-0.6472390613615575,0.0644846956322366,0.0091419994208688,0.0,0.7440840318608883,0.0,0.0,0.18602100796522208,0.4605,0.4387,0.4803,0,0.25,0.1,"{'stable': 0.8, 'top_performer': 0.1, 'fatigued': 0.1}",0.13796296296296295,0.49212962962962964,0.2545138888888889,0.2545138888888889,healthy,distinct,Keep
500691,20115,ThreadMark,ThreadMark Market,ecommerce,native,ugc,new collection,Get offer,Flash sale live,Shop bestsellers now,stable,,0,0.2746913580246913,2.51368507711138,0.2227491104505337,0.0039173882534869,0.0568616374065704,-0.7856708704074621,-0.0171534049574154,0.0089547874461395,0.0,0.9032290908688971,0.0789036262177852,0.0,0.24158799796078131,0.4625,0.4227,0.664,0,0.35,0.1,"{'stable': 0.8, 'fatigued': 0.1, 'underperformer': 0.1}",0.08703703703703704,0.49212962962962964,0.25405092592592593,0.25405092592592593,healthy,distinct,Keep
500020,20003,CloudRoute,CloudRoute Getaway,travel,native,wanderlust,last-minute deal,Install now,Fly smarter,Special fares today,stable,,0,0.645679012345679,9.194727717911022,0.3240981199529072,0.0059706796608622,0.0542816125402553,-0.7234728906481067,-0.0344377197037292,0.0096151395437746,0.0,0.8317245629196947,0.15840942192186958,0.0,0.23961302511429758,0.4876,0.4272,0.5656,0,0.325,0.2,"{'stable': 0.5, 'top_performer': 0.3, 'fatigued': 0.2}",0.09907407407407408,0.49212962962962964,0.25381944444444443,0.25381944444444443,healthy,distinct,Keep
500475,20079,ThreadMark,ThreadMark Store,ecommerce,interstitial,product-focus,limited offer,Shop now,Limited stock,Only this weekend,stable,,0,0.533641975308642,2.6509562123407515,0.3439849392328354,0.0058266959374596,0.0590360202291258,-0.8459702189841176,0.0229218761839811,0.0119735968875801,0.0,0.97255089958841,0.0,0.0,0.2431377248971025,0.4747,0.4404,0.5205,0,0.225,0.0,"{'stable': 0.8, 'underperformer': 0.1, 'top_performer': 0.1}",0.14907407407407408,0.49212962962962964,0.25381944444444443,0.25381944444444443,healthy,distinct,Keep
501037,20172,QuickFork,QuickFork Kitchen,food_delivery,native,family,fast,Try for free,"Your cravings, delivered",Free delivery over $15,stable,,0,0.4478395061728394,2.462717908068494,0.3827641531056612,0.004521719199992,0.0846501377410468,-0.7815329857657972,-0.009765506493229,0.0096483235206341,0.0,0.8984720635642282,0.04492017043158503,0.0,0.23360204997737405,0.4772,0.4427,0.525,0,0.2,0.1,"{'stable': 0.6, 'underperformer': 0.2, 'top_performer': 0.1, 'fatigued': 0.1}",0.1587962962962963,0.49212962962962964,0.25243055555555555,0.25243055555555555,healthy,distinct,Keep
500479,20079,ThreadMark,ThreadMark Store,ecommerce,native,minimalist,new collection,Get offer,Your next favorite pick,Free shipping over $25,stable,,0,0.5657407407407408,3.365332786527991,0.3565410751823404,0.0057868060671625,0.0616127568548648,-0.7889862545341502,0.0591342677892576,0.0097166384552787,0.0,0.9070405486986581,0.0,0.0,0.22676013717466453,0.4853,0.4293,0.664,0,0.3,0.1,"{'stable': 0.6, 'underperformer': 0.3, 'fatigued': 0.1}",0.1050925925925926,0.49212962962962964,0.2505787037037037,0.2505787037037037,healthy,distinct,Keep
500389,20064,QuickFork,QuickFork Express,food_delivery,banner,gameplay,fast,Start now,Dinner in minutes,Late-night deals available,stable,,0,0.549074074074074,1.8992645377215844,0.4472804477451547,0.0060970198407281,0.0733605038903297,-0.6762904457409015,0.0813126726819559,0.0095725558618726,0.0,0.7774823115856148,0.0,0.0,0.1943705778964037,0.4851,0.4365,0.5585,0,0.25,0.0,"{'stable': 0.7, 'underperformer': 0.3}",0.12962962962962962,0.49212962962962964,0.2503472222222222,0.2503472222222222,healthy,distinct,Keep
500517,20086,VaultRun,VaultRun Pay,fintech,banner,testimonial,earn more,Watch now,"Your money, clearer",Built for peace of mind,stable,,0,0.3410493827160494,7.167327651185714,0.2399600772754352,0.0033299642201562,0.0720608575380359,-0.711506429892806,-0.0121199298797073,0.0065615523023509,0.0,0.8179675867149855,0.05575023847383611,0.0,0.21564194437351358,0.447,0.4112,0.4888,0,0.4,0.0,{'stable': 1.0},0.05185185185185185,0.49212962962962964,0.24895833333333334,0.24895833333333334,healthy,distinct,Keep
500834,20139,CrispBox,CrispBox Outlet,ecommerce,playable,testimonial,security,Watch now,New collection drop,Free shipping over $25,stable,,0,0.7737654320987654,2.7550650554493825,0.6480901235503097,0.008303893820342,0.0780465330568993,-0.6940013399873293,-0.0211301526136996,0.0140109983105561,0.0,0.7978432483483331,0.09719619328612432,0.0,0.21890005074430813,0.4986,0.4456,0.5405,0,0.15,0.1,"{'stable': 0.9, 'fatigued': 0.1}",0.17407407407407408,0.49212962962962964,0.24756944444444445,0.24756944444444445,healthy,distinct,Keep
500912,20152,CoinBridge,CoinBridge Pay,fintech,banner,testimonial,earn more,Learn more,"Your money, clearer","Fast signup, instant card",stable,,0,0.3175925925925926,4.849075890948555,0.2872146349379057,0.0032431784847852,0.0885596140592694,-0.6881541025314394,0.0185241445474895,0.0061438531330637,0.0,0.7911211014923106,0.0,0.0,0.19778027537307766,0.4638,0.4192,0.5764,0,0.35,0.0,{'stable': 1.0},0.07314814814814814,0.49212962962962964,0.24710648148148145,0.24710648148148145,healthy,distinct,Keep
500064,20010,BiteRush,BiteRush Delivery,food_delivery,interstitial,discount,2-for-1,Try for free,"Fast food, fast",Free delivery over $15,stable,,0,0.5638888888888888,2.439404085138611,0.4457099281673173,0.0054136547943896,0.0823306888036568,-0.8585167754338938,0.0705917890334708,0.0130915974753772,0.0,0.9869747699424037,0.0,0.0,0.24674369248560094,0.469,0.4241,0.597,0,0.275,0.1,"{'stable': 0.7, 'underperformer': 0.2, 'fatigued': 0.1}",0.09259259259259259,0.49212962962962964,0.2380787037037037,0.24674369248560094,healthy,distinct,Keep
500478,20079,ThreadMark,ThreadMark Store,ecommerce,interstitial,food-closeup,2-for-1,Order now,New collection drop,Shop bestsellers now,stable,,0,0.5188271604938272,2.534782205257301,0.3455196595234281,0.0056598437324301,0.0610475617098133,-0.8504584157336625,0.0934025250767334,0.0121055514539522,0.0,0.9777106554383753,0.0,0.0,0.24442766385959383,0.4553,0.4197,0.4953,0,0.2,0.0,"{'stable': 0.6, 'underperformer': 0.3, 'top_performer': 0.1}",0.07546296296296297,0.49212962962962964,0.21076388888888892,0.24442766385959383,healthy,distinct,Keep
500673,20112,SnapMeal,SnapMeal Express,food_delivery,rewarded_video,urgency,late-night,Shop now,Dinner in minutes,Free delivery over $15,stable,,0,0.3999999999999999,1.4235628271164174,0.4567185071829365,0.0049749694532427,0.0918032786885245,-0.8430122780602205,0.0709128782209158,0.0116475681658087,0.0,0.96915036840905,0.0,0.0,0.2422875921022625,0.4051,0.3701,0.4754,0,0.2,0.3,"{'stable': 0.4, 'fatigued': 0.3, 'underperformer': 0.3}",0.011111111111111112,0.49212962962962964,0.17858796296296298,0.2422875921022625,healthy,distinct,Keep
500845,20140,SwiftStack,SwiftStack Invest,fintech,native,testimonial,earn more,Try for free,Secure & simple,"Fast signup, instant card",stable,,0,0.6725308641975308,7.492741840288025,0.5530689076014306,0.0047073340721867,0.1174908980582524,-0.7152839247664662,0.136016936337517,0.0079675163546131,0.0,0.822310299915907,0.0,0.0,0.20557757497897675,0.4374,0.4134,0.4655,0,0.35,0.0,{'stable': 1.0},0.0625,0.49212962962962964,0.24178240740740742,0.24178240740740742,healthy,distinct,Keep
501038,20173,BingeLayer,BingeLayer Play,entertainment,rewarded_video,gameplay,watch now,Try for free,Exclusive tonight,New hits every week,stable,,0,0.7358024691358024,2.333834167605307,0.7616913505755502,0.0073333930597217,0.1038661564125208,-0.6063102894453237,-0.0725489818176607,0.0107280887063015,0.0,0.6970311769814551,0.3337167027789985,0.0,0.24100113480116347,0.4772,0.4304,0.5341,0,0.225,0.2,"{'stable': 0.7, 'fatigued': 0.2, 'underperformer': 0.1}",0.11018518518518519,0.49212962962962964,0.234375,0.24100113480116347,healthy,distinct,Keep
500021,20003,CloudRoute,CloudRoute Getaway,travel,banner,wanderlust,escape,Shop now,Book your next trip,Hotels + flights in one tap,stable,,0,0.3435185185185185,5.713236568668226,0.1888104164094834,0.0040995120556685,0.0460568023329529,-0.7436753494359044,0.1613819035855748,0.0084307388831762,0.0,0.8549498715973034,0.0,0.0,0.21373746789932585,0.4676,0.4299,0.5995,0,0.25,0.4,"{'stable': 0.6, 'fatigued': 0.4}",0.10740740740740741,0.49212962962962964,0.2392361111111111,0.2392361111111111,healthy,distinct,Keep
501064,20177,NomadLayer,NomadLayer Getaway,travel,interstitial,discount,last-minute deal,Learn more,Book your next trip,Special fares today,stable,,0,0.455246913580247,6.2637925123644695,0.2404884300370891,0.005023317836749,0.04787442042344,-0.8018071105421845,0.0606901385826312,0.0102872268909096,0.0,0.921779761456148,0.0,0.0,0.230444940364037,0.4299,0.3968,0.4748,0,0.4,0.5,"{'stable': 0.5, 'fatigued': 0.5}",0.028703703703703703,0.49212962962962964,0.23738425925925927,0.23738425925925927,healthy,distinct,Keep
501003,20167,NeonCast,NeonCast Now,entertainment,native,drama,new season,Claim reward,Exclusive tonight,Start free today,stable,,0,0.2882716049382716,1.987484804151364,0.3300678123808539,0.0037050424827197,0.0890861073578184,-0.7755851798898121,0.0020701963117193,0.0088111020847653,0.0,0.8916343004545375,0.0,0.0,0.22290857511363438,0.4695,0.4116,0.5652,0,0.35,0.0,"{'stable': 0.9, 'underperformer': 0.1}",0.053703703703703705,0.49212962962962964,0.23738425925925927,0.23738425925925927,healthy,distinct,Keep
501022,20170,ClearLedger,ClearLedger Pay,fintech,banner,testimonial,free shipping,Get offer,Secure & simple,"Fast signup, instant card",stable,,0,0.3833333333333333,4.733405883265015,0.3434021477624011,0.0034878484015788,0.0984567298300449,-0.7444079687702372,0.0522088726300347,0.0072475132554081,0.0,0.8557921111663473,0.0,0.0,0.21394802779158684,0.4574,0.4211,0.5271,0,0.275,0.0,{'stable': 1.0},0.0824074074074074,0.49212962962962964,0.23298611111111112,0.23298611111111112,healthy,distinct,Keep
501068,20178,PlateSprint,PlateSprint Go,food_delivery,native,feature-focus,free shipping,Book now,"Fast food, fast",Late-night deals available,stable,,0,0.7018518518518518,2.1611297323144547,0.6367714884179094,0.0072362637972292,0.0879972740437856,-0.6434964669422121,-0.0518311330038467,0.010978998827644,0.0,0.739781441193217,0.23841705802041785,0.0,0.23262877190238782,0.4238,0.401,0.4933,0,0.25,0.3,"{'stable': 0.6, 'fatigued': 0.3, 'underperformer': 0.1}",0.032407407407407406,0.49212962962962964,0.20173611111111112,0.23262877190238782,healthy,distinct,Keep
500068,20011,FluxStream,FluxStream Play,entertainment,rewarded_video,celebrity,exclusive,Book now,Watch what’s trending,Start free today,stable,,0,0.3175925925925926,1.4047334882166385,0.4266252289499297,0.0042025810686106,0.1015150503904425,-0.8070073954854573,0.0352822008478905,0.0094889132060426,0.0,0.9277581537047184,0.0,0.0,0.2319395384261796,0.4537,0.4156,0.4923,0,0.25,0.2,"{'stable': 0.6, 'fatigued': 0.2, 'underperformer': 0.2}",0.06759259259259259,0.49212962962962964,0.21932870370370372,0.2319395384261796,healthy,distinct,Keep
500045,20007,ThreadMark,ThreadMark Shop,ecommerce,rewarded_video,minimalist,limited offer,Install now,Limited stock,Only this weekend,stable,,0,0.578395061728395,1.779816300722664,0.4633361785533637,0.0068680450177035,0.0674626006904487,-0.8034877260597946,0.0789051860243694,0.0121943115364168,0.0,0.923711843811809,0.0,0.0,0.23092796095295226,0.4171,0.3885,0.4523,0,0.175,0.1,"{'stable': 0.9, 'fatigued': 0.1}",0.024074074074074074,0.49212962962962964,0.17881944444444445,0.23092796095295226,healthy,distinct,Keep
500022,20003,CloudRoute,CloudRoute Getaway,travel,rewarded_video,trust,last-minute deal,Learn more,Fly smarter,Hotels + flights in one tap,stable,,0,0.6885802469135802,6.640464526292745,0.3719295992143546,0.0068223676428565,0.0545162059103908,-0.7465835223572601,0.225060560688505,0.0115505255581929,0.0,0.8582931880963399,0.0,0.0,0.21457329702408498,0.4531,0.415,0.4963,0,0.3,0.4,"{'fatigued': 0.4, 'top_performer': 0.3, 'stable': 0.3}",0.06481481481481481,0.49212962962962964,0.2304398148148148,0.2304398148148148,healthy,distinct,Keep
500908,20151,ThreadMark,ThreadMark Club,ecommerce,interstitial,ugc,free shipping,Learn more,Your next favorite pick,Only this weekend,stable,,0,0.554320987654321,2.2796605075696617,0.3666609541952788,0.0063665674773907,0.0575916230366492,-0.7991412468087069,0.0338569015113465,0.0120044274200079,0.0,0.9187150103408107,0.0,0.0,0.22967875258520268,0.4437,0.4164,0.5071,0,0.25,0.1,"{'stable': 0.7, 'underperformer': 0.2, 'fatigued': 0.1}",0.06851851851851852,0.49212962962962964,0.21979166666666666,0.22967875258520268,healthy,distinct,Keep
500710,20118,BiteRush,BiteRush Bites,food_delivery,banner,combo,exclusive,Try for free,2-for-1 tonight,Late-night deals available,stable,,0,0.2367283950617284,1.773854084782922,0.2883715434960878,0.0039924993534971,0.0722283256585867,-0.7953010919247306,0.1942690783870846,0.0100711265067126,0.0,0.9143002614487578,0.0,0.0,0.22857506536218944,0.4436,0.406,0.5231,0,0.325,0.1,"{'stable': 0.6, 'underperformer': 0.3, 'fatigued': 0.1}",0.03935185185185185,0.49212962962962964,0.22395833333333334,0.22857506536218944,healthy,distinct,Keep
500623,20103,CrispBox,CrispBox Club,ecommerce,banner,fantasy,free rewards,Shop now,New collection drop,Shop bestsellers now,stable,,0,0.2549382716049382,2.441379432825642,0.1610291957343384,0.0039576230569173,0.0406883610233878,-0.7829203866265795,0.1012949072246349,0.0087768841274183,0.0,0.9000670581928379,0.0,0.0,0.22501676454820949,0.386,0.3537,0.4236,0,0.125,0.0,"{'stable': 0.8, 'underperformer': 0.2}",0.005555555555555556,0.49212962962962964,0.1570601851851852,0.22501676454820949,healthy,distinct,Keep
500027,20004,SnapMeal,SnapMeal Bites,food_delivery,banner,food-closeup,free shipping,Learn more,Dinner in minutes,Fresh favorites nearby,stable,,0,0.2700617283950617,1.3782703782442098,0.3264682679557547,0.0046502845057656,0.0702039343078866,-0.782373011232669,0.0080825926382439,0.0087446696652841,0.0,0.8994377802113985,0.0,0.0,0.22485944505284963,0.3948,0.3702,0.4342,0,0.275,0.0,"{'stable': 0.6, 'underperformer': 0.4}",0.012037037037037037,0.49212962962962964,0.19780092592592594,0.22485944505284963,healthy,distinct,Keep
500095,20015,HorizonHop,HorizonHop Trips,travel,native,destination,discover,Order now,Book your next trip,Flexible booking options,stable,,0,0.7632716049382716,9.768010297216604,0.3851531821188448,0.0072886053268359,0.0528431935669155,-0.5392995192242158,-0.0753424657534247,0.0108328872499454,0.0,0.6199937312201709,0.3465663972192632,0.0,0.22431171224889535,0.4665,0.4126,0.5404,0,0.2,0.4,"{'fatigued': 0.4, 'top_performer': 0.3, 'stable': 0.3}",0.05740740740740741,0.49212962962962964,0.20173611111111112,0.22431171224889535,healthy,distinct,Keep
500882,20147,CloudRoute,CloudRoute Getaway,travel,banner,wanderlust,save smarter,Start now,Escape this weekend,Special fares today,stable,,0,0.5938271604938271,9.042519577800476,0.2976847289372257,0.0055888435626964,0.0532641011682927,-0.775591769896426,0.0088985784520922,0.0096497364745598,0.0,0.8916418765094822,0.0,0.0,0.22291046912737056,0.4715,0.423,0.6601,0,0.15,0.1,"{'stable': 0.9, 'fatigued': 0.1}",0.08935185185185185,0.49212962962962964,0.20520833333333333,0.22291046912737056,healthy,distinct,Keep
500823,20137,BingeLayer,BingeLayer Plus,entertainment,banner,drama,limited offer,Start now,Stream the hype,New hits every week,stable,,0,0.3737654320987655,2.316890486957444,0.3246099741753545,0.0044364252967271,0.0731692640953125,-0.7672286245194744,-0.0001213966214386,0.0082573859966589,0.0,0.8820273719120152,0.0005584100454616988,0.0,0.22061852498709614,0.406,0.3426,0.5243,0,0.15,0.3,"{'stable': 0.6, 'fatigued': 0.3, 'underperformer': 0.1}",0.001851851851851852,0.49212962962962964,0.16145833333333334,0.22061852498709614,healthy,distinct,Keep
500873,20145,VantaStyle,VantaStyle Shop,ecommerce,interstitial,celebrity,power-up,Install now,Your next favorite pick,Free shipping over $25,stable,,0,0.4867283950617284,2.171576156602982,0.3293606964108732,0.0059728295522202,0.0551431601272534,-0.7536847545285366,0.0911715206278349,0.0104824680655609,0.0,0.8664569621647161,0.0,0.0,0.21661424054117903,0.4165,0.3743,0.496,0,0.2,0.1,"{'stable': 0.8, 'fatigued': 0.1, 'underperformer': 0.1}",0.013888888888888888,0.49212962962962964,0.17997685185185186,0.21661424054117903,healthy,distinct,Keep
500044,20007,ThreadMark,ThreadMark Shop,ecommerce,native,product-focus,free shipping,Claim reward,Flash sale live,Shop bestsellers now,stable,,0,0.649074074074074,2.467511005844395,0.4262597010428515,0.0071947564488793,0.0592458833139859,-0.7239713551023332,0.0408334902403815,0.0098669885696568,0.0,0.832297611524116,0.0,0.0,0.208074402881029,0.4396,0.4005,0.5148,0,0.3,0.0,"{'stable': 0.8, 'underperformer': 0.2}",0.030555555555555555,0.49212962962962964,0.21331018518518519,0.21331018518518519,healthy,distinct,Keep
500035,20005,MoonScreen,MoonScreen TV,entertainment,rewarded_video,wanderlust,trending,Start now,Exclusive tonight,New hits every week,stable,,0,0.6972222222222223,2.4511588694097983,0.6484805699662349,0.0063268945850421,0.102495870801982,-0.7344924796137549,0.0042874133635781,0.0110646339437686,0.0,0.8443929889719796,0.0,0.0,0.2110982472429949,0.4257,0.3805,0.5084,0,0.225,0.2,"{'stable': 0.6, 'underperformer': 0.2, 'fatigued': 0.2}",0.01574074074074074,0.49212962962962964,0.18715277777777778,0.2110982472429949,healthy,distinct,Keep
500188,20031,CrispBox,CrispBox Shop,ecommerce,banner,minimalist,before/after,Get offer,Your next favorite pick,Shop bestsellers now,underperformer,,0,0.0790123456790123,1.3477811020098158,0.1628489223921478,0.0035013137511735,0.0465108053620061,-0.7005242906947841,-0.0039643638829803,0.0068242353924559,0.0,0.8053422139574583,0.018235603181439547,0.0,0.2049826741256525,0.4011,0.3645,0.4731,0,0.175,0.0,"{'stable': 0.7, 'underperformer': 0.3}",0.007407407407407408,0.49212962962962964,0.17048611111111112,0.2049826741256525,healthy,distinct,Keep
500659,20109,VantaStyle,VantaStyle Outlet,ecommerce,interstitial,ugc,free shipping,Order now,New collection drop,Shop bestsellers now,stable,,0,0.729320987654321,2.913096668892351,0.472924289409676,0.0087147998498999,0.0542667987280404,-0.5279220448692965,-0.0558660528716815,0.0121805200028829,0.0,0.6069138701676052,0.25697721035523,0.0,0.20312390961294732,0.4326,0.4062,0.4465,0,0.225,0.1,"{'stable': 0.8, 'fatigued': 0.1, 'underperformer': 0.1}",0.043055555555555555,0.49212962962962964,0.20081018518518517,0.20312390961294732,healthy,distinct,Keep
500995,20165,RouteBloom,RouteBloom Getaway,travel,banner,destination,book now,Watch now,Fly smarter,Flexible booking options,stable,,0,0.2530864197530864,4.087122244097872,0.1612180839658631,0.0033584402293013,0.0480038568378521,-0.6517161232665853,0.0199701937406855,0.007111131558902,0.0,0.7492309867838128,0.0,0.0,0.1873077466959532,0.4476,0.4121,0.5038,0,0.175,0.2,"{'stable': 0.8, 'fatigued': 0.2}",0.05555555555555555,0.49212962962962964,0.1945601851851852,0.1945601851851852,healthy,distinct,Keep
500846,20141,NomadLayer,NomadLayer Travel,travel,native,discount,last-minute deal,Shop now,Fly smarter,Special fares today,top_performer,,0,0.7925925925925926,8.186688493103292,0.4222845482244854,0.0081184483931383,0.0520154255807547,-0.5885067438986893,0.0084531046842604,0.0119674877348741,0.0,0.6765637257063558,0.0,0.0,0.16914093142658895,0.4664,0.4024,0.568,0,0.15,0.3,"{'stable': 0.5, 'fatigued': 0.3, 'top_performer': 0.2}",0.03333333333333333,0.49212962962962964,0.1771990740740741,0.1771990740740741,healthy,distinct,Keep
