creative_id,image_path,status,reason,width,height
500000,C:\Users\sylbo\Documents_local\hack_UPC_2026\Smadex_Creative_Intelligence_Dataset_FULL\assets\creative_500000.png,ok,,360,640
500001,C:\Users\sylbo\Documents_local\hack_UPC_2026\Smadex_Creative_Intelligence_Dataset_FULL\assets\creative_500001.png,ok,,360,640
500002,C:\Users\sylbo\Documents_local\hack_UPC_2026\Smadex_Creative_Intelligence_Dataset_FULL\assets\creative_500002.png,ok,,360,640
500003,C:\Users\sylbo\Documents_local\hack_UPC_2026\Smadex_Creative_Intelligence_Dataset_FULL\assets\creative_500003.png,ok,,360,640
500004,C:\Users\sylbo\Documents_local\hack_UPC_2026\Smadex_Creative_Intelligence_Dataset_FULL\assets\creative_500004.png,ok,,360,640
500005,C:\Users\sylbo\Documents_local\hack_UPC_2026\Smadex_Creative_Intelligence_Dataset_FULL\assets\creative_500005.png,ok,,360,640
500006,C:\Users\sylbo\Documents_local\hack_UPC_2026\Smadex_Creative_Intelligence_Dataset_FULL\assets\creative_500006.png,ok,,320,480
500007,C:\Users\sylbo\Documents_local\hack_UPC_2026\Smadex_Creative_Intelligence_Dataset_FULL\assets\creative_500007.png,ok,,360,640
500008,C:\Users\sylbo\Documents_local\hack_UPC_2026\Smadex_Creative_Intelligence_Dataset_FULL\assets\creative_500008.png,ok,,320,320
500009,C:\Users\sylbo\Documents_local\hack_UPC_2026\Smadex_Creative_Intelligence_Dataset_FULL\assets\creative_500009.png,ok,,320,480
500010,C:\Users\sylbo\Documents_local\hack_UPC_2026\Smadex_Creative_Intelligence_Dataset_FULL\assets\creative_500010.png,ok,,320,320
500011,C:\Users\sylbo\Documents_local\hack_UPC_2026\Smadex_Creative_Intelligence_Dataset_FULL\assets\creative_500011.png,ok,,360,640
500012,C:\Users\sylbo\Documents_local\hack_UPC_2026\Smadex_Creative_Intelligence_Dataset_FULL\assets\creative_500012.png,ok,,320,320
500013,C:\Users\sylbo\Documents_local\hack_UPC_2026\Smadex_Creative_Intelligence_Dataset_FULL\assets\creative_500013.png,ok,,320,480
500014,C:\Users\sylbo\Documents_local\hack_UPC_2026\Smadex_Creative_Intelligence_Dataset_FULL\assets\creative_500014.png,ok,,320,320
500015,C:\Users\sylbo\Documents_local\hack_UPC_2026\Smadex_Creative_Intelligence_Dataset_FULL\assets\creative_500015.png,ok,,320,480
500016,C:\Users\sylbo\Documents_local\hack_UPC_2026\Smadex_Creative_Intelligence_Dataset_FULL\assets\creative_500016.png,ok,,360,640
500017,C:\Users\sylbo\Documents_local\hack_UPC_2026\Smadex_Creative_Intelligence_Dataset_FULL\assets\creative_500017.png,ok,,320,480
500018,C:\Users\sylbo\Documents_local\hack_UPC_2026\Smadex_Creative_Intelligence_Dataset_FULL\assets\creative_500018.png,ok,,360,640
500019,C:\Users\sylbo\Documents_local\hack_UPC_2026\Smadex_Creative_Intelligence_Dataset_FULL\assets\creative_500019.png,ok,,360,640
500020,C:\Users\sylbo\Documents_local\hack_UPC_2026\Smadex_Creative_Intelligence_Dataset_FULL\assets\creative_500020.png,ok,,320,320
500021,C:\Users\sylbo\Documents_local\hack_UPC_2026\Smadex_Creative_Intelligence_Dataset_FULL\assets\creative_500021.png,ok,,320,480
500022,C:\Users\sylbo\Documents_local\hack_UPC_2026\Smadex_Creative_Intelligence_Dataset_FULL\assets\creative_500022.png,ok,,360,640
500023,C:\Users\sylbo\Documents_local\hack_UPC_2026\Smadex_Creative_Intelligence_Dataset_FULL\assets\creative_500023.png,ok,,360,640
500024,C:\Users\sylbo\Documents_local\hack_UPC_2026\Smadex_Creative_Intelligence_Dataset_FULL\assets\creative_500024.png,ok,,320,480
500025,C:\Users\sylbo\Documents_local\hack_UPC_2026\Smadex_Creative_Intelligence_Dataset_FULL\assets\creative_500025.png,ok,,320,480
500026,C:\Users\sylbo\Documents_local\hack_UPC_2026\Smadex_Creative_Intelligence_Dataset_FULL\assets\creative_500026.png,ok,,320,480
500027,C:\Users\sylbo\Documents_local\hack_UPC_2026\Smadex_Creative_Intelligence_Dataset_FULL\assets\creative_500027.png,ok,,320,480
500028,C:\Users\sylbo\Documents_local\hack_UPC_2026\Smadex_Creative_Intelligence_Dataset_FULL\assets\creative_500028.png,ok,,320,480
500029,C:\Users\sylbo\Documents_local\hack_UPC_2026\Smadex_Creative_Intelligence_Dataset_FULL\assets\creative_500029.png,ok,,320,480
500030,C:\Users\sylbo\Documents_local\hack_UPC_2026\Smadex_Creative_Intelligence_Dataset_FULL\assets\creative_500030.png,ok,,360,640
500031,C:\Users\sylbo\Documents_local\hack_UPC_2026\Smadex_Creative_Intelligence_Dataset_FULL\assets\creative_500031.png,ok,,360,640
500032,C:\Users\sylbo\Documents_local\hack_UPC_2026\Smadex_Creative_Intelligence_Dataset_FULL\assets\creative_500032.png,ok,,360,640
500033,C:\Users\sylbo\Documents_local\hack_UPC_2026\Smadex_Creative_Intelligence_Dataset_FULL\assets\creative_500033.png,ok,,320,320
500034,C:\Users\sylbo\Documents_local\hack_UPC_2026\Smadex_Creative_Intelligence_Dataset_FULL\assets\creative_500034.png,ok,,320,480
500035,C:\Users\sylbo\Documents_local\hack_UPC_2026\Smadex_Creative_Intelligence_Dataset_FULL\assets\creative_500035.png,ok,,360,640
500036,C:\Users\sylbo\Documents_local\hack_UPC_2026\Smadex_Creative_Intelligence_Dataset_FULL\assets\creative_500036.png,ok,,360,640
500037,C:\Users\sylbo\Documents_local\hack_UPC_2026\Smadex_Creative_Intelligence_Dataset_FULL\assets\creative_500037.png,ok,,320,320
500038,C:\Users\sylbo\Documents_local\hack_UPC_2026\Smadex_Creative_Intelligence_Dataset_FULL\assets\creative_500038.png,ok,,360,640
500039,C:\Users\sylbo\Documents_local\hack_UPC_2026\Smadex_Creative_Intelligence_Dataset_FULL\assets\creative_500039.png,ok,,360,640
500040,C:\Users\sylbo\Documents_local\hack_UPC_2026\Smadex_Creative_Intelligence_Dataset_FULL\assets\creative_500040.png,ok,,360,640
500041,C:\Users\sylbo\Documents_local\hack_UPC_2026\Smadex_Creative_Intelligence_Dataset_FULL\assets\creative_500041.png,ok,,360,640
500042,C:\Users\sylbo\Documents_local\hack_UPC_2026\Smadex_Creative_Intelligence_Dataset_FULL\assets\creative_500042.png,ok,,320,480
500043,C:\Users\sylbo\Documents_local\hack_UPC_2026\Smadex_Creative_Intelligence_Dataset_FULL\assets\creative_500043.png,ok,,360,640
500044,C:\Users\sylbo\Documents_local\hack_UPC_2026\Smadex_Creative_Intelligence_Dataset_FULL\assets\creative_500044.png,ok,,320,320
500045,C:\Users\sylbo\Documents_local\hack_UPC_2026\Smadex_Creative_Intelligence_Dataset_FULL\assets\creative_500045.png,ok,,360,640
500046,C:\Users\sylbo\Documents_local\hack_UPC_2026\Smadex_Creative_Intelligence_Dataset_FULL\assets\creative_500046.png,ok,,320,480
500047,C:\Users\sylbo\Documents_local\hack_UPC_2026\Smadex_Creative_Intelligence_Dataset_FULL\assets\creative_500047.png,ok,,360,640
500048,C:\Users\sylbo\Documents_local\hack_UPC_2026\Smadex_Creative_Intelligence_Dataset_FULL\assets\creative_500048.png,ok,,320,320
500049,C:\Users\sylbo\Documents_local\hack_UPC_2026\Smadex_Creative_Intelligence_Dataset_FULL\assets\creative_500049.png,ok,,320,480
500050,C:\Users\sylbo\Documents_local\hack_UPC_2026\Smadex_Creative_Intelligence_Dataset_FULL\assets\creative_500050.png,ok,,320,480
500051,C:\Users\sylbo\Documents_local\hack_UPC_2026\Smadex_Creative_Intelligence_Dataset_FULL\assets\creative_500051.png,ok,,320,480
500052,C:\Users\sylbo\Documents_local\hack_UPC_2026\Smadex_Creative_Intelligence_Dataset_FULL\assets\creative_500052.png,ok,,320,480
500053,C:\Users\sylbo\Documents_local\hack_UPC_2026\Smadex_Creative_Intelligence_Dataset_FULL\assets\creative_500053.png,ok,,360,640
500054,C:\Users\sylbo\Documents_local\hack_UPC_2026\Smadex_Creative_Intelligence_Dataset_FULL\assets\creative_500054.png,ok,,360,640
500055,C:\Users\sylbo\Documents_local\hack_UPC_2026\Smadex_Creative_Intelligence_Dataset_FULL\assets\creative_500055.png,ok,,360,640
500056,C:\Users\sylbo\Documents_local\hack_UPC_2026\Smadex_Creative_Intelligence_Dataset_FULL\assets\creative_500056.png,ok,,360,640
500057,C:\Users\sylbo\Documents_local\hack_UPC_2026\Smadex_Creative_Intelligence_Dataset_FULL\assets\creative_500057.png,ok,,360,640
500058,C:\Users\sylbo\Documents_local\hack_UPC_2026\Smadex_Creative_Intelligence_Dataset_FULL\assets\creative_500058.png,ok,,320,320
500059,C:\Users\sylbo\Documents_local\hack_UPC_2026\Smadex_Creative_Intelligence_Dataset_FULL\assets\creative_500059.png,ok,,360,640
500060,C:\Users\sylbo\Documents_local\hack_UPC_2026\Smadex_Creative_Intelligence_Dataset_FULL\assets\creative_500060.png,ok,,320,320
500061,C:\Users\sylbo\Documents_local\hack_UPC_2026\Smadex_Creative_Intelligence_Dataset_FULL\assets\creative_500061.png,ok,,320,320
500062,C:\Users\sylbo\Documents_local\hack_UPC_2026\Smadex_Creative_Intelligence_Dataset_FULL\assets\creative_500062.png,ok,,360,640
500063,C:\Users\sylbo\Documents_local\hack_UPC_2026\Smadex_Creative_Intelligence_Dataset_FULL\assets\creative_500063.png,ok,,360,640
500064,C:\Users\sylbo\Documents_local\hack_UPC_2026\Smadex_Creative_Intelligence_Dataset_FULL\assets\creative_500064.png,ok,,360,640
500065,C:\Users\sylbo\Documents_local\hack_UPC_2026\Smadex_Creative_Intelligence_Dataset_FULL\assets\creative_500065.png,ok,,320,320
500066,C:\Users\sylbo\Documents_local\hack_UPC_2026\Smadex_Creative_Intelligence_Dataset_FULL\assets\creative_500066.png,ok,,360,640
500067,C:\Users\sylbo\Documents_local\hack_UPC_2026\Smadex_Creative_Intelligence_Dataset_FULL\assets\creative_500067.png,ok,,360,640
500068,C:\Users\sylbo\Documents_local\hack_UPC_2026\Smadex_Creative_Intelligence_Dataset_FULL\assets\creative_500068.png,ok,,360,640
500069,C:\Users\sylbo\Documents_local\hack_UPC_2026\Smadex_Creative_Intelligence_Dataset_FULL\assets\creative_500069.png,ok,,360,640
500070,C:\Users\sylbo\Documents_local\hack_UPC_2026\Smadex_Creative_Intelligence_Dataset_FULL\assets\creative_500070.png,ok,,360,640
500071,C:\Users\sylbo\Documents_local\hack_UPC_2026\Smadex_Creative_Intelligence_Dataset_FULL\assets\creative_500071.png,ok,,320,320
500072,C:\Users\sylbo\Documents_local\hack_UPC_2026\Smadex_Creative_Intelligence_Dataset_FULL\assets\creative_500072.png,ok,,360,640
500073,C:\Users\sylbo\Documents_local\hack_UPC_2026\Smadex_Creative_Intelligence_Dataset_FULL\assets\creative_500073.png,ok,,320,480
500074,C:\Users\sylbo\Documents_local\hack_UPC_2026\Smadex_Creative_Intelligence_Dataset_FULL\assets\creative_500074.png,ok,,360,640
500075,C:\Users\sylbo\Documents_local\hack_UPC_2026\Smadex_Creative_Intelligence_Dataset_FULL\assets\creative_500075.png,ok,,360,640
500076,C:\Users\sylbo\Documents_local\hack_UPC_2026\Smadex_Creative_Intelligence_Dataset_FULL\assets\creative_500076.png,ok,,360,640
500077,C:\Users\sylbo\Documents_local\hack_UPC_2026\Smadex_Creative_Intelligence_Dataset_FULL\assets\creative_500077.png,ok,,360,640
500078,C:\Users\sylbo\Documents_local\hack_UPC_2026\Smadex_Creative_Intelligence_Dataset_FULL\assets\creative_500078.png,ok,,320,480
500079,C:\Users\sylbo\Documents_local\hack_UPC_2026\Smadex_Creative_Intelligence_Dataset_FULL\assets\creative_500079.png,ok,,320,480
500080,C:\Users\sylbo\Documents_local\hack_UPC_2026\Smadex_Creative_Intelligence_Dataset_FULL\assets\creative_500080.png,ok,,360,640
500081,C:\Users\sylbo\Documents_local\hack_UPC_2026\Smadex_Creative_Intelligence_Dataset_FULL\assets\creative_500081.png,ok,,320,320
500082,C:\Users\sylbo\Documents_local\hack_UPC_2026\Smadex_Creative_Intelligence_Dataset_FULL\assets\creative_500082.png,ok,,360,640
500083,C:\Users\sylbo\Documents_local\hack_UPC_2026\Smadex_Creative_Intelligence_Dataset_FULL\assets\creative_500083.png,ok,,320,320
500084,C:\Users\sylbo\Documents_local\hack_UPC_2026\Smadex_Creative_Intelligence_Dataset_FULL\assets\creative_500084.png,ok,,320,320
500085,C:\Users\sylbo\Documents_local\hack_UPC_2026\Smadex_Creative_Intelligence_Dataset_FULL\assets\creative_500085.png,ok,,320,320
500086,C:\Users\sylbo\Documents_local\hack_UPC_2026\Smadex_Creative_Intelligence_Dataset_FULL\assets\creative_500086.png,ok,,360,640
500087,C:\Users\sylbo\Documents_local\hack_UPC_2026\Smadex_Creative_Intelligence_Dataset_FULL\assets\creative_500087.png,ok,,360,640
500088,C:\Users\sylbo\Documents_local\hack_UPC_2026\Smadex_Creative_Intelligence_Dataset_FULL\assets\creative_500088.png,ok,,320,320
500089,C:\Users\sylbo\Documents_local\hack_UPC_2026\Smadex_Creative_Intelligence_Dataset_FULL\assets\creative_500089.png,ok,,360,640
500090,C:\Users\sylbo\Documents_local\hack_UPC_2026\Smadex_Creative_Intelligence_Dataset_FULL\assets\creative_500090.png,ok,,360,640
500091,C:\Users\sylbo\Documents_local\hack_UPC_2026\Smadex_Creative_Intelligence_Dataset_FULL\assets\creative_500091.png,ok,,360,640
500092,C:\Users\sylbo\Documents_local\hack_UPC_2026\Smadex_Creative_Intelligence_Dataset_FULL\assets\creative_500092.png,ok,,320,320
500093,C:\Users\sylbo\Documents_local\hack_UPC_2026\Smadex_Creative_Intelligence_Dataset_FULL\assets\creative_500093.png,ok,,320,320
500094,C:\Users\sylbo\Documents_local\hack_UPC_2026\Smadex_Creative_Intelligence_Dataset_FULL\assets\creative_500094.png,ok,,360,640
500095,C:\Users\sylbo\Documents_local\hack_UPC_2026\Smadex_Creative_Intelligence_Dataset_FULL\assets\creative_500095.png,ok,,320,320
500096,C:\Users\sylbo\Documents_local\hack_UPC_2026\Smadex_Creative_Intelligence_Dataset_FULL\assets\creative_500096.png,ok,,320,320
500097,C:\Users\sylbo\Documents_local\hack_UPC_2026\Smadex_Creative_Intelligence_Dataset_FULL\assets\creative_500097.png,ok,,320,480
500098,C:\Users\sylbo\Documents_local\hack_UPC_2026\Smadex_Creative_Intelligence_Dataset_FULL\assets\creative_500098.png,ok,,360,640
500099,C:\Users\sylbo\Documents_local\hack_UPC_2026\Smadex_Creative_Intelligence_Dataset_FULL\assets\creative_500099.png,ok,,360,640
500100,C:\Users\sylbo\Documents_local\hack_UPC_2026\Smadex_Creative_Intelligence_Dataset_FULL\assets\creative_500100.png,ok,,320,480
500101,C:\Users\sylbo\Documents_local\hack_UPC_2026\Smadex_Creative_Intelligence_Dataset_FULL\assets\creative_500101.png,ok,,320,320
500102,C:\Users\sylbo\Documents_local\hack_UPC_2026\Smadex_Creative_Intelligence_Dataset_FULL\assets\creative_500102.png,ok,,360,640
500103,C:\Users\sylbo\Documents_local\hack_UPC_2026\Smadex_Creative_Intelligence_Dataset_FULL\assets\creative_500103.png,ok,,320,480
500104,C:\Users\sylbo\Documents_local\hack_UPC_2026\Smadex_Creative_Intelligence_Dataset_FULL\assets\creative_500104.png,ok,,320,320
500105,C:\Users\sylbo\Documents_local\hack_UPC_2026\Smadex_Creative_Intelligence_Dataset_FULL\assets\creative_500105.png,ok,,360,640
500106,C:\Users\sylbo\Documents_local\hack_UPC_2026\Smadex_Creative_Intelligence_Dataset_FULL\assets\creative_500106.png,ok,,360,640
500107,C:\Users\sylbo\Documents_local\hack_UPC_2026\Smadex_Creative_Intelligence_Dataset_FULL\assets\creative_500107.png,ok,,360,640
500108,C:\Users\sylbo\Documents_local\hack_UPC_2026\Smadex_Creative_Intelligence_Dataset_FULL\assets\creative_500108.png,ok,,320,480
500109,C:\Users\sylbo\Documents_local\hack_UPC_2026\Smadex_Creative_Intelligence_Dataset_FULL\assets\creative_500109.png,ok,,360,640
500110,C:\Users\sylbo\Documents_local\hack_UPC_2026\Smadex_Creative_Intelligence_Dataset_FULL\assets\creative_500110.png,ok,,360,640
500111,C:\Users\sylbo\Documents_local\hack_UPC_2026\Smadex_Creative_Intelligence_Dataset_FULL\assets\creative_500111.png,ok,,360,640
500112,C:\Users\sylbo\Documents_local\hack_UPC_2026\Smadex_Creative_Intelligence_Dataset_FULL\assets\creative_500112.png,ok,,360,640
500113,C:\Users\sylbo\Documents_local\hack_UPC_2026\Smadex_Creative_Intelligence_Dataset_FULL\assets\creative_500113.png,ok,,360,640
500114,C:\Users\sylbo\Documents_local\hack_UPC_2026\Smadex_Creative_Intelligence_Dataset_FULL\assets\creative_500114.png,ok,,360,640
500115,C:\Users\sylbo\Documents_local\hack_UPC_2026\Smadex_Creative_Intelligence_Dataset_FULL\assets\creative_500115.png,ok,,320,320
500116,C:\Users\sylbo\Documents_local\hack_UPC_2026\Smadex_Creative_Intelligence_Dataset_FULL\assets\creative_500116.png,ok,,360,640
500117,C:\Users\sylbo\Documents_local\hack_UPC_2026\Smadex_Creative_Intelligence_Dataset_FULL\assets\creative_500117.png,ok,,320,480
500118,C:\Users\sylbo\Documents_local\hack_UPC_2026\Smadex_Creative_Intelligence_Dataset_FULL\assets\creative_500118.png,ok,,320,320
500119,C:\Users\sylbo\Documents_local\hack_UPC_2026\Smadex_Creative_Intelligence_Dataset_FULL\assets\creative_500119.png,ok,,360,640
500120,C:\Users\sylbo\Documents_local\hack_UPC_2026\Smadex_Creative_Intelligence_Dataset_FULL\assets\creative_500120.png,ok,,320,320
500121,C:\Users\sylbo\Documents_local\hack_UPC_2026\Smadex_Creative_Intelligence_Dataset_FULL\assets\creative_500121.png,ok,,320,480
500122,C:\Users\sylbo\Documents_local\hack_UPC_2026\Smadex_Creative_Intelligence_Dataset_FULL\assets\creative_500122.png,ok,,320,480
500123,C:\Users\sylbo\Documents_local\hack_UPC_2026\Smadex_Creative_Intelligence_Dataset_FULL\assets\creative_500123.png,ok,,320,480
500124,C:\Users\sylbo\Documents_local\hack_UPC_2026\Smadex_Creative_Intelligence_Dataset_FULL\assets\creative_500124.png,ok,,320,320
500125,C:\Users\sylbo\Documents_local\hack_UPC_2026\Smadex_Creative_Intelligence_Dataset_FULL\assets\creative_500125.png,ok,,360,640
500126,C:\Users\sylbo\Documents_local\hack_UPC_2026\Smadex_Creative_Intelligence_Dataset_FULL\assets\creative_500126.png,ok,,320,320
500127,C:\Users\sylbo\Documents_local\hack_UPC_2026\Smadex_Creative_Intelligence_Dataset_FULL\assets\creative_500127.png,ok,,360,640
500128,C:\Users\sylbo\Documents_local\hack_UPC_2026\Smadex_Creative_Intelligence_Dataset_FULL\assets\creative_500128.png,ok,,360,640
500129,C:\Users\sylbo\Documents_local\hack_UPC_2026\Smadex_Creative_Intelligence_Dataset_FULL\assets\creative_500129.png,ok,,360,640
500130,C:\Users\sylbo\Documents_local\hack_UPC_2026\Smadex_Creative_Intelligence_Dataset_FULL\assets\creative_500130.png,ok,,320,320
500131,C:\Users\sylbo\Documents_local\hack_UPC_2026\Smadex_Creative_Intelligence_Dataset_FULL\assets\creative_500131.png,ok,,360,640
500132,C:\Users\sylbo\Documents_local\hack_UPC_2026\Smadex_Creative_Intelligence_Dataset_FULL\assets\creative_500132.png,ok,,320,320
500133,C:\Users\sylbo\Documents_local\hack_UPC_2026\Smadex_Creative_Intelligence_Dataset_FULL\assets\creative_500133.png,ok,,320,480
500134,C:\Users\sylbo\Documents_local\hack_UPC_2026\Smadex_Creative_Intelligence_Dataset_FULL\assets\creative_500134.png,ok,,320,480
500135,C:\Users\sylbo\Documents_local\hack_UPC_2026\Smadex_Creative_Intelligence_Dataset_FULL\assets\creative_500135.png,ok,,320,320
500136,C:\Users\sylbo\Documents_local\hack_UPC_2026\Smadex_Creative_Intelligence_Dataset_FULL\assets\creative_500136.png,ok,,320,320
500137,C:\Users\sylbo\Documents_local\hack_UPC_2026\Smadex_Creative_Intelligence_Dataset_FULL\assets\creative_500137.png,ok,,320,480
500138,C:\Users\sylbo\Documents_local\hack_UPC_2026\Smadex_Creative_Intelligence_Dataset_FULL\assets\creative_500138.png,ok,,360,640
500139,C:\Users\sylbo\Documents_local\hack_UPC_2026\Smadex_Creative_Intelligence_Dataset_FULL\assets\creative_500139.png,ok,,360,640
500140,C:\Users\sylbo\Documents_local\hack_UPC_2026\Smadex_Creative_Intelligence_Dataset_FULL\assets\creative_500140.png,ok,,360,640
500141,C:\Users\sylbo\Documents_local\hack_UPC_2026\Smadex_Creative_Intelligence_Dataset_FULL\assets\creative_500141.png,ok,,360,640
500142,C:\Users\sylbo\Documents_local\hack_UPC_2026\Smadex_Creative_Intelligence_Dataset_FULL\assets\creative_500142.png,ok,,360,640
500143,C:\Users\sylbo\Documents_local\hack_UPC_2026\Smadex_Creative_Intelligence_Dataset_FULL\assets\creative_500143.png,ok,,360,640
500144,C:\Users\sylbo\Documents_local\hack_UPC_2026\Smadex_Creative_Intelligence_Dataset_FULL\assets\creative_500144.png,ok,,360,640
500145,C:\Users\sylbo\Documents_local\hack_UPC_2026\Smadex_Creative_Intelligence_Dataset_FULL\assets\creative_500145.png,ok,,320,320
500146,C:\Users\sylbo\Documents_local\hack_UPC_2026\Smadex_Creative_Intelligence_Dataset_FULL\assets\creative_500146.png,ok,,360,640
500147,C:\Users\sylbo\Documents_local\hack_UPC_2026\Smadex_Creative_Intelligence_Dataset_FULL\assets\creative_500147.png,ok,,360,640
500148,C:\Users\sylbo\Documents_local\hack_UPC_2026\Smadex_Creative_Intelligence_Dataset_FULL\assets\creative_500148.png,ok,,360,640
500149,C:\Users\sylbo\Documents_local\hack_UPC_2026\Smadex_Creative_Intelligence_Dataset_FULL\assets\creative_500149.png,ok,,360,640
500150,C:\Users\sylbo\Documents_local\hack_UPC_2026\Smadex_Creative_Intelligence_Dataset_FULL\assets\creative_500150.png,ok,,360,640
500151,C:\Users\sylbo\Documents_local\hack_UPC_2026\Smadex_Creative_Intelligence_Dataset_FULL\assets\creative_500151.png,ok,,360,640
500152,C:\Users\sylbo\Documents_local\hack_UPC_2026\Smadex_Creative_Intelligence_Dataset_FULL\assets\creative_500152.png,ok,,360,640
500153,C:\Users\sylbo\Documents_local\hack_UPC_2026\Smadex_Creative_Intelligence_Dataset_FULL\assets\creative_500153.png,ok,,360,640
500154,C:\Users\sylbo\Documents_local\hack_UPC_2026\Smadex_Creative_Intelligence_Dataset_FULL\assets\creative_500154.png,ok,,320,480
500155,C:\Users\sylbo\Documents_local\hack_UPC_2026\Smadex_Creative_Intelligence_Dataset_FULL\assets\creative_500155.png,ok,,360,640
500156,C:\Users\sylbo\Documents_local\hack_UPC_2026\Smadex_Creative_Intelligence_Dataset_FULL\assets\creative_500156.png,ok,,320,320
500157,C:\Users\sylbo\Documents_local\hack_UPC_2026\Smadex_Creative_Intelligence_Dataset_FULL\assets\creative_500157.png,ok,,320,320
500158,C:\Users\sylbo\Documents_local\hack_UPC_2026\Smadex_Creative_Intelligence_Dataset_FULL\assets\creative_500158.png,ok,,360,640
500159,C:\Users\sylbo\Documents_local\hack_UPC_2026\Smadex_Creative_Intelligence_Dataset_FULL\assets\creative_500159.png,ok,,360,640
500160,C:\Users\sylbo\Documents_local\hack_UPC_2026\Smadex_Creative_Intelligence_Dataset_FULL\assets\creative_500160.png,ok,,320,480
500161,C:\Users\sylbo\Documents_local\hack_UPC_2026\Smadex_Creative_Intelligence_Dataset_FULL\assets\creative_500161.png,ok,,320,480
500162,C:\Users\sylbo\Documents_local\hack_UPC_2026\Smadex_Creative_Intelligence_Dataset_FULL\assets\creative_500162.png,ok,,360,640
500163,C:\Users\sylbo\Documents_local\hack_UPC_2026\Smadex_Creative_Intelligence_Dataset_FULL\assets\creative_500163.png,ok,,320,480
500164,C:\Users\sylbo\Documents_local\hack_UPC_2026\Smadex_Creative_Intelligence_Dataset_FULL\assets\creative_500164.png,ok,,360,640
500165,C:\Users\sylbo\Documents_local\hack_UPC_2026\Smadex_Creative_Intelligence_Dataset_FULL\assets\creative_500165.png,ok,,360,640
500166,C:\Users\sylbo\Documents_local\hack_UPC_2026\Smadex_Creative_Intelligence_Dataset_FULL\assets\creative_500166.png,ok,,360,640
500167,C:\Users\sylbo\Documents_local\hack_UPC_2026\Smadex_Creative_Intelligence_Dataset_FULL\assets\creative_500167.png,ok,,320,480
500168,C:\Users\sylbo\Documents_local\hack_UPC_2026\Smadex_Creative_Intelligence_Dataset_FULL\assets\creative_500168.png,ok,,360,640
500169,C:\Users\sylbo\Documents_local\hack_UPC_2026\Smadex_Creative_Intelligence_Dataset_FULL\assets\creative_500169.png,ok,,360,640
500170,C:\Users\sylbo\Documents_local\hack_UPC_2026\Smadex_Creative_Intelligence_Dataset_FULL\assets\creative_500170.png,ok,,320,480
500171,C:\Users\sylbo\Documents_local\hack_UPC_2026\Smadex_Creative_Intelligence_Dataset_FULL\assets\creative_500171.png,ok,,320,480
500172,C:\Users\sylbo\Documents_local\hack_UPC_2026\Smadex_Creative_Intelligence_Dataset_FULL\assets\creative_500172.png,ok,,320,320
500173,C:\Users\sylbo\Documents_local\hack_UPC_2026\Smadex_Creative_Intelligence_Dataset_FULL\assets\creative_500173.png,ok,,320,480
500174,C:\Users\sylbo\Documents_local\hack_UPC_2026\Smadex_Creative_Intelligence_Dataset_FULL\assets\creative_500174.png,ok,,360,640
500175,C:\Users\sylbo\Documents_local\hack_UPC_2026\Smadex_Creative_Intelligence_Dataset_FULL\assets\creative_500175.png,ok,,360,640
500176,C:\Users\sylbo\Documents_local\hack_UPC_2026\Smadex_Creative_Intelligence_Dataset_FULL\assets\creative_500176.png,ok,,360,640
500177,C:\Users\sylbo\Documents_local\hack_UPC_2026\Smadex_Creative_Intelligence_Dataset_FULL\assets\creative_500177.png,ok,,320,320
500178,C:\Users\sylbo\Documents_local\hack_UPC_2026\Smadex_Creative_Intelligence_Dataset_FULL\assets\creative_500178.png,ok,,320,320
500179,C:\Users\sylbo\Documents_local\hack_UPC_2026\Smadex_Creative_Intelligence_Dataset_FULL\assets\creative_500179.png,ok,,320,320
500180,C:\Users\sylbo\Documents_local\hack_UPC_2026\Smadex_Creative_Intelligence_Dataset_FULL\assets\creative_500180.png,ok,,360,640
500181,C:\Users\sylbo\Documents_local\hack_UPC_2026\Smadex_Creative_Intelligence_Dataset_FULL\assets\creative_500181.png,ok,,360,640
500182,C:\Users\sylbo\Documents_local\hack_UPC_2026\Smadex_Creative_Intelligence_Dataset_FULL\assets\creative_500182.png,ok,,360,640
500183,C:\Users\sylbo\Documents_local\hack_UPC_2026\Smadex_Creative_Intelligence_Dataset_FULL\assets\creative_500183.png,ok,,360,640
500184,C:\Users\sylbo\Documents_local\hack_UPC_2026\Smadex_Creative_Intelligence_Dataset_FULL\assets\creative_500184.png,ok,,360,640
500185,C:\Users\sylbo\Documents_local\hack_UPC_2026\Smadex_Creative_Intelligence_Dataset_FULL\assets\creative_500185.png,ok,,360,640
500186,C:\Users\sylbo\Documents_local\hack_UPC_2026\Smadex_Creative_Intelligence_Dataset_FULL\assets\creative_500186.png,ok,,320,480
500187,C:\Users\sylbo\Documents_local\hack_UPC_2026\Smadex_Creative_Intelligence_Dataset_FULL\assets\creative_500187.png,ok,,320,320
500188,C:\Users\sylbo\Documents_local\hack_UPC_2026\Smadex_Creative_Intelligence_Dataset_FULL\assets\creative_500188.png,ok,,320,480
500189,C:\Users\sylbo\Documents_local\hack_UPC_2026\Smadex_Creative_Intelligence_Dataset_FULL\assets\creative_500189.png,ok,,360,640
500190,C:\Users\sylbo\Documents_local\hack_UPC_2026\Smadex_Creative_Intelligence_Dataset_FULL\assets\creative_500190.png,ok,,320,320
500191,C:\Users\sylbo\Documents_local\hack_UPC_2026\Smadex_Creative_Intelligence_Dataset_FULL\assets\creative_500191.png,ok,,320,320
500192,C:\Users\sylbo\Documents_local\hack_UPC_2026\Smadex_Creative_Intelligence_Dataset_FULL\assets\creative_500192.png,ok,,360,640
500193,C:\Users\sylbo\Documents_local\hack_UPC_2026\Smadex_Creative_Intelligence_Dataset_FULL\assets\creative_500193.png,ok,,360,640
500194,C:\Users\sylbo\Documents_local\hack_UPC_2026\Smadex_Creative_Intelligence_Dataset_FULL\assets\creative_500194.png,ok,,320,480
500195,C:\Users\sylbo\Documents_local\hack_UPC_2026\Smadex_Creative_Intelligence_Dataset_FULL\assets\creative_500195.png,ok,,360,640
500196,C:\Users\sylbo\Documents_local\hack_UPC_2026\Smadex_Creative_Intelligence_Dataset_FULL\assets\creative_500196.png,ok,,320,320
500197,C:\Users\sylbo\Documents_local\hack_UPC_2026\Smadex_Creative_Intelligence_Dataset_FULL\assets\creative_500197.png,ok,,320,320
500198,C:\Users\sylbo\Documents_local\hack_UPC_2026\Smadex_Creative_Intelligence_Dataset_FULL\assets\creative_500198.png,ok,,360,640
500199,C:\Users\sylbo\Documents_local\hack_UPC_2026\Smadex_Creative_Intelligence_Dataset_FULL\assets\creative_500199.png,ok,,320,320
500200,C:\Users\sylbo\Documents_local\hack_UPC_2026\Smadex_Creative_Intelligence_Dataset_FULL\assets\creative_500200.png,ok,,320,480
500201,C:\Users\sylbo\Documents_local\hack_UPC_2026\Smadex_Creative_Intelligence_Dataset_FULL\assets\creative_500201.png,ok,,320,320
500202,C:\Users\sylbo\Documents_local\hack_UPC_2026\Smadex_Creative_Intelligence_Dataset_FULL\assets\creative_500202.png,ok,,320,320
500203,C:\Users\sylbo\Documents_local\hack_UPC_2026\Smadex_Creative_Intelligence_Dataset_FULL\assets\creative_500203.png,ok,,320,320
500204,C:\Users\sylbo\Documents_local\hack_UPC_2026\Smadex_Creative_Intelligence_Dataset_FULL\assets\creative_500204.png,ok,,320,320
500205,C:\Users\sylbo\Documents_local\hack_UPC_2026\Smadex_Creative_Intelligence_Dataset_FULL\assets\creative_500205.png,ok,,360,640
500206,C:\Users\sylbo\Documents_local\hack_UPC_2026\Smadex_Creative_Intelligence_Dataset_FULL\assets\creative_500206.png,ok,,320,480
500207,C:\Users\sylbo\Documents_local\hack_UPC_2026\Smadex_Creative_Intelligence_Dataset_FULL\assets\creative_500207.png,ok,,320,320
500208,C:\Users\sylbo\Documents_local\hack_UPC_2026\Smadex_Creative_Intelligence_Dataset_FULL\assets\creative_500208.png,ok,,320,480
500209,C:\Users\sylbo\Documents_local\hack_UPC_2026\Smadex_Creative_Intelligence_Dataset_FULL\assets\creative_500209.png,ok,,320,320
500210,C:\Users\sylbo\Documents_local\hack_UPC_2026\Smadex_Creative_Intelligence_Dataset_FULL\assets\creative_500210.png,ok,,320,480
500211,C:\Users\sylbo\Documents_local\hack_UPC_2026\Smadex_Creative_Intelligence_Dataset_FULL\assets\creative_500211.png,ok,,360,640
500212,C:\Users\sylbo\Documents_local\hack_UPC_2026\Smadex_Creative_Intelligence_Dataset_FULL\assets\creative_500212.png,ok,,320,320
500213,C:\Users\sylbo\Documents_local\hack_UPC_2026\Smadex_Creative_Intelligence_Dataset_FULL\assets\creative_500213.png,ok,,360,640
500214,C:\Users\sylbo\Documents_local\hack_UPC_2026\Smadex_Creative_Intelligence_Dataset_FULL\assets\creative_500214.png,ok,,360,640
500215,C:\Users\sylbo\Documents_local\hack_UPC_2026\Smadex_Creative_Intelligence_Dataset_FULL\assets\creative_500215.png,ok,,360,640
500216,C:\Users\sylbo\Documents_local\hack_UPC_2026\Smadex_Creative_Intelligence_Dataset_FULL\assets\creative_500216.png,ok,,360,640
500217,C:\Users\sylbo\Documents_local\hack_UPC_2026\Smadex_Creative_Intelligence_Dataset_FULL\assets\creative_500217.png,ok,,360,640
500218,C:\Users\sylbo\Documents_local\hack_UPC_2026\Smadex_Creative_Intelligence_Dataset_FULL\assets\creative_500218.png,ok,,360,640
500219,C:\Users\sylbo\Documents_local\hack_UPC_2026\Smadex_Creative_Intelligence_Dataset_FULL\assets\creative_500219.png,ok,,360,640
500220,C:\Users\sylbo\Documents_local\hack_UPC_2026\Smadex_Creative_Intelligence_Dataset_FULL\assets\creative_500220.png,ok,,320,480
500221,C:\Users\sylbo\Documents_local\hack_UPC_2026\Smadex_Creative_Intelligence_Dataset_FULL\assets\creative_500221.png,ok,,360,640
500222,C:\Users\sylbo\Documents_local\hack_UPC_2026\Smadex_Creative_Intelligence_Dataset_FULL\assets\creative_500222.png,ok,,320,480
500223,C:\Users\sylbo\Documents_local\hack_UPC_2026\Smadex_Creative_Intelligence_Dataset_FULL\assets\creative_500223.png,ok,,320,480
500224,C:\Users\sylbo\Documents_local\hack_UPC_2026\Smadex_Creative_Intelligence_Dataset_FULL\assets\creative_500224.png,ok,,320,320
500225,C:\Users\sylbo\Documents_local\hack_UPC_2026\Smadex_Creative_Intelligence_Dataset_FULL\assets\creative_500225.png,ok,,360,640
500226,C:\Users\sylbo\Documents_local\hack_UPC_2026\Smadex_Creative_Intelligence_Dataset_FULL\assets\creative_500226.png,ok,,360,640
500227,C:\Users\sylbo\Documents_local\hack_UPC_2026\Smadex_Creative_Intelligence_Dataset_FULL\assets\creative_500227.png,ok,,320,480
500228,C:\Users\sylbo\Documents_local\hack_UPC_2026\Smadex_Creative_Intelligence_Dataset_FULL\assets\creative_500228.png,ok,,320,320
500229,C:\Users\sylbo\Documents_local\hack_UPC_2026\Smadex_Creative_Intelligence_Dataset_FULL\assets\creative_500229.png,ok,,360,640
500230,C:\Users\sylbo\Documents_local\hack_UPC_2026\Smadex_Creative_Intelligence_Dataset_FULL\assets\creative_500230.png,ok,,360,640
500231,C:\Users\sylbo\Documents_local\hack_UPC_2026\Smadex_Creative_Intelligence_Dataset_FULL\assets\creative_500231.png,ok,,320,480
500232,C:\Users\sylbo\Documents_local\hack_UPC_2026\Smadex_Creative_Intelligence_Dataset_FULL\assets\creative_500232.png,ok,,320,320
500233,C:\Users\sylbo\Documents_local\hack_UPC_2026\Smadex_Creative_Intelligence_Dataset_FULL\assets\creative_500233.png,ok,,320,320
500234,C:\Users\sylbo\Documents_local\hack_UPC_2026\Smadex_Creative_Intelligence_Dataset_FULL\assets\creative_500234.png,ok,,360,640
500235,C:\Users\sylbo\Documents_local\hack_UPC_2026\Smadex_Creative_Intelligence_Dataset_FULL\assets\creative_500235.png,ok,,360,640
500236,C:\Users\sylbo\Documents_local\hack_UPC_2026\Smadex_Creative_Intelligence_Dataset_FULL\assets\creative_500236.png,ok,,360,640
500237,C:\Users\sylbo\Documents_local\hack_UPC_2026\Smadex_Creative_Intelligence_Dataset_FULL\assets\creative_500237.png,ok,,360,640
500238,C:\Users\sylbo\Documents_local\hack_UPC_2026\Smadex_Creative_Intelligence_Dataset_FULL\assets\creative_500238.png,ok,,360,640
500239,C:\Users\sylbo\Documents_local\hack_UPC_2026\Smadex_Creative_Intelligence_Dataset_FULL\assets\creative_500239.png,ok,,320,320
500240,C:\Users\sylbo\Documents_local\hack_UPC_2026\Smadex_Creative_Intelligence_Dataset_FULL\assets\creative_500240.png,ok,,320,480
500241,C:\Users\sylbo\Documents_local\hack_UPC_2026\Smadex_Creative_Intelligence_Dataset_FULL\assets\creative_500241.png,ok,,360,640
500242,C:\Users\sylbo\Documents_local\hack_UPC_2026\Smadex_Creative_Intelligence_Dataset_FULL\assets\creative_500242.png,ok,,360,640
500243,C:\Users\sylbo\Documents_local\hack_UPC_2026\Smadex_Creative_Intelligence_Dataset_FULL\assets\creative_500243.png,ok,,320,480
500244,C:\Users\sylbo\Documents_local\hack_UPC_2026\Smadex_Creative_Intelligence_Dataset_FULL\assets\creative_500244.png,ok,,320,480
500245,C:\Users\sylbo\Documents_local\hack_UPC_2026\Smadex_Creative_Intelligence_Dataset_FULL\assets\creative_500245.png,ok,,360,640
500246,C:\Users\sylbo\Documents_local\hack_UPC_2026\Smadex_Creative_Intelligence_Dataset_FULL\assets\creative_500246.png,ok,,360,640
500247,C:\Users\sylbo\Documents_local\hack_UPC_2026\Smadex_Creative_Intelligence_Dataset_FULL\assets\creative_500247.png,ok,,360,640
500248,C:\Users\sylbo\Documents_local\hack_UPC_2026\Smadex_Creative_Intelligence_Dataset_FULL\assets\creative_500248.png,ok,,360,640
500249,C:\Users\sylbo\Documents_local\hack_UPC_2026\Smadex_Creative_Intelligence_Dataset_FULL\assets\creative_500249.png,ok,,320,320
500250,C:\Users\sylbo\Documents_local\hack_UPC_2026\Smadex_Creative_Intelligence_Dataset_FULL\assets\creative_500250.png,ok,,360,640
500251,C:\Users\sylbo\Documents_local\hack_UPC_2026\Smadex_Creative_Intelligence_Dataset_FULL\assets\creative_500251.png,ok,,320,320
500252,C:\Users\sylbo\Documents_local\hack_UPC_2026\Smadex_Creative_Intelligence_Dataset_FULL\assets\creative_500252.png,ok,,360,640
500253,C:\Users\sylbo\Documents_local\hack_UPC_2026\Smadex_Creative_Intelligence_Dataset_FULL\assets\creative_500253.png,ok,,320,320
500254,C:\Users\sylbo\Documents_local\hack_UPC_2026\Smadex_Creative_Intelligence_Dataset_FULL\assets\creative_500254.png,ok,,360,640
500255,C:\Users\sylbo\Documents_local\hack_UPC_2026\Smadex_Creative_Intelligence_Dataset_FULL\assets\creative_500255.png,ok,,360,640
500256,C:\Users\sylbo\Documents_local\hack_UPC_2026\Smadex_Creative_Intelligence_Dataset_FULL\assets\creative_500256.png,ok,,360,640
500257,C:\Users\sylbo\Documents_local\hack_UPC_2026\Smadex_Creative_Intelligence_Dataset_FULL\assets\creative_500257.png,ok,,320,320
500258,C:\Users\sylbo\Documents_local\hack_UPC_2026\Smadex_Creative_Intelligence_Dataset_FULL\assets\creative_500258.png,ok,,360,640
500259,C:\Users\sylbo\Documents_local\hack_UPC_2026\Smadex_Creative_Intelligence_Dataset_FULL\assets\creative_500259.png,ok,,320,320
500260,C:\Users\sylbo\Documents_local\hack_UPC_2026\Smadex_Creative_Intelligence_Dataset_FULL\assets\creative_500260.png,ok,,320,320
500261,C:\Users\sylbo\Documents_local\hack_UPC_2026\Smadex_Creative_Intelligence_Dataset_FULL\assets\creative_500261.png,ok,,360,640
500262,C:\Users\sylbo\Documents_local\hack_UPC_2026\Smadex_Creative_Intelligence_Dataset_FULL\assets\creative_500262.png,ok,,360,640
500263,C:\Users\sylbo\Documents_local\hack_UPC_2026\Smadex_Creative_Intelligence_Dataset_FULL\assets\creative_500263.png,ok,,360,640
500264,C:\Users\sylbo\Documents_local\hack_UPC_2026\Smadex_Creative_Intelligence_Dataset_FULL\assets\creative_500264.png,ok,,320,480
500265,C:\Users\sylbo\Documents_local\hack_UPC_2026\Smadex_Creative_Intelligence_Dataset_FULL\assets\creative_500265.png,ok,,360,640
500266,C:\Users\sylbo\Documents_local\hack_UPC_2026\Smadex_Creative_Intelligence_Dataset_FULL\assets\creative_500266.png,ok,,360,640
500267,C:\Users\sylbo\Documents_local\hack_UPC_2026\Smadex_Creative_Intelligence_Dataset_FULL\assets\creative_500267.png,ok,,320,480
500268,C:\Users\sylbo\Documents_local\hack_UPC_2026\Smadex_Creative_Intelligence_Dataset_FULL\assets\creative_500268.png,ok,,360,640
500269,C:\Users\sylbo\Documents_local\hack_UPC_2026\Smadex_Creative_Intelligence_Dataset_FULL\assets\creative_500269.png,ok,,360,640
500270,C:\Users\sylbo\Documents_local\hack_UPC_2026\Smadex_Creative_Intelligence_Dataset_FULL\assets\creative_500270.png,ok,,360,640
500271,C:\Users\sylbo\Documents_local\hack_UPC_2026\Smadex_Creative_Intelligence_Dataset_FULL\assets\creative_500271.png,ok,,360,640
500272,C:\Users\sylbo\Documents_local\hack_UPC_2026\Smadex_Creative_Intelligence_Dataset_FULL\assets\creative_500272.png,ok,,360,640
500273,C:\Users\sylbo\Documents_local\hack_UPC_2026\Smadex_Creative_Intelligence_Dataset_FULL\assets\creative_500273.png,ok,,360,640
500274,C:\Users\sylbo\Documents_local\hack_UPC_2026\Smadex_Creative_Intelligence_Dataset_FULL\assets\creative_500274.png,ok,,320,320
500275,C:\Users\sylbo\Documents_local\hack_UPC_2026\Smadex_Creative_Intelligence_Dataset_FULL\assets\creative_500275.png,ok,,320,320
500276,C:\Users\sylbo\Documents_local\hack_UPC_2026\Smadex_Creative_Intelligence_Dataset_FULL\assets\creative_500276.png,ok,,320,480
500277,C:\Users\sylbo\Documents_local\hack_UPC_2026\Smadex_Creative_Intelligence_Dataset_FULL\assets\creative_500277.png,ok,,320,480
500278,C:\Users\sylbo\Documents_local\hack_UPC_2026\Smadex_Creative_Intelligence_Dataset_FULL\assets\creative_500278.png,ok,,320,480
500279,C:\Users\sylbo\Documents_local\hack_UPC_2026\Smadex_Creative_Intelligence_Dataset_FULL\assets\creative_500279.png,ok,,360,640
500280,C:\Users\sylbo\Documents_local\hack_UPC_2026\Smadex_Creative_Intelligence_Dataset_FULL\assets\creative_500280.png,ok,,320,320
500281,C:\Users\sylbo\Documents_local\hack_UPC_2026\Smadex_Creative_Intelligence_Dataset_FULL\assets\creative_500281.png,ok,,360,640
500282,C:\Users\sylbo\Documents_local\hack_UPC_2026\Smadex_Creative_Intelligence_Dataset_FULL\assets\creative_500282.png,ok,,360,640
500283,C:\Users\sylbo\Documents_local\hack_UPC_2026\Smadex_Creative_Intelligence_Dataset_FULL\assets\creative_500283.png,ok,,320,320
500284,C:\Users\sylbo\Documents_local\hack_UPC_2026\Smadex_Creative_Intelligence_Dataset_FULL\assets\creative_500284.png,ok,,320,320
500285,C:\Users\sylbo\Documents_local\hack_UPC_2026\Smadex_Creative_Intelligence_Dataset_FULL\assets\creative_500285.png,ok,,360,640
500286,C:\Users\sylbo\Documents_local\hack_UPC_2026\Smadex_Creative_Intelligence_Dataset_FULL\assets\creative_500286.png,ok,,320,320
500287,C:\Users\sylbo\Documents_local\hack_UPC_2026\Smadex_Creative_Intelligence_Dataset_FULL\assets\creative_500287.png,ok,,360,640
500288,C:\Users\sylbo\Documents_local\hack_UPC_2026\Smadex_Creative_Intelligence_Dataset_FULL\assets\creative_500288.png,ok,,360,640
500289,C:\Users\sylbo\Documents_local\hack_UPC_2026\Smadex_Creative_Intelligence_Dataset_FULL\assets\creative_500289.png,ok,,360,640
500290,C:\Users\sylbo\Documents_local\hack_UPC_2026\Smadex_Creative_Intelligence_Dataset_FULL\assets\creative_500290.png,ok,,360,640
500291,C:\Users\sylbo\Documents_local\hack_UPC_2026\Smadex_Creative_Intelligence_Dataset_FULL\assets\creative_500291.png,ok,,360,640
500292,C:\Users\sylbo\Documents_local\hack_UPC_2026\Smadex_Creative_Intelligence_Dataset_FULL\assets\creative_500292.png,ok,,360,640
500293,C:\Users\sylbo\Documents_local\hack_UPC_2026\Smadex_Creative_Intelligence_Dataset_FULL\assets\creative_500293.png,ok,,360,640
500294,C:\Users\sylbo\Documents_local\hack_UPC_2026\Smadex_Creative_Intelligence_Dataset_FULL\assets\creative_500294.png,ok,,320,320
500295,C:\Users\sylbo\Documents_local\hack_UPC_2026\Smadex_Creative_Intelligence_Dataset_FULL\assets\creative_500295.png,ok,,360,640
500296,C:\Users\sylbo\Documents_local\hack_UPC_2026\Smadex_Creative_Intelligence_Dataset_FULL\assets\creative_500296.png,ok,,320,320
500297,C:\Users\sylbo\Documents_local\hack_UPC_2026\Smadex_Creative_Intelligence_Dataset_FULL\assets\creative_500297.png,ok,,320,320
500298,C:\Users\sylbo\Documents_local\hack_UPC_2026\Smadex_Creative_Intelligence_Dataset_FULL\assets\creative_500298.png,ok,,320,320
500299,C:\Users\sylbo\Documents_local\hack_UPC_2026\Smadex_Creative_Intelligence_Dataset_FULL\assets\creative_500299.png,ok,,320,480
500300,C:\Users\sylbo\Documents_local\hack_UPC_2026\Smadex_Creative_Intelligence_Dataset_FULL\assets\creative_500300.png,ok,,320,320
500301,C:\Users\sylbo\Documents_local\hack_UPC_2026\Smadex_Creative_Intelligence_Dataset_FULL\assets\creative_500301.png,ok,,360,640
500302,C:\Users\sylbo\Documents_local\hack_UPC_2026\Smadex_Creative_Intelligence_Dataset_FULL\assets\creative_500302.png,ok,,320,320
500303,C:\Users\sylbo\Documents_local\hack_UPC_2026\Smadex_Creative_Intelligence_Dataset_FULL\assets\creative_500303.png,ok,,320,480
500304,C:\Users\sylbo\Documents_local\hack_UPC_2026\Smadex_Creative_Intelligence_Dataset_FULL\assets\creative_500304.png,ok,,360,640
500305,C:\Users\sylbo\Documents_local\hack_UPC_2026\Smadex_Creative_Intelligence_Dataset_FULL\assets\creative_500305.png,ok,,360,640
500306,C:\Users\sylbo\Documents_local\hack_UPC_2026\Smadex_Creative_Intelligence_Dataset_FULL\assets\creative_500306.png,ok,,320,320
500307,C:\Users\sylbo\Documents_local\hack_UPC_2026\Smadex_Creative_Intelligence_Dataset_FULL\assets\creative_500307.png,ok,,320,320
500308,C:\Users\sylbo\Documents_local\hack_UPC_2026\Smadex_Creative_Intelligence_Dataset_FULL\assets\creative_500308.png,ok,,320,320
500309,C:\Users\sylbo\Documents_local\hack_UPC_2026\Smadex_Creative_Intelligence_Dataset_FULL\assets\creative_500309.png,ok,,360,640
500310,C:\Users\sylbo\Documents_local\hack_UPC_2026\Smadex_Creative_Intelligence_Dataset_FULL\assets\creative_500310.png,ok,,320,320
500311,C:\Users\sylbo\Documents_local\hack_UPC_2026\Smadex_Creative_Intelligence_Dataset_FULL\assets\creative_500311.png,ok,,320,320
500312,C:\Users\sylbo\Documents_local\hack_UPC_2026\Smadex_Creative_Intelligence_Dataset_FULL\assets\creative_500312.png,ok,,360,640
500313,C:\Users\sylbo\Documents_local\hack_UPC_2026\Smadex_Creative_Intelligence_Dataset_FULL\assets\creative_500313.png,ok,,320,480
500314,C:\Users\sylbo\Documents_local\hack_UPC_2026\Smadex_Creative_Intelligence_Dataset_FULL\assets\creative_500314.png,ok,,360,640
500315,C:\Users\sylbo\Documents_local\hack_UPC_2026\Smadex_Creative_Intelligence_Dataset_FULL\assets\creative_500315.png,ok,,320,480
500316,C:\Users\sylbo\Documents_local\hack_UPC_2026\Smadex_Creative_Intelligence_Dataset_FULL\assets\creative_500316.png,ok,,320,480
500317,C:\Users\sylbo\Documents_local\hack_UPC_2026\Smadex_Creative_Intelligence_Dataset_FULL\assets\creative_500317.png,ok,,360,640
500318,C:\Users\sylbo\Documents_local\hack_UPC_2026\Smadex_Creative_Intelligence_Dataset_FULL\assets\creative_500318.png,ok,,360,640
500319,C:\Users\sylbo\Documents_local\hack_UPC_2026\Smadex_Creative_Intelligence_Dataset_FULL\assets\creative_500319.png,ok,,360,640
500320,C:\Users\sylbo\Documents_local\hack_UPC_2026\Smadex_Creative_Intelligence_Dataset_FULL\assets\creative_500320.png,ok,,360,640
500321,C:\Users\sylbo\Documents_local\hack_UPC_2026\Smadex_Creative_Intelligence_Dataset_FULL\assets\creative_500321.png,ok,,360,640
500322,C:\Users\sylbo\Documents_local\hack_UPC_2026\Smadex_Creative_Intelligence_Dataset_FULL\assets\creative_500322.png,ok,,360,640
500323,C:\Users\sylbo\Documents_local\hack_UPC_2026\Smadex_Creative_Intelligence_Dataset_FULL\assets\creative_500323.png,ok,,320,320
500324,C:\Users\sylbo\Documents_local\hack_UPC_2026\Smadex_Creative_Intelligence_Dataset_FULL\assets\creative_500324.png,ok,,360,640
500325,C:\Users\sylbo\Documents_local\hack_UPC_2026\Smadex_Creative_Intelligence_Dataset_FULL\assets\creative_500325.png,ok,,360,640
500326,C:\Users\sylbo\Documents_local\hack_UPC_2026\Smadex_Creative_Intelligence_Dataset_FULL\assets\creative_500326.png,ok,,360,640
500327,C:\Users\sylbo\Documents_local\hack_UPC_2026\Smadex_Creative_Intelligence_Dataset_FULL\assets\creative_500327.png,ok,,320,320
500328,C:\Users\sylbo\Documents_local\hack_UPC_2026\Smadex_Creative_Intelligence_Dataset_FULL\assets\creative_500328.png,ok,,360,640
500329,C:\Users\sylbo\Documents_local\hack_UPC_2026\Smadex_Creative_Intelligence_Dataset_FULL\assets\creative_500329.png,ok,,360,640
500330,C:\Users\sylbo\Documents_local\hack_UPC_2026\Smadex_Creative_Intelligence_Dataset_FULL\assets\creative_500330.png,ok,,360,640
500331,C:\Users\sylbo\Documents_local\hack_UPC_2026\Smadex_Creative_Intelligence_Dataset_FULL\assets\creative_500331.png,ok,,360,640
500332,C:\Users\sylbo\Documents_local\hack_UPC_2026\Smadex_Creative_Intelligence_Dataset_FULL\assets\creative_500332.png,ok,,320,480
500333,C:\Users\sylbo\Documents_local\hack_UPC_2026\Smadex_Creative_Intelligence_Dataset_FULL\assets\creative_500333.png,ok,,320,320
500334,C:\Users\sylbo\Documents_local\hack_UPC_2026\Smadex_Creative_Intelligence_Dataset_FULL\assets\creative_500334.png,ok,,320,480
500335,C:\Users\sylbo\Documents_local\hack_UPC_2026\Smadex_Creative_Intelligence_Dataset_FULL\assets\creative_500335.png,ok,,320,320
500336,C:\Users\sylbo\Documents_local\hack_UPC_2026\Smadex_Creative_Intelligence_Dataset_FULL\assets\creative_500336.png,ok,,320,480
500337,C:\Users\sylbo\Documents_local\hack_UPC_2026\Smadex_Creative_Intelligence_Dataset_FULL\assets\creative_500337.png,ok,,360,640
500338,C:\Users\sylbo\Documents_local\hack_UPC_2026\Smadex_Creative_Intelligence_Dataset_FULL\assets\creative_500338.png,ok,,320,320
500339,C:\Users\sylbo\Documents_local\hack_UPC_2026\Smadex_Creative_Intelligence_Dataset_FULL\assets\creative_500339.png,ok,,320,320
500340,C:\Users\sylbo\Documents_local\hack_UPC_2026\Smadex_Creative_Intelligence_Dataset_FULL\assets\creative_500340.png,ok,,320,480
500341,C:\Users\sylbo\Documents_local\hack_UPC_2026\Smadex_Creative_Intelligence_Dataset_FULL\assets\creative_500341.png,ok,,360,640
500342,C:\Users\sylbo\Documents_local\hack_UPC_2026\Smadex_Creative_Intelligence_Dataset_FULL\assets\creative_500342.png,ok,,320,320
500343,C:\Users\sylbo\Documents_local\hack_UPC_2026\Smadex_Creative_Intelligence_Dataset_FULL\assets\creative_500343.png,ok,,360,640
500344,C:\Users\sylbo\Documents_local\hack_UPC_2026\Smadex_Creative_Intelligence_Dataset_FULL\assets\creative_500344.png,ok,,360,640
500345,C:\Users\sylbo\Documents_local\hack_UPC_2026\Smadex_Creative_Intelligence_Dataset_FULL\assets\creative_500345.png,ok,,360,640
500346,C:\Users\sylbo\Documents_local\hack_UPC_2026\Smadex_Creative_Intelligence_Dataset_FULL\assets\creative_500346.png,ok,,360,640
500347,C:\Users\sylbo\Documents_local\hack_UPC_2026\Smadex_Creative_Intelligence_Dataset_FULL\assets\creative_500347.png,ok,,360,640
500348,C:\Users\sylbo\Documents_local\hack_UPC_2026\Smadex_Creative_Intelligence_Dataset_FULL\assets\creative_500348.png,ok,,320,320
500349,C:\Users\sylbo\Documents_local\hack_UPC_2026\Smadex_Creative_Intelligence_Dataset_FULL\assets\creative_500349.png,ok,,320,320
500350,C:\Users\sylbo\Documents_local\hack_UPC_2026\Smadex_Creative_Intelligence_Dataset_FULL\assets\creative_500350.png,ok,,320,480
500351,C:\Users\sylbo\Documents_local\hack_UPC_2026\Smadex_Creative_Intelligence_Dataset_FULL\assets\creative_500351.png,ok,,320,320
500352,C:\Users\sylbo\Documents_local\hack_UPC_2026\Smadex_Creative_Intelligence_Dataset_FULL\assets\creative_500352.png,ok,,320,320
500353,C:\Users\sylbo\Documents_local\hack_UPC_2026\Smadex_Creative_Intelligence_Dataset_FULL\assets\creative_500353.png,ok,,320,320
500354,C:\Users\sylbo\Documents_local\hack_UPC_2026\Smadex_Creative_Intelligence_Dataset_FULL\assets\creative_500354.png,ok,,360,640
500355,C:\Users\sylbo\Documents_local\hack_UPC_2026\Smadex_Creative_Intelligence_Dataset_FULL\assets\creative_500355.png,ok,,360,640
500356,C:\Users\sylbo\Documents_local\hack_UPC_2026\Smadex_Creative_Intelligence_Dataset_FULL\assets\creative_500356.png,ok,,360,640
500357,C:\Users\sylbo\Documents_local\hack_UPC_2026\Smadex_Creative_Intelligence_Dataset_FULL\assets\creative_500357.png,ok,,360,640
500358,C:\Users\sylbo\Documents_local\hack_UPC_2026\Smadex_Creative_Intelligence_Dataset_FULL\assets\creative_500358.png,ok,,360,640
500359,C:\Users\sylbo\Documents_local\hack_UPC_2026\Smadex_Creative_Intelligence_Dataset_FULL\assets\creative_500359.png,ok,,320,320
500360,C:\Users\sylbo\Documents_local\hack_UPC_2026\Smadex_Creative_Intelligence_Dataset_FULL\assets\creative_500360.png,ok,,360,640
500361,C:\Users\sylbo\Documents_local\hack_UPC_2026\Smadex_Creative_Intelligence_Dataset_FULL\assets\creative_500361.png,ok,,360,640
500362,C:\Users\sylbo\Documents_local\hack_UPC_2026\Smadex_Creative_Intelligence_Dataset_FULL\assets\creative_500362.png,ok,,360,640
500363,C:\Users\sylbo\Documents_local\hack_UPC_2026\Smadex_Creative_Intelligence_Dataset_FULL\assets\creative_500363.png,ok,,360,640
500364,C:\Users\sylbo\Documents_local\hack_UPC_2026\Smadex_Creative_Intelligence_Dataset_FULL\assets\creative_500364.png,ok,,360,640
500365,C:\Users\sylbo\Documents_local\hack_UPC_2026\Smadex_Creative_Intelligence_Dataset_FULL\assets\creative_500365.png,ok,,360,640
500366,C:\Users\sylbo\Documents_local\hack_UPC_2026\Smadex_Creative_Intelligence_Dataset_FULL\assets\creative_500366.png,ok,,360,640
500367,C:\Users\sylbo\Documents_local\hack_UPC_2026\Smadex_Creative_Intelligence_Dataset_FULL\assets\creative_500367.png,ok,,320,320
500368,C:\Users\sylbo\Documents_local\hack_UPC_2026\Smadex_Creative_Intelligence_Dataset_FULL\assets\creative_500368.png,ok,,320,480
500369,C:\Users\sylbo\Documents_local\hack_UPC_2026\Smadex_Creative_Intelligence_Dataset_FULL\assets\creative_500369.png,ok,,320,480
500370,C:\Users\sylbo\Documents_local\hack_UPC_2026\Smadex_Creative_Intelligence_Dataset_FULL\assets\creative_500370.png,ok,,320,480
500371,C:\Users\sylbo\Documents_local\hack_UPC_2026\Smadex_Creative_Intelligence_Dataset_FULL\assets\creative_500371.png,ok,,360,640
500372,C:\Users\sylbo\Documents_local\hack_UPC_2026\Smadex_Creative_Intelligence_Dataset_FULL\assets\creative_500372.png,ok,,320,320
500373,C:\Users\sylbo\Documents_local\hack_UPC_2026\Smadex_Creative_Intelligence_Dataset_FULL\assets\creative_500373.png,ok,,320,480
500374,C:\Users\sylbo\Documents_local\hack_UPC_2026\Smadex_Creative_Intelligence_Dataset_FULL\assets\creative_500374.png,ok,,320,480
500375,C:\Users\sylbo\Documents_local\hack_UPC_2026\Smadex_Creative_Intelligence_Dataset_FULL\assets\creative_500375.png,ok,,320,320
500376,C:\Users\sylbo\Documents_local\hack_UPC_2026\Smadex_Creative_Intelligence_Dataset_FULL\assets\creative_500376.png,ok,,360,640
500377,C:\Users\sylbo\Documents_local\hack_UPC_2026\Smadex_Creative_Intelligence_Dataset_FULL\assets\creative_500377.png,ok,,320,480
500378,C:\Users\sylbo\Documents_local\hack_UPC_2026\Smadex_Creative_Intelligence_Dataset_FULL\assets\creative_500378.png,ok,,320,320
500379,C:\Users\sylbo\Documents_local\hack_UPC_2026\Smadex_Creative_Intelligence_Dataset_FULL\assets\creative_500379.png,ok,,320,320
500380,C:\Users\sylbo\Documents_local\hack_UPC_2026\Smadex_Creative_Intelligence_Dataset_FULL\assets\creative_500380.png,ok,,360,640
500381,C:\Users\sylbo\Documents_local\hack_UPC_2026\Smadex_Creative_Intelligence_Dataset_FULL\assets\creative_500381.png,ok,,360,640
500382,C:\Users\sylbo\Documents_local\hack_UPC_2026\Smadex_Creative_Intelligence_Dataset_FULL\assets\creative_500382.png,ok,,360,640
500383,C:\Users\sylbo\Documents_local\hack_UPC_2026\Smadex_Creative_Intelligence_Dataset_FULL\assets\creative_500383.png,ok,,360,640
500384,C:\Users\sylbo\Documents_local\hack_UPC_2026\Smadex_Creative_Intelligence_Dataset_FULL\assets\creative_500384.png,ok,,320,480
500385,C:\Users\sylbo\Documents_local\hack_UPC_2026\Smadex_Creative_Intelligence_Dataset_FULL\assets\creative_500385.png,ok,,360,640
500386,C:\Users\sylbo\Documents_local\hack_UPC_2026\Smadex_Creative_Intelligence_Dataset_FULL\assets\creative_500386.png,ok,,320,480
500387,C:\Users\sylbo\Documents_local\hack_UPC_2026\Smadex_Creative_Intelligence_Dataset_FULL\assets\creative_500387.png,ok,,320,320
500388,C:\Users\sylbo\Documents_local\hack_UPC_2026\Smadex_Creative_Intelligence_Dataset_FULL\assets\creative_500388.png,ok,,320,320
500389,C:\Users\sylbo\Documents_local\hack_UPC_2026\Smadex_Creative_Intelligence_Dataset_FULL\assets\creative_500389.png,ok,,320,480
500390,C:\Users\sylbo\Documents_local\hack_UPC_2026\Smadex_Creative_Intelligence_Dataset_FULL\assets\creative_500390.png,ok,,360,640
500391,C:\Users\sylbo\Documents_local\hack_UPC_2026\Smadex_Creative_Intelligence_Dataset_FULL\assets\creative_500391.png,ok,,360,640
500392,C:\Users\sylbo\Documents_local\hack_UPC_2026\Smadex_Creative_Intelligence_Dataset_FULL\assets\creative_500392.png,ok,,360,640
500393,C:\Users\sylbo\Documents_local\hack_UPC_2026\Smadex_Creative_Intelligence_Dataset_FULL\assets\creative_500393.png,ok,,360,640
500394,C:\Users\sylbo\Documents_local\hack_UPC_2026\Smadex_Creative_Intelligence_Dataset_FULL\assets\creative_500394.png,ok,,320,320
500395,C:\Users\sylbo\Documents_local\hack_UPC_2026\Smadex_Creative_Intelligence_Dataset_FULL\assets\creative_500395.png,ok,,320,320
500396,C:\Users\sylbo\Documents_local\hack_UPC_2026\Smadex_Creative_Intelligence_Dataset_FULL\assets\creative_500396.png,ok,,360,640
500397,C:\Users\sylbo\Documents_local\hack_UPC_2026\Smadex_Creative_Intelligence_Dataset_FULL\assets\creative_500397.png,ok,,360,640
500398,C:\Users\sylbo\Documents_local\hack_UPC_2026\Smadex_Creative_Intelligence_Dataset_FULL\assets\creative_500398.png,ok,,360,640
500399,C:\Users\sylbo\Documents_local\hack_UPC_2026\Smadex_Creative_Intelligence_Dataset_FULL\assets\creative_500399.png,ok,,360,640
500400,C:\Users\sylbo\Documents_local\hack_UPC_2026\Smadex_Creative_Intelligence_Dataset_FULL\assets\creative_500400.png,ok,,360,640
500401,C:\Users\sylbo\Documents_local\hack_UPC_2026\Smadex_Creative_Intelligence_Dataset_FULL\assets\creative_500401.png,ok,,360,640
500402,C:\Users\sylbo\Documents_local\hack_UPC_2026\Smadex_Creative_Intelligence_Dataset_FULL\assets\creative_500402.png,ok,,320,320
500403,C:\Users\sylbo\Documents_local\hack_UPC_2026\Smadex_Creative_Intelligence_Dataset_FULL\assets\creative_500403.png,ok,,320,320
500404,C:\Users\sylbo\Documents_local\hack_UPC_2026\Smadex_Creative_Intelligence_Dataset_FULL\assets\creative_500404.png,ok,,320,320
500405,C:\Users\sylbo\Documents_local\hack_UPC_2026\Smadex_Creative_Intelligence_Dataset_FULL\assets\creative_500405.png,ok,,360,640
500406,C:\Users\sylbo\Documents_local\hack_UPC_2026\Smadex_Creative_Intelligence_Dataset_FULL\assets\creative_500406.png,ok,,360,640
500407,C:\Users\sylbo\Documents_local\hack_UPC_2026\Smadex_Creative_Intelligence_Dataset_FULL\assets\creative_500407.png,ok,,360,640
500408,C:\Users\sylbo\Documents_local\hack_UPC_2026\Smadex_Creative_Intelligence_Dataset_FULL\assets\creative_500408.png,ok,,320,480
500409,C:\Users\sylbo\Documents_local\hack_UPC_2026\Smadex_Creative_Intelligence_Dataset_FULL\assets\creative_500409.png,ok,,360,640
500410,C:\Users\sylbo\Documents_local\hack_UPC_2026\Smadex_Creative_Intelligence_Dataset_FULL\assets\creative_500410.png,ok,,320,480
500411,C:\Users\sylbo\Documents_local\hack_UPC_2026\Smadex_Creative_Intelligence_Dataset_FULL\assets\creative_500411.png,ok,,320,320
500412,C:\Users\sylbo\Documents_local\hack_UPC_2026\Smadex_Creative_Intelligence_Dataset_FULL\assets\creative_500412.png,ok,,360,640
500413,C:\Users\sylbo\Documents_local\hack_UPC_2026\Smadex_Creative_Intelligence_Dataset_FULL\assets\creative_500413.png,ok,,320,480
500414,C:\Users\sylbo\Documents_local\hack_UPC_2026\Smadex_Creative_Intelligence_Dataset_FULL\assets\creative_500414.png,ok,,360,640
500415,C:\Users\sylbo\Documents_local\hack_UPC_2026\Smadex_Creative_Intelligence_Dataset_FULL\assets\creative_500415.png,ok,,320,320
500416,C:\Users\sylbo\Documents_local\hack_UPC_2026\Smadex_Creative_Intelligence_Dataset_FULL\assets\creative_500416.png,ok,,360,640
500417,C:\Users\sylbo\Documents_local\hack_UPC_2026\Smadex_Creative_Intelligence_Dataset_FULL\assets\creative_500417.png,ok,,360,640
500418,C:\Users\sylbo\Documents_local\hack_UPC_2026\Smadex_Creative_Intelligence_Dataset_FULL\assets\creative_500418.png,ok,,360,640
500419,C:\Users\sylbo\Documents_local\hack_UPC_2026\Smadex_Creative_Intelligence_Dataset_FULL\assets\creative_500419.png,ok,,360,640
500420,C:\Users\sylbo\Documents_local\hack_UPC_2026\Smadex_Creative_Intelligence_Dataset_FULL\assets\creative_500420.png,ok,,360,640
500421,C:\Users\sylbo\Documents_local\hack_UPC_2026\Smadex_Creative_Intelligence_Dataset_FULL\assets\creative_500421.png,ok,,360,640
500422,C:\Users\sylbo\Documents_local\hack_UPC_2026\Smadex_Creative_Intelligence_Dataset_FULL\assets\creative_500422.png,ok,,320,320
500423,C:\Users\sylbo\Documents_local\hack_UPC_2026\Smadex_Creative_Intelligence_Dataset_FULL\assets\creative_500423.png,ok,,360,640
500424,C:\Users\sylbo\Documents_local\hack_UPC_2026\Smadex_Creative_Intelligence_Dataset_FULL\assets\creative_500424.png,ok,,360,640
500425,C:\Users\sylbo\Documents_local\hack_UPC_2026\Smadex_Creative_Intelligence_Dataset_FULL\assets\creative_500425.png,ok,,360,640
500426,C:\Users\sylbo\Documents_local\hack_UPC_2026\Smadex_Creative_Intelligence_Dataset_FULL\assets\creative_500426.png,ok,,360,640
500427,C:\Users\sylbo\Documents_local\hack_UPC_2026\Smadex_Creative_Intelligence_Dataset_FULL\assets\creative_500427.png,ok,,320,480
500428,C:\Users\sylbo\Documents_local\hack_UPC_2026\Smadex_Creative_Intelligence_Dataset_FULL\assets\creative_500428.png,ok,,360,640
500429,C:\Users\sylbo\Documents_local\hack_UPC_2026\Smadex_Creative_Intelligence_Dataset_FULL\assets\creative_500429.png,ok,,320,320
500430,C:\Users\sylbo\Documents_local\hack_UPC_2026\Smadex_Creative_Intelligence_Dataset_FULL\assets\creative_500430.png,ok,,360,640
500431,C:\Users\sylbo\Documents_local\hack_UPC_2026\Smadex_Creative_Intelligence_Dataset_FULL\assets\creative_500431.png,ok,,320,320
500432,C:\Users\sylbo\Documents_local\hack_UPC_2026\Smadex_Creative_Intelligence_Dataset_FULL\assets\creative_500432.png,ok,,320,480
500433,C:\Users\sylbo\Documents_local\hack_UPC_2026\Smadex_Creative_Intelligence_Dataset_FULL\assets\creative_500433.png,ok,,360,640
500434,C:\Users\sylbo\Documents_local\hack_UPC_2026\Smadex_Creative_Intelligence_Dataset_FULL\assets\creative_500434.png,ok,,360,640
500435,C:\Users\sylbo\Documents_local\hack_UPC_2026\Smadex_Creative_Intelligence_Dataset_FULL\assets\creative_500435.png,ok,,360,640
500436,C:\Users\sylbo\Documents_local\hack_UPC_2026\Smadex_Creative_Intelligence_Dataset_FULL\assets\creative_500436.png,ok,,360,640
500437,C:\Users\sylbo\Documents_local\hack_UPC_2026\Smadex_Creative_Intelligence_Dataset_FULL\assets\creative_500437.png,ok,,360,640
500438,C:\Users\sylbo\Documents_local\hack_UPC_2026\Smadex_Creative_Intelligence_Dataset_FULL\assets\creative_500438.png,ok,,360,640
500439,C:\Users\sylbo\Documents_local\hack_UPC_2026\Smadex_Creative_Intelligence_Dataset_FULL\assets\creative_500439.png,ok,,360,640
500440,C:\Users\sylbo\Documents_local\hack_UPC_2026\Smadex_Creative_Intelligence_Dataset_FULL\assets\creative_500440.png,ok,,360,640
500441,C:\Users\sylbo\Documents_local\hack_UPC_2026\Smadex_Creative_Intelligence_Dataset_FULL\assets\creative_500441.png,ok,,320,320
500442,C:\Users\sylbo\Documents_local\hack_UPC_2026\Smadex_Creative_Intelligence_Dataset_FULL\assets\creative_500442.png,ok,,320,480
500443,C:\Users\sylbo\Documents_local\hack_UPC_2026\Smadex_Creative_Intelligence_Dataset_FULL\assets\creative_500443.png,ok,,320,480
500444,C:\Users\sylbo\Documents_local\hack_UPC_2026\Smadex_Creative_Intelligence_Dataset_FULL\assets\creative_500444.png,ok,,320,320
500445,C:\Users\sylbo\Documents_local\hack_UPC_2026\Smadex_Creative_Intelligence_Dataset_FULL\assets\creative_500445.png,ok,,360,640
500446,C:\Users\sylbo\Documents_local\hack_UPC_2026\Smadex_Creative_Intelligence_Dataset_FULL\assets\creative_500446.png,ok,,320,480
500447,C:\Users\sylbo\Documents_local\hack_UPC_2026\Smadex_Creative_Intelligence_Dataset_FULL\assets\creative_500447.png,ok,,320,320
500448,C:\Users\sylbo\Documents_local\hack_UPC_2026\Smadex_Creative_Intelligence_Dataset_FULL\assets\creative_500448.png,ok,,320,480
500449,C:\Users\sylbo\Documents_local\hack_UPC_2026\Smadex_Creative_Intelligence_Dataset_FULL\assets\creative_500449.png,ok,,360,640
500450,C:\Users\sylbo\Documents_local\hack_UPC_2026\Smadex_Creative_Intelligence_Dataset_FULL\assets\creative_500450.png,ok,,360,640
500451,C:\Users\sylbo\Documents_local\hack_UPC_2026\Smadex_Creative_Intelligence_Dataset_FULL\assets\creative_500451.png,ok,,360,640
500452,C:\Users\sylbo\Documents_local\hack_UPC_2026\Smadex_Creative_Intelligence_Dataset_FULL\assets\creative_500452.png,ok,,360,640
500453,C:\Users\sylbo\Documents_local\hack_UPC_2026\Smadex_Creative_Intelligence_Dataset_FULL\assets\creative_500453.png,ok,,360,640
500454,C:\Users\sylbo\Documents_local\hack_UPC_2026\Smadex_Creative_Intelligence_Dataset_FULL\assets\creative_500454.png,ok,,360,640
500455,C:\Users\sylbo\Documents_local\hack_UPC_2026\Smadex_Creative_Intelligence_Dataset_FULL\assets\creative_500455.png,ok,,320,320
500456,C:\Users\sylbo\Documents_local\hack_UPC_2026\Smadex_Creative_Intelligence_Dataset_FULL\assets\creative_500456.png,ok,,360,640
500457,C:\Users\sylbo\Documents_local\hack_UPC_2026\Smadex_Creative_Intelligence_Dataset_FULL\assets\creative_500457.png,ok,,320,480
500458,C:\Users\sylbo\Documents_local\hack_UPC_2026\Smadex_Creative_Intelligence_Dataset_FULL\assets\creative_500458.png,ok,,320,320
500459,C:\Users\sylbo\Documents_local\hack_UPC_2026\Smadex_Creative_Intelligence_Dataset_FULL\assets\creative_500459.png,ok,,320,320
500460,C:\Users\sylbo\Documents_local\hack_UPC_2026\Smadex_Creative_Intelligence_Dataset_FULL\assets\creative_500460.png,ok,,320,320
500461,C:\Users\sylbo\Documents_local\hack_UPC_2026\Smadex_Creative_Intelligence_Dataset_FULL\assets\creative_500461.png,ok,,320,320
500462,C:\Users\sylbo\Documents_local\hack_UPC_2026\Smadex_Creative_Intelligence_Dataset_FULL\assets\creative_500462.png,ok,,360,640
500463,C:\Users\sylbo\Documents_local\hack_UPC_2026\Smadex_Creative_Intelligence_Dataset_FULL\assets\creative_500463.png,ok,,360,640
500464,C:\Users\sylbo\Documents_local\hack_UPC_2026\Smadex_Creative_Intelligence_Dataset_FULL\assets\creative_500464.png,ok,,320,320
500465,C:\Users\sylbo\Documents_local\hack_UPC_2026\Smadex_Creative_Intelligence_Dataset_FULL\assets\creative_500465.png,ok,,360,640
500466,C:\Users\sylbo\Documents_local\hack_UPC_2026\Smadex_Creative_Intelligence_Dataset_FULL\assets\creative_500466.png,ok,,320,320
500467,C:\Users\sylbo\Documents_local\hack_UPC_2026\Smadex_Creative_Intelligence_Dataset_FULL\assets\creative_500467.png,ok,,360,640
500468,C:\Users\sylbo\Documents_local\hack_UPC_2026\Smadex_Creative_Intelligence_Dataset_FULL\assets\creative_500468.png,ok,,360,640
500469,C:\Users\sylbo\Documents_local\hack_UPC_2026\Smadex_Creative_Intelligence_Dataset_FULL\assets\creative_500469.png,ok,,320,480
500470,C:\Users\sylbo\Documents_local\hack_UPC_2026\Smadex_Creative_Intelligence_Dataset_FULL\assets\creative_500470.png,ok,,360,640
500471,C:\Users\sylbo\Documents_local\hack_UPC_2026\Smadex_Creative_Intelligence_Dataset_FULL\assets\creative_500471.png,ok,,360,640
500472,C:\Users\sylbo\Documents_local\hack_UPC_2026\Smadex_Creative_Intelligence_Dataset_FULL\assets\creative_500472.png,ok,,360,640
500473,C:\Users\sylbo\Documents_local\hack_UPC_2026\Smadex_Creative_Intelligence_Dataset_FULL\assets\creative_500473.png,ok,,360,640
500474,C:\Users\sylbo\Documents_local\hack_UPC_2026\Smadex_Creative_Intelligence_Dataset_FULL\assets\creative_500474.png,ok,,320,320
500475,C:\Users\sylbo\Documents_local\hack_UPC_2026\Smadex_Creative_Intelligence_Dataset_FULL\assets\creative_500475.png,ok,,360,640
500476,C:\Users\sylbo\Documents_local\hack_UPC_2026\Smadex_Creative_Intelligence_Dataset_FULL\assets\creative_500476.png,ok,,360,640
500477,C:\Users\sylbo\Documents_local\hack_UPC_2026\Smadex_Creative_Intelligence_Dataset_FULL\assets\creative_500477.png,ok,,320,480
500478,C:\Users\sylbo\Documents_local\hack_UPC_2026\Smadex_Creative_Intelligence_Dataset_FULL\assets\creative_500478.png,ok,,360,640
500479,C:\Users\sylbo\Documents_local\hack_UPC_2026\Smadex_Creative_Intelligence_Dataset_FULL\assets\creative_500479.png,ok,,320,320
500480,C:\Users\sylbo\Documents_local\hack_UPC_2026\Smadex_Creative_Intelligence_Dataset_FULL\assets\creative_500480.png,ok,,360,640
500481,C:\Users\sylbo\Documents_local\hack_UPC_2026\Smadex_Creative_Intelligence_Dataset_FULL\assets\creative_500481.png,ok,,360,640
500482,C:\Users\sylbo\Documents_local\hack_UPC_2026\Smadex_Creative_Intelligence_Dataset_FULL\assets\creative_500482.png,ok,,320,320
500483,C:\Users\sylbo\Documents_local\hack_UPC_2026\Smadex_Creative_Intelligence_Dataset_FULL\assets\creative_500483.png,ok,,320,320
500484,C:\Users\sylbo\Documents_local\hack_UPC_2026\Smadex_Creative_Intelligence_Dataset_FULL\assets\creative_500484.png,ok,,360,640
500485,C:\Users\sylbo\Documents_local\hack_UPC_2026\Smadex_Creative_Intelligence_Dataset_FULL\assets\creative_500485.png,ok,,320,320
500486,C:\Users\sylbo\Documents_local\hack_UPC_2026\Smadex_Creative_Intelligence_Dataset_FULL\assets\creative_500486.png,ok,,360,640
500487,C:\Users\sylbo\Documents_local\hack_UPC_2026\Smadex_Creative_Intelligence_Dataset_FULL\assets\creative_500487.png,ok,,360,640
500488,C:\Users\sylbo\Documents_local\hack_UPC_2026\Smadex_Creative_Intelligence_Dataset_FULL\assets\creative_500488.png,ok,,360,640
500489,C:\Users\sylbo\Documents_local\hack_UPC_2026\Smadex_Creative_Intelligence_Dataset_FULL\assets\creative_500489.png,ok,,360,640
500490,C:\Users\sylbo\Documents_local\hack_UPC_2026\Smadex_Creative_Intelligence_Dataset_FULL\assets\creative_500490.png,ok,,320,320
500491,C:\Users\sylbo\Documents_local\hack_UPC_2026\Smadex_Creative_Intelligence_Dataset_FULL\assets\creative_500491.png,ok,,360,640
500492,C:\Users\sylbo\Documents_local\hack_UPC_2026\Smadex_Creative_Intelligence_Dataset_FULL\assets\creative_500492.png,ok,,320,480
500493,C:\Users\sylbo\Documents_local\hack_UPC_2026\Smadex_Creative_Intelligence_Dataset_FULL\assets\creative_500493.png,ok,,320,480
500494,C:\Users\sylbo\Documents_local\hack_UPC_2026\Smadex_Creative_Intelligence_Dataset_FULL\assets\creative_500494.png,ok,,320,480
500495,C:\Users\sylbo\Documents_local\hack_UPC_2026\Smadex_Creative_Intelligence_Dataset_FULL\assets\creative_500495.png,ok,,320,480
500496,C:\Users\sylbo\Documents_local\hack_UPC_2026\Smadex_Creative_Intelligence_Dataset_FULL\assets\creative_500496.png,ok,,360,640
500497,C:\Users\sylbo\Documents_local\hack_UPC_2026\Smadex_Creative_Intelligence_Dataset_FULL\assets\creative_500497.png,ok,,360,640
500498,C:\Users\sylbo\Documents_local\hack_UPC_2026\Smadex_Creative_Intelligence_Dataset_FULL\assets\creative_500498.png,ok,,320,320
500499,C:\Users\sylbo\Documents_local\hack_UPC_2026\Smadex_Creative_Intelligence_Dataset_FULL\assets\creative_500499.png,ok,,360,640
500500,C:\Users\sylbo\Documents_local\hack_UPC_2026\Smadex_Creative_Intelligence_Dataset_FULL\assets\creative_500500.png,ok,,360,640
500501,C:\Users\sylbo\Documents_local\hack_UPC_2026\Smadex_Creative_Intelligence_Dataset_FULL\assets\creative_500501.png,ok,,360,640
500502,C:\Users\sylbo\Documents_local\hack_UPC_2026\Smadex_Creative_Intelligence_Dataset_FULL\assets\creative_500502.png,ok,,320,320
500503,C:\Users\sylbo\Documents_local\hack_UPC_2026\Smadex_Creative_Intelligence_Dataset_FULL\assets\creative_500503.png,ok,,360,640
500504,C:\Users\sylbo\Documents_local\hack_UPC_2026\Smadex_Creative_Intelligence_Dataset_FULL\assets\creative_500504.png,ok,,360,640
500505,C:\Users\sylbo\Documents_local\hack_UPC_2026\Smadex_Creative_Intelligence_Dataset_FULL\assets\creative_500505.png,ok,,360,640
500506,C:\Users\sylbo\Documents_local\hack_UPC_2026\Smadex_Creative_Intelligence_Dataset_FULL\assets\creative_500506.png,ok,,360,640
500507,C:\Users\sylbo\Documents_local\hack_UPC_2026\Smadex_Creative_Intelligence_Dataset_FULL\assets\creative_500507.png,ok,,360,640
500508,C:\Users\sylbo\Documents_local\hack_UPC_2026\Smadex_Creative_Intelligence_Dataset_FULL\assets\creative_500508.png,ok,,360,640
500509,C:\Users\sylbo\Documents_local\hack_UPC_2026\Smadex_Creative_Intelligence_Dataset_FULL\assets\creative_500509.png,ok,,360,640
500510,C:\Users\sylbo\Documents_local\hack_UPC_2026\Smadex_Creative_Intelligence_Dataset_FULL\assets\creative_500510.png,ok,,360,640
500511,C:\Users\sylbo\Documents_local\hack_UPC_2026\Smadex_Creative_Intelligence_Dataset_FULL\assets\creative_500511.png,ok,,320,320
500512,C:\Users\sylbo\Documents_local\hack_UPC_2026\Smadex_Creative_Intelligence_Dataset_FULL\assets\creative_500512.png,ok,,320,320
500513,C:\Users\sylbo\Documents_local\hack_UPC_2026\Smadex_Creative_Intelligence_Dataset_FULL\assets\creative_500513.png,ok,,360,640
500514,C:\Users\sylbo\Documents_local\hack_UPC_2026\Smadex_Creative_Intelligence_Dataset_FULL\assets\creative_500514.png,ok,,360,640
500515,C:\Users\sylbo\Documents_local\hack_UPC_2026\Smadex_Creative_Intelligence_Dataset_FULL\assets\creative_500515.png,ok,,320,320
500516,C:\Users\sylbo\Documents_local\hack_UPC_2026\Smadex_Creative_Intelligence_Dataset_FULL\assets\creative_500516.png,ok,,320,320
500517,C:\Users\sylbo\Documents_local\hack_UPC_2026\Smadex_Creative_Intelligence_Dataset_FULL\assets\creative_500517.png,ok,,320,480
500518,C:\Users\sylbo\Documents_local\hack_UPC_2026\Smadex_Creative_Intelligence_Dataset_FULL\assets\creative_500518.png,ok,,360,640
500519,C:\Users\sylbo\Documents_local\hack_UPC_2026\Smadex_Creative_Intelligence_Dataset_FULL\assets\creative_500519.png,ok,,320,480
500520,C:\Users\sylbo\Documents_local\hack_UPC_2026\Smadex_Creative_Intelligence_Dataset_FULL\assets\creative_500520.png,ok,,360,640
500521,C:\Users\sylbo\Documents_local\hack_UPC_2026\Smadex_Creative_Intelligence_Dataset_FULL\assets\creative_500521.png,ok,,320,480
500522,C:\Users\sylbo\Documents_local\hack_UPC_2026\Smadex_Creative_Intelligence_Dataset_FULL\assets\creative_500522.png,ok,,320,320
500523,C:\Users\sylbo\Documents_local\hack_UPC_2026\Smadex_Creative_Intelligence_Dataset_FULL\assets\creative_500523.png,ok,,320,320
500524,C:\Users\sylbo\Documents_local\hack_UPC_2026\Smadex_Creative_Intelligence_Dataset_FULL\assets\creative_500524.png,ok,,360,640
500525,C:\Users\sylbo\Documents_local\hack_UPC_2026\Smadex_Creative_Intelligence_Dataset_FULL\assets\creative_500525.png,ok,,360,640
500526,C:\Users\sylbo\Documents_local\hack_UPC_2026\Smadex_Creative_Intelligence_Dataset_FULL\assets\creative_500526.png,ok,,360,640
500527,C:\Users\sylbo\Documents_local\hack_UPC_2026\Smadex_Creative_Intelligence_Dataset_FULL\assets\creative_500527.png,ok,,360,640
500528,C:\Users\sylbo\Documents_local\hack_UPC_2026\Smadex_Creative_Intelligence_Dataset_FULL\assets\creative_500528.png,ok,,320,480
500529,C:\Users\sylbo\Documents_local\hack_UPC_2026\Smadex_Creative_Intelligence_Dataset_FULL\assets\creative_500529.png,ok,,320,320
500530,C:\Users\sylbo\Documents_local\hack_UPC_2026\Smadex_Creative_Intelligence_Dataset_FULL\assets\creative_500530.png,ok,,360,640
500531,C:\Users\sylbo\Documents_local\hack_UPC_2026\Smadex_Creative_Intelligence_Dataset_FULL\assets\creative_500531.png,ok,,360,640
500532,C:\Users\sylbo\Documents_local\hack_UPC_2026\Smadex_Creative_Intelligence_Dataset_FULL\assets\creative_500532.png,ok,,360,640
500533,C:\Users\sylbo\Documents_local\hack_UPC_2026\Smadex_Creative_Intelligence_Dataset_FULL\assets\creative_500533.png,ok,,320,480
500534,C:\Users\sylbo\Documents_local\hack_UPC_2026\Smadex_Creative_Intelligence_Dataset_FULL\assets\creative_500534.png,ok,,320,320
500535,C:\Users\sylbo\Documents_local\hack_UPC_2026\Smadex_Creative_Intelligence_Dataset_FULL\assets\creative_500535.png,ok,,360,640
500536,C:\Users\sylbo\Documents_local\hack_UPC_2026\Smadex_Creative_Intelligence_Dataset_FULL\assets\creative_500536.png,ok,,360,640
500537,C:\Users\sylbo\Documents_local\hack_UPC_2026\Smadex_Creative_Intelligence_Dataset_FULL\assets\creative_500537.png,ok,,360,640
500538,C:\Users\sylbo\Documents_local\hack_UPC_2026\Smadex_Creative_Intelligence_Dataset_FULL\assets\creative_500538.png,ok,,320,320
500539,C:\Users\sylbo\Documents_local\hack_UPC_2026\Smadex_Creative_Intelligence_Dataset_FULL\assets\creative_500539.png,ok,,360,640
500540,C:\Users\sylbo\Documents_local\hack_UPC_2026\Smadex_Creative_Intelligence_Dataset_FULL\assets\creative_500540.png,ok,,360,640
500541,C:\Users\sylbo\Documents_local\hack_UPC_2026\Smadex_Creative_Intelligence_Dataset_FULL\assets\creative_500541.png,ok,,360,640
500542,C:\Users\sylbo\Documents_local\hack_UPC_2026\Smadex_Creative_Intelligence_Dataset_FULL\assets\creative_500542.png,ok,,360,640
500543,C:\Users\sylbo\Documents_local\hack_UPC_2026\Smadex_Creative_Intelligence_Dataset_FULL\assets\creative_500543.png,ok,,360,640
500544,C:\Users\sylbo\Documents_local\hack_UPC_2026\Smadex_Creative_Intelligence_Dataset_FULL\assets\creative_500544.png,ok,,360,640
500545,C:\Users\sylbo\Documents_local\hack_UPC_2026\Smadex_Creative_Intelligence_Dataset_FULL\assets\creative_500545.png,ok,,360,640
500546,C:\Users\sylbo\Documents_local\hack_UPC_2026\Smadex_Creative_Intelligence_Dataset_FULL\assets\creative_500546.png,ok,,360,640
500547,C:\Users\sylbo\Documents_local\hack_UPC_2026\Smadex_Creative_Intelligence_Dataset_FULL\assets\creative_500547.png,ok,,320,480
500548,C:\Users\sylbo\Documents_local\hack_UPC_2026\Smadex_Creative_Intelligence_Dataset_FULL\assets\creative_500548.png,ok,,320,480
500549,C:\Users\sylbo\Documents_local\hack_UPC_2026\Smadex_Creative_Intelligence_Dataset_FULL\assets\creative_500549.png,ok,,360,640
500550,C:\Users\sylbo\Documents_local\hack_UPC_2026\Smadex_Creative_Intelligence_Dataset_FULL\assets\creative_500550.png,ok,,320,320
500551,C:\Users\sylbo\Documents_local\hack_UPC_2026\Smadex_Creative_Intelligence_Dataset_FULL\assets\creative_500551.png,ok,,320,320
500552,C:\Users\sylbo\Documents_local\hack_UPC_2026\Smadex_Creative_Intelligence_Dataset_FULL\assets\creative_500552.png,ok,,320,320
500553,C:\Users\sylbo\Documents_local\hack_UPC_2026\Smadex_Creative_Intelligence_Dataset_FULL\assets\creative_500553.png,ok,,320,320
500554,C:\Users\sylbo\Documents_local\hack_UPC_2026\Smadex_Creative_Intelligence_Dataset_FULL\assets\creative_500554.png,ok,,320,320
500555,C:\Users\sylbo\Documents_local\hack_UPC_2026\Smadex_Creative_Intelligence_Dataset_FULL\assets\creative_500555.png,ok,,360,640
500556,C:\Users\sylbo\Documents_local\hack_UPC_2026\Smadex_Creative_Intelligence_Dataset_FULL\assets\creative_500556.png,ok,,360,640
500557,C:\Users\sylbo\Documents_local\hack_UPC_2026\Smadex_Creative_Intelligence_Dataset_FULL\assets\creative_500557.png,ok,,320,320
500558,C:\Users\sylbo\Documents_local\hack_UPC_2026\Smadex_Creative_Intelligence_Dataset_FULL\assets\creative_500558.png,ok,,360,640
500559,C:\Users\sylbo\Documents_local\hack_UPC_2026\Smadex_Creative_Intelligence_Dataset_FULL\assets\creative_500559.png,ok,,360,640
500560,C:\Users\sylbo\Documents_local\hack_UPC_2026\Smadex_Creative_Intelligence_Dataset_FULL\assets\creative_500560.png,ok,,360,640
500561,C:\Users\sylbo\Documents_local\hack_UPC_2026\Smadex_Creative_Intelligence_Dataset_FULL\assets\creative_500561.png,ok,,360,640
500562,C:\Users\sylbo\Documents_local\hack_UPC_2026\Smadex_Creative_Intelligence_Dataset_FULL\assets\creative_500562.png,ok,,360,640
500563,C:\Users\sylbo\Documents_local\hack_UPC_2026\Smadex_Creative_Intelligence_Dataset_FULL\assets\creative_500563.png,ok,,360,640
500564,C:\Users\sylbo\Documents_local\hack_UPC_2026\Smadex_Creative_Intelligence_Dataset_FULL\assets\creative_500564.png,ok,,320,480
500565,C:\Users\sylbo\Documents_local\hack_UPC_2026\Smadex_Creative_Intelligence_Dataset_FULL\assets\creative_500565.png,ok,,320,320
500566,C:\Users\sylbo\Documents_local\hack_UPC_2026\Smadex_Creative_Intelligence_Dataset_FULL\assets\creative_500566.png,ok,,320,320
500567,C:\Users\sylbo\Documents_local\hack_UPC_2026\Smadex_Creative_Intelligence_Dataset_FULL\assets\creative_500567.png,ok,,320,480
500568,C:\Users\sylbo\Documents_local\hack_UPC_2026\Smadex_Creative_Intelligence_Dataset_FULL\assets\creative_500568.png,ok,,320,320
500569,C:\Users\sylbo\Documents_local\hack_UPC_2026\Smadex_Creative_Intelligence_Dataset_FULL\assets\creative_500569.png,ok,,320,320
500570,C:\Users\sylbo\Documents_local\hack_UPC_2026\Smadex_Creative_Intelligence_Dataset_FULL\assets\creative_500570.png,ok,,320,320
500571,C:\Users\sylbo\Documents_local\hack_UPC_2026\Smadex_Creative_Intelligence_Dataset_FULL\assets\creative_500571.png,ok,,320,480
500572,C:\Users\sylbo\Documents_local\hack_UPC_2026\Smadex_Creative_Intelligence_Dataset_FULL\assets\creative_500572.png,ok,,360,640
500573,C:\Users\sylbo\Documents_local\hack_UPC_2026\Smadex_Creative_Intelligence_Dataset_FULL\assets\creative_500573.png,ok,,360,640
500574,C:\Users\sylbo\Documents_local\hack_UPC_2026\Smadex_Creative_Intelligence_Dataset_FULL\assets\creative_500574.png,ok,,360,640
500575,C:\Users\sylbo\Documents_local\hack_UPC_2026\Smadex_Creative_Intelligence_Dataset_FULL\assets\creative_500575.png,ok,,360,640
500576,C:\Users\sylbo\Documents_local\hack_UPC_2026\Smadex_Creative_Intelligence_Dataset_FULL\assets\creative_500576.png,ok,,360,640
500577,C:\Users\sylbo\Documents_local\hack_UPC_2026\Smadex_Creative_Intelligence_Dataset_FULL\assets\creative_500577.png,ok,,360,640
500578,C:\Users\sylbo\Documents_local\hack_UPC_2026\Smadex_Creative_Intelligence_Dataset_FULL\assets\creative_500578.png,ok,,360,640
500579,C:\Users\sylbo\Documents_local\hack_UPC_2026\Smadex_Creative_Intelligence_Dataset_FULL\assets\creative_500579.png,ok,,360,640
500580,C:\Users\sylbo\Documents_local\hack_UPC_2026\Smadex_Creative_Intelligence_Dataset_FULL\assets\creative_500580.png,ok,,360,640
500581,C:\Users\sylbo\Documents_local\hack_UPC_2026\Smadex_Creative_Intelligence_Dataset_FULL\assets\creative_500581.png,ok,,360,640
500582,C:\Users\sylbo\Documents_local\hack_UPC_2026\Smadex_Creative_Intelligence_Dataset_FULL\assets\creative_500582.png,ok,,320,480
500583,C:\Users\sylbo\Documents_local\hack_UPC_2026\Smadex_Creative_Intelligence_Dataset_FULL\assets\creative_500583.png,ok,,360,640
500584,C:\Users\sylbo\Documents_local\hack_UPC_2026\Smadex_Creative_Intelligence_Dataset_FULL\assets\creative_500584.png,ok,,320,320
500585,C:\Users\sylbo\Documents_local\hack_UPC_2026\Smadex_Creative_Intelligence_Dataset_FULL\assets\creative_500585.png,ok,,360,640
500586,C:\Users\sylbo\Documents_local\hack_UPC_2026\Smadex_Creative_Intelligence_Dataset_FULL\assets\creative_500586.png,ok,,320,320
500587,C:\Users\sylbo\Documents_local\hack_UPC_2026\Smadex_Creative_Intelligence_Dataset_FULL\assets\creative_500587.png,ok,,360,640
500588,C:\Users\sylbo\Documents_local\hack_UPC_2026\Smadex_Creative_Intelligence_Dataset_FULL\assets\creative_500588.png,ok,,320,480
500589,C:\Users\sylbo\Documents_local\hack_UPC_2026\Smadex_Creative_Intelligence_Dataset_FULL\assets\creative_500589.png,ok,,320,480
500590,C:\Users\sylbo\Documents_local\hack_UPC_2026\Smadex_Creative_Intelligence_Dataset_FULL\assets\creative_500590.png,ok,,320,480
500591,C:\Users\sylbo\Documents_local\hack_UPC_2026\Smadex_Creative_Intelligence_Dataset_FULL\assets\creative_500591.png,ok,,320,320
500592,C:\Users\sylbo\Documents_local\hack_UPC_2026\Smadex_Creative_Intelligence_Dataset_FULL\assets\creative_500592.png,ok,,360,640
500593,C:\Users\sylbo\Documents_local\hack_UPC_2026\Smadex_Creative_Intelligence_Dataset_FULL\assets\creative_500593.png,ok,,360,640
500594,C:\Users\sylbo\Documents_local\hack_UPC_2026\Smadex_Creative_Intelligence_Dataset_FULL\assets\creative_500594.png,ok,,320,320
500595,C:\Users\sylbo\Documents_local\hack_UPC_2026\Smadex_Creative_Intelligence_Dataset_FULL\assets\creative_500595.png,ok,,360,640
500596,C:\Users\sylbo\Documents_local\hack_UPC_2026\Smadex_Creative_Intelligence_Dataset_FULL\assets\creative_500596.png,ok,,360,640
500597,C:\Users\sylbo\Documents_local\hack_UPC_2026\Smadex_Creative_Intelligence_Dataset_FULL\assets\creative_500597.png,ok,,360,640
500598,C:\Users\sylbo\Documents_local\hack_UPC_2026\Smadex_Creative_Intelligence_Dataset_FULL\assets\creative_500598.png,ok,,360,640
500599,C:\Users\sylbo\Documents_local\hack_UPC_2026\Smadex_Creative_Intelligence_Dataset_FULL\assets\creative_500599.png,ok,,360,640
500600,C:\Users\sylbo\Documents_local\hack_UPC_2026\Smadex_Creative_Intelligence_Dataset_FULL\assets\creative_500600.png,ok,,360,640
500601,C:\Users\sylbo\Documents_local\hack_UPC_2026\Smadex_Creative_Intelligence_Dataset_FULL\assets\creative_500601.png,ok,,360,640
500602,C:\Users\sylbo\Documents_local\hack_UPC_2026\Smadex_Creative_Intelligence_Dataset_FULL\assets\creative_500602.png,ok,,360,640
500603,C:\Users\sylbo\Documents_local\hack_UPC_2026\Smadex_Creative_Intelligence_Dataset_FULL\assets\creative_500603.png,ok,,360,640
500604,C:\Users\sylbo\Documents_local\hack_UPC_2026\Smadex_Creative_Intelligence_Dataset_FULL\assets\creative_500604.png,ok,,320,320
500605,C:\Users\sylbo\Documents_local\hack_UPC_2026\Smadex_Creative_Intelligence_Dataset_FULL\assets\creative_500605.png,ok,,320,480
500606,C:\Users\sylbo\Documents_local\hack_UPC_2026\Smadex_Creative_Intelligence_Dataset_FULL\assets\creative_500606.png,ok,,320,320
500607,C:\Users\sylbo\Documents_local\hack_UPC_2026\Smadex_Creative_Intelligence_Dataset_FULL\assets\creative_500607.png,ok,,360,640
500608,C:\Users\sylbo\Documents_local\hack_UPC_2026\Smadex_Creative_Intelligence_Dataset_FULL\assets\creative_500608.png,ok,,320,320
500609,C:\Users\sylbo\Documents_local\hack_UPC_2026\Smadex_Creative_Intelligence_Dataset_FULL\assets\creative_500609.png,ok,,360,640
500610,C:\Users\sylbo\Documents_local\hack_UPC_2026\Smadex_Creative_Intelligence_Dataset_FULL\assets\creative_500610.png,ok,,360,640
500611,C:\Users\sylbo\Documents_local\hack_UPC_2026\Smadex_Creative_Intelligence_Dataset_FULL\assets\creative_500611.png,ok,,360,640
500612,C:\Users\sylbo\Documents_local\hack_UPC_2026\Smadex_Creative_Intelligence_Dataset_FULL\assets\creative_500612.png,ok,,320,480
500613,C:\Users\sylbo\Documents_local\hack_UPC_2026\Smadex_Creative_Intelligence_Dataset_FULL\assets\creative_500613.png,ok,,360,640
500614,C:\Users\sylbo\Documents_local\hack_UPC_2026\Smadex_Creative_Intelligence_Dataset_FULL\assets\creative_500614.png,ok,,360,640
500615,C:\Users\sylbo\Documents_local\hack_UPC_2026\Smadex_Creative_Intelligence_Dataset_FULL\assets\creative_500615.png,ok,,360,640
500616,C:\Users\sylbo\Documents_local\hack_UPC_2026\Smadex_Creative_Intelligence_Dataset_FULL\assets\creative_500616.png,ok,,360,640
500617,C:\Users\sylbo\Documents_local\hack_UPC_2026\Smadex_Creative_Intelligence_Dataset_FULL\assets\creative_500617.png,ok,,360,640
500618,C:\Users\sylbo\Documents_local\hack_UPC_2026\Smadex_Creative_Intelligence_Dataset_FULL\assets\creative_500618.png,ok,,360,640
500619,C:\Users\sylbo\Documents_local\hack_UPC_2026\Smadex_Creative_Intelligence_Dataset_FULL\assets\creative_500619.png,ok,,320,480
500620,C:\Users\sylbo\Documents_local\hack_UPC_2026\Smadex_Creative_Intelligence_Dataset_FULL\assets\creative_500620.png,ok,,320,320
500621,C:\Users\sylbo\Documents_local\hack_UPC_2026\Smadex_Creative_Intelligence_Dataset_FULL\assets\creative_500621.png,ok,,360,640
500622,C:\Users\sylbo\Documents_local\hack_UPC_2026\Smadex_Creative_Intelligence_Dataset_FULL\assets\creative_500622.png,ok,,320,320
500623,C:\Users\sylbo\Documents_local\hack_UPC_2026\Smadex_Creative_Intelligence_Dataset_FULL\assets\creative_500623.png,ok,,320,480
500624,C:\Users\sylbo\Documents_local\hack_UPC_2026\Smadex_Creative_Intelligence_Dataset_FULL\assets\creative_500624.png,ok,,360,640
500625,C:\Users\sylbo\Documents_local\hack_UPC_2026\Smadex_Creative_Intelligence_Dataset_FULL\assets\creative_500625.png,ok,,320,480
500626,C:\Users\sylbo\Documents_local\hack_UPC_2026\Smadex_Creative_Intelligence_Dataset_FULL\assets\creative_500626.png,ok,,360,640
500627,C:\Users\sylbo\Documents_local\hack_UPC_2026\Smadex_Creative_Intelligence_Dataset_FULL\assets\creative_500627.png,ok,,360,640
500628,C:\Users\sylbo\Documents_local\hack_UPC_2026\Smadex_Creative_Intelligence_Dataset_FULL\assets\creative_500628.png,ok,,320,320
500629,C:\Users\sylbo\Documents_local\hack_UPC_2026\Smadex_Creative_Intelligence_Dataset_FULL\assets\creative_500629.png,ok,,360,640
500630,C:\Users\sylbo\Documents_local\hack_UPC_2026\Smadex_Creative_Intelligence_Dataset_FULL\assets\creative_500630.png,ok,,360,640
500631,C:\Users\sylbo\Documents_local\hack_UPC_2026\Smadex_Creative_Intelligence_Dataset_FULL\assets\creative_500631.png,ok,,360,640
500632,C:\Users\sylbo\Documents_local\hack_UPC_2026\Smadex_Creative_Intelligence_Dataset_FULL\assets\creative_500632.png,ok,,360,640
500633,C:\Users\sylbo\Documents_local\hack_UPC_2026\Smadex_Creative_Intelligence_Dataset_FULL\assets\creative_500633.png,ok,,360,640
500634,C:\Users\sylbo\Documents_local\hack_UPC_2026\Smadex_Creative_Intelligence_Dataset_FULL\assets\creative_500634.png,ok,,360,640
500635,C:\Users\sylbo\Documents_local\hack_UPC_2026\Smadex_Creative_Intelligence_Dataset_FULL\assets\creative_500635.png,ok,,320,320
500636,C:\Users\sylbo\Documents_local\hack_UPC_2026\Smadex_Creative_Intelligence_Dataset_FULL\assets\creative_500636.png,ok,,320,320
500637,C:\Users\sylbo\Documents_local\hack_UPC_2026\Smadex_Creative_Intelligence_Dataset_FULL\assets\creative_500637.png,ok,,320,320
500638,C:\Users\sylbo\Documents_local\hack_UPC_2026\Smadex_Creative_Intelligence_Dataset_FULL\assets\creative_500638.png,ok,,320,480
500639,C:\Users\sylbo\Documents_local\hack_UPC_2026\Smadex_Creative_Intelligence_Dataset_FULL\assets\creative_500639.png,ok,,320,320
500640,C:\Users\sylbo\Documents_local\hack_UPC_2026\Smadex_Creative_Intelligence_Dataset_FULL\assets\creative_500640.png,ok,,320,480
500641,C:\Users\sylbo\Documents_local\hack_UPC_2026\Smadex_Creative_Intelligence_Dataset_FULL\assets\creative_500641.png,ok,,360,640
500642,C:\Users\sylbo\Documents_local\hack_UPC_2026\Smadex_Creative_Intelligence_Dataset_FULL\assets\creative_500642.png,ok,,360,640
500643,C:\Users\sylbo\Documents_local\hack_UPC_2026\Smadex_Creative_Intelligence_Dataset_FULL\assets\creative_500643.png,ok,,360,640
500644,C:\Users\sylbo\Documents_local\hack_UPC_2026\Smadex_Creative_Intelligence_Dataset_FULL\assets\creative_500644.png,ok,,320,320
500645,C:\Users\sylbo\Documents_local\hack_UPC_2026\Smadex_Creative_Intelligence_Dataset_FULL\assets\creative_500645.png,ok,,320,320
500646,C:\Users\sylbo\Documents_local\hack_UPC_2026\Smadex_Creative_Intelligence_Dataset_FULL\assets\creative_500646.png,ok,,360,640
500647,C:\Users\sylbo\Documents_local\hack_UPC_2026\Smadex_Creative_Intelligence_Dataset_FULL\assets\creative_500647.png,ok,,320,320
500648,C:\Users\sylbo\Documents_local\hack_UPC_2026\Smadex_Creative_Intelligence_Dataset_FULL\assets\creative_500648.png,ok,,360,640
500649,C:\Users\sylbo\Documents_local\hack_UPC_2026\Smadex_Creative_Intelligence_Dataset_FULL\assets\creative_500649.png,ok,,360,640
500650,C:\Users\sylbo\Documents_local\hack_UPC_2026\Smadex_Creative_Intelligence_Dataset_FULL\assets\creative_500650.png,ok,,360,640
500651,C:\Users\sylbo\Documents_local\hack_UPC_2026\Smadex_Creative_Intelligence_Dataset_FULL\assets\creative_500651.png,ok,,320,480
500652,C:\Users\sylbo\Documents_local\hack_UPC_2026\Smadex_Creative_Intelligence_Dataset_FULL\assets\creative_500652.png,ok,,360,640
500653,C:\Users\sylbo\Documents_local\hack_UPC_2026\Smadex_Creative_Intelligence_Dataset_FULL\assets\creative_500653.png,ok,,360,640
500654,C:\Users\sylbo\Documents_local\hack_UPC_2026\Smadex_Creative_Intelligence_Dataset_FULL\assets\creative_500654.png,ok,,320,480
500655,C:\Users\sylbo\Documents_local\hack_UPC_2026\Smadex_Creative_Intelligence_Dataset_FULL\assets\creative_500655.png,ok,,360,640
500656,C:\Users\sylbo\Documents_local\hack_UPC_2026\Smadex_Creative_Intelligence_Dataset_FULL\assets\creative_500656.png,ok,,320,480
500657,C:\Users\sylbo\Documents_local\hack_UPC_2026\Smadex_Creative_Intelligence_Dataset_FULL\assets\creative_500657.png,ok,,360,640
500658,C:\Users\sylbo\Documents_local\hack_UPC_2026\Smadex_Creative_Intelligence_Dataset_FULL\assets\creative_500658.png,ok,,360,640
500659,C:\Users\sylbo\Documents_local\hack_UPC_2026\Smadex_Creative_Intelligence_Dataset_FULL\assets\creative_500659.png,ok,,360,640
500660,C:\Users\sylbo\Documents_local\hack_UPC_2026\Smadex_Creative_Intelligence_Dataset_FULL\assets\creative_500660.png,ok,,360,640
500661,C:\Users\sylbo\Documents_local\hack_UPC_2026\Smadex_Creative_Intelligence_Dataset_FULL\assets\creative_500661.png,ok,,320,320
500662,C:\Users\sylbo\Documents_local\hack_UPC_2026\Smadex_Creative_Intelligence_Dataset_FULL\assets\creative_500662.png,ok,,320,480
500663,C:\Users\sylbo\Documents_local\hack_UPC_2026\Smadex_Creative_Intelligence_Dataset_FULL\assets\creative_500663.png,ok,,360,640
500664,C:\Users\sylbo\Documents_local\hack_UPC_2026\Smadex_Creative_Intelligence_Dataset_FULL\assets\creative_500664.png,ok,,320,320
500665,C:\Users\sylbo\Documents_local\hack_UPC_2026\Smadex_Creative_Intelligence_Dataset_FULL\assets\creative_500665.png,ok,,320,480
500666,C:\Users\sylbo\Documents_local\hack_UPC_2026\Smadex_Creative_Intelligence_Dataset_FULL\assets\creative_500666.png,ok,,360,640
500667,C:\Users\sylbo\Documents_local\hack_UPC_2026\Smadex_Creative_Intelligence_Dataset_FULL\assets\creative_500667.png,ok,,360,640
500668,C:\Users\sylbo\Documents_local\hack_UPC_2026\Smadex_Creative_Intelligence_Dataset_FULL\assets\creative_500668.png,ok,,360,640
500669,C:\Users\sylbo\Documents_local\hack_UPC_2026\Smadex_Creative_Intelligence_Dataset_FULL\assets\creative_500669.png,ok,,320,320
500670,C:\Users\sylbo\Documents_local\hack_UPC_2026\Smadex_Creative_Intelligence_Dataset_FULL\assets\creative_500670.png,ok,,320,320
500671,C:\Users\sylbo\Documents_local\hack_UPC_2026\Smadex_Creative_Intelligence_Dataset_FULL\assets\creative_500671.png,ok,,360,640
500672,C:\Users\sylbo\Documents_local\hack_UPC_2026\Smadex_Creative_Intelligence_Dataset_FULL\assets\creative_500672.png,ok,,320,320
500673,C:\Users\sylbo\Documents_local\hack_UPC_2026\Smadex_Creative_Intelligence_Dataset_FULL\assets\creative_500673.png,ok,,360,640
500674,C:\Users\sylbo\Documents_local\hack_UPC_2026\Smadex_Creative_Intelligence_Dataset_FULL\assets\creative_500674.png,ok,,320,480
500675,C:\Users\sylbo\Documents_local\hack_UPC_2026\Smadex_Creative_Intelligence_Dataset_FULL\assets\creative_500675.png,ok,,320,320
500676,C:\Users\sylbo\Documents_local\hack_UPC_2026\Smadex_Creative_Intelligence_Dataset_FULL\assets\creative_500676.png,ok,,360,640
500677,C:\Users\sylbo\Documents_local\hack_UPC_2026\Smadex_Creative_Intelligence_Dataset_FULL\assets\creative_500677.png,ok,,360,640
500678,C:\Users\sylbo\Documents_local\hack_UPC_2026\Smadex_Creative_Intelligence_Dataset_FULL\assets\creative_500678.png,ok,,360,640
500679,C:\Users\sylbo\Documents_local\hack_UPC_2026\Smadex_Creative_Intelligence_Dataset_FULL\assets\creative_500679.png,ok,,360,640
500680,C:\Users\sylbo\Documents_local\hack_UPC_2026\Smadex_Creative_Intelligence_Dataset_FULL\assets\creative_500680.png,ok,,360,640
500681,C:\Users\sylbo\Documents_local\hack_UPC_2026\Smadex_Creative_Intelligence_Dataset_FULL\assets\creative_500681.png,ok,,360,640
500682,C:\Users\sylbo\Documents_local\hack_UPC_2026\Smadex_Creative_Intelligence_Dataset_FULL\assets\creative_500682.png,ok,,360,640
500683,C:\Users\sylbo\Documents_local\hack_UPC_2026\Smadex_Creative_Intelligence_Dataset_FULL\assets\creative_500683.png,ok,,360,640
500684,C:\Users\sylbo\Documents_local\hack_UPC_2026\Smadex_Creative_Intelligence_Dataset_FULL\assets\creative_500684.png,ok,,360,640
500685,C:\Users\sylbo\Documents_local\hack_UPC_2026\Smadex_Creative_Intelligence_Dataset_FULL\assets\creative_500685.png,ok,,360,640
500686,C:\Users\sylbo\Documents_local\hack_UPC_2026\Smadex_Creative_Intelligence_Dataset_FULL\assets\creative_500686.png,ok,,360,640
500687,C:\Users\sylbo\Documents_local\hack_UPC_2026\Smadex_Creative_Intelligence_Dataset_FULL\assets\creative_500687.png,ok,,360,640
500688,C:\Users\sylbo\Documents_local\hack_UPC_2026\Smadex_Creative_Intelligence_Dataset_FULL\assets\creative_500688.png,ok,,360,640
500689,C:\Users\sylbo\Documents_local\hack_UPC_2026\Smadex_Creative_Intelligence_Dataset_FULL\assets\creative_500689.png,ok,,360,640
500690,C:\Users\sylbo\Documents_local\hack_UPC_2026\Smadex_Creative_Intelligence_Dataset_FULL\assets\creative_500690.png,ok,,360,640
500691,C:\Users\sylbo\Documents_local\hack_UPC_2026\Smadex_Creative_Intelligence_Dataset_FULL\assets\creative_500691.png,ok,,320,320
500692,C:\Users\sylbo\Documents_local\hack_UPC_2026\Smadex_Creative_Intelligence_Dataset_FULL\assets\creative_500692.png,ok,,360,640
500693,C:\Users\sylbo\Documents_local\hack_UPC_2026\Smadex_Creative_Intelligence_Dataset_FULL\assets\creative_500693.png,ok,,320,320
500694,C:\Users\sylbo\Documents_local\hack_UPC_2026\Smadex_Creative_Intelligence_Dataset_FULL\assets\creative_500694.png,ok,,320,480
500695,C:\Users\sylbo\Documents_local\hack_UPC_2026\Smadex_Creative_Intelligence_Dataset_FULL\assets\creative_500695.png,ok,,320,480
500696,C:\Users\sylbo\Documents_local\hack_UPC_2026\Smadex_Creative_Intelligence_Dataset_FULL\assets\creative_500696.png,ok,,320,480
500697,C:\Users\sylbo\Documents_local\hack_UPC_2026\Smadex_Creative_Intelligence_Dataset_FULL\assets\creative_500697.png,ok,,320,480
500698,C:\Users\sylbo\Documents_local\hack_UPC_2026\Smadex_Creative_Intelligence_Dataset_FULL\assets\creative_500698.png,ok,,360,640
500699,C:\Users\sylbo\Documents_local\hack_UPC_2026\Smadex_Creative_Intelligence_Dataset_FULL\assets\creative_500699.png,ok,,320,480
500700,C:\Users\sylbo\Documents_local\hack_UPC_2026\Smadex_Creative_Intelligence_Dataset_FULL\assets\creative_500700.png,ok,,320,320
500701,C:\Users\sylbo\Documents_local\hack_UPC_2026\Smadex_Creative_Intelligence_Dataset_FULL\assets\creative_500701.png,ok,,320,320
500702,C:\Users\sylbo\Documents_local\hack_UPC_2026\Smadex_Creative_Intelligence_Dataset_FULL\assets\creative_500702.png,ok,,320,320
500703,C:\Users\sylbo\Documents_local\hack_UPC_2026\Smadex_Creative_Intelligence_Dataset_FULL\assets\creative_500703.png,ok,,360,640
500704,C:\Users\sylbo\Documents_local\hack_UPC_2026\Smadex_Creative_Intelligence_Dataset_FULL\assets\creative_500704.png,ok,,360,640
500705,C:\Users\sylbo\Documents_local\hack_UPC_2026\Smadex_Creative_Intelligence_Dataset_FULL\assets\creative_500705.png,ok,,360,640
500706,C:\Users\sylbo\Documents_local\hack_UPC_2026\Smadex_Creative_Intelligence_Dataset_FULL\assets\creative_500706.png,ok,,320,320
500707,C:\Users\sylbo\Documents_local\hack_UPC_2026\Smadex_Creative_Intelligence_Dataset_FULL\assets\creative_500707.png,ok,,360,640
500708,C:\Users\sylbo\Documents_local\hack_UPC_2026\Smadex_Creative_Intelligence_Dataset_FULL\assets\creative_500708.png,ok,,320,320
500709,C:\Users\sylbo\Documents_local\hack_UPC_2026\Smadex_Creative_Intelligence_Dataset_FULL\assets\creative_500709.png,ok,,360,640
500710,C:\Users\sylbo\Documents_local\hack_UPC_2026\Smadex_Creative_Intelligence_Dataset_FULL\assets\creative_500710.png,ok,,320,480
500711,C:\Users\sylbo\Documents_local\hack_UPC_2026\Smadex_Creative_Intelligence_Dataset_FULL\assets\creative_500711.png,ok,,320,320
500712,C:\Users\sylbo\Documents_local\hack_UPC_2026\Smadex_Creative_Intelligence_Dataset_FULL\assets\creative_500712.png,ok,,320,480
500713,C:\Users\sylbo\Documents_local\hack_UPC_2026\Smadex_Creative_Intelligence_Dataset_FULL\assets\creative_500713.png,ok,,320,320
500714,C:\Users\sylbo\Documents_local\hack_UPC_2026\Smadex_Creative_Intelligence_Dataset_FULL\assets\creative_500714.png,ok,,360,640
500715,C:\Users\sylbo\Documents_local\hack_UPC_2026\Smadex_Creative_Intelligence_Dataset_FULL\assets\creative_500715.png,ok,,360,640
500716,C:\Users\sylbo\Documents_local\hack_UPC_2026\Smadex_Creative_Intelligence_Dataset_FULL\assets\creative_500716.png,ok,,360,640
500717,C:\Users\sylbo\Documents_local\hack_UPC_2026\Smadex_Creative_Intelligence_Dataset_FULL\assets\creative_500717.png,ok,,360,640
500718,C:\Users\sylbo\Documents_local\hack_UPC_2026\Smadex_Creative_Intelligence_Dataset_FULL\assets\creative_500718.png,ok,,360,640
500719,C:\Users\sylbo\Documents_local\hack_UPC_2026\Smadex_Creative_Intelligence_Dataset_FULL\assets\creative_500719.png,ok,,360,640
500720,C:\Users\sylbo\Documents_local\hack_UPC_2026\Smadex_Creative_Intelligence_Dataset_FULL\assets\creative_500720.png,ok,,360,640
500721,C:\Users\sylbo\Documents_local\hack_UPC_2026\Smadex_Creative_Intelligence_Dataset_FULL\assets\creative_500721.png,ok,,360,640
500722,C:\Users\sylbo\Documents_local\hack_UPC_2026\Smadex_Creative_Intelligence_Dataset_FULL\assets\creative_500722.png,ok,,360,640
500723,C:\Users\sylbo\Documents_local\hack_UPC_2026\Smadex_Creative_Intelligence_Dataset_FULL\assets\creative_500723.png,ok,,360,640
500724,C:\Users\sylbo\Documents_local\hack_UPC_2026\Smadex_Creative_Intelligence_Dataset_FULL\assets\creative_500724.png,ok,,360,640
500725,C:\Users\sylbo\Documents_local\hack_UPC_2026\Smadex_Creative_Intelligence_Dataset_FULL\assets\creative_500725.png,ok,,360,640
500726,C:\Users\sylbo\Documents_local\hack_UPC_2026\Smadex_Creative_Intelligence_Dataset_FULL\assets\creative_500726.png,ok,,320,320
500727,C:\Users\sylbo\Documents_local\hack_UPC_2026\Smadex_Creative_Intelligence_Dataset_FULL\assets\creative_500727.png,ok,,320,320
500728,C:\Users\sylbo\Documents_local\hack_UPC_2026\Smadex_Creative_Intelligence_Dataset_FULL\assets\creative_500728.png,ok,,360,640
500729,C:\Users\sylbo\Documents_local\hack_UPC_2026\Smadex_Creative_Intelligence_Dataset_FULL\assets\creative_500729.png,ok,,320,320
500730,C:\Users\sylbo\Documents_local\hack_UPC_2026\Smadex_Creative_Intelligence_Dataset_FULL\assets\creative_500730.png,ok,,320,320
500731,C:\Users\sylbo\Documents_local\hack_UPC_2026\Smadex_Creative_Intelligence_Dataset_FULL\assets\creative_500731.png,ok,,360,640
500732,C:\Users\sylbo\Documents_local\hack_UPC_2026\Smadex_Creative_Intelligence_Dataset_FULL\assets\creative_500732.png,ok,,360,640
500733,C:\Users\sylbo\Documents_local\hack_UPC_2026\Smadex_Creative_Intelligence_Dataset_FULL\assets\creative_500733.png,ok,,320,320
500734,C:\Users\sylbo\Documents_local\hack_UPC_2026\Smadex_Creative_Intelligence_Dataset_FULL\assets\creative_500734.png,ok,,320,320
500735,C:\Users\sylbo\Documents_local\hack_UPC_2026\Smadex_Creative_Intelligence_Dataset_FULL\assets\creative_500735.png,ok,,320,320
500736,C:\Users\sylbo\Documents_local\hack_UPC_2026\Smadex_Creative_Intelligence_Dataset_FULL\assets\creative_500736.png,ok,,320,480
500737,C:\Users\sylbo\Documents_local\hack_UPC_2026\Smadex_Creative_Intelligence_Dataset_FULL\assets\creative_500737.png,ok,,360,640
500738,C:\Users\sylbo\Documents_local\hack_UPC_2026\Smadex_Creative_Intelligence_Dataset_FULL\assets\creative_500738.png,ok,,360,640
500739,C:\Users\sylbo\Documents_local\hack_UPC_2026\Smadex_Creative_Intelligence_Dataset_FULL\assets\creative_500739.png,ok,,320,320
500740,C:\Users\sylbo\Documents_local\hack_UPC_2026\Smadex_Creative_Intelligence_Dataset_FULL\assets\creative_500740.png,ok,,320,480
500741,C:\Users\sylbo\Documents_local\hack_UPC_2026\Smadex_Creative_Intelligence_Dataset_FULL\assets\creative_500741.png,ok,,360,640
500742,C:\Users\sylbo\Documents_local\hack_UPC_2026\Smadex_Creative_Intelligence_Dataset_FULL\assets\creative_500742.png,ok,,320,320
500743,C:\Users\sylbo\Documents_local\hack_UPC_2026\Smadex_Creative_Intelligence_Dataset_FULL\assets\creative_500743.png,ok,,360,640
500744,C:\Users\sylbo\Documents_local\hack_UPC_2026\Smadex_Creative_Intelligence_Dataset_FULL\assets\creative_500744.png,ok,,320,480
500745,C:\Users\sylbo\Documents_local\hack_UPC_2026\Smadex_Creative_Intelligence_Dataset_FULL\assets\creative_500745.png,ok,,320,480
500746,C:\Users\sylbo\Documents_local\hack_UPC_2026\Smadex_Creative_Intelligence_Dataset_FULL\assets\creative_500746.png,ok,,360,640
500747,C:\Users\sylbo\Documents_local\hack_UPC_2026\Smadex_Creative_Intelligence_Dataset_FULL\assets\creative_500747.png,ok,,360,640
500748,C:\Users\sylbo\Documents_local\hack_UPC_2026\Smadex_Creative_Intelligence_Dataset_FULL\assets\creative_500748.png,ok,,320,480
500749,C:\Users\sylbo\Documents_local\hack_UPC_2026\Smadex_Creative_Intelligence_Dataset_FULL\assets\creative_500749.png,ok,,320,320
500750,C:\Users\sylbo\Documents_local\hack_UPC_2026\Smadex_Creative_Intelligence_Dataset_FULL\assets\creative_500750.png,ok,,320,320
500751,C:\Users\sylbo\Documents_local\hack_UPC_2026\Smadex_Creative_Intelligence_Dataset_FULL\assets\creative_500751.png,ok,,320,320
500752,C:\Users\sylbo\Documents_local\hack_UPC_2026\Smadex_Creative_Intelligence_Dataset_FULL\assets\creative_500752.png,ok,,320,480
500753,C:\Users\sylbo\Documents_local\hack_UPC_2026\Smadex_Creative_Intelligence_Dataset_FULL\assets\creative_500753.png,ok,,360,640
500754,C:\Users\sylbo\Documents_local\hack_UPC_2026\Smadex_Creative_Intelligence_Dataset_FULL\assets\creative_500754.png,ok,,360,640
500755,C:\Users\sylbo\Documents_local\hack_UPC_2026\Smadex_Creative_Intelligence_Dataset_FULL\assets\creative_500755.png,ok,,320,480
500756,C:\Users\sylbo\Documents_local\hack_UPC_2026\Smadex_Creative_Intelligence_Dataset_FULL\assets\creative_500756.png,ok,,360,640
500757,C:\Users\sylbo\Documents_local\hack_UPC_2026\Smadex_Creative_Intelligence_Dataset_FULL\assets\creative_500757.png,ok,,360,640
500758,C:\Users\sylbo\Documents_local\hack_UPC_2026\Smadex_Creative_Intelligence_Dataset_FULL\assets\creative_500758.png,ok,,360,640
500759,C:\Users\sylbo\Documents_local\hack_UPC_2026\Smadex_Creative_Intelligence_Dataset_FULL\assets\creative_500759.png,ok,,360,640
500760,C:\Users\sylbo\Documents_local\hack_UPC_2026\Smadex_Creative_Intelligence_Dataset_FULL\assets\creative_500760.png,ok,,320,480
500761,C:\Users\sylbo\Documents_local\hack_UPC_2026\Smadex_Creative_Intelligence_Dataset_FULL\assets\creative_500761.png,ok,,360,640
500762,C:\Users\sylbo\Documents_local\hack_UPC_2026\Smadex_Creative_Intelligence_Dataset_FULL\assets\creative_500762.png,ok,,320,480
500763,C:\Users\sylbo\Documents_local\hack_UPC_2026\Smadex_Creative_Intelligence_Dataset_FULL\assets\creative_500763.png,ok,,360,640
500764,C:\Users\sylbo\Documents_local\hack_UPC_2026\Smadex_Creative_Intelligence_Dataset_FULL\assets\creative_500764.png,ok,,320,320
500765,C:\Users\sylbo\Documents_local\hack_UPC_2026\Smadex_Creative_Intelligence_Dataset_FULL\assets\creative_500765.png,ok,,320,480
500766,C:\Users\sylbo\Documents_local\hack_UPC_2026\Smadex_Creative_Intelligence_Dataset_FULL\assets\creative_500766.png,ok,,320,320
500767,C:\Users\sylbo\Documents_local\hack_UPC_2026\Smadex_Creative_Intelligence_Dataset_FULL\assets\creative_500767.png,ok,,360,640
500768,C:\Users\sylbo\Documents_local\hack_UPC_2026\Smadex_Creative_Intelligence_Dataset_FULL\assets\creative_500768.png,ok,,320,320
500769,C:\Users\sylbo\Documents_local\hack_UPC_2026\Smadex_Creative_Intelligence_Dataset_FULL\assets\creative_500769.png,ok,,320,320
500770,C:\Users\sylbo\Documents_local\hack_UPC_2026\Smadex_Creative_Intelligence_Dataset_FULL\assets\creative_500770.png,ok,,320,480
500771,C:\Users\sylbo\Documents_local\hack_UPC_2026\Smadex_Creative_Intelligence_Dataset_FULL\assets\creative_500771.png,ok,,360,640
500772,C:\Users\sylbo\Documents_local\hack_UPC_2026\Smadex_Creative_Intelligence_Dataset_FULL\assets\creative_500772.png,ok,,320,480
500773,C:\Users\sylbo\Documents_local\hack_UPC_2026\Smadex_Creative_Intelligence_Dataset_FULL\assets\creative_500773.png,ok,,320,320
500774,C:\Users\sylbo\Documents_local\hack_UPC_2026\Smadex_Creative_Intelligence_Dataset_FULL\assets\creative_500774.png,ok,,360,640
500775,C:\Users\sylbo\Documents_local\hack_UPC_2026\Smadex_Creative_Intelligence_Dataset_FULL\assets\creative_500775.png,ok,,360,640
500776,C:\Users\sylbo\Documents_local\hack_UPC_2026\Smadex_Creative_Intelligence_Dataset_FULL\assets\creative_500776.png,ok,,360,640
500777,C:\Users\sylbo\Documents_local\hack_UPC_2026\Smadex_Creative_Intelligence_Dataset_FULL\assets\creative_500777.png,ok,,320,320
500778,C:\Users\sylbo\Documents_local\hack_UPC_2026\Smadex_Creative_Intelligence_Dataset_FULL\assets\creative_500778.png,ok,,360,640
500779,C:\Users\sylbo\Documents_local\hack_UPC_2026\Smadex_Creative_Intelligence_Dataset_FULL\assets\creative_500779.png,ok,,320,320
500780,C:\Users\sylbo\Documents_local\hack_UPC_2026\Smadex_Creative_Intelligence_Dataset_FULL\assets\creative_500780.png,ok,,360,640
500781,C:\Users\sylbo\Documents_local\hack_UPC_2026\Smadex_Creative_Intelligence_Dataset_FULL\assets\creative_500781.png,ok,,320,480
500782,C:\Users\sylbo\Documents_local\hack_UPC_2026\Smadex_Creative_Intelligence_Dataset_FULL\assets\creative_500782.png,ok,,360,640
500783,C:\Users\sylbo\Documents_local\hack_UPC_2026\Smadex_Creative_Intelligence_Dataset_FULL\assets\creative_500783.png,ok,,320,320
500784,C:\Users\sylbo\Documents_local\hack_UPC_2026\Smadex_Creative_Intelligence_Dataset_FULL\assets\creative_500784.png,ok,,320,320
500785,C:\Users\sylbo\Documents_local\hack_UPC_2026\Smadex_Creative_Intelligence_Dataset_FULL\assets\creative_500785.png,ok,,320,320
500786,C:\Users\sylbo\Documents_local\hack_UPC_2026\Smadex_Creative_Intelligence_Dataset_FULL\assets\creative_500786.png,ok,,320,320
500787,C:\Users\sylbo\Documents_local\hack_UPC_2026\Smadex_Creative_Intelligence_Dataset_FULL\assets\creative_500787.png,ok,,320,320
500788,C:\Users\sylbo\Documents_local\hack_UPC_2026\Smadex_Creative_Intelligence_Dataset_FULL\assets\creative_500788.png,ok,,360,640
500789,C:\Users\sylbo\Documents_local\hack_UPC_2026\Smadex_Creative_Intelligence_Dataset_FULL\assets\creative_500789.png,ok,,320,320
500790,C:\Users\sylbo\Documents_local\hack_UPC_2026\Smadex_Creative_Intelligence_Dataset_FULL\assets\creative_500790.png,ok,,320,320
500791,C:\Users\sylbo\Documents_local\hack_UPC_2026\Smadex_Creative_Intelligence_Dataset_FULL\assets\creative_500791.png,ok,,360,640
500792,C:\Users\sylbo\Documents_local\hack_UPC_2026\Smadex_Creative_Intelligence_Dataset_FULL\assets\creative_500792.png,ok,,360,640
500793,C:\Users\sylbo\Documents_local\hack_UPC_2026\Smadex_Creative_Intelligence_Dataset_FULL\assets\creative_500793.png,ok,,360,640
500794,C:\Users\sylbo\Documents_local\hack_UPC_2026\Smadex_Creative_Intelligence_Dataset_FULL\assets\creative_500794.png,ok,,360,640
500795,C:\Users\sylbo\Documents_local\hack_UPC_2026\Smadex_Creative_Intelligence_Dataset_FULL\assets\creative_500795.png,ok,,360,640
500796,C:\Users\sylbo\Documents_local\hack_UPC_2026\Smadex_Creative_Intelligence_Dataset_FULL\assets\creative_500796.png,ok,,360,640
500797,C:\Users\sylbo\Documents_local\hack_UPC_2026\Smadex_Creative_Intelligence_Dataset_FULL\assets\creative_500797.png,ok,,360,640
500798,C:\Users\sylbo\Documents_local\hack_UPC_2026\Smadex_Creative_Intelligence_Dataset_FULL\assets\creative_500798.png,ok,,320,320
500799,C:\Users\sylbo\Documents_local\hack_UPC_2026\Smadex_Creative_Intelligence_Dataset_FULL\assets\creative_500799.png,ok,,320,480
500800,C:\Users\sylbo\Documents_local\hack_UPC_2026\Smadex_Creative_Intelligence_Dataset_FULL\assets\creative_500800.png,ok,,320,480
500801,C:\Users\sylbo\Documents_local\hack_UPC_2026\Smadex_Creative_Intelligence_Dataset_FULL\assets\creative_500801.png,ok,,320,480
500802,C:\Users\sylbo\Documents_local\hack_UPC_2026\Smadex_Creative_Intelligence_Dataset_FULL\assets\creative_500802.png,ok,,320,320
500803,C:\Users\sylbo\Documents_local\hack_UPC_2026\Smadex_Creative_Intelligence_Dataset_FULL\assets\creative_500803.png,ok,,320,320
500804,C:\Users\sylbo\Documents_local\hack_UPC_2026\Smadex_Creative_Intelligence_Dataset_FULL\assets\creative_500804.png,ok,,320,320
500805,C:\Users\sylbo\Documents_local\hack_UPC_2026\Smadex_Creative_Intelligence_Dataset_FULL\assets\creative_500805.png,ok,,320,320
500806,C:\Users\sylbo\Documents_local\hack_UPC_2026\Smadex_Creative_Intelligence_Dataset_FULL\assets\creative_500806.png,ok,,360,640
500807,C:\Users\sylbo\Documents_local\hack_UPC_2026\Smadex_Creative_Intelligence_Dataset_FULL\assets\creative_500807.png,ok,,320,320
500808,C:\Users\sylbo\Documents_local\hack_UPC_2026\Smadex_Creative_Intelligence_Dataset_FULL\assets\creative_500808.png,ok,,320,480
500809,C:\Users\sylbo\Documents_local\hack_UPC_2026\Smadex_Creative_Intelligence_Dataset_FULL\assets\creative_500809.png,ok,,360,640
500810,C:\Users\sylbo\Documents_local\hack_UPC_2026\Smadex_Creative_Intelligence_Dataset_FULL\assets\creative_500810.png,ok,,320,320
500811,C:\Users\sylbo\Documents_local\hack_UPC_2026\Smadex_Creative_Intelligence_Dataset_FULL\assets\creative_500811.png,ok,,320,320
500812,C:\Users\sylbo\Documents_local\hack_UPC_2026\Smadex_Creative_Intelligence_Dataset_FULL\assets\creative_500812.png,ok,,360,640
500813,C:\Users\sylbo\Documents_local\hack_UPC_2026\Smadex_Creative_Intelligence_Dataset_FULL\assets\creative_500813.png,ok,,360,640
500814,C:\Users\sylbo\Documents_local\hack_UPC_2026\Smadex_Creative_Intelligence_Dataset_FULL\assets\creative_500814.png,ok,,360,640
500815,C:\Users\sylbo\Documents_local\hack_UPC_2026\Smadex_Creative_Intelligence_Dataset_FULL\assets\creative_500815.png,ok,,360,640
500816,C:\Users\sylbo\Documents_local\hack_UPC_2026\Smadex_Creative_Intelligence_Dataset_FULL\assets\creative_500816.png,ok,,360,640
500817,C:\Users\sylbo\Documents_local\hack_UPC_2026\Smadex_Creative_Intelligence_Dataset_FULL\assets\creative_500817.png,ok,,360,640
500818,C:\Users\sylbo\Documents_local\hack_UPC_2026\Smadex_Creative_Intelligence_Dataset_FULL\assets\creative_500818.png,ok,,360,640
500819,C:\Users\sylbo\Documents_local\hack_UPC_2026\Smadex_Creative_Intelligence_Dataset_FULL\assets\creative_500819.png,ok,,320,480
500820,C:\Users\sylbo\Documents_local\hack_UPC_2026\Smadex_Creative_Intelligence_Dataset_FULL\assets\creative_500820.png,ok,,320,480
500821,C:\Users\sylbo\Documents_local\hack_UPC_2026\Smadex_Creative_Intelligence_Dataset_FULL\assets\creative_500821.png,ok,,320,320
500822,C:\Users\sylbo\Documents_local\hack_UPC_2026\Smadex_Creative_Intelligence_Dataset_FULL\assets\creative_500822.png,ok,,320,320
500823,C:\Users\sylbo\Documents_local\hack_UPC_2026\Smadex_Creative_Intelligence_Dataset_FULL\assets\creative_500823.png,ok,,320,480
500824,C:\Users\sylbo\Documents_local\hack_UPC_2026\Smadex_Creative_Intelligence_Dataset_FULL\assets\creative_500824.png,ok,,360,640
500825,C:\Users\sylbo\Documents_local\hack_UPC_2026\Smadex_Creative_Intelligence_Dataset_FULL\assets\creative_500825.png,ok,,360,640
500826,C:\Users\sylbo\Documents_local\hack_UPC_2026\Smadex_Creative_Intelligence_Dataset_FULL\assets\creative_500826.png,ok,,320,480
500827,C:\Users\sylbo\Documents_local\hack_UPC_2026\Smadex_Creative_Intelligence_Dataset_FULL\assets\creative_500827.png,ok,,320,320
500828,C:\Users\sylbo\Documents_local\hack_UPC_2026\Smadex_Creative_Intelligence_Dataset_FULL\assets\creative_500828.png,ok,,360,640
500829,C:\Users\sylbo\Documents_local\hack_UPC_2026\Smadex_Creative_Intelligence_Dataset_FULL\assets\creative_500829.png,ok,,360,640
500830,C:\Users\sylbo\Documents_local\hack_UPC_2026\Smadex_Creative_Intelligence_Dataset_FULL\assets\creative_500830.png,ok,,360,640
500831,C:\Users\sylbo\Documents_local\hack_UPC_2026\Smadex_Creative_Intelligence_Dataset_FULL\assets\creative_500831.png,ok,,360,640
500832,C:\Users\sylbo\Documents_local\hack_UPC_2026\Smadex_Creative_Intelligence_Dataset_FULL\assets\creative_500832.png,ok,,360,640
500833,C:\Users\sylbo\Documents_local\hack_UPC_2026\Smadex_Creative_Intelligence_Dataset_FULL\assets\creative_500833.png,ok,,360,640
500834,C:\Users\sylbo\Documents_local\hack_UPC_2026\Smadex_Creative_Intelligence_Dataset_FULL\assets\creative_500834.png,ok,,360,640
500835,C:\Users\sylbo\Documents_local\hack_UPC_2026\Smadex_Creative_Intelligence_Dataset_FULL\assets\creative_500835.png,ok,,320,320
500836,C:\Users\sylbo\Documents_local\hack_UPC_2026\Smadex_Creative_Intelligence_Dataset_FULL\assets\creative_500836.png,ok,,320,320
500837,C:\Users\sylbo\Documents_local\hack_UPC_2026\Smadex_Creative_Intelligence_Dataset_FULL\assets\creative_500837.png,ok,,320,480
500838,C:\Users\sylbo\Documents_local\hack_UPC_2026\Smadex_Creative_Intelligence_Dataset_FULL\assets\creative_500838.png,ok,,320,320
500839,C:\Users\sylbo\Documents_local\hack_UPC_2026\Smadex_Creative_Intelligence_Dataset_FULL\assets\creative_500839.png,ok,,320,320
500840,C:\Users\sylbo\Documents_local\hack_UPC_2026\Smadex_Creative_Intelligence_Dataset_FULL\assets\creative_500840.png,ok,,320,320
500841,C:\Users\sylbo\Documents_local\hack_UPC_2026\Smadex_Creative_Intelligence_Dataset_FULL\assets\creative_500841.png,ok,,360,640
500842,C:\Users\sylbo\Documents_local\hack_UPC_2026\Smadex_Creative_Intelligence_Dataset_FULL\assets\creative_500842.png,ok,,360,640
500843,C:\Users\sylbo\Documents_local\hack_UPC_2026\Smadex_Creative_Intelligence_Dataset_FULL\assets\creative_500843.png,ok,,360,640
500844,C:\Users\sylbo\Documents_local\hack_UPC_2026\Smadex_Creative_Intelligence_Dataset_FULL\assets\creative_500844.png,ok,,320,320
500845,C:\Users\sylbo\Documents_local\hack_UPC_2026\Smadex_Creative_Intelligence_Dataset_FULL\assets\creative_500845.png,ok,,320,320
500846,C:\Users\sylbo\Documents_local\hack_UPC_2026\Smadex_Creative_Intelligence_Dataset_FULL\assets\creative_500846.png,ok,,320,320
500847,C:\Users\sylbo\Documents_local\hack_UPC_2026\Smadex_Creative_Intelligence_Dataset_FULL\assets\creative_500847.png,ok,,360,640
500848,C:\Users\sylbo\Documents_local\hack_UPC_2026\Smadex_Creative_Intelligence_Dataset_FULL\assets\creative_500848.png,ok,,320,320
500849,C:\Users\sylbo\Documents_local\hack_UPC_2026\Smadex_Creative_Intelligence_Dataset_FULL\assets\creative_500849.png,ok,,360,640
500850,C:\Users\sylbo\Documents_local\hack_UPC_2026\Smadex_Creative_Intelligence_Dataset_FULL\assets\creative_500850.png,ok,,360,640
500851,C:\Users\sylbo\Documents_local\hack_UPC_2026\Smadex_Creative_Intelligence_Dataset_FULL\assets\creative_500851.png,ok,,360,640
500852,C:\Users\sylbo\Documents_local\hack_UPC_2026\Smadex_Creative_Intelligence_Dataset_FULL\assets\creative_500852.png,ok,,320,480
500853,C:\Users\sylbo\Documents_local\hack_UPC_2026\Smadex_Creative_Intelligence_Dataset_FULL\assets\creative_500853.png,ok,,320,480
500854,C:\Users\sylbo\Documents_local\hack_UPC_2026\Smadex_Creative_Intelligence_Dataset_FULL\assets\creative_500854.png,ok,,360,640
500855,C:\Users\sylbo\Documents_local\hack_UPC_2026\Smadex_Creative_Intelligence_Dataset_FULL\assets\creative_500855.png,ok,,360,640
500856,C:\Users\sylbo\Documents_local\hack_UPC_2026\Smadex_Creative_Intelligence_Dataset_FULL\assets\creative_500856.png,ok,,320,480
500857,C:\Users\sylbo\Documents_local\hack_UPC_2026\Smadex_Creative_Intelligence_Dataset_FULL\assets\creative_500857.png,ok,,320,480
500858,C:\Users\sylbo\Documents_local\hack_UPC_2026\Smadex_Creative_Intelligence_Dataset_FULL\assets\creative_500858.png,ok,,320,480
500859,C:\Users\sylbo\Documents_local\hack_UPC_2026\Smadex_Creative_Intelligence_Dataset_FULL\assets\creative_500859.png,ok,,360,640
500860,C:\Users\sylbo\Documents_local\hack_UPC_2026\Smadex_Creative_Intelligence_Dataset_FULL\assets\creative_500860.png,ok,,320,320
500861,C:\Users\sylbo\Documents_local\hack_UPC_2026\Smadex_Creative_Intelligence_Dataset_FULL\assets\creative_500861.png,ok,,360,640
500862,C:\Users\sylbo\Documents_local\hack_UPC_2026\Smadex_Creative_Intelligence_Dataset_FULL\assets\creative_500862.png,ok,,360,640
500863,C:\Users\sylbo\Documents_local\hack_UPC_2026\Smadex_Creative_Intelligence_Dataset_FULL\assets\creative_500863.png,ok,,360,640
500864,C:\Users\sylbo\Documents_local\hack_UPC_2026\Smadex_Creative_Intelligence_Dataset_FULL\assets\creative_500864.png,ok,,360,640
500865,C:\Users\sylbo\Documents_local\hack_UPC_2026\Smadex_Creative_Intelligence_Dataset_FULL\assets\creative_500865.png,ok,,320,320
500866,C:\Users\sylbo\Documents_local\hack_UPC_2026\Smadex_Creative_Intelligence_Dataset_FULL\assets\creative_500866.png,ok,,360,640
500867,C:\Users\sylbo\Documents_local\hack_UPC_2026\Smadex_Creative_Intelligence_Dataset_FULL\assets\creative_500867.png,ok,,360,640
500868,C:\Users\sylbo\Documents_local\hack_UPC_2026\Smadex_Creative_Intelligence_Dataset_FULL\assets\creative_500868.png,ok,,360,640
500869,C:\Users\sylbo\Documents_local\hack_UPC_2026\Smadex_Creative_Intelligence_Dataset_FULL\assets\creative_500869.png,ok,,320,320
500870,C:\Users\sylbo\Documents_local\hack_UPC_2026\Smadex_Creative_Intelligence_Dataset_FULL\assets\creative_500870.png,ok,,320,320
500871,C:\Users\sylbo\Documents_local\hack_UPC_2026\Smadex_Creative_Intelligence_Dataset_FULL\assets\creative_500871.png,ok,,320,320
500872,C:\Users\sylbo\Documents_local\hack_UPC_2026\Smadex_Creative_Intelligence_Dataset_FULL\assets\creative_500872.png,ok,,320,480
500873,C:\Users\sylbo\Documents_local\hack_UPC_2026\Smadex_Creative_Intelligence_Dataset_FULL\assets\creative_500873.png,ok,,360,640
500874,C:\Users\sylbo\Documents_local\hack_UPC_2026\Smadex_Creative_Intelligence_Dataset_FULL\assets\creative_500874.png,ok,,320,320
500875,C:\Users\sylbo\Documents_local\hack_UPC_2026\Smadex_Creative_Intelligence_Dataset_FULL\assets\creative_500875.png,ok,,360,640
500876,C:\Users\sylbo\Documents_local\hack_UPC_2026\Smadex_Creative_Intelligence_Dataset_FULL\assets\creative_500876.png,ok,,360,640
500877,C:\Users\sylbo\Documents_local\hack_UPC_2026\Smadex_Creative_Intelligence_Dataset_FULL\assets\creative_500877.png,ok,,360,640
500878,C:\Users\sylbo\Documents_local\hack_UPC_2026\Smadex_Creative_Intelligence_Dataset_FULL\assets\creative_500878.png,ok,,320,320
500879,C:\Users\sylbo\Documents_local\hack_UPC_2026\Smadex_Creative_Intelligence_Dataset_FULL\assets\creative_500879.png,ok,,320,320
500880,C:\Users\sylbo\Documents_local\hack_UPC_2026\Smadex_Creative_Intelligence_Dataset_FULL\assets\creative_500880.png,ok,,320,320
500881,C:\Users\sylbo\Documents_local\hack_UPC_2026\Smadex_Creative_Intelligence_Dataset_FULL\assets\creative_500881.png,ok,,320,480
500882,C:\Users\sylbo\Documents_local\hack_UPC_2026\Smadex_Creative_Intelligence_Dataset_FULL\assets\creative_500882.png,ok,,320,480
500883,C:\Users\sylbo\Documents_local\hack_UPC_2026\Smadex_Creative_Intelligence_Dataset_FULL\assets\creative_500883.png,ok,,360,640
500884,C:\Users\sylbo\Documents_local\hack_UPC_2026\Smadex_Creative_Intelligence_Dataset_FULL\assets\creative_500884.png,ok,,360,640
500885,C:\Users\sylbo\Documents_local\hack_UPC_2026\Smadex_Creative_Intelligence_Dataset_FULL\assets\creative_500885.png,ok,,320,320
500886,C:\Users\sylbo\Documents_local\hack_UPC_2026\Smadex_Creative_Intelligence_Dataset_FULL\assets\creative_500886.png,ok,,320,320
500887,C:\Users\sylbo\Documents_local\hack_UPC_2026\Smadex_Creative_Intelligence_Dataset_FULL\assets\creative_500887.png,ok,,360,640
500888,C:\Users\sylbo\Documents_local\hack_UPC_2026\Smadex_Creative_Intelligence_Dataset_FULL\assets\creative_500888.png,ok,,320,320
500889,C:\Users\sylbo\Documents_local\hack_UPC_2026\Smadex_Creative_Intelligence_Dataset_FULL\assets\creative_500889.png,ok,,320,480
500890,C:\Users\sylbo\Documents_local\hack_UPC_2026\Smadex_Creative_Intelligence_Dataset_FULL\assets\creative_500890.png,ok,,320,480
500891,C:\Users\sylbo\Documents_local\hack_UPC_2026\Smadex_Creative_Intelligence_Dataset_FULL\assets\creative_500891.png,ok,,320,320
500892,C:\Users\sylbo\Documents_local\hack_UPC_2026\Smadex_Creative_Intelligence_Dataset_FULL\assets\creative_500892.png,ok,,360,640
500893,C:\Users\sylbo\Documents_local\hack_UPC_2026\Smadex_Creative_Intelligence_Dataset_FULL\assets\creative_500893.png,ok,,360,640
500894,C:\Users\sylbo\Documents_local\hack_UPC_2026\Smadex_Creative_Intelligence_Dataset_FULL\assets\creative_500894.png,ok,,360,640
500895,C:\Users\sylbo\Documents_local\hack_UPC_2026\Smadex_Creative_Intelligence_Dataset_FULL\assets\creative_500895.png,ok,,320,320
500896,C:\Users\sylbo\Documents_local\hack_UPC_2026\Smadex_Creative_Intelligence_Dataset_FULL\assets\creative_500896.png,ok,,320,320
500897,C:\Users\sylbo\Documents_local\hack_UPC_2026\Smadex_Creative_Intelligence_Dataset_FULL\assets\creative_500897.png,ok,,320,320
500898,C:\Users\sylbo\Documents_local\hack_UPC_2026\Smadex_Creative_Intelligence_Dataset_FULL\assets\creative_500898.png,ok,,320,320
500899,C:\Users\sylbo\Documents_local\hack_UPC_2026\Smadex_Creative_Intelligence_Dataset_FULL\assets\creative_500899.png,ok,,360,640
500900,C:\Users\sylbo\Documents_local\hack_UPC_2026\Smadex_Creative_Intelligence_Dataset_FULL\assets\creative_500900.png,ok,,360,640
500901,C:\Users\sylbo\Documents_local\hack_UPC_2026\Smadex_Creative_Intelligence_Dataset_FULL\assets\creative_500901.png,ok,,360,640
500902,C:\Users\sylbo\Documents_local\hack_UPC_2026\Smadex_Creative_Intelligence_Dataset_FULL\assets\creative_500902.png,ok,,360,640
500903,C:\Users\sylbo\Documents_local\hack_UPC_2026\Smadex_Creative_Intelligence_Dataset_FULL\assets\creative_500903.png,ok,,360,640
500904,C:\Users\sylbo\Documents_local\hack_UPC_2026\Smadex_Creative_Intelligence_Dataset_FULL\assets\creative_500904.png,ok,,360,640
500905,C:\Users\sylbo\Documents_local\hack_UPC_2026\Smadex_Creative_Intelligence_Dataset_FULL\assets\creative_500905.png,ok,,360,640
500906,C:\Users\sylbo\Documents_local\hack_UPC_2026\Smadex_Creative_Intelligence_Dataset_FULL\assets\creative_500906.png,ok,,320,480
500907,C:\Users\sylbo\Documents_local\hack_UPC_2026\Smadex_Creative_Intelligence_Dataset_FULL\assets\creative_500907.png,ok,,320,320
500908,C:\Users\sylbo\Documents_local\hack_UPC_2026\Smadex_Creative_Intelligence_Dataset_FULL\assets\creative_500908.png,ok,,360,640
500909,C:\Users\sylbo\Documents_local\hack_UPC_2026\Smadex_Creative_Intelligence_Dataset_FULL\assets\creative_500909.png,ok,,320,480
500910,C:\Users\sylbo\Documents_local\hack_UPC_2026\Smadex_Creative_Intelligence_Dataset_FULL\assets\creative_500910.png,ok,,320,320
500911,C:\Users\sylbo\Documents_local\hack_UPC_2026\Smadex_Creative_Intelligence_Dataset_FULL\assets\creative_500911.png,ok,,360,640
500912,C:\Users\sylbo\Documents_local\hack_UPC_2026\Smadex_Creative_Intelligence_Dataset_FULL\assets\creative_500912.png,ok,,320,480
500913,C:\Users\sylbo\Documents_local\hack_UPC_2026\Smadex_Creative_Intelligence_Dataset_FULL\assets\creative_500913.png,ok,,320,480
500914,C:\Users\sylbo\Documents_local\hack_UPC_2026\Smadex_Creative_Intelligence_Dataset_FULL\assets\creative_500914.png,ok,,320,320
500915,C:\Users\sylbo\Documents_local\hack_UPC_2026\Smadex_Creative_Intelligence_Dataset_FULL\assets\creative_500915.png,ok,,320,480
500916,C:\Users\sylbo\Documents_local\hack_UPC_2026\Smadex_Creative_Intelligence_Dataset_FULL\assets\creative_500916.png,ok,,360,640
500917,C:\Users\sylbo\Documents_local\hack_UPC_2026\Smadex_Creative_Intelligence_Dataset_FULL\assets\creative_500917.png,ok,,360,640
500918,C:\Users\sylbo\Documents_local\hack_UPC_2026\Smadex_Creative_Intelligence_Dataset_FULL\assets\creative_500918.png,ok,,320,320
500919,C:\Users\sylbo\Documents_local\hack_UPC_2026\Smadex_Creative_Intelligence_Dataset_FULL\assets\creative_500919.png,ok,,360,640
500920,C:\Users\sylbo\Documents_local\hack_UPC_2026\Smadex_Creative_Intelligence_Dataset_FULL\assets\creative_500920.png,ok,,360,640
500921,C:\Users\sylbo\Documents_local\hack_UPC_2026\Smadex_Creative_Intelligence_Dataset_FULL\assets\creative_500921.png,ok,,360,640
500922,C:\Users\sylbo\Documents_local\hack_UPC_2026\Smadex_Creative_Intelligence_Dataset_FULL\assets\creative_500922.png,ok,,320,480
500923,C:\Users\sylbo\Documents_local\hack_UPC_2026\Smadex_Creative_Intelligence_Dataset_FULL\assets\creative_500923.png,ok,,360,640
500924,C:\Users\sylbo\Documents_local\hack_UPC_2026\Smadex_Creative_Intelligence_Dataset_FULL\assets\creative_500924.png,ok,,320,320
500925,C:\Users\sylbo\Documents_local\hack_UPC_2026\Smadex_Creative_Intelligence_Dataset_FULL\assets\creative_500925.png,ok,,360,640
500926,C:\Users\sylbo\Documents_local\hack_UPC_2026\Smadex_Creative_Intelligence_Dataset_FULL\assets\creative_500926.png,ok,,320,320
500927,C:\Users\sylbo\Documents_local\hack_UPC_2026\Smadex_Creative_Intelligence_Dataset_FULL\assets\creative_500927.png,ok,,320,320
500928,C:\Users\sylbo\Documents_local\hack_UPC_2026\Smadex_Creative_Intelligence_Dataset_FULL\assets\creative_500928.png,ok,,320,320
500929,C:\Users\sylbo\Documents_local\hack_UPC_2026\Smadex_Creative_Intelligence_Dataset_FULL\assets\creative_500929.png,ok,,360,640
500930,C:\Users\sylbo\Documents_local\hack_UPC_2026\Smadex_Creative_Intelligence_Dataset_FULL\assets\creative_500930.png,ok,,320,320
500931,C:\Users\sylbo\Documents_local\hack_UPC_2026\Smadex_Creative_Intelligence_Dataset_FULL\assets\creative_500931.png,ok,,360,640
500932,C:\Users\sylbo\Documents_local\hack_UPC_2026\Smadex_Creative_Intelligence_Dataset_FULL\assets\creative_500932.png,ok,,320,320
500933,C:\Users\sylbo\Documents_local\hack_UPC_2026\Smadex_Creative_Intelligence_Dataset_FULL\assets\creative_500933.png,ok,,360,640
500934,C:\Users\sylbo\Documents_local\hack_UPC_2026\Smadex_Creative_Intelligence_Dataset_FULL\assets\creative_500934.png,ok,,360,640
500935,C:\Users\sylbo\Documents_local\hack_UPC_2026\Smadex_Creative_Intelligence_Dataset_FULL\assets\creative_500935.png,ok,,360,640
500936,C:\Users\sylbo\Documents_local\hack_UPC_2026\Smadex_Creative_Intelligence_Dataset_FULL\assets\creative_500936.png,ok,,360,640
500937,C:\Users\sylbo\Documents_local\hack_UPC_2026\Smadex_Creative_Intelligence_Dataset_FULL\assets\creative_500937.png,ok,,360,640
500938,C:\Users\sylbo\Documents_local\hack_UPC_2026\Smadex_Creative_Intelligence_Dataset_FULL\assets\creative_500938.png,ok,,320,480
500939,C:\Users\sylbo\Documents_local\hack_UPC_2026\Smadex_Creative_Intelligence_Dataset_FULL\assets\creative_500939.png,ok,,360,640
500940,C:\Users\sylbo\Documents_local\hack_UPC_2026\Smadex_Creative_Intelligence_Dataset_FULL\assets\creative_500940.png,ok,,360,640
500941,C:\Users\sylbo\Documents_local\hack_UPC_2026\Smadex_Creative_Intelligence_Dataset_FULL\assets\creative_500941.png,ok,,360,640
500942,C:\Users\sylbo\Documents_local\hack_UPC_2026\Smadex_Creative_Intelligence_Dataset_FULL\assets\creative_500942.png,ok,,320,480
500943,C:\Users\sylbo\Documents_local\hack_UPC_2026\Smadex_Creative_Intelligence_Dataset_FULL\assets\creative_500943.png,ok,,320,480
500944,C:\Users\sylbo\Documents_local\hack_UPC_2026\Smadex_Creative_Intelligence_Dataset_FULL\assets\creative_500944.png,ok,,360,640
500945,C:\Users\sylbo\Documents_local\hack_UPC_2026\Smadex_Creative_Intelligence_Dataset_FULL\assets\creative_500945.png,ok,,320,320
500946,C:\Users\sylbo\Documents_local\hack_UPC_2026\Smadex_Creative_Intelligence_Dataset_FULL\assets\creative_500946.png,ok,,360,640
500947,C:\Users\sylbo\Documents_local\hack_UPC_2026\Smadex_Creative_Intelligence_Dataset_FULL\assets\creative_500947.png,ok,,320,480
500948,C:\Users\sylbo\Documents_local\hack_UPC_2026\Smadex_Creative_Intelligence_Dataset_FULL\assets\creative_500948.png,ok,,360,640
500949,C:\Users\sylbo\Documents_local\hack_UPC_2026\Smadex_Creative_Intelligence_Dataset_FULL\assets\creative_500949.png,ok,,320,480
500950,C:\Users\sylbo\Documents_local\hack_UPC_2026\Smadex_Creative_Intelligence_Dataset_FULL\assets\creative_500950.png,ok,,360,640
500951,C:\Users\sylbo\Documents_local\hack_UPC_2026\Smadex_Creative_Intelligence_Dataset_FULL\assets\creative_500951.png,ok,,360,640
500952,C:\Users\sylbo\Documents_local\hack_UPC_2026\Smadex_Creative_Intelligence_Dataset_FULL\assets\creative_500952.png,ok,,360,640
500953,C:\Users\sylbo\Documents_local\hack_UPC_2026\Smadex_Creative_Intelligence_Dataset_FULL\assets\creative_500953.png,ok,,320,480
500954,C:\Users\sylbo\Documents_local\hack_UPC_2026\Smadex_Creative_Intelligence_Dataset_FULL\assets\creative_500954.png,ok,,360,640
500955,C:\Users\sylbo\Documents_local\hack_UPC_2026\Smadex_Creative_Intelligence_Dataset_FULL\assets\creative_500955.png,ok,,360,640
500956,C:\Users\sylbo\Documents_local\hack_UPC_2026\Smadex_Creative_Intelligence_Dataset_FULL\assets\creative_500956.png,ok,,360,640
500957,C:\Users\sylbo\Documents_local\hack_UPC_2026\Smadex_Creative_Intelligence_Dataset_FULL\assets\creative_500957.png,ok,,360,640
500958,C:\Users\sylbo\Documents_local\hack_UPC_2026\Smadex_Creative_Intelligence_Dataset_FULL\assets\creative_500958.png,ok,,360,640
500959,C:\Users\sylbo\Documents_local\hack_UPC_2026\Smadex_Creative_Intelligence_Dataset_FULL\assets\creative_500959.png,ok,,360,640
500960,C:\Users\sylbo\Documents_local\hack_UPC_2026\Smadex_Creative_Intelligence_Dataset_FULL\assets\creative_500960.png,ok,,320,320
500961,C:\Users\sylbo\Documents_local\hack_UPC_2026\Smadex_Creative_Intelligence_Dataset_FULL\assets\creative_500961.png,ok,,320,320
500962,C:\Users\sylbo\Documents_local\hack_UPC_2026\Smadex_Creative_Intelligence_Dataset_FULL\assets\creative_500962.png,ok,,320,480
500963,C:\Users\sylbo\Documents_local\hack_UPC_2026\Smadex_Creative_Intelligence_Dataset_FULL\assets\creative_500963.png,ok,,320,320
500964,C:\Users\sylbo\Documents_local\hack_UPC_2026\Smadex_Creative_Intelligence_Dataset_FULL\assets\creative_500964.png,ok,,360,640
500965,C:\Users\sylbo\Documents_local\hack_UPC_2026\Smadex_Creative_Intelligence_Dataset_FULL\assets\creative_500965.png,ok,,320,480
500966,C:\Users\sylbo\Documents_local\hack_UPC_2026\Smadex_Creative_Intelligence_Dataset_FULL\assets\creative_500966.png,ok,,360,640
500967,C:\Users\sylbo\Documents_local\hack_UPC_2026\Smadex_Creative_Intelligence_Dataset_FULL\assets\creative_500967.png,ok,,360,640
500968,C:\Users\sylbo\Documents_local\hack_UPC_2026\Smadex_Creative_Intelligence_Dataset_FULL\assets\creative_500968.png,ok,,360,640
500969,C:\Users\sylbo\Documents_local\hack_UPC_2026\Smadex_Creative_Intelligence_Dataset_FULL\assets\creative_500969.png,ok,,360,640
500970,C:\Users\sylbo\Documents_local\hack_UPC_2026\Smadex_Creative_Intelligence_Dataset_FULL\assets\creative_500970.png,ok,,360,640
500971,C:\Users\sylbo\Documents_local\hack_UPC_2026\Smadex_Creative_Intelligence_Dataset_FULL\assets\creative_500971.png,ok,,320,320
500972,C:\Users\sylbo\Documents_local\hack_UPC_2026\Smadex_Creative_Intelligence_Dataset_FULL\assets\creative_500972.png,ok,,360,640
500973,C:\Users\sylbo\Documents_local\hack_UPC_2026\Smadex_Creative_Intelligence_Dataset_FULL\assets\creative_500973.png,ok,,360,640
500974,C:\Users\sylbo\Documents_local\hack_UPC_2026\Smadex_Creative_Intelligence_Dataset_FULL\assets\creative_500974.png,ok,,360,640
500975,C:\Users\sylbo\Documents_local\hack_UPC_2026\Smadex_Creative_Intelligence_Dataset_FULL\assets\creative_500975.png,ok,,360,640
500976,C:\Users\sylbo\Documents_local\hack_UPC_2026\Smadex_Creative_Intelligence_Dataset_FULL\assets\creative_500976.png,ok,,360,640
500977,C:\Users\sylbo\Documents_local\hack_UPC_2026\Smadex_Creative_Intelligence_Dataset_FULL\assets\creative_500977.png,ok,,360,640
500978,C:\Users\sylbo\Documents_local\hack_UPC_2026\Smadex_Creative_Intelligence_Dataset_FULL\assets\creative_500978.png,ok,,360,640
500979,C:\Users\sylbo\Documents_local\hack_UPC_2026\Smadex_Creative_Intelligence_Dataset_FULL\assets\creative_500979.png,ok,,320,320
500980,C:\Users\sylbo\Documents_local\hack_UPC_2026\Smadex_Creative_Intelligence_Dataset_FULL\assets\creative_500980.png,ok,,320,480
500981,C:\Users\sylbo\Documents_local\hack_UPC_2026\Smadex_Creative_Intelligence_Dataset_FULL\assets\creative_500981.png,ok,,320,320
500982,C:\Users\sylbo\Documents_local\hack_UPC_2026\Smadex_Creative_Intelligence_Dataset_FULL\assets\creative_500982.png,ok,,360,640
500983,C:\Users\sylbo\Documents_local\hack_UPC_2026\Smadex_Creative_Intelligence_Dataset_FULL\assets\creative_500983.png,ok,,360,640
500984,C:\Users\sylbo\Documents_local\hack_UPC_2026\Smadex_Creative_Intelligence_Dataset_FULL\assets\creative_500984.png,ok,,320,320
500985,C:\Users\sylbo\Documents_local\hack_UPC_2026\Smadex_Creative_Intelligence_Dataset_FULL\assets\creative_500985.png,ok,,360,640
500986,C:\Users\sylbo\Documents_local\hack_UPC_2026\Smadex_Creative_Intelligence_Dataset_FULL\assets\creative_500986.png,ok,,320,480
500987,C:\Users\sylbo\Documents_local\hack_UPC_2026\Smadex_Creative_Intelligence_Dataset_FULL\assets\creative_500987.png,ok,,360,640
500988,C:\Users\sylbo\Documents_local\hack_UPC_2026\Smadex_Creative_Intelligence_Dataset_FULL\assets\creative_500988.png,ok,,320,320
500989,C:\Users\sylbo\Documents_local\hack_UPC_2026\Smadex_Creative_Intelligence_Dataset_FULL\assets\creative_500989.png,ok,,360,640
500990,C:\Users\sylbo\Documents_local\hack_UPC_2026\Smadex_Creative_Intelligence_Dataset_FULL\assets\creative_500990.png,ok,,360,640
500991,C:\Users\sylbo\Documents_local\hack_UPC_2026\Smadex_Creative_Intelligence_Dataset_FULL\assets\creative_500991.png,ok,,320,320
500992,C:\Users\sylbo\Documents_local\hack_UPC_2026\Smadex_Creative_Intelligence_Dataset_FULL\assets\creative_500992.png,ok,,360,640
500993,C:\Users\sylbo\Documents_local\hack_UPC_2026\Smadex_Creative_Intelligence_Dataset_FULL\assets\creative_500993.png,ok,,320,320
500994,C:\Users\sylbo\Documents_local\hack_UPC_2026\Smadex_Creative_Intelligence_Dataset_FULL\assets\creative_500994.png,ok,,360,640
500995,C:\Users\sylbo\Documents_local\hack_UPC_2026\Smadex_Creative_Intelligence_Dataset_FULL\assets\creative_500995.png,ok,,320,480
500996,C:\Users\sylbo\Documents_local\hack_UPC_2026\Smadex_Creative_Intelligence_Dataset_FULL\assets\creative_500996.png,ok,,320,480
500997,C:\Users\sylbo\Documents_local\hack_UPC_2026\Smadex_Creative_Intelligence_Dataset_FULL\assets\creative_500997.png,ok,,360,640
500998,C:\Users\sylbo\Documents_local\hack_UPC_2026\Smadex_Creative_Intelligence_Dataset_FULL\assets\creative_500998.png,ok,,320,320
500999,C:\Users\sylbo\Documents_local\hack_UPC_2026\Smadex_Creative_Intelligence_Dataset_FULL\assets\creative_500999.png,ok,,360,640
501000,C:\Users\sylbo\Documents_local\hack_UPC_2026\Smadex_Creative_Intelligence_Dataset_FULL\assets\creative_501000.png,ok,,320,320
501001,C:\Users\sylbo\Documents_local\hack_UPC_2026\Smadex_Creative_Intelligence_Dataset_FULL\assets\creative_501001.png,ok,,320,480
501002,C:\Users\sylbo\Documents_local\hack_UPC_2026\Smadex_Creative_Intelligence_Dataset_FULL\assets\creative_501002.png,ok,,320,320
501003,C:\Users\sylbo\Documents_local\hack_UPC_2026\Smadex_Creative_Intelligence_Dataset_FULL\assets\creative_501003.png,ok,,320,320
501004,C:\Users\sylbo\Documents_local\hack_UPC_2026\Smadex_Creative_Intelligence_Dataset_FULL\assets\creative_501004.png,ok,,360,640
501005,C:\Users\sylbo\Documents_local\hack_UPC_2026\Smadex_Creative_Intelligence_Dataset_FULL\assets\creative_501005.png,ok,,360,640
501006,C:\Users\sylbo\Documents_local\hack_UPC_2026\Smadex_Creative_Intelligence_Dataset_FULL\assets\creative_501006.png,ok,,360,640
501007,C:\Users\sylbo\Documents_local\hack_UPC_2026\Smadex_Creative_Intelligence_Dataset_FULL\assets\creative_501007.png,ok,,320,320
501008,C:\Users\sylbo\Documents_local\hack_UPC_2026\Smadex_Creative_Intelligence_Dataset_FULL\assets\creative_501008.png,ok,,360,640
501009,C:\Users\sylbo\Documents_local\hack_UPC_2026\Smadex_Creative_Intelligence_Dataset_FULL\assets\creative_501009.png,ok,,360,640
501010,C:\Users\sylbo\Documents_local\hack_UPC_2026\Smadex_Creative_Intelligence_Dataset_FULL\assets\creative_501010.png,ok,,320,320
501011,C:\Users\sylbo\Documents_local\hack_UPC_2026\Smadex_Creative_Intelligence_Dataset_FULL\assets\creative_501011.png,ok,,320,320
501012,C:\Users\sylbo\Documents_local\hack_UPC_2026\Smadex_Creative_Intelligence_Dataset_FULL\assets\creative_501012.png,ok,,360,640
501013,C:\Users\sylbo\Documents_local\hack_UPC_2026\Smadex_Creative_Intelligence_Dataset_FULL\assets\creative_501013.png,ok,,360,640
501014,C:\Users\sylbo\Documents_local\hack_UPC_2026\Smadex_Creative_Intelligence_Dataset_FULL\assets\creative_501014.png,ok,,320,480
501015,C:\Users\sylbo\Documents_local\hack_UPC_2026\Smadex_Creative_Intelligence_Dataset_FULL\assets\creative_501015.png,ok,,360,640
501016,C:\Users\sylbo\Documents_local\hack_UPC_2026\Smadex_Creative_Intelligence_Dataset_FULL\assets\creative_501016.png,ok,,320,480
501017,C:\Users\sylbo\Documents_local\hack_UPC_2026\Smadex_Creative_Intelligence_Dataset_FULL\assets\creative_501017.png,ok,,320,480
501018,C:\Users\sylbo\Documents_local\hack_UPC_2026\Smadex_Creative_Intelligence_Dataset_FULL\assets\creative_501018.png,ok,,320,480
501019,C:\Users\sylbo\Documents_local\hack_UPC_2026\Smadex_Creative_Intelligence_Dataset_FULL\assets\creative_501019.png,ok,,360,640
501020,C:\Users\sylbo\Documents_local\hack_UPC_2026\Smadex_Creative_Intelligence_Dataset_FULL\assets\creative_501020.png,ok,,320,480
501021,C:\Users\sylbo\Documents_local\hack_UPC_2026\Smadex_Creative_Intelligence_Dataset_FULL\assets\creative_501021.png,ok,,320,480
501022,C:\Users\sylbo\Documents_local\hack_UPC_2026\Smadex_Creative_Intelligence_Dataset_FULL\assets\creative_501022.png,ok,,320,480
501023,C:\Users\sylbo\Documents_local\hack_UPC_2026\Smadex_Creative_Intelligence_Dataset_FULL\assets\creative_501023.png,ok,,320,480
501024,C:\Users\sylbo\Documents_local\hack_UPC_2026\Smadex_Creative_Intelligence_Dataset_FULL\assets\creative_501024.png,ok,,360,640
501025,C:\Users\sylbo\Documents_local\hack_UPC_2026\Smadex_Creative_Intelligence_Dataset_FULL\assets\creative_501025.png,ok,,320,480
501026,C:\Users\sylbo\Documents_local\hack_UPC_2026\Smadex_Creative_Intelligence_Dataset_FULL\assets\creative_501026.png,ok,,360,640
501027,C:\Users\sylbo\Documents_local\hack_UPC_2026\Smadex_Creative_Intelligence_Dataset_FULL\assets\creative_501027.png,ok,,360,640
501028,C:\Users\sylbo\Documents_local\hack_UPC_2026\Smadex_Creative_Intelligence_Dataset_FULL\assets\creative_501028.png,ok,,320,320
501029,C:\Users\sylbo\Documents_local\hack_UPC_2026\Smadex_Creative_Intelligence_Dataset_FULL\assets\creative_501029.png,ok,,360,640
501030,C:\Users\sylbo\Documents_local\hack_UPC_2026\Smadex_Creative_Intelligence_Dataset_FULL\assets\creative_501030.png,ok,,320,320
501031,C:\Users\sylbo\Documents_local\hack_UPC_2026\Smadex_Creative_Intelligence_Dataset_FULL\assets\creative_501031.png,ok,,360,640
501032,C:\Users\sylbo\Documents_local\hack_UPC_2026\Smadex_Creative_Intelligence_Dataset_FULL\assets\creative_501032.png,ok,,360,640
501033,C:\Users\sylbo\Documents_local\hack_UPC_2026\Smadex_Creative_Intelligence_Dataset_FULL\assets\creative_501033.png,ok,,320,480
501034,C:\Users\sylbo\Documents_local\hack_UPC_2026\Smadex_Creative_Intelligence_Dataset_FULL\assets\creative_501034.png,ok,,320,480
501035,C:\Users\sylbo\Documents_local\hack_UPC_2026\Smadex_Creative_Intelligence_Dataset_FULL\assets\creative_501035.png,ok,,360,640
501036,C:\Users\sylbo\Documents_local\hack_UPC_2026\Smadex_Creative_Intelligence_Dataset_FULL\assets\creative_501036.png,ok,,320,480
501037,C:\Users\sylbo\Documents_local\hack_UPC_2026\Smadex_Creative_Intelligence_Dataset_FULL\assets\creative_501037.png,ok,,320,320
501038,C:\Users\sylbo\Documents_local\hack_UPC_2026\Smadex_Creative_Intelligence_Dataset_FULL\assets\creative_501038.png,ok,,360,640
501039,C:\Users\sylbo\Documents_local\hack_UPC_2026\Smadex_Creative_Intelligence_Dataset_FULL\assets\creative_501039.png,ok,,320,320
501040,C:\Users\sylbo\Documents_local\hack_UPC_2026\Smadex_Creative_Intelligence_Dataset_FULL\assets\creative_501040.png,ok,,360,640
501041,C:\Users\sylbo\Documents_local\hack_UPC_2026\Smadex_Creative_Intelligence_Dataset_FULL\assets\creative_501041.png,ok,,360,640
501042,C:\Users\sylbo\Documents_local\hack_UPC_2026\Smadex_Creative_Intelligence_Dataset_FULL\assets\creative_501042.png,ok,,360,640
501043,C:\Users\sylbo\Documents_local\hack_UPC_2026\Smadex_Creative_Intelligence_Dataset_FULL\assets\creative_501043.png,ok,,320,320
501044,C:\Users\sylbo\Documents_local\hack_UPC_2026\Smadex_Creative_Intelligence_Dataset_FULL\assets\creative_501044.png,ok,,360,640
501045,C:\Users\sylbo\Documents_local\hack_UPC_2026\Smadex_Creative_Intelligence_Dataset_FULL\assets\creative_501045.png,ok,,360,640
501046,C:\Users\sylbo\Documents_local\hack_UPC_2026\Smadex_Creative_Intelligence_Dataset_FULL\assets\creative_501046.png,ok,,360,640
501047,C:\Users\sylbo\Documents_local\hack_UPC_2026\Smadex_Creative_Intelligence_Dataset_FULL\assets\creative_501047.png,ok,,360,640
501048,C:\Users\sylbo\Documents_local\hack_UPC_2026\Smadex_Creative_Intelligence_Dataset_FULL\assets\creative_501048.png,ok,,360,640
501049,C:\Users\sylbo\Documents_local\hack_UPC_2026\Smadex_Creative_Intelligence_Dataset_FULL\assets\creative_501049.png,ok,,360,640
501050,C:\Users\sylbo\Documents_local\hack_UPC_2026\Smadex_Creative_Intelligence_Dataset_FULL\assets\creative_501050.png,ok,,360,640
501051,C:\Users\sylbo\Documents_local\hack_UPC_2026\Smadex_Creative_Intelligence_Dataset_FULL\assets\creative_501051.png,ok,,320,480
501052,C:\Users\sylbo\Documents_local\hack_UPC_2026\Smadex_Creative_Intelligence_Dataset_FULL\assets\creative_501052.png,ok,,360,640
501053,C:\Users\sylbo\Documents_local\hack_UPC_2026\Smadex_Creative_Intelligence_Dataset_FULL\assets\creative_501053.png,ok,,320,320
501054,C:\Users\sylbo\Documents_local\hack_UPC_2026\Smadex_Creative_Intelligence_Dataset_FULL\assets\creative_501054.png,ok,,320,320
501055,C:\Users\sylbo\Documents_local\hack_UPC_2026\Smadex_Creative_Intelligence_Dataset_FULL\assets\creative_501055.png,ok,,320,480
501056,C:\Users\sylbo\Documents_local\hack_UPC_2026\Smadex_Creative_Intelligence_Dataset_FULL\assets\creative_501056.png,ok,,320,480
501057,C:\Users\sylbo\Documents_local\hack_UPC_2026\Smadex_Creative_Intelligence_Dataset_FULL\assets\creative_501057.png,ok,,360,640
501058,C:\Users\sylbo\Documents_local\hack_UPC_2026\Smadex_Creative_Intelligence_Dataset_FULL\assets\creative_501058.png,ok,,320,320
501059,C:\Users\sylbo\Documents_local\hack_UPC_2026\Smadex_Creative_Intelligence_Dataset_FULL\assets\creative_501059.png,ok,,320,480
501060,C:\Users\sylbo\Documents_local\hack_UPC_2026\Smadex_Creative_Intelligence_Dataset_FULL\assets\creative_501060.png,ok,,320,320
501061,C:\Users\sylbo\Documents_local\hack_UPC_2026\Smadex_Creative_Intelligence_Dataset_FULL\assets\creative_501061.png,ok,,320,320
501062,C:\Users\sylbo\Documents_local\hack_UPC_2026\Smadex_Creative_Intelligence_Dataset_FULL\assets\creative_501062.png,ok,,360,640
501063,C:\Users\sylbo\Documents_local\hack_UPC_2026\Smadex_Creative_Intelligence_Dataset_FULL\assets\creative_501063.png,ok,,320,320
501064,C:\Users\sylbo\Documents_local\hack_UPC_2026\Smadex_Creative_Intelligence_Dataset_FULL\assets\creative_501064.png,ok,,360,640
501065,C:\Users\sylbo\Documents_local\hack_UPC_2026\Smadex_Creative_Intelligence_Dataset_FULL\assets\creative_501065.png,ok,,360,640
501066,C:\Users\sylbo\Documents_local\hack_UPC_2026\Smadex_Creative_Intelligence_Dataset_FULL\assets\creative_501066.png,ok,,320,320
501067,C:\Users\sylbo\Documents_local\hack_UPC_2026\Smadex_Creative_Intelligence_Dataset_FULL\assets\creative_501067.png,ok,,360,640
501068,C:\Users\sylbo\Documents_local\hack_UPC_2026\Smadex_Creative_Intelligence_Dataset_FULL\assets\creative_501068.png,ok,,320,320
501069,C:\Users\sylbo\Documents_local\hack_UPC_2026\Smadex_Creative_Intelligence_Dataset_FULL\assets\creative_501069.png,ok,,360,640
501070,C:\Users\sylbo\Documents_local\hack_UPC_2026\Smadex_Creative_Intelligence_Dataset_FULL\assets\creative_501070.png,ok,,360,640
501071,C:\Users\sylbo\Documents_local\hack_UPC_2026\Smadex_Creative_Intelligence_Dataset_FULL\assets\creative_501071.png,ok,,320,480
501072,C:\Users\sylbo\Documents_local\hack_UPC_2026\Smadex_Creative_Intelligence_Dataset_FULL\assets\creative_501072.png,ok,,320,320
501073,C:\Users\sylbo\Documents_local\hack_UPC_2026\Smadex_Creative_Intelligence_Dataset_FULL\assets\creative_501073.png,ok,,320,480
501074,C:\Users\sylbo\Documents_local\hack_UPC_2026\Smadex_Creative_Intelligence_Dataset_FULL\assets\creative_501074.png,ok,,360,640
501075,C:\Users\sylbo\Documents_local\hack_UPC_2026\Smadex_Creative_Intelligence_Dataset_FULL\assets\creative_501075.png,ok,,360,640
501076,C:\Users\sylbo\Documents_local\hack_UPC_2026\Smadex_Creative_Intelligence_Dataset_FULL\assets\creative_501076.png,ok,,360,640
501077,C:\Users\sylbo\Documents_local\hack_UPC_2026\Smadex_Creative_Intelligence_Dataset_FULL\assets\creative_501077.png,ok,,320,320
501078,C:\Users\sylbo\Documents_local\hack_UPC_2026\Smadex_Creative_Intelligence_Dataset_FULL\assets\creative_501078.png,ok,,320,320
501079,C:\Users\sylbo\Documents_local\hack_UPC_2026\Smadex_Creative_Intelligence_Dataset_FULL\assets\creative_501079.png,ok,,360,640
