creative_id,creative_status,fatigue_day,perf_score,overall_ctr,overall_cvr,overall_ipm,overall_roas,ctr_decay_pct,cvr_decay_pct,peak_rolling_ctr_5,has_fatigue
500000,stable,,0.3410493827160494,0.0038939086825267,0.1938795743462072,0.7549493579112817,0.6732220740687788,-0.785291349678005,-0.0898799244567573,0.0102055731134143,0
500001,fatigued,12,0.5978395061728395,0.0066877354426202,0.2223170269245354,1.4867974604611736,1.1266953986429848,-0.8790466075977256,-0.0800892904071556,0.0154811110016695,1
500002,fatigued,11,0.6074074074074074,0.0070612608783598,0.2055946589379981,1.451757521958632,1.1081073729861737,-0.883620876002164,0.0192595213269899,0.0165807282032309,1
500003,stable,,0.4916666666666667,0.0054818306750161,0.1891360381861575,1.0368117358799032,0.9491882669871504,-0.8583884136533985,-0.0872846037719718,0.0139213687319307,0
500004,stable,,0.5191358024691358,0.005819811395916,0.1975337464980049,1.149609148947077,0.8619217377295777,-0.8639709189124348,-0.0659199901627248,0.0146295330635053,0
500005,stable,,0.5419753086419753,0.0060482250792686,0.2039032996113239,1.2332530504548382,0.9345498333374836,-0.8753519788836597,-0.0635857312273568,0.0146661214183338,0
500006,underperformer,,0.1296296296296296,0.0027744539015031,0.0455592731352553,0.1264021030997586,1.941227777254894,-0.5677809492945851,-0.1786259044744684,0.0063333398176236,0
500007,stable,,0.4419753086419752,0.0051818604612763,0.0543086340386281,0.2814197634306966,3.050351291416699,-0.8437435554275438,0.1346531413612566,0.0121621344279117,0
500008,stable,,0.2496913580246913,0.0035884980352741,0.0554488363502031,0.1989780403009406,2.642289116341278,-0.7988159231274188,-0.1870760272515931,0.0093729454895087,0
500009,underperformer,,0.1925925925925926,0.0030358031224205,0.0514787678852276,0.1562794042843381,2.428691311133428,-0.7493751901816303,-0.1464951775756916,0.0083275001848835,0
500010,stable,,0.2487654320987654,0.0036336415737248,0.0531197590443919,0.1930181648499495,2.588338237265342,-0.7900245156678192,-0.2063388622528407,0.0087698018892196,0
500011,underperformer,,0.2095679012345679,0.003980561731448,0.0463324946777627,0.184429355236823,1.977829338344585,-0.824723754663361,-0.0906073424522184,0.0109228910516131,0
500012,stable,,0.3620370370370371,0.0030010188172911,0.1028842014636246,0.3087574245943081,6.185969994816537,-0.7127321967981208,-0.0394352838173063,0.0070110796408371,0
500013,stable,,0.2617283950617284,0.0026480776287037,0.0847850013283236,0.2245172652671489,5.085934194846565,-0.671551478785712,-0.0292267215740105,0.0060775771736367,0
500014,stable,,0.3932098765432099,0.0031248896300145,0.1047479691205408,0.3273258424698658,6.586175894670943,-0.7330371745652744,-0.0484703719018764,0.0069870613349204,0
500015,stable,,0.3101851851851852,0.0027940557542772,0.0947411861808749,0.2647121564157282,6.06685674054334,-0.7103455310312328,-0.217732721191599,0.0062661532251175,0
500016,stable,,0.4858024691358024,0.0037789865206851,0.1043800712266402,0.3944508821936297,6.453928537255652,-0.7855275280705257,-0.1495783477374587,0.0087751371115173,0
500017,stable,,0.2935185185185185,0.0028604827922653,0.0878608025161061,0.2513243137119469,5.647415270613856,-0.6969457977285635,-0.2855514378084861,0.0065699879038286,0
500018,top_performer,,0.8944444444444444,0.0094568875277914,0.0588208388601747,0.5562620573910184,10.289326807917238,-0.575112357014079,0.0016343613007683,0.0139025265435893,0
500019,stable,,0.4132716049382716,0.0049521380502049,0.0461209251502458,0.2283971883471889,5.191783577837914,-0.7872599920878198,-0.1284753594651887,0.0094243077866305,0
500020,stable,,0.645679012345679,0.0059706796608622,0.0542816125402553,0.3240981199529072,9.194727717911022,-0.7234728906481067,-0.0344377197037292,0.0096151395437746,0
500021,stable,,0.3435185185185185,0.0040995120556685,0.0460568023329529,0.1888104164094834,5.713236568668226,-0.7436753494359044,0.1613819035855748,0.0084307388831762,0
500022,stable,,0.6885802469135802,0.0068223676428565,0.0545162059103908,0.3719295992143546,6.640464526292745,-0.7465835223572601,0.225060560688505,0.0115505255581929,0
500023,fatigued,12,0.7404320987654321,0.0069105054366313,0.0556883576803895,0.3848346985074042,8.705089147456153,-0.7952336463137405,0.0328240603728913,0.0122621988645734,1
500024,stable,,0.5972222222222222,0.0058947059391393,0.0853056646102075,0.5028518078200234,2.151357482608445,-0.7538422168694102,-0.1148586265118012,0.0105923286287494,0
500025,stable,,0.3759259259259259,0.0046515981702978,0.0864768268521036,0.4022554495584135,1.6872810313486946,-0.792317847438816,-0.0160006060533566,0.0094715165196861,0
500026,stable,,0.4817901234567901,0.005246676502162,0.0857106388410236,0.4496959947925003,1.853571245098207,-0.7897415301429611,-0.1686132366760638,0.0098066548501122,0
500027,stable,,0.2700617283950617,0.0046502845057656,0.0702039343078866,0.3264682679557547,1.3782703782442098,-0.782373011232669,0.0080825926382439,0.0087446696652841,0
500028,stable,,0.683641975308642,0.0064166207844683,0.0888086328430945,0.5698513193412172,2.4328943580654863,-0.7172539743206158,0.0177054628971644,0.0107992263056092,0
500029,stable,,0.2435185185185185,0.0039946885357918,0.085277420958853,0.3406567358662215,1.4724911182311624,-0.751435628893216,0.1347588122051419,0.0079403607566349,0
500030,fatigued,14,0.6953703703703704,0.0063010294847838,0.1049320677461381,0.6611800527677504,2.40967365807916,-0.7974856777654513,-0.0851309969865705,0.0116526860763623,1
500031,stable,,0.3253086419753086,0.0041804216123615,0.0903299656596824,0.3776173406876131,1.7159389441873223,-0.7862454552673461,-0.0704202235568711,0.0090000257091124,0
500032,stable,,0.4759259259259258,0.0050553605242328,0.0852672477160558,0.4310566781137342,1.977986707824744,-0.8225532723943887,-0.1896431913065841,0.0107509796965508,0
500033,stable,,0.3271604938271604,0.0037840308607636,0.0957963205669627,0.3624962333729994,2.03790345822002,-0.739548759782156,-0.0480412234887213,0.0079675225426658,0
500034,underperformer,,0.1950617283950617,0.0033918139220723,0.0841016185207949,0.2852570405676511,1.8182816302299845,-0.7169147020459166,-0.0621441420626144,0.0075121998048031,0
500035,stable,,0.6972222222222223,0.0063268945850421,0.102495870801982,0.6484805699662349,2.4511588694097983,-0.7344924796137549,0.0042874133635781,0.0110646339437686,0
500036,fatigued,11,0.6990740740740741,0.0079682430994118,0.1898304163496032,1.5126149051361992,1.6792476112788166,-0.8332122842724801,-0.1224603013783933,0.0158221468994042,1
500037,fatigued,10,0.5916666666666667,0.0056219745087228,0.1829543714591946,1.0285648126030016,1.7615166158630438,-0.832870784939646,-0.0943852463171553,0.0119264811526627,1
500038,top_performer,,0.7802469135802469,0.0094475269773889,0.195949815190796,1.8512411652294216,2.0314427869495115,-0.7648141499667394,-0.0121606429828842,0.0168704374387269,0
500039,fatigued,11,0.65,0.0071193525463195,0.1629007589530487,1.1597479330497755,1.599214387565447,-0.8496396541560501,-0.0211215787505577,0.0145222380303497,1
500040,fatigued,11,0.6895061728395063,0.0074134204714711,0.1965752517223105,1.4572949953027712,1.6974533095208426,-0.8659295506476411,-0.028212634169106,0.0152759093524121,1
500041,stable,,0.5780864197530864,0.0062463700855267,0.1856624280892436,1.1597162368229132,1.316435287900001,-0.8302316134011848,0.0231964844920946,0.0122415796326623,0
500042,stable,,0.3040123456790123,0.0048369840594473,0.0571220001824984,0.2762982043264944,1.862391222519128,-0.7461980868608302,-0.0988438681793625,0.0081133591834029,0
500043,stable,,0.7777777777777778,0.0086228352588857,0.0706304868316041,0.6090350522038237,2.8590471441043595,-0.6997979244152819,0.0588818315793844,0.0133841603510429,0
500044,stable,,0.649074074074074,0.0071947564488793,0.0592458833139859,0.4262597010428515,2.467511005844395,-0.7239713551023332,0.0408334902403815,0.0098669885696568,0
500045,stable,,0.578395061728395,0.0068680450177035,0.0674626006904487,0.4633361785533637,1.779816300722664,-0.8034877260597946,0.0789051860243694,0.0121943115364168,0
500046,stable,,0.5981481481481481,0.0069353544168107,0.0533980582524271,0.3703344591500891,2.4469275799038885,-0.5846721768910519,-0.113458687625867,0.0101361083105285,0
500047,stable,,0.7435185185185186,0.0083740587306503,0.0747757734556081,0.6261767185470675,2.3564451941460614,-0.6583913491443129,-0.1730549306336707,0.012745942648609,0
500048,stable,,0.6052469135802468,0.0043543009892872,0.1043270053018642,0.4542711823952788,7.980125027952726,-0.7526704591513502,-0.139194741781229,0.0080739360914762,0
500049,stable,,0.3657407407407407,0.0034801663729575,0.0868197059582151,0.3021470211858382,5.789343806789043,-0.7299402789012658,-0.1985083085926301,0.0068354969256328,0
500050,stable,,0.2876543209876543,0.0029555582094565,0.089172802078822,0.2635554072443049,5.087406242331003,-0.6807032656668492,-0.0147491083909232,0.0062194523568283,0
500051,stable,,0.3126543209876544,0.0031742905935509,0.0865055337733882,0.2745937021469667,5.292489391659645,-0.7141580681753701,-0.0069174148036588,0.0066556442361828,0
500052,stable,,0.2685185185185185,0.0026826425481653,0.0924122392615742,0.2479090050143325,4.750693877929218,-0.5815207591752214,-0.1092004966451253,0.0049783808447766,0
500053,stable,,0.4805555555555555,0.0038648908449641,0.1043284734523322,0.4032181619150001,5.730642006482579,-0.756344855084509,0.0028297260699199,0.0076541422299563,0
500054,fatigued,14,0.7222222222222222,0.0070509455365662,0.0555511341026661,0.3916880210523893,7.150438808452111,-0.8030628164260534,0.0212264150943397,0.0135623050742173,1
500055,top_performer,,0.854320987654321,0.0079544468219872,0.0655604653259987,0.5214972350603954,9.660271947292308,-0.7755667454809874,-0.1095083589047066,0.0146360398209882,0
500056,fatigued,13,0.7768518518518519,0.0071971437248382,0.0601989601178132,0.4332605680537061,7.852382015637678,-0.8219690265592409,0.0827929578952686,0.013458997326773,1
500057,stable,,0.4993827160493827,0.0056856371476666,0.0444625977360252,0.2527981973697044,5.679441634512126,-0.8197105425273157,-0.1514929474262686,0.0111046965179662,0
500058,stable,,0.4598765432098765,0.0047215213586624,0.0538149649834132,0.2540885065848578,7.2703720416047775,-0.8210533586280566,-0.1202829314280569,0.0107685191969519,0
500059,fatigued,13,0.6216049382716049,0.0063573049684327,0.0525110847074506,0.3338289797084671,6.013565089664496,-0.8218777293801526,-0.0338179657036833,0.0107981622898621,1
500060,stable,,0.3824074074074073,0.0040668510635389,0.0863603861279942,0.351214828172271,2.407225541094152,-0.8146374994212803,-0.0917969633159702,0.0102821896386546,0
500061,stable,,0.3148148148148148,0.0038625093888424,0.0845183144729005,0.3264527831807155,2.1707934878017023,-0.8059209439009429,0.0277629852529106,0.010477713018714,0
500062,stable,,0.4802469135802469,0.0047436013801139,0.088848912459407,0.4214638237640654,2.3493449299389786,-0.8474579900575909,-0.2167054308073223,0.0124572959887238,0
500063,stable,,0.412037037037037,0.0047667113524771,0.0781050955414012,0.3723044456035121,2.003405443334677,-0.8552961642896842,-0.0323687817782236,0.0132653007242351,0
500064,stable,,0.5638888888888888,0.0054136547943896,0.0823306888036568,0.4457099281673173,2.439404085138611,-0.8585167754338938,0.0705917890334708,0.0130915974753772,0
500065,stable,,0.4037037037037037,0.0041343651838926,0.0877474713580365,0.3627800905572831,2.4721365954941814,-0.8314685408923801,-0.0834320906231241,0.011964229395786,0
500066,stable,,0.5151234567901234,0.0052647974655153,0.1028388379542693,0.5414256534181832,1.7640644780150223,-0.8410982296289506,-0.0715323559828581,0.0115019834936847,0
500067,stable,,0.2398148148148148,0.0038768597823777,0.0920779120794518,0.356973154186137,1.4347813591993264,-0.7975024026868038,0.0531684027777779,0.0096951450587393,0
500068,stable,,0.3175925925925926,0.0042025810686106,0.1015150503904425,0.4266252289499297,1.4047334882166385,-0.8070073954854573,0.0352822008478905,0.0094889132060426,0
500069,stable,,0.5558641975308642,0.0056165182514081,0.0985029083627348,0.5532433826360842,1.8132314882693672,-0.8072346962224349,-0.1942802889576883,0.0110177740743243,0
500070,fatigued,16,0.6811728395061728,0.0064001728409817,0.1049701932054873,0.6718273796663617,2.203755520198999,-0.7974974029124502,-0.1732584414107503,0.012194516486712,1
500071,underperformer,,0.2169753086419753,0.0035765282566443,0.0914828550979243,0.3271910162562273,1.6147991130235102,-0.7547477230875936,-0.0323321456407972,0.0081328309491906,0
500072,stable,,0.5530864197530864,0.0061479348560741,0.1908978645221529,1.1736276352458637,1.0806670939235414,-0.864961728403803,-0.0814129887565027,0.0137067659854594,0
500073,stable,,0.3601851851851851,0.0041567652408613,0.1612409939714748,0.670240959142561,0.821152500920901,-0.8092260059913434,-0.0316538927128638,0.0101420601747045,0
500074,fatigued,12,0.645679012345679,0.0075384703433178,0.2232799525504152,1.683189300558723,1.2865844509643354,-0.8870154856227849,-0.025541773463351,0.0170592425707881,1
500075,stable,,0.5635802469135802,0.0064486253886917,0.1776559325336079,1.1456365569879254,1.0444223763637257,-0.8560168460368685,-0.0616378428789422,0.013111408643749,0
500076,stable,,0.5188271604938272,0.0056173154454298,0.2412562814070351,1.3552126358547034,0.8868538675813281,-0.8024473623547645,-0.023866165137384,0.0129323711234829,0
500077,stable,,0.5580246913580247,0.006062972234343,0.2026847421584263,1.228871964031522,1.1582750687956958,-0.8698110617431237,-0.0666989004971115,0.0139386219126347,0
500078,underperformer,,0.1854938271604938,0.003070978016855,0.0511007384701128,0.1569292444867772,2.3402753971769106,-0.7481275437728885,0.0352857050138291,0.0079898240224638,0
500079,underperformer,,0.1935185185185185,0.0034129046469926,0.047339634664401,0.1615656591330674,2.257436047448962,-0.7283954391944827,-0.0667376851449799,0.0078563288012958,0
500080,stable,,0.4435185185185185,0.0052132897948488,0.0546413441309547,0.2848611617347323,2.9140685983842083,-0.8409377999993689,-0.0721201524087895,0.011408411934228,0
500081,stable,,0.3290123456790123,0.0041514580523222,0.0577176160932506,0.2396122620911703,3.075088705372562,-0.8154636658679933,-0.2307895336700538,0.0104839478176881,0
500082,stable,,0.4302469135802469,0.0047698315021454,0.0673294959009244,0.3211503505717994,2.707077403785389,-0.851031845075714,-0.1010976999005683,0.0122922685028696,0
500083,stable,,0.3854938271604938,0.0045668093708471,0.0583538083538083,0.266490718814791,3.472076565402454,-0.8284095033897069,-0.1399912376885893,0.0110455207402378,0
500084,stable,,0.719753086419753,0.0051363200083011,0.1030068123091378,0.5290759510547434,9.254314865350988,-0.6832101782442086,0.0752887392849284,0.0087202835926148,0
500085,stable,,0.587037037037037,0.0042285870147603,0.1062795585916973,0.4494123613953115,7.583132408734466,-0.7476582472556823,0.1690891272758676,0.0074602936018838,0
500086,stable,,0.4450617283950617,0.0039417605291675,0.0928185221128518,0.3658683868401048,5.1322460689446325,-0.7474151581477502,-0.0618213069459616,0.0075542450811828,0
500087,fatigued,13,0.6768518518518519,0.0050548231449311,0.1022249621700386,0.516729104766826,7.154073706069809,-0.7939891687354652,-0.1200539359278375,0.0092587436923612,1
500088,stable,,0.5984567901234569,0.004251126353981,0.1059387090830928,0.4503588380898624,8.044623611234359,-0.765251759003138,-0.1564052723592197,0.0080532418269982,0
500089,stable,,0.5373456790123458,0.0042177872735316,0.1026086161999177,0.4327813155627082,6.018475622423272,-0.7364826262632551,-0.0258444629564937,0.0071838221590849,0
500090,top_performer,,0.8975308641975309,0.0088836750921124,0.0667349511503309,0.5928516233075382,9.894449070578972,-0.6963291857420542,-0.0261119336360965,0.0149773936313705,0
500091,top_performer,,0.8478395061728395,0.0084834712640799,0.060078711105645,0.5096760192477036,8.432853323948484,-0.730473606228234,0.0317292257249222,0.0132367585188863,0
500092,stable,,0.6858024691358025,0.0059166726473679,0.0625520275894874,0.3700998706761288,9.316727564056889,-0.7896601702629136,-0.2680422614513298,0.0099077418214225,0
500093,stable,,0.7404320987654321,0.0065607000253478,0.0595068016646996,0.3904062751899664,9.842602391369589,-0.7650609261169845,-0.0663055434873035,0.0110804444309645,0
500094,top_performer,,0.9209876543209876,0.0095038208045784,0.0702203997949769,0.6673620964773163,10.86979608380635,-0.670936566367577,0.069630303602544,0.0158330948831091,0
500095,stable,,0.7632716049382716,0.0072886053268359,0.0528431935669155,0.3851531821188448,9.768010297216604,-0.5392995192242158,-0.0753424657534247,0.0108328872499454,0
500096,stable,,0.2916666666666667,0.0034410375063595,0.090877126551808,0.3127116009349518,2.3503444487221747,-0.6705164140067601,-0.1372358966564003,0.0080022889093297,0
500097,stable,,0.362962962962963,0.0041220366472642,0.0756635607113951,0.3118879701148707,2.55851435046144,-0.8131152001934173,-0.076149549682719,0.0106851530012054,0
500098,stable,,0.5608024691358025,0.0050837304808614,0.0889313944645449,0.4521032407449171,2.7421905260314547,-0.858040867794128,-0.1895858194633448,0.0140615434511246,0
500099,stable,,0.407716049382716,0.0045229271955911,0.0811637931034482,0.3670979271249204,2.190700643398236,-0.8343697902764547,-0.1131924821482165,0.0120248212108529,0
500100,underperformer,,0.0848765432098765,0.002963307994735,0.0656475232979846,0.1945338306234748,1.5819462119856738,-0.7091883422249937,-0.1085487942891965,0.0075395485800359,0
500101,stable,,0.337037037037037,0.0040921886591025,0.0783253072981946,0.3205219342463919,2.2273522888740733,-0.8015796177833312,-0.0944352993796835,0.0103074232867059,0
500102,stable,,0.475,0.0051373905363829,0.1085316617084573,0.5575695317589477,1.5453653059383363,-0.8172440006045115,-0.0001270501270501,0.010549684426831,0
500103,underperformer,,0.191358024691358,0.0036123815994044,0.0879936739445591,0.3178667286213201,1.4939672792130436,-0.7786772416821143,0.0146109916190759,0.0085825716486876,0
500104,stable,,0.4858024691358024,0.0045874955003362,0.1080720786981704,0.495780174739842,2.090932548306793,-0.8029156726188783,-0.1018997821532955,0.0094819946486698,0
500105,stable,,0.5509259259259259,0.0055300834805832,0.0994844205335126,0.5501571505677726,1.847842274068944,-0.7939047597265427,0.0621478135332744,0.0107496803069053,0
500106,stable,,0.579320987654321,0.0059109876964614,0.1075850587868067,0.6359339588118983,1.7124983774732303,-0.8267397790217412,-0.0296714358282353,0.0110091692095496,0
500107,stable,,0.4981481481481482,0.0054204783839371,0.0910570336449305,0.4935726825777869,1.6991287700119309,-0.82457592590452,-0.1460183514882398,0.010577622602585,0
500108,stable,,0.3802469135802469,0.0040489612857009,0.1733266733266733,0.7017929900790336,1.2016122548344184,-0.8245769417266171,-0.04569454979928,0.0102872314043558,0
500109,stable,,0.5509259259259259,0.0060944750643942,0.1670453762996626,1.0180538804806425,1.1981818901365635,-0.8760184383160037,-0.0622412008281573,0.0144600996075688,0
500110,stable,,0.441358024691358,0.004901901382942,0.1766790766939687,0.8660634103830958,1.0410351395649533,-0.856493313521555,-0.1231226828297993,0.0131257192845671,0
500111,stable,,0.4972222222222222,0.0053795765000896,0.2181884934346924,1.1737616918712326,1.0348318977675073,-0.8171069073334485,0.0376151975393019,0.0128681677532866,0
500112,fatigued,13,0.650925925925926,0.0072389393833539,0.2283342712436691,1.652897948675227,1.4348041166125531,-0.8946835026187515,-0.1040497590052856,0.0183064437736285,1
500113,fatigued,12,0.5830246913580247,0.0064700603061367,0.1980147330697687,1.2811672644649803,1.1456034471882637,-0.8847901600255557,-0.1513943057774639,0.0157797508729367,1
500114,fatigued,13,0.616358024691358,0.006830490695359,0.0698368940960257,0.4770202553156767,1.9889263800876011,-0.8364245215011237,0.0085946374606169,0.0144983178567477,1
500115,stable,,0.5558641975308642,0.0056767901661634,0.0697293981323699,0.395839161610334,2.4955163996748744,-0.8071388409460851,-0.0599890344658083,0.0104539142035451,0
500116,stable,,0.575925925925926,0.0065164210121864,0.0642570281124498,0.4187258481726245,2.08853790236587,-0.8315308407426095,0.0843837535014004,0.0129691341718651,0
500117,stable,,0.3052469135802469,0.0049700108238887,0.0542708090010122,0.2697265081562277,1.820426118118708,-0.8214052170607664,-0.0425035317240956,0.010166020845477,0
500118,fatigued,15,0.6901234567901234,0.0066250112600624,0.0727235269880511,0.4817941851672904,3.033275687332677,-0.7943636432651946,-0.0531569927501837,0.0110493193798176,1
500119,stable,,0.6796296296296296,0.0078356463702186,0.0606153846153846,0.474960718440944,2.347871612598087,-0.7566811643612659,-0.3667975014531939,0.0126404396513078,0
500120,stable,,0.3006172839506173,0.0025086689373748,0.0913145590485014,0.2290779978150564,6.717705951976957,-0.6157145272590581,-0.051304120635241,0.0054301075808882,0
500121,stable,,0.2546296296296296,0.0022764259440779,0.0750845871427543,0.170924502172145,5.602640212770087,-0.6330031998015992,0.0692886394197467,0.005679007221437,0
500122,stable,,0.2944444444444444,0.0025540221654392,0.0812080033971973,0.2074070406875068,6.795763631962036,-0.6862078537025764,-0.0276468824158343,0.0063799263101527,0
500123,stable,,0.2691358024691357,0.002513931731544,0.0739748479213288,0.1859677175255755,6.066732990588764,-0.6660142016272415,-0.0147106285628695,0.0061690027798441,0
500124,stable,,0.3327160493827161,0.0027165188396466,0.091076687875177,0.2474115384655317,7.413085775008813,-0.7198134058992616,-0.0768157805735262,0.007425101506297,0
500125,stable,,0.3225308641975309,0.0029895664816719,0.0889522753083485,0.2659287407302949,6.303279137829585,-0.7498312820918899,-0.1340309626663233,0.0080529184270649,0
500126,top_performer,,0.7907407407407407,0.0067955630055986,0.0649768238192675,0.4415541001675124,10.422594070375231,-0.7266066161352949,-0.1373190541561663,0.0120033005550292,0
500127,fatigued,13,0.5916666666666667,0.0059311041502933,0.0545881432205047,0.3237679628119422,6.155751719796082,-0.8209709648828164,-0.3391304347826086,0.0114313536952088,1
500128,fatigued,10,0.7175925925925926,0.006612561785789,0.0641991796241533,0.4245210418616856,6.647550559046208,-0.8239587268955324,0.338438748087982,0.0112413034883156,1
500129,top_performer,,0.8969135802469136,0.0091992735453966,0.0656998158379373,0.6043905777753683,9.33692948459687,-0.6975265950137368,0.0922013753519599,0.0150948007512026,0
500130,stable,,0.5108024691358025,0.0052876461207723,0.0528838598145528,0.2796311361998918,6.561437789538839,-0.8131559140225995,0.0486053814420295,0.0098822647169103,0
500131,stable,,0.5555555555555556,0.0059835629106659,0.0501479776389345,0.3000635790452321,5.560026288791998,-0.8378241209536075,0.036532285576482,0.0117637106445657,0
500132,stable,,0.4768518518518518,0.0053415098304103,0.0925338795207766,0.4942706271062328,1.6148164348377885,-0.7861376513571795,-0.2020570319113696,0.009652515290694,0
500133,stable,,0.5611111111111111,0.005612393944514,0.0936919700635867,0.5258362454344624,1.9173793277957256,-0.7778386992204308,-0.0533149166236923,0.0107262944353855,0
500134,stable,,0.4833333333333333,0.0058206510801601,0.0772975658221559,0.4499221599964839,1.590773145765426,-0.7673117646231244,-0.1809355546431429,0.0104332401530644,0
500135,fatigued,13,0.6521604938271605,0.0067851711377783,0.089404545847377,0.6066251440698067,1.9178122283910104,-0.7966233986795399,-0.0477472194718677,0.0122890698430266,1
500136,stable,,0.7373456790123457,0.0072070391472368,0.0997462988535277,0.7188754806293609,2.4131806635973967,-0.7504140204505219,-0.080392863941609,0.0114281556958403,0
500137,stable,,0.4518518518518519,0.0054765330261219,0.0793347873500545,0.4344795830429337,1.5998142006963627,-0.7813005948126757,-0.0990308947828622,0.0102902267850721,0
500138,underperformer,,0.1388888888888888,0.0032442300786687,0.0869242361368947,0.2820022214406147,1.5232494766872764,-0.7824542021317752,-0.0252663589824588,0.0091255844165653,0
500139,stable,,0.4126543209876543,0.0043928391887843,0.0970142019291357,0.4261677881029455,1.9724866596207489,-0.8285553902936893,-0.0920798454603992,0.0114937692330436,0
500140,underperformer,,0.1567901234567901,0.0033965209731507,0.0824260476581758,0.2799617996049137,1.6053414634568826,-0.7510368665706558,-0.0643595649173853,0.0091068901349322,0
500141,stable,,0.3302469135802469,0.0040856754964205,0.0950387083170165,0.3882973217822982,1.759381214696151,-0.8208425932248009,-0.1405171834072236,0.0114534890003998,0
500142,underperformer,,0.1037037037037037,0.0033042375991015,0.0763225198546237,0.2521877397618227,1.3934895674305263,-0.6961390203459615,-0.0771547597038921,0.0077157278316658,0
500143,underperformer,,0.15,0.0033894283343084,0.0825004199563245,0.2796292609923159,1.5777174944778092,-0.7622869961689996,-0.1317301289108647,0.0085604182946911,0
500144,stable,,0.5317901234567901,0.0055831473748596,0.1739367282705189,0.971114387835218,1.3586099464292778,-0.8210815163331886,-0.0715223118122488,0.0121710904716891,0
500145,fatigued,10,0.6024691358024691,0.0057922003696612,0.1844048804204385,1.0681100165386077,1.741360444895807,-0.8403868909737482,-0.0689316980713327,0.0116609143551627,1
500146,stable,,0.7737654320987654,0.0100422697344302,0.1739831462383256,1.747185683770084,1.9752103169377488,-0.7232907738748361,-0.032492889120694,0.0170641227402973,0
500147,top_performer,,0.858641975308642,0.0115776295839638,0.2073863636363636,2.401042498947052,2.7024443874158663,-0.6781732152976183,-0.0192969096463346,0.0186017906640858,0
500148,fatigued,11,0.7419753086419753,0.0088181726224772,0.2054207068466527,1.81143525320508,1.8293660060704056,-0.8626302959637626,-0.1417152978193048,0.016640864853128,1
500149,top_performer,,0.8040123456790124,0.0101587473414755,0.1891747892312031,1.9217788871766788,2.17380448726829,-0.737095060992136,0.0533123080464366,0.0176802738189623,0
500150,stable,,0.5935185185185186,0.0069303342224583,0.0617892003223784,0.4282198095725125,1.998870164731189,-0.7295324730455688,-0.2164084418949589,0.0122301235834262,0
500151,stable,,0.520679012345679,0.006243808020697,0.0640348863897177,0.3998215372445465,1.879729239976661,-0.8031034763959781,-0.192201459355363,0.0118238298819678,0
500152,stable,,0.3910493827160494,0.0051981746255685,0.0699031046074747,0.3633685446190361,1.6838886975283769,-0.8441714120792018,0.1390391345847916,0.0116827438370846,0
500153,stable,,0.5018518518518519,0.0056223905898888,0.0726380368098159,0.4083994146275057,1.927535237814821,-0.856942686904191,-0.0504834578999634,0.0129815443104983,0
500154,stable,,0.304320987654321,0.0047644672103395,0.0590764250670173,0.2814676901358829,1.862236325402036,-0.8046141701962497,-0.0463343692183817,0.0091156348138178,0
500155,stable,,0.6126543209876544,0.0069009819754354,0.0648895497026338,0.4478016128919959,2.088866582123336,-0.7287313095719402,-0.1130948392716326,0.010571147304254,0
500156,stable,,0.5401234567901235,0.0038449726415408,0.1051815544663399,0.4044201993178125,8.540124413390695,-0.7437816884348316,0.0667814090709189,0.006953818320738,0
500157,fatigued,13,0.6253086419753086,0.0044007772615155,0.1026476578411405,0.4517294785751161,9.772059222348004,-0.7933473309835111,-0.0489023379527012,0.0086104058745667,1
500158,stable,,0.6296296296296297,0.0044203374747138,0.1090988435522583,0.4822537066019889,8.119812120546076,-0.7744620807255728,-0.2282489113475028,0.0082988369800906,0
500159,stable,,0.6962962962962963,0.0051103556959804,0.0969873446074588,0.4956398289527491,8.509122590500082,-0.7750147364093131,-0.1398160009316408,0.0091984714124736,0
500160,stable,,0.3675925925925926,0.0031758424390636,0.0931147540983606,0.29571778776855,6.751417742240131,-0.642782807867137,-0.0195481759684492,0.0062364741859075,0
500161,stable,,0.382716049382716,0.0032996582132673,0.0908778757010415,0.2998659289612327,7.091985114722904,-0.7155979426204266,-0.0292696997937585,0.006550683202421,0
500162,stable,,0.5006172839506173,0.0051319311721005,0.0589183643558551,0.3023649906469933,5.89271478887092,-0.847218011723406,-0.1036327885762175,0.0121062942683478,0
500163,stable,,0.4925925925925926,0.0051605561750786,0.0444321788326203,0.229294754846878,7.6083507539602975,-0.8231760880095822,-0.1781763210334638,0.0105240345021888,0
500164,fatigued,12,0.6311728395061728,0.005776558955043,0.0571020019065776,0.3298530804643274,8.268724254821741,-0.8083641746262098,-0.0089274854654698,0.0118549406497554,1
500165,stable,,0.7469135802469137,0.0078536079737023,0.0462330683980745,0.3630963946198433,8.757660212614828,-0.6891239099484956,0.1458393061926604,0.0128139791828896,0
500166,fatigued,15,0.7154320987654321,0.0068115426152491,0.0555144337527757,0.3781389312684594,7.364208388108953,-0.8544178118061936,-0.055096059915337,0.0129464229791178,1
500167,stable,,0.4564814814814815,0.0045720038982077,0.0518774703557312,0.237183996695559,8.039853047661111,-0.7844307669934878,-0.2449944382647386,0.0088366696568196,0
500168,stable,,0.3018518518518518,0.0045250288797126,0.0885703215807826,0.4007832630384736,1.1495130554741004,-0.848181877139476,0.0532516054544216,0.0127314646984614,0
500169,underperformer,,0.1228395061728395,0.0034941713780557,0.0879783122378326,0.3074113005110913,0.8848625453832959,-0.7213294082531501,0.0284158092479422,0.0092297938619785,0
500170,underperformer,,0.0910493827160493,0.0033344841898701,0.0818775301798023,0.2730193298901684,1.100058716409841,-0.780698882246179,0.0367870137139658,0.0084847922848664,0
500171,underperformer,,0.1345679012345678,0.0035517807638074,0.0823926644377503,0.2926406806288447,1.1817875687850494,-0.8209322844177501,-0.0743618859361459,0.0107252463975994,0
500172,underperformer,,0.2166666666666666,0.0037936978006163,0.0927802406586447,0.3519801949273527,1.2711869521266164,-0.7943931495127032,-0.0435283159392517,0.00906899822596,0
500173,underperformer,,0.1382716049382716,0.0035401503305655,0.0842274678111588,0.298177898014375,1.1846425457636764,-0.7741654819618486,-0.1289554385125538,0.0081008140842264,0
500174,stable,,0.4052469135802468,0.0048090441551833,0.0925830499158335,0.4452359750667853,1.625960376142718,-0.8100208971175856,-0.0950181406371242,0.0095585700408794,0
500175,stable,,0.3429012345679012,0.0044949340569677,0.0896264662954754,0.402865055757204,1.5624832685964811,-0.8092250981288728,-0.0609511678873133,0.0095891846573045,0
500176,stable,,0.5765432098765432,0.0055935270032109,0.0937870993272655,0.5246006726398835,2.0461741192468987,-0.820567937635804,-0.0463509800878388,0.0103884548441731,0
500177,stable,,0.2632716049382715,0.0038989615746612,0.0888382687927107,0.3463769963822036,1.6287986674798436,-0.7448635120259652,-0.1224795483350617,0.0073266520022065,0
500178,stable,,0.5179012345679012,0.0048014990463337,0.0996063284557676,0.4782596910891767,2.33959209260014,-0.7947450311812181,-0.1168443107036392,0.0098143929491727,0
500179,stable,,0.4052469135802468,0.0043407819199377,0.0950994662785055,0.412806043817466,1.9918976878777224,-0.7897187901680192,-0.2204246987951807,0.0086984118759553,0
500180,fatigued,10,0.6003086419753086,0.0063053217077727,0.1888114198856689,1.1905167444804996,1.4669541602767808,-0.8400617428698753,-0.0337174691549527,0.0158423550506037,1
500181,fatigued,14,0.8444444444444444,0.0097601038718554,0.2124959533829718,2.073982577366754,2.626345336017448,-0.8409725578394248,-0.1496787586629673,0.0190612102885559,1
500182,fatigued,15,0.7984567901234568,0.0090871496525124,0.1833027436585251,1.6656994633411406,2.277770349421023,-0.8193031597493955,-0.094253887347681,0.0177329664940527,1
500183,fatigued,11,0.6950617283950616,0.0068050202349895,0.1700954719723356,1.1575031286518345,1.9630406126159268,-0.8912190766970777,-0.0446265982699579,0.0169695820580189,1
500184,fatigued,12,0.6759259259259259,0.0067481719980201,0.1656536280354806,1.1178591740794834,1.8718528115594173,-0.8806570275872815,-0.0525002388567417,0.0160611049847303,1
500185,fatigued,13,0.8052469135802469,0.0090199201844102,0.2008970285927864,1.812075163192118,2.2948131572418267,-0.8843582622473785,-0.1266344578480401,0.0190229431424387,1
500186,underperformer,,0.187037037037037,0.0040943911960822,0.0514673991614861,0.2107276660120396,1.7083718243147863,-0.7880662901015048,-0.0486531858069438,0.0087786097019233,0
500187,underperformer,,0.1348765432098765,0.003512191381974,0.0630541072406727,0.2214580920487567,1.6370076751253837,-0.6685618505939639,-0.0938552413840747,0.0077890016561661,0
500188,underperformer,,0.0790123456790123,0.0035013137511735,0.0465108053620061,0.1628489223921478,1.3477811020098158,-0.7005242906947841,-0.0039643638829803,0.0068242353924559,0
500189,stable,,0.5780864197530864,0.0061756442211947,0.0699174300620301,0.4317851729233657,2.1585557543205,-0.8144853889138464,-0.0563939970407947,0.0116861645179997,0
500190,stable,,0.3641975308641975,0.0048834909678355,0.0588669647618656,0.2874762907184623,2.203762001226317,-0.7992695993912613,0.0143177461317267,0.0095458599163065,0
500191,stable,,0.2626543209876543,0.0044472555352183,0.0568488797076116,0.2528214949506371,1.8922461791672385,-0.7759739909887755,-0.1751649692106462,0.0084817559878954,0
500192,stable,,0.571604938271605,0.0045660679996829,0.0998600093327111,0.4559675930621334,5.747555354173752,-0.7816330101874439,-0.1799773490588142,0.0086250941418239,0
500193,stable,,0.5768518518518518,0.004541711243118,0.1013911813251591,0.4604894681775004,5.852506536677107,-0.794193958091265,0.0970917225950782,0.0091569415524671,0
500194,stable,,0.4314814814814814,0.0035701502647673,0.0981763205140319,0.3505042166770514,6.131447730346502,-0.7266648240102863,-0.0936958115089652,0.0066503122068527,0
500195,stable,,0.4712962962962962,0.0039882900187912,0.1002865329512893,0.3999717783888044,4.955404551508257,-0.7610730159448996,0.0054411764705881,0.0080898583604144,0
500196,stable,,0.6432098765432098,0.0044515901746349,0.1146487822096717,0.5103693924184376,8.033855622946845,-0.7347049779553516,-0.0347661300320564,0.008049782121412,0
500197,stable,,0.5845679012345678,0.0040797101839341,0.1155825306768703,0.4715432274873098,7.408223797622045,-0.7647832028834977,-0.1033349021717205,0.0072263883953895,0
500198,fatigued,12,0.6030864197530864,0.0057083572732062,0.063252002235053,0.3610650270033261,5.971331765849122,-0.8347016961371588,-0.1905159203132981,0.0110469480515642,1
500199,stable,,0.55,0.0052557674929647,0.0564894082359557,0.2968951955033515,7.658294930468276,-0.8221853059847245,-0.0427490148877752,0.0107465106648546,0
500200,stable,,0.3067901234567901,0.0038277774950816,0.0485191833071572,0.1857206379428766,5.243861078977811,-0.7412678598995395,0.0590282736563121,0.0079833979696887,0
500201,stable,,0.5567901234567901,0.0051856889661816,0.0590752015797268,0.3063456210069469,7.7845316615612,-0.7725632217594762,-0.036469113819248,0.0096649935800163,0
500202,stable,,0.4799382716049383,0.0050192365894808,0.053254175712197,0.2672953072773038,6.705524836953856,-0.8204415256740907,0.0969282838611331,0.0102752260657384,0
500203,stable,,0.5015432098765432,0.0049498961935623,0.0578891095158087,0.2865450828410151,7.176573388942586,-0.818088857167751,-0.1175670244856654,0.0103811765677589,0
500204,top_performer,,0.7975308641975308,0.0082504917899474,0.101885579601457,0.8406061380158601,2.922165304106543,-0.6242044342163808,0.0372540742763967,0.012695234860038,0
500205,stable,,0.5351851851851852,0.0060468311712467,0.0910701344713745,0.5506857278911366,1.5229695308348068,-0.8604722764164626,-0.3503566196003929,0.0133433060521937,0
500206,stable,,0.4160493827160494,0.0046917165889135,0.0979226774379688,0.4594254501665519,1.6895629558401266,-0.7910090732062605,-0.305125,0.0089266471975387,0
500207,fatigued,14,0.6503086419753087,0.0062861327438333,0.0975064113057238,0.6129382448425894,2.083185519876788,-0.8296758764729393,0.0128155436294972,0.0126275510204081,1
500208,stable,,0.3089506172839506,0.004590900957323,0.0803181199398151,0.3687325337220868,1.4280300948962,-0.8081917844224107,0.0863325276146043,0.0102618564149838,0
500209,stable,,0.4320987654320987,0.0048638216076762,0.1011751448808757,0.4920978558313791,1.6127197199779548,-0.8144697601575661,-0.0100052821551193,0.0102087037903603,0
500210,stable,,0.4459876543209876,0.0048614889868544,0.087980524259752,0.4277163497464665,1.916458828447153,-0.7784449447725091,-0.1593878228761518,0.0088223097376074,0
500211,stable,,0.5518518518518518,0.005755983544115,0.094074204325655,0.5414895720241859,1.7690147659480944,-0.7973177726816582,-0.1468230694037146,0.0107927986300735,0
500212,stable,,0.4987654320987655,0.0049118457833814,0.1003627569528416,0.4929663845473502,1.9976412605716063,-0.769073371450321,-0.1510723994938675,0.0090416281447149,0
500213,stable,,0.5373456790123456,0.005550433814101,0.0978036339108806,0.5428525968009135,1.7616765693488856,-0.8155935932529729,-0.2849863286104896,0.010767650525,0
500214,stable,,0.7271604938271605,0.0073548153538696,0.1093671521848317,0.8043752100980026,2.202904368453443,-0.781162006283417,-0.166147837116642,0.0124100158995214,0
500215,fatigued,15,0.6123456790123457,0.0062492030623003,0.1068676392187272,0.6678375782664754,1.7694353432542365,-0.845131318169002,-0.0030926739676541,0.0113359904756975,1
500216,stable,,0.712037037037037,0.0108022462855602,0.2126297092642797,2.296878487099814,1.498903288074516,-0.7007061500129903,-0.1794040298565185,0.0170612755082111,0
500217,top_performer,,0.7944444444444444,0.0128112288448645,0.2097512153274235,2.687170820048089,1.9830225348945536,-0.5800913014889706,-0.1183726198060451,0.0187653712746387,0
500218,stable,,0.6509259259259259,0.0078764613725952,0.1864278394154079,1.4683916759318532,1.3375007857187755,-0.7778998520630708,0.0340846743147955,0.0128128383386747,0
500219,top_performer,,0.8018518518518518,0.0142221655941644,0.2114909955206143,3.0078599599688745,2.0286845482994096,-0.566442706876374,-0.0537619483601284,0.0198020277506952,0
500220,fatigued,12,0.5901234567901235,0.006522143387819,0.1591949594306695,1.0382923520248624,1.3556886945302284,-0.8182874858497207,-0.0380331307980161,0.0120740867815349,1
500221,stable,,0.7185185185185184,0.0101051216767016,0.2063260340632603,2.0849496792805398,1.5824358187158765,-0.7108094587422065,-0.0241946047091845,0.0163399284155517,0
500222,underperformer,,0.0453703703703703,0.0030895486921612,0.0527517464644743,0.1629790892985382,1.19447145739005,-0.7387095006300697,-0.1936890391532927,0.007516149564605,0
500223,underperformer,,0.0635802469135802,0.0030408725967931,0.0612237998647735,0.1861737752803375,1.3854519455908094,-0.7384004273258773,-0.2823657007937499,0.0082512430184353,0
500224,stable,,0.266358024691358,0.004375204724769,0.0640335772707705,0.2801600098189413,1.83458872671126,-0.7977372037720825,-0.0202188135686403,0.0093935096103176,0
500225,stable,,0.2932098765432099,0.005002630246922,0.0598754346413969,0.2995346603846583,1.5622892230490972,-0.823411466143785,-0.0700022107889115,0.0110720500811716,0
500226,stable,,0.5092592592592592,0.0057236136932194,0.0752115429996966,0.4304818174012289,1.8604139211017277,-0.8510460326013433,-0.0853844437334825,0.0125958459684818,0
500227,underperformer,,0.0265432098765432,0.0028842823320388,0.0537816709051521,0.1551215231792577,1.1161954704388195,-0.7064463349511898,0.0151524621142491,0.0069585909650169,0
500228,stable,,0.2725308641975308,0.0025740501649354,0.100748020406247,0.2593304585436214,4.664075678455785,-0.6833772763761673,-0.0518343652884505,0.0062650201012885,0
500229,stable,,0.3540123456790123,0.0031775047301102,0.1051918556002709,0.3342476187389344,4.057664376405147,-0.7555440806499363,-0.1521287366121383,0.0082910386089972,0
500230,stable,,0.3709876543209876,0.0033819550406124,0.0984406993227279,0.3329220192759186,4.947479651618547,-0.7498967607503351,-0.0790588399636255,0.0075908086314579,0
500231,stable,,0.2330246913580247,0.0023529591999037,0.0832296055151283,0.1958358660011814,3.97950896776251,-0.503825034734507,-0.1686193600904073,0.0044783390635738,0
500232,stable,,0.3382716049382716,0.0031343189146581,0.0948338207087381,0.2972394379967008,5.569657959506507,-0.7541686650688685,-0.0936197871662231,0.0074527914442088,0
500233,stable,,0.3083333333333333,0.0029851332376097,0.0950485546522132,0.283732599679088,5.143403715244662,-0.7367068108974122,-0.1560594692637728,0.0073437042054124,0
500234,stable,,0.5351851851851852,0.0056166980251511,0.0502306509482316,0.2821303979829915,6.3151350412941065,-0.8304009164508035,-0.1958826879442669,0.0118451419866268,0
500235,fatigued,15,0.7805555555555556,0.0070795396747597,0.0630148910373985,0.4461164211999277,7.86742745913762,-0.8204929242903559,0.0942444450648725,0.012197817917008,1
500236,stable,,0.5530864197530864,0.0056824856016047,0.0523518652724574,0.2974887206278914,6.360943402823702,-0.8378505725939893,-0.1376581444385872,0.0116381642489609,0
500237,stable,,0.7049382716049383,0.0071084094010315,0.0487266112266112,0.3463687013236518,7.683603695178304,-0.7821810826125757,-0.0351526400625215,0.0135122415470052,0
500238,stable,,0.4104938271604939,0.0049402831480966,0.047329089399391,0.2338191027745713,4.904972209628186,-0.8485629257207562,-0.0693929745811369,0.0123191046123868,0
500239,stable,,0.4574074074074074,0.0048877574775337,0.0507880910683012,0.2482398718887563,6.854440875476209,-0.8192800496122605,0.0563985714285713,0.0103684199269481,0
500240,underperformer,,0.2141975308641975,0.0039082543999872,0.0853445118228806,0.3335480638465392,1.336915780778827,-0.7988766985069181,-0.0266904814147502,0.0098105271420768,0
500241,stable,,0.5484567901234568,0.005863113411519,0.0961553006428841,0.5637694327879375,1.6443111113909288,-0.8500857583313636,-0.1275654744110816,0.0126071666849323,0
500242,fatigued,11,0.6746913580246914,0.0070912457745587,0.1131808467625483,0.8025932013659034,1.875738388341876,-0.8920128027627704,-0.0468831035284439,0.0166441330865969,1
500243,underperformer,,0.0543209876543209,0.0029940420698718,0.0825010490977759,0.2470116118073058,1.017666193836778,-0.7299241702187779,-0.013078077211326,0.0081901477634982,0
500244,underperformer,,0.1274691358024691,0.0034484640553691,0.0865992414664981,0.2986343714194555,1.1549417133828677,-0.7112593978790671,0.0435536433150867,0.0073814589870315,0
500245,stable,,0.4962962962962963,0.0056180385649556,0.0935804914862506,0.525738810097259,1.5052569698269818,-0.8476251567318749,-0.0642393505189034,0.0127238454288407,0
500246,stable,,0.4003086419753086,0.0047619828207986,0.0866137360501915,0.4124531231161996,1.7367365002082449,-0.8136456043673344,-0.1504297149595228,0.0097858745460954,0
500247,fatigued,14,0.6237654320987653,0.0058159217313885,0.0949816314156293,0.5524057342328924,2.2557090500106654,-0.7998842741128749,-0.0732340483672633,0.0105420933674693,1
500248,stable,,0.7793209876543209,0.0072229468773501,0.1175113122171945,0.8487779656324997,2.9898556284582227,-0.7062099064108636,-0.0447746310331073,0.012683860753668,0
500249,stable,,0.4469135802469136,0.0044159455227376,0.0981356702906039,0.4333617738406477,2.17426775314214,-0.7940602383332408,-0.1525414442478984,0.0088563934058958,0
500250,stable,,0.4969135802469136,0.0050980651183897,0.0922004132231405,0.4700437105540174,1.9670414307473876,-0.8168938817377149,0.1435257054150305,0.0098226451416658,0
500251,underperformer,,0.2114197530864197,0.0034300565356321,0.0939064064064064,0.3221042830320249,1.684409654240029,-0.6497357581323469,-0.0714860059900559,0.0064388446279179,0
500252,fatigued,10,0.7191358024691358,0.0074793282048618,0.1890997518112762,1.414339107254455,1.8983666102681436,-0.8952256947587206,-0.0188488147884946,0.0174173679891605,1
500253,stable,,0.5030864197530864,0.0045980892790121,0.1707837185773212,0.78527878542021,1.7898034268527854,-0.8175061877354981,-0.0967746596423722,0.0127337975762277,0
500254,fatigued,10,0.7691358024691358,0.0078774023731061,0.1894144515339156,1.492093850013873,2.195094784916809,-0.9003128653642095,-0.0353130269645385,0.0195804220562541,1
500255,fatigued,10,0.6660493827160494,0.0064679701012347,0.1610122687285494,1.041422540068231,1.9030192431994128,-0.8690454973274042,-0.0851568809845991,0.014620529098248,1
500256,stable,,0.5212962962962963,0.0053435678800578,0.1760022586109542,0.940480015931134,1.4577996545518466,-0.7971319314417611,-0.0623429636957828,0.0123064936687481,0
500257,stable,,0.4219135802469135,0.0040697537632634,0.1681088445393622,0.68416160270194,1.5953955269261444,-0.7933298250215056,-0.0840792238812561,0.0106558178175243,0
500258,stable,,0.466358024691358,0.0062540851020765,0.052836261231058,0.330442474214584,1.8822311411936503,-0.8340337821703309,-0.1671139738772589,0.0120821772513815,0
500259,stable,,0.5429012345679013,0.0056654963293967,0.0655213331269669,0.3712108723280125,2.5867450674257624,-0.7926596172539033,-0.1998198218876238,0.0107339439129299,0
500260,stable,,0.3999999999999999,0.0053584998929715,0.0550393812196387,0.2949285183746532,2.1035621637538973,-0.7745958605428407,-0.0584298590695259,0.0099384493760234,0
500261,stable,,0.5783950617283952,0.0063877417707447,0.0686038422432707,0.4382236287309256,2.0133340356372607,-0.8379121649682929,0.0207927040749607,0.01215032030742,0
500262,stable,,0.5203703703703704,0.0058975725976728,0.0640960163432073,0.3780109096056939,2.1403006073840323,-0.8433552553924706,-0.0001525524515799,0.0123817927496715,0
500263,underperformer,,0.2089506172839506,0.0044539587212788,0.0596514304505097,0.2656850088918064,1.505380296576912,-0.820756223599584,-0.1199566757454736,0.0099915459952242,0
500264,stable,,0.5287037037037038,0.0042805866309304,0.0937757625721352,0.4014152755715867,6.372480171667206,-0.6988975090381058,-0.0569274475524476,0.0071751328268533,0
500265,stable,,0.7058641975308642,0.0055595864320696,0.0969894705620643,0.5392213445904721,6.152379971102259,-0.7730141227713335,-0.0576776859504133,0.009331236007593,0
500266,stable,,0.6018518518518519,0.0049737941816068,0.0930851063829787,0.4629861605219116,5.358474869434784,-0.7530443380831369,-0.2024159054661446,0.0075078540443029,0
500267,stable,,0.6234567901234568,0.0047469365830355,0.0963855421686747,0.4575360561961932,7.238963281515091,-0.6265389654788885,-0.2252691511387164,0.0075921757894981,0
500268,stable,,0.7611111111111111,0.0057931581224268,0.1055828494863778,0.6116581420909808,6.9617129141172205,-0.653101774776265,-0.0409612817089453,0.008847110865358,0
500269,top_performer,,0.8151234567901234,0.0062889274819454,0.1213021939136588,0.7628607009238894,7.182436513496025,-0.62154962136664,-0.0848838570007606,0.0099111443630891,0
500270,fatigued,10,0.5993827160493828,0.0058274494994339,0.0491497637339676,0.2864177660688047,9.10589099538748,-0.8265978053046019,-0.1373321472444614,0.011042308908147,1
500271,stable,,0.755246913580247,0.0074832435534631,0.0480105997428003,0.3592750110232105,11.436730556639889,-0.7552324331621747,0.1637416470476325,0.0134829812553675,0
500272,fatigued,13,0.8077160493827161,0.0072634725734484,0.0600389194139194,0.4360910445024882,10.984220008760738,-0.8218715221878368,-0.1122163816621198,0.0142574085397433,1
500273,stable,,0.6959876543209877,0.0072095651017279,0.0432351844949683,0.3117068773016933,9.71647522754889,-0.7773205999679459,-0.1940446452563171,0.0127309535671931,0
500274,fatigued,12,0.6027777777777777,0.0059112267316936,0.0454072906536101,0.2684127903254039,10.636166320649254,-0.8444457851132735,-0.0897655263561593,0.0114667133567398,1
500275,stable,,0.7175925925925926,0.0066858122228305,0.0512878547824906,0.3429009663875338,13.192217481759064,-0.7852789050921487,-0.2640044940019571,0.0129137104126203,0
500276,stable,,0.3348765432098765,0.00433637134637,0.0849612040394588,0.3684233307498049,1.7714099758987971,-0.8046128668777642,-0.0245537792238316,0.0098779013802138,0
500277,stable,,0.5450617283950617,0.0051601325868481,0.0917659478208415,0.473524457713332,2.324903623906544,-0.8041498134874115,-0.0437640384726142,0.010320908332233,0
500278,stable,,0.4141975308641974,0.0045677858380475,0.0900524609884051,0.4113403559841703,1.918067963580277,-0.8035948549749132,-0.0315512476268453,0.0097143447180592,0
500279,stable,,0.5740740740740741,0.0059833834058536,0.0873358635431662,0.5225639566600803,1.871310778171396,-0.851657639375546,-0.0993835415375584,0.0122787783868441,0
500280,stable,,0.3203703703703703,0.0042965758233341,0.087983164670566,0.3780263381839843,1.6485211469955825,-0.7817777139382404,-0.1250557278809542,0.0096340363492593,0
500281,fatigued,10,0.5959876543209877,0.0057854762264169,0.1001163829268952,0.579220953298412,1.9584964160271985,-0.8318959017667671,-0.0250898492819702,0.0118674185936223,1
500282,stable,,0.2259259259259259,0.0036746739541257,0.1005945815060938,0.3696522885866222,1.3258580990953035,-0.7906739890883545,-0.0575999479616505,0.0096470088778453,0
500283,underperformer,,0.191358024691358,0.003083225146295,0.1014657025600938,0.3128416056197728,1.70242598236133,-0.7592708177659047,-0.0430403796525048,0.0084405415675794,0
500284,underperformer,,0.074074074074074,0.0025655345799696,0.0952650532308031,0.244405788326271,1.3549098181808754,-0.4898102645483604,-0.1195010773426158,0.0048815488972969,0
500285,underperformer,,0.207716049382716,0.0036889528075526,0.0897875865333412,0.3312221694255418,1.4605468973914917,-0.7941745112146226,-0.2104697555124033,0.0093462674970274,0
500286,underperformer,,0.1478395061728395,0.00309404067289,0.0929599700866241,0.287621928398658,1.5955802741972134,-0.7560037876727533,-0.1311743921605981,0.0081542393986996,0
500287,underperformer,,0.1722222222222222,0.0035259461760981,0.0884166882612075,0.3117524838778646,1.4038636770938244,-0.7990879612245949,-0.0982305293019815,0.0098603081656452,0
500288,stable,,0.5367283950617284,0.0058287625499878,0.2057481751824817,1.199257258231997,1.104957649984749,-0.8836140761557343,-0.162200282087447,0.0157738017500326,0
500289,stable,,0.5040123456790124,0.0053993067355399,0.1951038219920395,1.0534253802112157,1.1777295972557889,-0.8419302575224566,-0.0026438024173791,0.0132770717057515,0
500290,fatigued,13,0.7166666666666667,0.0092430724786022,0.1965329883570504,1.816568655820505,1.6264505595431014,-0.7932178922952559,-0.0440197790947746,0.0178064433672025,1
500291,stable,,0.717283950617284,0.0088178578331347,0.2084018022793533,1.8376574646683883,1.6626788624606876,-0.7843802571573515,-0.0719255491982765,0.0164632985372395,0
500292,fatigued,10,0.5919753086419753,0.0065223126385901,0.207713574785734,1.3547728740317286,1.1891264917570674,-0.8623036161376172,-0.1291329203674872,0.0148015630538861,1
500293,fatigued,11,0.653395061728395,0.0074416558492368,0.2125489988346223,1.5817165004271128,1.40889361706135,-0.8792266112804491,-0.1041097849061295,0.0164162448512818,1
500294,stable,,0.4049382716049383,0.0051079584983111,0.0670130420952179,0.3422998378679486,1.9474485667451196,-0.8272135016232316,-0.1847245989304813,0.0102580894608999,0
500295,stable,,0.5015432098765432,0.0061986149887426,0.0637807687643991,0.3953524292565307,1.7761958845214507,-0.8365990894406281,-0.0152750798670756,0.0124321139149768,0
500296,stable,,0.3719135802469135,0.0052462847379206,0.0610582602748243,0.3203290190037963,1.7890384477359351,-0.7848064113671179,-0.0926246271659635,0.0096823354104578,0
500297,stable,,0.2759259259259259,0.0044422825506527,0.06860103626943,0.3047451863763863,1.7077023725027185,-0.7617462891821629,-0.1369000678286305,0.0086103153575475,0
500298,stable,,0.5737654320987654,0.0058679238069982,0.0720765297707405,0.4229395849675464,2.3625016779590364,-0.8120783260237999,-0.0913457250544215,0.0105108819220777,0
500299,stable,,0.2493827160493827,0.0045759317230819,0.0585195624454734,0.2677815222151182,1.678322022914176,-0.8034703346838703,0.1688416884168841,0.0092672114376649,0
500300,stable,,0.5021604938271605,0.0039068460035346,0.0993584603047313,0.3881782035588955,6.966146869234955,-0.7488149636713405,-0.1134364573855019,0.0072076007426012,0
500301,stable,,0.5132716049382716,0.0042361829433585,0.0953821865544007,0.4040563917819945,5.767273184102584,-0.7598327974375568,-0.1139604159450926,0.0078830340121297,0
500302,stable,,0.4654320987654321,0.0035482490357667,0.105985416244683,0.3760626509955329,6.824046083669385,-0.7177629531331935,-0.2119175073621927,0.0070433405366226,0
500303,stable,,0.2703703703703703,0.0029589278618646,0.0815509327082723,0.2413033269515587,4.752939444449247,-0.6595729994974533,-0.1344260652592919,0.0056237549427687,0
500304,stable,,0.6811728395061728,0.0051439827778164,0.1072074949430426,0.5514735076398521,6.434442012018808,-0.7472264754836724,0.014228374974899,0.0091164177875296,0
500305,stable,,0.3265432098765432,0.0031497529824665,0.0970664774071445,0.3057354267106802,4.347341576072958,-0.6253337774144541,-0.1240204071445804,0.0067204921875606,0
500306,stable,,0.5367283950617284,0.0052959299314245,0.0579169442593826,0.3067240786399139,6.500488705435914,-0.8194038218420787,-0.0559086714016291,0.0106134132684548,0
500307,stable,,0.6333333333333334,0.0061690764609135,0.0538864120953673,0.3324293964206202,7.034815929060022,-0.777302689535963,-0.1837355815510344,0.0114989880890481,0
500308,stable,,0.5660493827160494,0.0055696401446939,0.0554992397364419,0.3091107936360815,6.786131486772004,-0.83311313911711,-0.1796110096587534,0.0115247191798416,0
500309,stable,,0.5697530864197531,0.0061294215644272,0.0507068366164542,0.3108035778207839,5.33970512478544,-0.8296219443081116,0.1242734522844011,0.011470806400339,0
500310,stable,,0.5478395061728395,0.0051082735492072,0.0639581983149708,0.3267159727073188,6.986778382323749,-0.8154448267578397,0.0406957429642638,0.0100565673774384,0
500311,stable,,0.4657407407407408,0.004830332240773,0.0592337494619027,0.2861186897677011,6.094292933385115,-0.8130281833097049,0.039530727570042,0.0100744700668454,0
500312,fatigued,12,0.645679012345679,0.0061858848001942,0.0933897563111046,0.5776982740587072,2.1578676957609653,-0.8521150487323912,-0.0900460688631252,0.013206361460302,1
500313,underperformer,,0.0410493827160493,0.0029900866462118,0.0705333646004325,0.2109008716041414,1.080977805385796,-0.6334080151421737,-0.1499874906179635,0.0061322643561968,0
500314,fatigued,11,0.5836419753086419,0.0057393366936337,0.1064906802914183,0.611185868926561,1.852723005182142,-0.8608825924066299,0.0154490973932863,0.0140049970881629,1
500315,stable,,0.4305555555555556,0.0047354527729875,0.0833187620213324,0.394552062655806,2.0664289326246674,-0.8262200859207787,-0.0770236069874052,0.0104204538790828,0
500316,stable,,0.2422839506172839,0.003950116310264,0.0801999680901983,0.3167992020357499,1.66210342419756,-0.7789644460196266,-0.0435823507001114,0.0096172242331246,0
500317,stable,,0.4175925925925925,0.0046424163307145,0.099528962444303,0.4620548806305034,1.712385746774946,-0.8262379201245181,-0.0310605563003975,0.0116567440603464,0
500318,stable,,0.6046296296296297,0.0061938161609913,0.0958440721649484,0.593640563110477,1.816406839932576,-0.7403237013451132,-0.098249103783138,0.0110359011327435,0
500319,stable,,0.5231481481481481,0.0054057226776828,0.1037667207701348,0.5609341156559011,1.6893814165523886,-0.8223112097561045,-0.0317093311312964,0.0111323155216285,0
500320,fatigued,14,0.6330246913580247,0.0063575920227615,0.1109931206426889,0.7056489783793732,1.8413110865592552,-0.7987545586023688,-0.1547995680971088,0.0111137476476373,1
500321,stable,,0.4614197530864197,0.0052493621089456,0.0949120629894304,0.4982277871385798,1.5544220197813956,-0.8086186161053818,-0.0218031556301022,0.0099846261601962,0
500322,stable,,0.5024691358024692,0.0056235195844792,0.0910259046052631,0.5118859572426372,1.590758052858573,-0.809018663018861,-0.0329699133601116,0.0108847995855096,0
500323,fatigued,13,0.5947530864197531,0.005474442488128,0.1050930007977495,0.5753255887720718,2.1564205842749256,-0.8111762149327862,-0.2209383539713624,0.0106853340187136,1
500324,stable,,0.542283950617284,0.0062498807881334,0.1741026013660805,1.0881205034419303,0.8778804320034898,-0.8836666500102437,-0.0932833206949823,0.0150495997215454,0
500325,stable,,0.5459876543209877,0.0062341074652033,0.1837153108296111,1.145300990715028,0.9299153656421766,-0.8765621982269473,-0.1998525889073154,0.0153928053642624,0
500326,fatigued,15,0.6688271604938271,0.0083113408146486,0.2353239122727042,1.9558572367349225,1.3018728131440236,-0.8842562526146884,-0.0650465289082888,0.0171510935107588,1
500327,stable,,0.4299382716049383,0.0048191251132613,0.1903007334105344,0.9170830434507622,0.931399856205351,-0.8578680106499768,-0.0366508722502063,0.0129575955379107,0
500328,stable,,0.4679012345679012,0.0052515935207036,0.1908114414450658,1.0020641295690258,0.8175861103502293,-0.8739387304789628,-0.0970361586712493,0.0147212779712623,0
500329,stable,,0.5444444444444444,0.0061723631505458,0.2000390701308849,1.234713785145332,0.7856854493649545,-0.8664292645816805,-0.1221347990921035,0.0141926368435155,0
500330,stable,,0.4145061728395061,0.0049338741745097,0.0745211553858471,0.367678004012856,1.9685499134905544,-0.8519492882494223,-0.2643386665096754,0.0128176704848708,0
500331,underperformer,,0.1429012345679012,0.0038963492483756,0.0590195991289276,0.2299609707054312,1.4972697497878154,-0.7880203632111874,-0.0213813668600902,0.0091697419938832,0
500332,underperformer,,0.1679012345679012,0.0036628820682151,0.0543758329631275,0.1991722635049046,1.84489187669462,-0.7841106727437295,-0.2355330715795831,0.0082389886684054,0
500333,stable,,0.2410493827160494,0.0041294768994664,0.0572135944181859,0.2362622164853402,1.969307752277369,-0.8055016470879187,-0.1602388225117587,0.0093872310662495,0
500334,underperformer,,0.1040123456790123,0.0032294902017365,0.054648970118944,0.176488313534124,1.6447949782459317,-0.708883064243101,-0.0606839966806654,0.0070273989072498,0
500335,stable,,0.4283950617283951,0.0048721114910962,0.0653798845680764,0.3185380868906748,2.59953901929028,-0.8035401376767101,-0.0183553751290421,0.0095903720548014,0
500336,stable,,0.3802469135802469,0.0035522278212637,0.0934868051656372,0.332086430230436,4.745056741225114,-0.6757356414042603,0.0417904941485109,0.0055151946165623,0
500337,stable,,0.763888888888889,0.0057347507946737,0.1339537507050197,0.7681913783051434,6.475334345760055,-0.7566821831072358,-0.1371594543917056,0.0104558976538343,0
500338,stable,,0.7157407407407407,0.0051284797479164,0.1144207518135854,0.5868045084173471,7.353865793064501,-0.6826610851103336,-0.0810345218396536,0.0084292572388566,0
500339,stable,,0.5537037037037037,0.0043210473702879,0.1058894715611133,0.4575534226303308,5.870673634000219,-0.7621599527130162,-0.0617158290419131,0.0072911945034234,0
500340,stable,,0.5287037037037038,0.0043678529420507,0.0944221655122129,0.4124221334273181,5.787528668720042,-0.7044281390636085,0.0533864483375883,0.0075963455919862,0
500341,top_performer,,0.820679012345679,0.0065562425206799,0.1233506597361055,0.8087168403157796,6.81912278203412,-0.7320784984809973,-0.1159264217940508,0.0107416337425603,0
500342,stable,,0.3475308641975308,0.0036290579346018,0.0598904470759369,0.2173459021677841,6.951194029261552,-0.8061449498566363,-0.1346033186289178,0.0100353825150554,0
500343,stable,,0.4882716049382716,0.0051877896172491,0.0545382889710786,0.2829331692666951,5.87722328430835,-0.8729242794100391,-0.1669707639778062,0.0140959005024825,0
500344,stable,,0.4740740740740741,0.004956620291025,0.0575037450633256,0.2850242295908139,6.05486979392147,-0.8609939088877665,-0.0413151326260535,0.0130117316534104,0
500345,stable,,0.4317901234567902,0.0047477183233025,0.051532712305026,0.2446628024600504,6.240355919153888,-0.8575283291995015,0.0448022517480968,0.0129500168606904,0
500346,stable,,0.3515432098765432,0.0041283334506051,0.0513182423435419,0.2118588164931044,5.569891851263709,-0.8152957724983243,0.0197865992781212,0.0099826103447801,0
500347,stable,,0.3388888888888888,0.0041024901241135,0.0498349834983498,0.2044475276373423,5.268057996376407,-0.8477260021886748,-0.1084520174781067,0.0120223218573867,0
500348,fatigued,12,0.6194444444444445,0.0057744472899601,0.0998720118905082,0.5767056684040154,2.168084048306802,-0.8372393548998538,-0.1528704939919893,0.0118447000230308,1
500349,stable,,0.4929012345679012,0.0051277903827499,0.0964687252573238,0.4946714016106539,1.8428334424583148,-0.8387490456232217,0.1429836839902076,0.0110075486785495,0
500350,stable,,0.2645061728395061,0.0040814030687238,0.088447251114413,0.3609888821185574,1.4754029147006409,-0.8032942641039218,-0.162592104854341,0.009727517992151,0
500351,stable,,0.524074074074074,0.005159974896319,0.1011125138077954,0.52173803295194,1.943731613988204,-0.8330399596052288,-0.0700052886375656,0.0115123078889409,0
500352,stable,,0.4558641975308642,0.0047505560158737,0.1040069766374443,0.4940909685578474,1.807477350419244,-0.829770345836002,0.0157303370786516,0.0113942843003835,0
500353,stable,,0.3925925925925926,0.0044793909315489,0.1021260071837685,0.4574623104542749,1.6743192270762972,-0.8206220867596818,-0.0271897810218977,0.0102736758351485,0
500354,stable,,0.5271604938271605,0.0054084569220679,0.0992325056433408,0.5366947320408708,1.787188331965676,-0.8371542817712123,0.0726664966237531,0.0113997013402996,0
500355,stable,,0.4746913580246913,0.004893725184809,0.1048992906952383,0.5133483007438937,1.7978005909226171,-0.8132316539788892,-0.1447667332373932,0.0100782752406235,0
500356,stable,,0.4632716049382716,0.0048257155014652,0.1043142305215711,0.5033907992513615,1.7882226163683246,-0.8075049368980477,0.0013028608653167,0.0093782550233888,0
500357,stable,,0.345679012345679,0.0043590903988747,0.0898860559566787,0.3918214435134741,1.7104515481296876,-0.7951176602383032,-0.1575552268371737,0.0095307488690003,0
500358,stable,,0.3407407407407408,0.004396970500996,0.0898964590817158,0.3952720787263054,1.6385343508431045,-0.7925066404851978,-0.1386732113096107,0.0094952917188211,0
500359,stable,,0.3126543209876543,0.0038502861342777,0.0940817173693886,0.3622415318763985,1.911948868360502,-0.7776866485204004,-0.1198568996021868,0.0085210891351754,0
500360,stable,,0.5555555555555556,0.00618394163979,0.1783757497163235,1.1030652261995433,1.1436634855354535,-0.8726538763913131,-0.1034206998370893,0.0142593564455107,0
500361,fatigued,13,0.6453703703703703,0.0076545283005928,0.1709650582362728,1.3086568766820514,1.3740055243669786,-0.8777776222736439,0.1085860452090574,0.0160856350964433,1
500362,stable,,0.5404320987654321,0.0060406111672803,0.1756590293175659,1.061087894129323,1.0910478250378732,-0.8489296193579763,-0.1293958821116968,0.012954060309253,0
500363,fatigued,12,0.633641975308642,0.007554802739666,0.1633196307028775,1.2338475934753468,1.3288418863316949,-0.8419207250488968,-0.1805198217786902,0.0155539974331415,1
500364,stable,,0.5577160493827161,0.0060562025082873,0.1921486479133794,1.1636911234570342,1.1863148118729607,-0.862879076027045,-0.0161262851480241,0.0135986876632301,0
500365,fatigued,13,0.6401234567901235,0.007530298505761,0.1703365295226964,1.2826849137412897,1.360609093235507,-0.8472895489725671,-0.0030308535354753,0.0153607698514063,1
500366,stable,,0.7416666666666667,0.008446073402655,0.062630678578217,0.5289833085297153,2.6721017790057284,-0.5838923804793025,-0.0044837625979844,0.0122041134100881,0
500367,stable,,0.6058641975308642,0.0061966296380261,0.06612950058072,0.4097800232463574,2.5846629584073884,-0.6886074984655473,0.0750306410099277,0.0096380255279878,0
500368,stable,,0.4145061728395061,0.0052808435738461,0.0592206198220313,0.3127348296263588,2.110627974474841,-0.7986595043980694,-0.1360428885630498,0.0087955656491781,0
500369,underperformer,,0.1432098765432098,0.0040725779420856,0.0524903980979089,0.2137712374648369,1.3999569535297,-0.6985913572543913,-0.0379857690202518,0.0070098011291236,0
500370,stable,,0.4558641975308642,0.0059842144542813,0.0507068951899534,0.3034409351274476,2.123190208593536,-0.6568071751622355,-0.0221903689006961,0.0093342964189657,0
500371,top_performer,,0.7972222222222222,0.0090089531797809,0.0705073086844368,0.6351970427704506,3.218803008960949,-0.5942227574048629,-0.0919593086508373,0.0133646083351516,0
500372,stable,,0.4888888888888889,0.0035332653871164,0.1056267468227601,0.3732073285025685,7.93796167438304,-0.7169312356727078,-0.2121058820312286,0.0065786075463859,0
500373,stable,,0.4037037037037037,0.0033278845891026,0.0928746928746928,0.3090762591353294,7.342658014350647,-0.7108208137173048,0.0917442167786448,0.0063831964353819,0
500374,stable,,0.4814814814814815,0.003897804999482,0.0862266038005429,0.3360944873821163,7.777922880275569,-0.6678407076901904,0.0954137147639972,0.0064043741727595,0
500375,stable,,0.4787037037037036,0.003593212817242,0.1024094128227226,0.367978814760838,7.432276007105794,-0.6778063959181027,-0.0706894947539625,0.0063805908708802,0
500376,stable,,0.7484567901234568,0.0053809642737189,0.1015147184909974,0.5462470734566982,9.349663974623258,-0.7062367770661784,-0.0312560727087003,0.0092118752488837,0
500377,stable,,0.4015432098765432,0.0035239133617233,0.085875496031746,0.3026178079108883,7.066241427666965,-0.7122720229956283,0.0647920127778458,0.0063771536747262,0
500378,stable,,0.3314814814814814,0.0040444254986945,0.0499293862031504,0.2019356826941911,5.208470734441319,-0.7880701086231644,-0.0835210878718851,0.0093394666248292,0
500379,stable,,0.3444444444444444,0.004164916705918,0.0498512338836707,0.2076262368127271,5.2561051553357965,-0.8103008063044221,0.0142530317006186,0.0095665301127899,0
500380,stable,,0.4722222222222222,0.0049960051605467,0.0610355562837948,0.3049339541706778,5.088572252867344,-0.8377558134206474,-0.1816483590538445,0.0116019073921451,0
500381,stable,,0.3802469135802469,0.0046436064838841,0.0495759947814742,0.2302114108122626,4.658450581765702,-0.8333273144803737,0.1001976152197212,0.0115664646640798,0
500382,stable,,0.3407407407407407,0.0043694315400739,0.0468192627824019,0.2045735634844372,4.184783973145148,-0.8034459639712961,-0.2664421874624281,0.0094929455508582,0
500383,fatigued,14,0.6975308641975309,0.0061297010609184,0.0680635634931795,0.417209297354031,7.005295251409241,-0.8600136828046797,-0.2344170514308288,0.0131166947823256,1
500384,stable,,0.3444444444444444,0.004511423989841,0.0851141183599272,0.3839858754431465,1.654652561005802,-0.7883788744945391,-0.1201455352102255,0.0097251471527972,0
500385,fatigued,11,0.6601851851851852,0.0066117935503239,0.0997805357953685,0.6597283030196892,1.973012126892984,-0.8457525453126811,-0.004115524982478,0.0126948327084837,1
500386,stable,,0.4367283950617284,0.004975356162887,0.0852437843073942,0.4241181876016117,1.8174962807418484,-0.795017153105948,-0.1520033593449278,0.0097110854735358,0
500387,stable,,0.5567901234567901,0.0052286320691446,0.1019549616431576,0.5330849820558247,2.105776331461374,-0.8144885563398848,-0.1658915649139472,0.0104015423797396,0
500388,stable,,0.6953703703703704,0.006951837709973,0.0843562874251497,0.5864312199954834,2.2653530765786227,-0.7223523536086744,-0.0444711562243393,0.011146058882574,0
500389,stable,,0.549074074074074,0.0060970198407281,0.0733605038903297,0.4472804477451547,1.8992645377215844,-0.6762904457409015,0.0813126726819559,0.0095725558618726,0
500390,fatigued,13,0.6469135802469136,0.0055781132437237,0.0962151202085546,0.5366988362818108,2.8718825597156736,-0.8370959856687541,-0.1762135352227694,0.0115210773285629,1
500391,fatigued,14,0.7682098765432098,0.006898585033312,0.0988274228980628,0.6817693804853749,3.662572042880188,-0.7985430891548804,-0.0132373189695522,0.0128700970160888,1
500392,fatigued,12,0.6734567901234567,0.0059685381371868,0.0886855862584018,0.5293233038020457,2.920374736897293,-0.8416735386017407,-0.2159239664744777,0.0121627759782568,1
500393,stable,,0.6645061728395062,0.0059745674056739,0.081675004632203,0.4879728205338254,3.245990758358249,-0.7648061004475912,-0.094266032008578,0.0107943669253826,0
500394,stable,,0.4503086419753086,0.0044055545946645,0.0824831104370605,0.3633838461682138,3.0128529116516884,-0.7997535662937407,-0.028564250722271,0.0096314075186032,0
500395,stable,,0.3490740740740741,0.0037629827453625,0.0847574042529809,0.3189406497456849,2.729000925016187,-0.741499440487159,-0.1253712116494112,0.0075009320698354,0
500396,fatigued,13,0.641358024691358,0.0080679422264986,0.1693114796832741,1.3659952363676515,1.2236355409927906,-0.8549397122086924,-0.0718074300959016,0.0154860551731838,1
500397,stable,,0.561111111111111,0.0065177872076488,0.1689774696707105,1.1013591902006246,0.98467742199281,-0.8774806509793902,-0.1591248275279475,0.0147158253241608,0
500398,stable,,0.7345679012345679,0.0109950371138193,0.221700146564359,2.437601339614316,1.6254591374652814,-0.7354877703451861,-0.0117490842490842,0.0189735122998755,0
500399,fatigued,15,0.7126543209876544,0.0099164365383925,0.2331407400873285,2.31192535358987,1.5296330641192348,-0.7950579115622743,-0.0550031311447103,0.0185109519460334,1
500400,fatigued,15,0.7015432098765432,0.0091465027340829,0.192877435064935,1.7641539871643337,1.5589697612669446,-0.805943952526878,0.0651675485008818,0.0171577576466732,1
500401,fatigued,14,0.7024691358024691,0.0098517106425737,0.2212332187656061,2.17952565580396,1.457210074805561,-0.8401173047764847,-0.1676149461863747,0.0168667749502798,1
500402,stable,,0.4885802469135802,0.0053903917591558,0.0581333897051051,0.313361744798195,2.991397644922845,-0.8258961844952009,-0.0093100645669894,0.0109539224986307,0
500403,stable,,0.4632716049382715,0.0049132544333975,0.0663144166137176,0.3258196014255223,3.1162609744660688,-0.8222737306225678,-0.029596461743978,0.0104804900201788,0
500404,stable,,0.5256172839506172,0.0055280381695707,0.060457462563765,0.3342111606878891,3.2074515959007543,-0.8514612848723889,-0.1178893628073649,0.0117043528663142,0
500405,stable,,0.2679012345679012,0.0043771991940047,0.0598967750419145,0.2621801154369551,1.9336819273549823,-0.7843066589213845,-0.0644077894031351,0.0091618428377267,0
500406,stable,,0.5614197530864198,0.0063699901111193,0.0529540481400437,0.3373167629958189,2.624910844130048,-0.8284938153010459,-0.1364131585333741,0.0124654661170174,0
500407,fatigued,13,0.7234567901234569,0.0072737279437231,0.067750913202296,0.4928017105723047,3.214744412915515,-0.8520412156380464,0.2985917495721417,0.0151693973896139,1
500408,stable,,0.5780864197530864,0.0044836352727957,0.0901837347192738,0.4043509740197935,7.605977764235175,-0.6279900628309546,-0.0935743831122521,0.0068992222556862,0
500409,stable,,0.4589506172839506,0.0039996294725495,0.0935974734424346,0.3743552133365384,5.143628356606959,-0.7486361118943425,0.0096153846153845,0.0075211585029609,0
500410,stable,,0.312037037037037,0.0030601557136884,0.0908010301789605,0.2778652913109401,5.326048644870456,-0.6342941668985165,-0.1417156441920359,0.0051771883900563,0
500411,stable,,0.6194444444444445,0.0044661069668422,0.1038282759701258,0.463708186665404,7.831340591919308,-0.7185239704643497,-0.0680709619082793,0.007143115311377,0
500412,stable,,0.629320987654321,0.005018701228888,0.0928534167970787,0.4660035569859518,6.216000395846786,-0.7008344932923625,-0.177396338507946,0.008579617132289,0
500413,stable,,0.3641975308641975,0.0035034072822355,0.0858062490186842,0.3006142376733723,5.711673409811875,-0.717187271723142,0.1175971635537009,0.0065566250385567,0
500414,fatigued,11,0.6864197530864198,0.0067014809398031,0.0491055239937144,0.3290797330829222,8.910075991125135,-0.8413477731174366,-0.4496004486190943,0.0117015103691062,1
500415,fatigued,14,0.6246913580246913,0.0058616805470504,0.0503202195791399,0.2949610522303524,11.61530082626934,-0.8508587531234397,-0.057682826622843,0.012786814741358,1
500416,fatigued,15,0.7722222222222223,0.0067870423012092,0.0605584470850109,0.411012742061511,10.673170166863716,-0.8698381179031993,0.0540505388331475,0.0143248296344386,1
500417,top_performer,,0.8135802469135802,0.0078210318624885,0.0546392129612697,0.4273350255113862,11.25840752261807,-0.7821179984810694,-0.1737575301204819,0.0149157536138477,0
500418,stable,,0.5268518518518518,0.0054857274970996,0.044220945083014,0.2425840543896219,7.7289341227894655,-0.8390338373560358,0.0741136802304549,0.0124253448118232,0
500419,stable,,0.5496913580246914,0.005490849278726,0.0478977026441265,0.2629990660161374,8.384198017653333,-0.8476421087057344,-0.0652470652470652,0.0118628525489038,0
500420,stable,,0.2734567901234568,0.0039410743303584,0.1080774180524363,0.4259411379778785,1.164201099398346,-0.8143079452894963,-0.0404738604776463,0.0111066509295484,0
500421,stable,,0.3095679012345679,0.0041332594863089,0.1071050090667169,0.4426927947562123,1.230983329865687,-0.8261657192430502,0.0632355808627587,0.0113855459568616,0
500422,stable,,0.3188271604938271,0.0040835093714385,0.1044913541432741,0.42669142387836,1.498015244227706,-0.8177405750589501,-0.1073904176143341,0.0108381476751883,0
500423,stable,,0.3728395061728395,0.0047220619539254,0.0985265499026966,0.4652484727470598,1.3176595194305023,-0.8333468629302152,-0.0902133320604273,0.0114549773829281,0
500424,stable,,0.3212962962962963,0.0044064631065851,0.0986888199379441,0.4348686440889766,1.207385203316268,-0.8334995027836427,0.0882626578299836,0.0113770768797521,0
500425,underperformer,,0.1808641975308641,0.0035993393307002,0.0976391643348094,0.3514364844069861,0.9980064568416358,-0.7805526205194305,-0.0724337310916081,0.0096501909517105,0
500426,fatigued,14,0.7586419753086421,0.0067566167427085,0.0994647904263635,0.6720454683047674,3.248322829353934,-0.8084116358212523,-0.174046836697439,0.0131790567463233,1
500427,underperformer,,0.1422839506172839,0.0028516894231902,0.0789398397907471,0.225111906199604,1.881747463266349,-0.5892270971871478,0.0785866527731729,0.0065189179536102,0
500428,stable,,0.4589506172839506,0.0048959342245129,0.0774594144581656,0.3792361982564645,2.288894745131166,-0.8263861182369727,-0.0160150209851999,0.010671514959883,0
500429,stable,,0.4567901234567901,0.004291737547111,0.0918826990255561,0.3943364293378807,2.849579173817719,-0.7790043456592507,-0.0514111101501917,0.0094407680928793,0
500430,stable,,0.554320987654321,0.0051984753076871,0.0838420722314143,0.4358509422403331,2.580194926236929,-0.8321650399538384,-0.0693112796937932,0.0114357159208973,0
500431,stable,,0.3929012345679012,0.0041906602437305,0.0822185221335476,0.3445498920033387,2.4722544961989805,-0.7944535891596298,-0.2023724904981755,0.0090080372374414,0
500432,stable,,0.4462962962962963,0.0047724855138298,0.158594785682722,0.7568913172397446,1.2725934608854022,-0.846475487699069,-0.0001676245210727,0.0124977964299321,0
500433,stable,,0.4780864197530864,0.00519741857429,0.1774510606929314,0.922287438872915,1.1422331493797462,-0.8320526354280324,-0.0351199943029411,0.0120532761537215,0
500434,stable,,0.5577160493827161,0.006129877461637,0.1631758764111705,1.0002481270957069,1.2326257845172386,-0.8675980520122349,-0.1452941354533872,0.0145102981236793,0
500435,fatigued,11,0.6524691358024691,0.0070192472063251,0.2137919164682596,1.500658312404724,1.5379064684036612,-0.8920090727719678,-0.0661616564878549,0.0175692717786952,1
500436,fatigued,13,0.6438271604938272,0.0073719233694654,0.1979669631512071,1.4593972820364869,1.3606762064759186,-0.8889496071609841,-0.0968761037196852,0.0163228199927203,1
500437,stable,,0.5018518518518519,0.0054873187846321,0.1709675159384414,0.9381532617709016,1.146804746179421,-0.8633157936011882,-0.0599956958817289,0.0131568250182921,0
500438,stable,,0.3626543209876542,0.0049890003128071,0.06756451976673,0.337079410250879,1.7593056671144385,-0.8205491682725978,0.0515000615961303,0.0101860484060751,0
500439,fatigued,11,0.6722222222222222,0.0069417458488236,0.0695484540668792,0.4827876923108596,2.4501101528629,-0.7962064089468216,-0.0054489765585187,0.0127162810089639,1
500440,stable,,0.4231481481481481,0.0053947443207547,0.0655011722481113,0.3533620769882745,1.837101932843012,-0.8322123916807387,-0.1086514105089957,0.011872045392574,0
500441,stable,,0.2567901234567901,0.0043553244093533,0.0561766153413485,0.2446673840310283,1.9351364940440596,-0.778471958465141,-0.0372708175448392,0.0083820129490459,0
500442,underperformer,,0.053395061728395,0.0028933516209439,0.0545260680932421,0.1577630875012805,1.3828547580294168,-0.6867072480816282,-0.1461865264237147,0.0072760573913525,0
500443,underperformer,,0.0601851851851851,0.003352895611831,0.0433740440588973,0.1454286419924438,1.2836844315630656,-0.7392026017404076,-0.0005369946605644,0.0073541462775048,0
500444,stable,,0.3469135802469136,0.0028581705186597,0.1017050468247416,0.2906903664333903,6.573162155996352,-0.6432038078717939,-0.0216251778366433,0.0059635065653577,0
500445,stable,,0.4966049382716049,0.0036663299863656,0.1073622900166921,0.3936255832930875,7.246987692220824,-0.7665106080937764,-0.0875370029540499,0.0081552985791554,0
500446,stable,,0.2805555555555555,0.0025358140339925,0.0898908673176335,0.2279465228718178,5.880826694415323,-0.5105420745499716,-0.1945221888540818,0.0047519084017495,0
500447,stable,,0.5175925925925925,0.0037126166660069,0.1038204613511468,0.385445575084798,8.734314774755585,-0.7411771291910705,0.0399022771741695,0.0072042643065473,0
500448,stable,,0.3867283950617284,0.0032834015707221,0.0886163893424115,0.2909631919586031,7.513637603990586,-0.7260367150447941,0.0943778801843318,0.0071811903254366,0
500449,stable,,0.5638888888888889,0.0043061881147095,0.0937235662324479,0.4035913069783596,7.752688581294339,-0.7878784070310099,-0.222036918066097,0.0082525068310752,0
500450,top_performer,,0.8172839506172839,0.0080709884589053,0.0630625860425712,0.5089774041383154,7.132664237786908,-0.7526661206820286,-0.1055355145634125,0.0145289420956715,0
500451,stable,,0.4694444444444444,0.0052882255964561,0.0527453769559032,0.2789294525129377,4.779267943273542,-0.8513359210563558,0.3293108969693441,0.0117281224128325,0
500452,stable,,0.7182098765432099,0.0078714322895354,0.0477238666167103,0.3756551846682548,6.507610378550189,-0.7255439443804172,0.1014956241980886,0.0133258096609892,0
500453,fatigued,14,0.6314814814814814,0.0064662248719033,0.052366048488812,0.3386106451816551,5.969654477557767,-0.8453362169015963,0.1843879132231405,0.0122399663794914,1
500454,stable,,0.5774691358024692,0.0054602602643044,0.064107751893173,0.3500450102961842,6.021506006737846,-0.8530124527855977,0.078232524447664,0.0122295460655362,0
500455,stable,,0.5793209876543209,0.0052523205781859,0.0636903987157794,0.3345223918077563,7.235740316477087,-0.8201525961454104,-0.0697314348555883,0.010318384833244,0
500456,stable,,0.2743827160493827,0.0043399058127612,0.0820529995394984,0.3561022896559643,1.419891261721202,-0.7509099655033067,-0.0268628875516268,0.0091155079321988,0
500457,underperformer,,0.2117283950617283,0.0040233875657867,0.0705494778717056,0.2838478920417679,1.6171565738827345,-0.7664798569460065,-0.0726592672396677,0.0083373820379087,0
500458,fatigued,11,0.6151234567901235,0.0054253102706815,0.0947407683700111,0.513998063690084,2.613177977542366,-0.8474229532866371,-0.1511549970709463,0.0121837230331736,1
500459,fatigued,12,0.6506172839506172,0.0055275491106694,0.1014719791912981,0.5608913483367276,2.8518712490345384,-0.8343604240717588,-0.0816729246032833,0.0114419258098505,1
500460,underperformer,,0.2179012345679012,0.0037074885201066,0.0867662753468516,0.3216849697808691,1.596067471551134,-0.7835367515390255,-0.1162549535202399,0.0091057468273586,0
500461,stable,,0.4969135802469135,0.0045018832374643,0.1047203579418344,0.4714388240396133,2.395910559369954,-0.8052829253305834,-0.1448106044442022,0.010473458406791,0
500462,stable,,0.5015432098765432,0.0055152425623931,0.0950736229776404,0.5243540920071994,1.604645315423453,-0.8181291417440826,-0.1375928944288473,0.0102732746131685,0
500463,stable,,0.6188271604938271,0.0062750167581641,0.0949308755760368,0.5956928351068254,1.8764542872627892,-0.7615711606786765,-0.1087411386277754,0.011105925262511,0
500464,stable,,0.5691358024691359,0.0052338897241836,0.1064421024094344,0.5571062260212417,2.127307575328052,-0.7979038485172515,0.0213039280962361,0.0094530057604253,0
500465,stable,,0.4978395061728395,0.0055448408871745,0.0930303183681733,0.5158383130347122,1.5927500451103829,-0.7826338255021354,0.0249321008243197,0.010042375899838,0
500466,stable,,0.3518518518518518,0.0042953534564402,0.0990391214824982,0.4254080327826564,1.642823206300455,-0.7740917387473736,-0.0815542391439492,0.008206106870229,0
500467,stable,,0.4481481481481482,0.0051690570021214,0.0956711986247851,0.4945298791527949,1.5202714968991895,-0.8041111059534309,0.0282478568754962,0.0095260857425064,0
500468,fatigued,12,0.7274691358024691,0.0089306060472829,0.2028766329879657,1.8118112854147324,1.7137401694416037,-0.7973098492359787,-0.0529227331563739,0.0173626475715029,1
500469,stable,,0.4179012345679012,0.0044826563341627,0.1730246508576249,0.775610047133226,1.2195981449805735,-0.8011468486008514,-0.0039327969016788,0.0101820169529664,0
500470,stable,,0.7700617283950617,0.0107964310460491,0.2117943308265559,2.2866228887130324,1.8789786841659737,-0.7435443026277145,-0.0073869736453535,0.0191815143354178,0
500471,fatigued,10,0.6654320987654321,0.0077328590442986,0.2252110193859567,1.7415250681344188,1.4408116742630663,-0.8849925930813374,-0.1814717091761947,0.0168928061071891,1
500472,fatigued,11,0.6567901234567901,0.0079095786077616,0.1870401913528793,1.479409096316383,1.3803580640758415,-0.8484420929534169,-0.098979111612012,0.0161295446906776,1
500473,stable,,0.6731481481481482,0.007857158149393,0.1858876818004883,1.460548913930489,1.5530328798949915,-0.7692636755516191,-0.1696483476116843,0.0143020852447211,0
500474,stable,,0.5271604938271605,0.0053902550163495,0.0640754281316143,0.3453828979111767,3.2839223270329385,-0.7994198229144518,-0.084872159090909,0.0102244964699998,0
500475,stable,,0.533641975308642,0.0058266959374596,0.0590360202291258,0.3439849392328354,2.6509562123407515,-0.8459702189841176,0.0229218761839811,0.0119735968875801,0
500476,stable,,0.3422839506172839,0.0047108579919452,0.0597975506123469,0.2816977692009261,2.1758804596752563,-0.8305605044322552,-0.1139267236828213,0.0111634593901479,0
500477,stable,,0.4148148148148148,0.0049853047534314,0.0557279034350499,0.2778205818935216,2.906737580523143,-0.7972856832183872,-0.319068255687974,0.009798013670826,0
500478,stable,,0.5188271604938272,0.0056598437324301,0.0610475617098133,0.3455196595234281,2.534782205257301,-0.8504584157336625,0.0934025250767334,0.0121055514539522,0
500479,stable,,0.5657407407407408,0.0057868060671625,0.0616127568548648,0.3565410751823404,3.365332786527991,-0.7889862545341502,0.0591342677892576,0.0097166384552787,0
500480,fatigued,17,0.6805555555555557,0.0051819440949131,0.1281178350587091,0.6638994588355333,5.219567700434048,-0.7923630855358279,0.0327913525297485,0.0094409987779199,1
500481,stable,,0.5623456790123457,0.0043268467096843,0.1187919927962873,0.5139947431674664,4.977515724588813,-0.7987849452831929,-0.1181531692635755,0.0091506229959134,0
500482,stable,,0.587037037037037,0.0044554561915078,0.1117560796773799,0.4979243171372265,5.829378157282623,-0.734865301004821,-0.1021749742365895,0.0080091875221093,0
500483,stable,,0.5287037037037038,0.0039862117819947,0.1178791929221564,0.4698914276783304,5.5415046400734935,-0.7622955213577547,0.0563646324162738,0.0076899369157921,0
500484,stable,,0.5339506172839507,0.0043086038080754,0.1104722792607802,0.4759812831097744,4.371921705119743,-0.7348053783251094,0.0335111191857322,0.0078523099277624,0
500485,stable,,0.5086419753086419,0.0037521891699316,0.124604171902488,0.4675384243408161,5.521233104924245,-0.7262576560172157,-0.1957446808510639,0.0069553829691401,0
500486,fatigued,12,0.6339506172839506,0.0060830616767687,0.0594390761253829,0.3615715660808596,6.24295608409436,-0.8460800712269496,-0.2497257435397367,0.0126560269409568,1
500487,fatigued,13,0.7787037037037038,0.0071467087882118,0.0682186474842891,0.487538807495895,6.794165960240916,-0.846006779408798,-0.0470566742688095,0.0136797398687104,1
500488,stable,,0.571604938271605,0.0057017617435252,0.0581687994044876,0.3316646351112997,5.733582806522088,-0.8344660840561149,-0.238545825570047,0.0111744240199435,0
500489,fatigued,13,0.837037037037037,0.0075678023511642,0.071824555682374,0.5435540413644009,7.659898212927305,-0.818496307241361,-0.2061116934642122,0.0143899525586237,1
500490,stable,,0.3203703703703703,0.0039353283901585,0.0554521276595744,0.218222332273417,4.731798944612072,-0.7230744585521358,-0.1258620158857213,0.0083363880982967,0
500491,fatigued,12,0.7231481481481481,0.0067353206453549,0.0651970607882431,0.4391231095435189,6.113803075686949,-0.8277446085781275,-0.0738546603475513,0.0126623132928019,1
500492,underperformer,,0.1265432098765432,0.0030456627665195,0.0623921552123227,0.1900254640530784,1.8212811978678147,-0.7788065556740861,-0.0408336449869104,0.0100578139893568,0
500493,underperformer,,0.1910493827160494,0.003071198742421,0.0725993147513658,0.2229669241650244,2.2021730694606134,-0.7876423154480285,-0.0976872600297035,0.0098017146769461,0
500494,underperformer,,0.1228395061728395,0.0025198112593341,0.072773441613911,0.183375337559232,1.8840879122672716,-0.4772373408299529,-0.0599275345752915,0.0052714896971434,0
500495,underperformer,,0.1666666666666666,0.0030109541782523,0.0695548944447622,0.2094266000463555,2.0736325975217347,-0.7130951951774132,-0.0734892141265075,0.0080800803524541,0
500496,stable,,0.2876543209876543,0.0036052149933624,0.0854432523997741,0.3080412946333148,2.2380797197384767,-0.8226870749232934,-0.1582500898122038,0.011697217568411,0
500497,stable,,0.4660493827160494,0.0048139732347416,0.0830135555505097,0.3996250345408947,2.2912207127678257,-0.8583429902765639,-0.1059763740821531,0.0136489490309246,0
500498,stable,,0.5669753086419753,0.0050061393322851,0.0965106987481132,0.4831460049892492,2.6932457078450254,-0.8070946175572971,-0.2731638027478537,0.0093656072883272,0
500499,stable,,0.5524691358024691,0.005250468693404,0.0941473847948668,0.4943178964313147,2.197441628362516,-0.7963396094335596,-0.1554568625540403,0.0091054549733307,0
500500,stable,,0.4725308641975308,0.0049392877793272,0.0895193499517972,0.4421618312302303,1.983140713261951,-0.820923011050665,-0.0723672888985499,0.0097379425193752,0
500501,fatigued,13,0.6188271604938271,0.0057439165858058,0.0926201343658649,0.5320023259636577,2.320801235883552,-0.8203420175272395,-0.0937484940092503,0.011157135960435,1
500502,stable,,0.6191358024691357,0.0054339119614719,0.0922297936778345,0.501168579070079,2.8440330537232423,-0.7230092100409753,0.0015962167166723,0.0092330238475289,0
500503,stable,,0.4117283950617283,0.0043990719732749,0.0976199957117039,0.4294373871665729,1.920121270111239,-0.7746786285008609,-0.0130880038688246,0.0090700930422037,0
500504,fatigued,12,0.6188271604938271,0.0070605319092922,0.1780359525865452,1.2570285242385362,1.3120184424515202,-0.8390402662886046,-0.1404521369787362,0.0141450140773443,1
500505,stable,,0.6932098765432099,0.0094693334909397,0.1949577474666012,1.846119927403658,1.4443653030972274,-0.7644738130668771,-0.0840789720283604,0.0164634146341463,0
500506,fatigued,10,0.5882716049382716,0.0065245449682633,0.1779624433412475,1.1611239642419824,1.2306561741658963,-0.8637097586801825,-0.2314514485126415,0.0141191516631402,1
500507,top_performer,,0.8416666666666667,0.0135540501479098,0.2276388179910385,3.085427954661468,2.401432361845693,-0.5736798634509641,-0.0606346757590395,0.0199392868863535,0
500508,stable,,0.4280864197530865,0.0048814761768638,0.1694420687226442,0.8271274218281087,0.8586314662055392,-0.8476962759111507,-0.0796881995101782,0.0126567056971208,0
500509,fatigued,10,0.678395061728395,0.0087819482066544,0.2016228315612759,1.7706412640501343,1.392240552091573,-0.8782255635044844,-0.0336972496325844,0.0164691842683586,1
500510,stable,,0.3947530864197531,0.0050171247609758,0.0487827892055104,0.2447493396324333,2.872679293259874,-0.781141062517926,-0.092689927196554,0.0097114269861104,0
500511,stable,,0.4660493827160493,0.0052959549650018,0.0536104686163302,0.283918627444729,4.014781702201274,-0.7993097673206603,0.0800996433221989,0.0100063822027717,0
500512,stable,,0.5419753086419753,0.0055683908137829,0.0594947025264873,0.3312897550172442,4.854554422911934,-0.8071760453092345,-0.1986801173421187,0.0108222895349482,0
500513,stable,,0.4234567901234567,0.0050965314858639,0.0526875836069561,0.2685239287669391,3.088576072716223,-0.8316418066410195,-0.1299634096761079,0.0108718137658301,0
500514,stable,,0.5030864197530863,0.0054185368562306,0.0582670958418183,0.3157224063244145,3.694492077010553,-0.8405551874122213,0.0362156137001206,0.0120719503368696,0
500515,stable,,0.5345679012345679,0.0052850392747174,0.0642450187289496,0.3395374471874537,5.124723496209135,-0.8250465159842785,-0.0281989648691397,0.0113121469459088,0
500516,stable,,0.5185185185185185,0.0037034722279403,0.1004519609272488,0.3720210475362177,10.13728367143949,-0.6926113486519265,-0.1103818177762546,0.0066666493506943,0
500517,stable,,0.3410493827160494,0.0033299642201562,0.0720608575380359,0.2399600772754352,7.167327651185714,-0.711506429892806,-0.0121199298797073,0.0065615523023509,0
500518,stable,,0.6716049382716051,0.0049586403983571,0.0904053659959171,0.4482877000556166,9.979363178153214,-0.7731269004417902,-0.0953385632190606,0.0088532479928828,0
500519,stable,,0.4364197530864198,0.0037811430438503,0.0764029389841337,0.2888904412695798,8.931140374239748,-0.7260811138843981,0.0120238409877948,0.0074508176401937,0
500520,fatigued,10,0.7561728395061729,0.0055372817125284,0.0953484576464827,0.5279712708436587,9.614111876467398,-0.7981131789101129,-0.0813675185548951,0.0092269370984667,1
500521,stable,,0.4987654320987654,0.0039050556774734,0.084677189583452,0.3306691399353526,10.328374744648883,-0.6932874653897554,0.1383431479840879,0.0064856343948805,0
500522,stable,,0.3228395061728396,0.0040045910138857,0.0516269505261884,0.2067448221514966,4.787313101836439,-0.7389704106423063,-0.0251465838475798,0.0078249206761678,0
500523,stable,,0.5114197530864197,0.0051254509222701,0.0576019083701676,0.2952357543803942,6.692202074348175,-0.8029854547445613,-0.065032258064516,0.0097380731171976,0
500524,fatigued,10,0.6820987654320988,0.0064578405943094,0.062348274024513,0.4026352149806301,6.024818750726801,-0.830555515911546,0.0365076675740496,0.011658848343897,1
500525,top_performer,,0.8333333333333334,0.0080440846843368,0.0637904335856847,0.513135649813811,7.743698949125434,-0.7051957965145482,0.1013526055411633,0.0136600717594633,0
500526,stable,,0.4756172839506172,0.0053555970292505,0.0518749759124368,0.2778214668890889,5.047410831555157,-0.8207046208415608,0.0159048310868377,0.0105038251927877,0
500527,top_performer,,0.7885802469135802,0.0073327467737073,0.0657033686152224,0.4817861642349776,7.122713910586939,-0.7254321533451835,-0.0225079510859397,0.0123978345386219,0
500528,underperformer,,0.024074074074074,0.0025409315677454,0.0785886951602119,0.1996884964005103,1.0140610207445964,-0.5739438709382823,-0.0733903674757461,0.0055068927989189,0
500529,stable,,0.299074074074074,0.0039134866106156,0.0938324117396852,0.367211886985032,1.7595091396178075,-0.8300669286272558,-0.1410953846944813,0.0111000410425582,0
500530,stable,,0.3024691358024691,0.0044050557080688,0.0939759669743104,0.4139693697414799,1.1732710700927826,-0.8562133955351959,-0.0495410499729159,0.0140133244228933,0
500531,stable,,0.3632716049382716,0.0045351120690315,0.1004842615012106,0.4557073870818638,1.4186329981926624,-0.8557520194712933,-0.1010431936579352,0.0129295983065962,0
500532,underperformer,,0.1314814814814815,0.0035218387739621,0.0848915911437421,0.2989744972733728,1.1412603052389212,-0.7910255716686968,-0.2260382171731234,0.0108305443519551,0
500533,underperformer,,0.0459876543209876,0.00299731245567,0.0709050825239826,0.2125246870194475,1.1184319361798116,-0.7552518014896852,-0.1198074325202441,0.0085287190140089,0
500534,underperformer,,0.1743827160493827,0.0029825780165687,0.0873372003940024,0.2604900139238115,1.954388577327339,-0.6993017023043908,-0.10566692288478,0.0068392645831074,0
500535,stable,,0.341358024691358,0.0041184918800439,0.0817593543303326,0.3367252369271147,2.0912255536177176,-0.8241572957828954,-0.0947713203299795,0.0108851094193652,0
500536,stable,,0.4018518518518518,0.0043212789015852,0.0926883924952916,0.4005323949117551,2.086874126945085,-0.8338170535856084,-0.0607819186849521,0.011580466245783,0
500537,underperformer,,0.1669753086419753,0.0032887668690242,0.0837301388401583,0.2753689065563103,1.7371886629106024,-0.7977714272697571,-0.1441110279644735,0.0103575211894283,0
500538,stable,,0.2231481481481481,0.0033643312087583,0.0824926749650954,0.2775326808790303,2.1011146248242705,-0.7689167289706054,-0.0774940968122785,0.0083606998388018,0
500539,stable,,0.4774691358024691,0.0044990318670463,0.1022311124788429,0.4599410328459093,2.2658354753730467,-0.8403870708106891,-0.0519667180927515,0.0119937804114889,0
500540,stable,,0.3515432098765432,0.0039950355837044,0.174830044768695,0.6984522499515774,0.8533569215832197,-0.8490670698242543,0.027654569087762,0.0124977892162542,0
500541,stable,,0.5033950617283951,0.0054032202538272,0.1833711834468836,0.9907948923684798,1.2006184565145157,-0.8700103437697365,-0.1605596416523806,0.0150646791144329,0
500542,stable,,0.5774691358024692,0.0061090703695461,0.2235315969785776,1.3655702557591676,1.2719106930253972,-0.864989900330015,-0.123639564335343,0.0153021743051474,0
500543,stable,,0.5790123456790123,0.006295041424065,0.1913317984382046,1.2044415969093618,1.226790225485861,-0.883910244689407,-0.0677409601011896,0.0162881090827838,0
500544,stable,,0.5342592592592593,0.0057865811018642,0.19625569476082,1.1356494944361963,1.16294301400637,-0.8803943727698724,-0.0924920389604621,0.0151198625856607,0
500545,fatigued,10,0.6203703703703703,0.0067763481678708,0.2142691648259989,1.4519624624998666,1.3529604415219223,-0.8746167690997513,-0.0824672968400037,0.0152311593248353,1
500546,stable,,0.3629629629629629,0.0049064240578717,0.0622637410384531,0.305492316964161,2.0226761020532784,-0.8185555444795575,-0.0824869535940744,0.010196464701739,0
500547,stable,,0.3466049382716049,0.0046327149471321,0.0577303622128538,0.2674483119268395,2.405355002312834,-0.7991011289918333,0.0105118560213779,0.0094226624445488,0
500548,underperformer,,0.1682098765432098,0.0036708301621811,0.0528959092750101,0.1941718992227028,1.8557713963267195,-0.7235411462047951,-0.1520386312983438,0.0073371755235557,0
500549,stable,,0.4558641975308641,0.0051918588163434,0.066675154910449,0.3461679908528799,2.2639405961119854,-0.8320150654561989,0.0915307576413413,0.0112040244467488,0
500550,stable,,0.3839506172839506,0.0042897929487533,0.0736450246136514,0.3159219072984054,2.711567224629677,-0.7503322525613438,-0.137035290227845,0.0082170699427073,0
500551,stable,,0.4342592592592593,0.0046718448778346,0.0707004130415678,0.3303013625290451,2.766092044775869,-0.8118513396304758,-0.0213347375811832,0.009796142578125,0
500552,stable,,0.6425925925925925,0.0044891287183328,0.1060097766701811,0.4758915328741654,9.552503384656404,-0.7600715955145481,0.0438867227493005,0.0082518965238954,0
500553,stable,,0.45,0.003540474436434,0.0986186781134775,0.3491569088156859,7.134724667677001,-0.7278392180473348,-0.1609512936043547,0.0068648569074132,0
500554,stable,,0.6358024691358025,0.0044409444076766,0.1064760220125786,0.4728540945084117,9.45580065832053,-0.749414909398399,-0.1404442573630263,0.0079482167553451,0
500555,stable,,0.4641975308641975,0.0038666329352489,0.09672690078418,0.3740074202966721,5.943934938639875,-0.6990047345318608,0.0291712051183923,0.0072688096807174,0
500556,stable,,0.686111111111111,0.0051262835679832,0.0949598246895544,0.4867909889246313,7.901154762549412,-0.771818571675126,-0.0720692402722241,0.0091543138969149,0
500557,stable,,0.4898148148148148,0.0036749961704377,0.1012208895821007,0.3719863815825234,7.575162030537618,-0.712008981358646,-0.0479884286653518,0.0067258517407085,0
500558,stable,,0.7777777777777777,0.0073813012883972,0.0525235058899816,0.3876918216968617,12.609035902007008,-0.7042355946370837,-0.0159454740276575,0.0123055200579083,0
500559,fatigued,11,0.696604938271605,0.0064410447866374,0.0519491044655158,0.3346065084880953,10.699081978819434,-0.8102072493152404,0.0782349960650716,0.0122704305219215,1
500560,top_performer,,0.8654320987654321,0.0083510819268429,0.0597671989255335,0.4991207747650518,13.391615987485372,-0.6761523772138095,-0.0372378516624041,0.0134124111896308,0
500561,fatigued,11,0.6024691358024691,0.0059601902341027,0.047373377553945,0.2823543422534854,8.890627927073199,-0.8361536500901119,-0.1661459377677316,0.0117737552195284,1
500562,fatigued,12,0.766358024691358,0.0072490377752015,0.0535034468566725,0.3878485073675056,10.260437991688736,-0.8002388904956953,0.0375318497058623,0.0128271895130453,1
500563,fatigued,10,0.7527777777777778,0.0063875485177483,0.0638337631274059,0.4077412590467592,10.634869896210365,-0.8239201425260625,-0.0360820187487609,0.0126763375033271,1
500564,stable,,0.4564814814814815,0.0051653673437316,0.0805853502930738,0.4162529367870175,1.8721071521383368,-0.8199959976121204,-0.0054803611472364,0.0108267520143026,0
500565,fatigued,14,0.7441358024691359,0.0069541081267702,0.0941962448152487,0.6550508715809648,2.7117296077791253,-0.808758854725862,-0.0048879027024764,0.0129843597167201,1
500566,stable,,0.7320987654320987,0.0068994419966591,0.0930560330010312,0.6420347021298144,2.582747685145017,-0.7501308445640837,-0.0953021913943621,0.0121832271190497,0
500567,underperformer,,0.1808641975308641,0.0040395040783242,0.0717799234833303,0.2899552936527143,1.2943824051260924,-0.7148336118188985,0.140653867601654,0.0078441220439664,0
500568,stable,,0.4765432098765432,0.0051550566637918,0.0890452348066298,0.4590332310688287,1.843610899822319,-0.8277452367081967,-0.1735794426348172,0.0103626807997269,0
500569,fatigued,13,0.6391975308641976,0.00610695511977,0.0904706790123456,0.5525003763835187,2.207796858409081,-0.8357278487146945,0.0408261872120108,0.012724904185625,1
500570,stable,,0.654320987654321,0.0058308397333927,0.0863068907893443,0.5032416480800969,2.963071012310832,-0.7366201784059502,-0.0115881063169068,0.0099290221402668,0
500571,stable,,0.2858024691358025,0.0040194625197996,0.0759693792644366,0.3053560726058478,1.9713017414654064,-0.756493100988987,-0.0399054870044629,0.008094121648708,0
500572,stable,,0.4567901234567901,0.0050485214575065,0.0820708244260619,0.41433631815023,1.9317392645873217,-0.8001628797505245,-0.1151522263148264,0.0096765825495743,0
500573,fatigued,11,0.6570987654320987,0.0061678629853129,0.0939612353885797,0.5795400258074977,2.2661262279057097,-0.8260529300029492,-0.0321899881532908,0.0112033608922788,1
500574,stable,,0.7191358024691358,0.0066903321513249,0.0870869653354956,0.5826407241453856,2.7006019873664617,-0.7257857277281792,-0.1286518262215831,0.0114180719498781,0
500575,fatigued,10,0.582716049382716,0.0054813716351798,0.0889839942606931,0.4877543421255675,2.349449929478138,-0.8222115782968181,0.0294405469981189,0.0107253040932225,1
500576,stable,,0.4725308641975309,0.0053299430203234,0.1769220146382844,0.942984257062892,0.8444973277899612,-0.851512905414628,-0.0701160785570761,0.0132689741365968,0
500577,stable,,0.5635802469135802,0.0062780902257243,0.2198944601458584,1.380517260932652,0.9867690469653896,-0.8626108095121728,-0.068008037556014,0.0149526901607596,0
500578,stable,,0.4373456790123457,0.0049631412467088,0.1813904015353843,0.9002661836173474,0.8078741315323686,-0.8075339045359725,-0.0753355910101911,0.0137663534079263,0
500579,stable,,0.5709876543209876,0.00645922638072,0.1843143926505614,1.190528387354905,1.08918629609447,-0.8861379680906118,-0.2028270709575163,0.0166112320039662,0
500580,stable,,0.571604938271605,0.0064629116644844,0.2093775262732417,1.3531884568322432,0.9910828778088864,-0.882778045202941,-0.045967403259674,0.016665276844674,0
500581,stable,,0.5243827160493827,0.0059087174828424,0.1762622950819672,1.0414841045167529,0.977217171818009,-0.8657543314872982,-0.066378966292265,0.0147857268068959,0
500582,underperformer,,0.0746913580246913,0.0028466191796437,0.0540659448097181,0.1539051554609056,1.5911021082526735,-0.5673051928890859,0.0724003289701238,0.0057552993439773,0
500583,stable,,0.3873456790123457,0.0050319313850879,0.0599856086871197,0.3018434670063201,2.167136001523355,-0.8257665385361052,0.0630937292534252,0.0107793905963277,0
500584,stable,,0.3256172839506173,0.0043349359786696,0.0626811858997783,0.2717189279426326,2.4383543813540727,-0.7926004649963264,-0.0032898919262555,0.0090935964651725,0
500585,stable,,0.457716049382716,0.0052485388848884,0.0696522183863956,0.3655723766197423,2.108017974997003,-0.8379949621730696,-0.2046801990667267,0.0112228632572916,0
500586,stable,,0.324074074074074,0.0042638317733309,0.063464578784913,0.270602287504177,2.466508948036258,-0.7987287024275411,-0.0200437317784256,0.0095840223178546,0
500587,stable,,0.312037037037037,0.004561257280486,0.0615167406212182,0.2805936810303032,2.015158103825956,-0.8168886563963959,-0.1525233102347351,0.0104738453546972,0
500588,stable,,0.4030864197530864,0.0035416028794404,0.0974410205179436,0.3450973988419641,5.291175563698956,-0.7087635484774453,-0.1153920171062009,0.006276697168022,0
500589,stable,,0.6620370370370371,0.0050182024050106,0.0964833987861478,0.4841732238322512,7.218215233192783,-0.565409968807999,-0.1836480544895417,0.0072871337274005,0
500590,stable,,0.3509259259259258,0.0035019923304947,0.0882885992923103,0.3091859975917946,4.529101931606313,-0.7112747397726654,-0.0249683810009671,0.0064513598504744,0
500591,stable,,0.5475308641975309,0.0042134298203817,0.1058065286149072,0.4458083828571212,6.084210257874258,-0.7016071140407429,-0.2007190523371022,0.0061112126473544,0
500592,fatigued,12,0.7083333333333334,0.0053882020554026,0.121199892386333,0.6530495092706213,5.787031281404861,-0.7979753143953994,0.006703317132765,0.0100877037875305,1
500593,stable,,0.770679012345679,0.0061342994302472,0.0988102806284624,0.6061318481617436,6.461365718040491,-0.5504760320635894,-0.0644275970761663,0.0090464897200646,0
500594,fatigued,13,0.6589506172839507,0.0057610336259013,0.0599076370478063,0.3451299114807059,9.79551852356194,-0.8171186404487989,0.0346318642021481,0.0117443702445387,1
500595,top_performer,,0.8790123456790123,0.0083105190476894,0.0664410016056937,0.5521592093916835,10.41913601589925,-0.6929381434272962,-0.1040856953265713,0.0141877721390768,0
500596,fatigued,10,0.7030864197530864,0.0065632877465032,0.0587899200096229,0.3858551616170627,7.16451149333651,-0.8229556828405199,0.0885147643149746,0.0111125653694468,1
500597,fatigued,13,0.6290123456790123,0.0060110891524309,0.0547291926876348,0.3289820564859461,7.33940152402404,-0.8420368967749245,-0.2236637132178635,0.0128628089547766,1
500598,fatigued,13,0.7388888888888889,0.0066840975776003,0.0591539196940726,0.3953905713327191,8.579681793924244,-0.834764026643883,-0.1272984606065548,0.0130752851988338,1
500599,stable,,0.7206790123456791,0.0063442502389065,0.0639613426166476,0.4057867631764499,7.660942405730999,-0.7889460744455392,-0.0983644093357903,0.0111350091858224,0
500600,stable,,0.5209876543209876,0.00603467763025,0.0890299564555899,0.5372670866446864,1.44857709337839,-0.8432672109374766,-0.0488462143692114,0.0121178701599128,0
500601,stable,,0.5333333333333333,0.0058475273236904,0.0997367355204536,0.5832132861315433,1.5155916158296268,-0.859114757884236,0.0422413793103446,0.013537502868115,0
500602,fatigued,10,0.6015432098765432,0.0067941845362703,0.1002922340359385,0.6814039455949854,1.5232592849757205,-0.8494061577017884,-0.0711135524676915,0.0121016811275361,1
500603,stable,,0.3567901234567901,0.004489113395518,0.106661217817736,0.4788143016878663,1.265024770724582,-0.829734018407476,-0.0247826617930649,0.0111404917052286,0
500604,stable,,0.4083333333333334,0.0049243728770175,0.0925989672977624,0.4559918430009348,1.539199974465408,-0.8215405218374574,-0.1489148611368236,0.0103784390266707,0
500605,stable,,0.2231481481481481,0.0040363591584305,0.0831763967357187,0.3357298107294686,1.2435957432988465,-0.7970440944885377,-0.0523533240879631,0.0091761271097491,0
500606,stable,,0.4206790123456789,0.0047502883523945,0.0943021523904091,0.4479624161058928,1.7280272440752604,-0.8121198831592614,-0.0209056145687285,0.0100166036755422,0
500607,stable,,0.5342592592592593,0.0056909451171812,0.0964781216648879,0.5490516954036113,1.6581119827430282,-0.8168112552854903,0.0364603083997621,0.0114980974591874,0
500608,stable,,0.3354938271604937,0.0044091888714367,0.091282790185193,0.4024830626382484,1.566927048090497,-0.8059529897680868,-0.0223022075888655,0.0091831256534147,0
500609,stable,,0.6453703703703704,0.0065338169172881,0.1110666879897649,0.7256894049346879,1.855357486375727,-0.778218238772733,-0.1243314158845494,0.0112486178446882,0
500610,stable,,0.6839506172839506,0.0070404609859907,0.1105509379116137,0.7783295653313976,1.961006144481949,-0.7092297859172121,-0.0396773625736445,0.0123542085513519,0
500611,fatigued,13,0.6432098765432098,0.0064654886959593,0.1117614541670731,0.7225924185611854,1.8638649479803,-0.8428405507040928,-0.2079808464448408,0.0118530147024873,1
500612,stable,,0.3598765432098765,0.0040922443312163,0.1656834899133347,0.6780173223739905,0.8953269632778265,-0.8240680083328795,-0.2237439158331494,0.0102592054609222,0
500613,fatigued,13,0.6083333333333333,0.0069757236089494,0.1830496799931119,1.2769039743385946,1.1986383338830635,-0.870506379163156,-0.1266788275986534,0.0148874060128885,1
500614,fatigued,13,0.6716049382716051,0.0085066510412112,0.2209131075110456,1.8792307160260533,1.3309680726773665,-0.8660232695904571,-0.1026227297662868,0.0177429125272595,1
500615,fatigued,12,0.6743827160493826,0.0085748283166763,0.2200947776554497,1.8872749317925377,1.3410847271735749,-0.8613514558851754,-0.0898113309754408,0.0165220417231546,1
500616,stable,,0.7237654320987654,0.0105945548968524,0.2200030726686127,2.330834630863832,1.5867112261177003,-0.7300344435902605,-0.108945022913152,0.018383879270976,0
500617,fatigued,10,0.5904320987654321,0.0067362937943321,0.207147048140594,1.395403374903706,1.0770036702501498,-0.8834758315596857,-0.0615396327320046,0.0165765929424587,1
500618,stable,,0.387037037037037,0.004574932468286,0.059784569396485,0.2735103676344807,3.138048265930661,-0.8262616183500584,-0.0615566037735848,0.011234814489716,0
500619,stable,,0.2873456790123457,0.0039203177114904,0.048567214496418,0.190398911188063,3.017381979750114,-0.7860214938241228,-0.2400648869062334,0.0091030943440449,0
500620,stable,,0.4669753086419753,0.0051926654469359,0.0565692145121521,0.2937450055575604,4.145574223293451,-0.8302673336568753,-0.1691338365560265,0.0111697779264683,0
500621,stable,,0.5243827160493827,0.0058140529388527,0.0534422484510747,0.3107160616658687,3.3076399975168,-0.8513359596749878,-0.1531964025279534,0.0123684774875668,0
500622,stable,,0.3064814814814815,0.0040525082344782,0.0531835413265447,0.2155267391645389,2.9202618518508143,-0.7747993368638163,-0.0403439113518028,0.0089369573409491,0
500623,stable,,0.2549382716049382,0.0039576230569173,0.0406883610233878,0.1610291957343384,2.441379432825642,-0.7829203866265795,0.1012949072246349,0.0087768841274183,0
500624,fatigued,13,0.7354938271604938,0.0051937428549112,0.1147872689489226,0.5961755579382381,7.811191945122399,-0.8136166689865809,-0.0022915924020981,0.0102540114072403,1
500625,stable,,0.4108024691358025,0.0034290075397903,0.0929767340726244,0.3188179221601122,7.157028756635192,-0.7373393430209931,-0.109580791285905,0.0071508267268448,0
500626,stable,,0.3950617283950617,0.0034177612704495,0.0988718006286484,0.3379202109282034,5.620306585210449,-0.668494787213098,-0.0895752994433758,0.0075106509042688,0
500627,stable,,0.5037037037037037,0.0041256320719113,0.0930565851247837,0.3839172320933602,6.276094059370347,-0.783039411991616,-0.1807652543029044,0.00831824875744,0
500628,stable,,0.4922839506172839,0.0037014129330588,0.1007809594644849,0.3730319467679282,7.579138989191723,-0.7552449197439595,-0.0127904981673687,0.0071405702906248,0
500629,stable,,0.5141975308641976,0.0039396536722525,0.1035017193781178,0.4077609288324566,6.589949786337766,-0.7668739835712779,-0.14127972887221,0.008623204808974,0
500630,top_performer,,0.8416666666666667,0.0085888599951929,0.0534891958908962,0.4594112147623557,10.468499538877056,-0.6294356725034911,-0.0252324263633406,0.0130966493865609,0
500631,top_performer,,0.8250000000000001,0.0084323699822852,0.0521063189568706,0.439379759859297,10.096183879743494,-0.693638017344047,-0.0418292658604848,0.0136538393499463,0
500632,fatigued,10,0.8327160493827162,0.0082051653332309,0.0583373199383405,0.4786673551916763,8.896045001022596,-0.8463126988877674,0.0702330874604846,0.0134550454497676,1
500633,top_performer,,0.889814814814815,0.008469468690912,0.0672989550204452,0.5699863924767568,10.625742872517485,-0.7006108955336974,0.0052916753109937,0.0137798419702668,0
500634,top_performer,,0.925925925925926,0.0101357509490963,0.0650814401300215,0.6596492685664231,12.311159384838898,-0.6310388194918493,-0.1444336137976378,0.0147775778372949,0
500635,top_performer,,0.780246913580247,0.0071756551188681,0.0559363525091799,0.4013799742133128,11.443850899912857,-0.6474629297928505,-0.0856686000621267,0.0110214798542473,0
500636,stable,,0.3802469135802469,0.004701055358085,0.0897986690253559,0.422148514170554,1.624007872314524,-0.8461223604840862,-0.1130043009697623,0.0114770447176487,0
500637,stable,,0.3580246913580247,0.0044577147151951,0.0958550521251002,0.4272944763838532,1.5760197321080796,-0.8320512809419123,-0.1405591600866542,0.0109079199113856,0
500638,underperformer,,0.0089506172839506,0.0025476989028828,0.071426727587186,0.1819737955103835,0.7817916400691317,-0.592410507168408,-0.1820409531852371,0.0065446196674909,0
500639,fatigued,12,0.5805555555555556,0.0053347029810877,0.1062756517552106,0.566949036235566,2.127564343640599,-0.8514449512476998,-0.0746753246753246,0.0123319049781797,1
500640,underperformer,,0.1064814814814814,0.003509691385931,0.0777259076447325,0.2727939485243872,1.144935830476841,-0.7797950903104063,-0.1034983452840595,0.009120057846933,0
500641,underperformer,,0.2089506172839506,0.003831394456622,0.0945024988641526,0.3620763502850481,1.1102876748626558,-0.7882411239335779,-0.0038086028057811,0.0109465493611565,0
500642,fatigued,12,0.641358024691358,0.0061472374297062,0.1006926722566532,0.6189817637932422,2.0628805087073925,-0.8550673987412649,-0.2139412919023113,0.0126660375103944,1
500643,stable,,0.3555555555555555,0.0045136013094834,0.088031403992316,0.3973386603353855,1.6557591898624426,-0.7954488487209227,-0.2574234436254046,0.009787953550695,0
500644,stable,,0.5324074074074074,0.0047963260788931,0.0999550561797752,0.4794170426722843,2.467031248927868,-0.7969285176313993,-0.3261141202646014,0.0086684067232185,0
500645,stable,,0.4870370370370371,0.004761089528504,0.0913966959879854,0.4351478522082629,2.277794158392116,-0.8064708125823628,0.0177143284251437,0.0095636598761807,0
500646,stable,,0.3132716049382716,0.0041311131850642,0.0949547414336501,0.3922687843209146,1.6045265849885864,-0.7285654509406956,-0.1982664655710966,0.0083847679278782,0
500647,stable,,0.4848765432098765,0.0048315007672954,0.089665459194545,0.4332187348983429,2.2308606995824136,-0.7954286014220371,-0.0876511128686025,0.009383486567544,0
500648,stable,,0.4487654320987654,0.0049715222998452,0.1912779794916809,0.9509427405122436,0.9963946398189304,-0.7760538781767493,-0.1015114087463593,0.0121716145177632,0
500649,fatigued,10,0.6348765432098765,0.0068535972720151,0.2037987487356235,1.3967545483745654,1.481188943316158,-0.8645804895003362,0.0157495053093639,0.0143121379163002,1
500650,stable,,0.4432098765432098,0.0048972520556767,0.1695379031132207,0.8302698445363472,1.086176445282251,-0.8503318451347788,-0.098042270183429,0.0136085340748068,0
500651,stable,,0.3299382716049382,0.0037836489581967,0.1580619173667856,0.5980508089754127,1.0797659852845338,-0.7687969245386194,-0.1231834417892289,0.0089179177365186,0
500652,fatigued,10,0.6617283950617284,0.0075993403489369,0.1879744174209396,1.4284815748748692,1.497320712478958,-0.8580510412136293,-0.0551089092304662,0.0160305099687617,1
500653,stable,,0.4166666666666667,0.0046865197282423,0.1631694016535571,0.7646966198949021,1.0074700879327156,-0.8301681230251021,-0.0843839989793859,0.012016483736965,0
500654,stable,,0.3932098765432099,0.0052687518046826,0.0502565298507462,0.264789182348207,2.342410628483567,-0.6975824991133308,0.086704406364749,0.0082769121416961,0
500655,stable,,0.7052469135802469,0.0075605475835961,0.0610140049940288,0.4612992880231273,2.904057936682516,-0.7418030424448283,-0.0573042291950885,0.0125579410385231,0
500656,stable,,0.3373456790123457,0.0045917309437067,0.0570903146710257,0.2621433644609032,2.370332096992046,-0.763895833936859,-0.0367007672634271,0.0083376320626739,0
500657,stable,,0.6666666666666666,0.0072578130260794,0.0585956852677566,0.4252765278083777,2.7132994478292662,-0.658381608703963,-0.0303211741586832,0.0109510743603929,0
500658,stable,,0.7595679012345679,0.0078200862958174,0.0737162814891877,0.5764676826522163,2.945526376622366,-0.775416347787136,0.0183695468845099,0.0118775578831522,0
500659,stable,,0.729320987654321,0.0087147998498999,0.0542667987280404,0.472924289409676,2.913096668892351,-0.5279220448692965,-0.0558660528716815,0.0121805200028829,0
500660,stable,,0.7790123456790123,0.0057043630220128,0.0992313551693096,0.5660516730520297,9.2027785278215,-0.6782588311059095,-0.0679480682621138,0.0093909196294681,0
500661,stable,,0.4861111111111111,0.0038251418456543,0.0951459625561941,0.3639468028187593,7.31186198337702,-0.7052258919554032,-0.1519309969523065,0.0066975438795434,0
500662,stable,,0.3799382716049382,0.0033619555715324,0.0901893152510484,0.3032124709009587,6.6753140313658,-0.7044303147813957,-0.0694486215538846,0.0062963348567366,0
500663,stable,,0.7558641975308643,0.0058356762999625,0.0871640115095796,0.5086609561761146,8.174981930764428,-0.6801855180485648,-0.1817150778148825,0.0095821421448042,0
500664,stable,,0.4407407407407407,0.0035616626583725,0.096499870365569,0.34369998481884,6.868481174291663,-0.708462641817831,-0.0989015061669829,0.0065801649914987,0
500665,stable,,0.482716049382716,0.003969395272485,0.0845430191265341,0.3355846604424821,7.477799164342378,-0.7419771319227286,-0.0184486962797473,0.0069898241609545,0
500666,stable,,0.4490740740740741,0.0049047588681493,0.0482230628100296,0.2365224949668146,6.673003948593352,-0.8165898261860972,-0.0109464877619476,0.0119662637003327,0
500667,fatigued,10,0.6768518518518518,0.0066422899207267,0.049981624402793,0.3319924399922229,7.832390612460514,-0.8670064912993862,-0.3766442657265617,0.0146331308229205,1
500668,fatigued,13,0.6672839506172838,0.0062879775435323,0.0533183203073254,0.3352644007513254,8.017528232323912,-0.8702821108792188,-0.0414195728990629,0.0144007767762615,1
500669,stable,,0.4580246913580246,0.0044940053703672,0.0544375095143857,0.2446424601070652,8.831730943541412,-0.8291548954664658,-0.0573100254854804,0.0114614184819754,0
500670,stable,,0.4916666666666666,0.0048944962322259,0.0499293565458942,0.2443790474913465,9.00714214833112,-0.8355708405992277,0.0529609756582369,0.0115940236141464,0
500671,stable,,0.4765432098765432,0.0049194732892483,0.0510382548414793,0.2510813314225079,7.335839102385426,-0.8447340524247257,-0.0246153067056363,0.012622372066352,0
500672,underperformer,,0.1160493827160493,0.0031180632446838,0.0909900673938253,0.2837127847719914,1.3494838520635977,-0.6207031453023528,-0.0644663238030021,0.0076669880488037,0
500673,stable,,0.3999999999999999,0.0049749694532427,0.0918032786885245,0.4567185071829365,1.4235628271164174,-0.8430122780602205,0.0709128782209158,0.0116475681658087,0
500674,underperformer,,0.1135802469135802,0.0034589829536009,0.0742252796708242,0.256743977107644,1.3779743609014343,-0.7927727318706904,-0.0323330479866129,0.0094612409822057,0
500675,stable,,0.345679012345679,0.0042317785724642,0.0907578424517155,0.3840670929702559,1.807010388584613,-0.8039610114316698,-0.0796917957986611,0.0101891989340446,0
500676,stable,,0.4246913580246914,0.0048115787115209,0.0943140323422013,0.4537993902154359,1.711787776995159,-0.8479335253278258,0.1155726139536201,0.0124896340933681,0
500677,stable,,0.4450617283950617,0.0050618326040078,0.0875083356637339,0.4429525465851495,1.7333101021234294,-0.8247637963026293,-0.0562020390966738,0.0111567477917657,0
500678,stable,,0.4212962962962963,0.0046807114798339,0.0814109567660371,0.3810611999190537,2.106999706561969,-0.7976079055001228,0.0233334772782887,0.0095449441409892,0
500679,fatigued,11,0.6092592592592593,0.0055845494858898,0.0856472428627297,0.4783012660969397,2.611101737207523,-0.791467927164744,-0.178218744279499,0.0103451237348031,1
500680,fatigued,11,0.6987654320987655,0.0062635771733129,0.0937140867142608,0.5869854143613147,2.664890201507248,-0.8148505014915308,-0.0903672989554799,0.0119450336044961,1
500681,stable,,0.6694444444444444,0.0060199264263271,0.0866767082021087,0.5217874062529173,2.8756080635961214,-0.7812805592944625,0.0820912504266697,0.0110403227784454,0
500682,stable,,0.4712962962962963,0.0047216475778765,0.0895177680606023,0.4226713527402538,2.2666893412857645,-0.8060559950447077,-0.0913605327013148,0.0100932619899005,0
500683,fatigued,10,0.6768518518518519,0.0058776168551347,0.1010550327915597,0.5939627640318674,2.651514442207762,-0.826225550280896,-0.0674412510364034,0.0112791359707389,1
500684,stable,,0.5604938271604939,0.0053020363935313,0.1714630558593897,0.909103362312586,1.741797949257764,-0.8271188964163014,-0.060215568451347,0.0126794214610628,0
500685,top_performer,,0.8506172839506173,0.0104385427059454,0.1720789557465775,1.796253528355145,2.837019747449906,-0.7752835430832927,-0.0721574176927734,0.0194825204436497,0
500686,fatigued,13,0.8533950617283951,0.0096473834521935,0.2068053845688106,1.9951308449136724,2.86183666761179,-0.8572055661138154,-0.0118413323302382,0.0178741173454477,1
500687,fatigued,12,0.7981481481481483,0.0084215658278717,0.1903470177643984,1.6030199402419574,2.3718434265909547,-0.8831598532166587,-0.0475460682357233,0.0192137823022709,1
500688,fatigued,10,0.7049382716049383,0.0066302806061851,0.1647662725627971,1.0924466215265267,2.1286219526734773,-0.8697219692558464,-0.0844800454663653,0.015250132445319,1
500689,fatigued,11,0.7527777777777778,0.0080642982177106,0.1767574561258003,1.4254248384023578,2.05676914825516,-0.8978137845513169,-0.0036518665744397,0.019516602925476,1
500690,stable,,0.3228395061728394,0.004508120422366,0.0577684602841835,0.2604271755757713,2.3370199142299977,-0.8483473605760736,-0.0844498413249115,0.0117829802471764,0
500691,stable,,0.2746913580246913,0.0039173882534869,0.0568616374065704,0.2227491104505337,2.51368507711138,-0.7856708704074621,-0.0171534049574154,0.0089547874461395,0
500692,stable,,0.4351851851851852,0.0050686447971349,0.0663856691253951,0.3364853764167548,2.2623649435527424,-0.8560341584206672,-0.0652876463687274,0.0126158715803753,0
500693,stable,,0.2277777777777777,0.0034848467610328,0.0616279069767441,0.2147638120171418,2.3981410338039706,-0.7023897312161427,-0.1172015557993416,0.0072215685629558,0
500694,underperformer,,0.1253086419753086,0.0031096050920004,0.0468838849084499,0.1457903672440784,1.8446660873639305,-0.7510429145705508,-0.0141252488823773,0.0078083544568783,0
500695,underperformer,,0.1657407407407407,0.0033131553308051,0.0490812548033256,0.1626138209942429,2.039592817683688,-0.7780545847774873,-0.1595180911606536,0.008801840868185,0
500696,stable,,0.4657407407407407,0.004024563976211,0.0943210416894627,0.3796010665821152,5.181219010991083,-0.6463038431075039,-0.0660032553575311,0.0065021030770037,0
500697,stable,,0.5697530864197531,0.0045679764307385,0.0956361812405952,0.4368638218328805,6.019030567619493,-0.6428105369329317,0.0778642536108826,0.0072185366971511,0
500698,stable,,0.6716049382716048,0.0052983460783929,0.1045169385194479,0.5537669113301508,5.321751676391418,-0.4955799355421133,-0.1219017926734217,0.0075569780680085,0
500699,stable,,0.3530864197530864,0.0033777999958911,0.0957087345835445,0.3232849632830458,4.404523256964335,-0.64464001041717,-0.107290305722498,0.0051691201258568,0
500700,stable,,0.6935185185185185,0.00501761867313,0.1150121065375302,0.5770868933987334,6.999231371853429,-0.7028528125610893,-0.1238647276587375,0.008350114023999,0
500701,stable,,0.6095679012345679,0.0044926348340864,0.1136936432371884,0.510784022021585,6.341283172683749,-0.7060309950899439,-0.2623467233850566,0.0068444222261377,0
500702,stable,,0.4885802469135802,0.004722448442862,0.057592867756315,0.2719793486557723,8.062740804322308,-0.8264504837240163,0.0715741420070106,0.0110404834763276,0
500703,stable,,0.4074074074074074,0.0046815986905841,0.0512940162963494,0.2401379995277902,5.640176638448799,-0.8359481164048301,0.016290261101582,0.0111827821293462,0
500704,stable,,0.5666666666666668,0.0054733235831248,0.0558578613240992,0.3057281496881122,7.284566964121787,-0.8452177762646202,0.030602310714914,0.0123057656353389,0
500705,fatigued,15,0.7188271604938272,0.0064261444090506,0.0619685833693615,0.3982190655558104,7.77559437967335,-0.8556094395452953,-0.2173792414615876,0.0137795974202373,1
500706,stable,,0.4839506172839506,0.0048826728928535,0.0539808802740973,0.2635709808467074,7.570764626455176,-0.8160681590691929,0.0137918950714626,0.009971152275833,0
500707,fatigued,15,0.6691358024691358,0.0064696068714518,0.0555813041463153,0.3595891872292557,6.916159621635397,-0.850804108370325,-0.0169456384098163,0.0132020789213907,1
500708,fatigued,12,0.5839506172839506,0.005046268786626,0.0986910506251499,0.4980215682890215,2.790607377086848,-0.8475412366672901,-0.0979483720884771,0.0119499040339896,1
500709,fatigued,11,0.6188271604938271,0.0058488327173061,0.0985910801718682,0.5766427353437774,2.1162882777919125,-0.8590590729360591,-0.0447990937981813,0.0131433245746239,1
500710,stable,,0.2367283950617284,0.0039924993534971,0.0722283256585867,0.2883715434960878,1.773854084782922,-0.7953010919247306,0.1942690783870846,0.0100711265067126,0
500711,fatigued,12,0.5901234567901236,0.0051444451011689,0.0962731930874256,0.4952721565524997,2.784619082622611,-0.84283818965066,-0.1018054054054052,0.0120069625589869,1
500712,stable,,0.3200617283950617,0.0041022854323539,0.0794593025131464,0.3259647391646832,2.021838632918477,-0.8294121241115198,-0.0518124845229251,0.0107842375252603,0
500713,stable,,0.4046296296296297,0.0039950748888085,0.101651323221883,0.406104648817908,2.255428451160124,-0.8003506580148314,-0.0791613692402528,0.0100653244447422,0
500714,stable,,0.3138888888888889,0.0039996685379008,0.0912178554099951,0.3648411863781498,1.7981553521893645,-0.8406002165684235,-0.0976758754931524,0.0116757638310958,0
500715,underperformer,,0.1104938271604938,0.0029076163640393,0.0913589468278791,0.2656367687981449,1.5360237881832262,-0.7463967248554321,-0.0543582305141792,0.0081674163462763,0
500716,stable,,0.2481481481481481,0.0036418293706212,0.0941843634128447,0.3430033809301673,1.6815461546981862,-0.781296334038757,-0.0584134743106103,0.0091503587547258,0
500717,stable,,0.295679012345679,0.0038642311131322,0.0934039108872729,0.3609342985388367,1.8108243379557072,-0.8251565491416917,-0.2162444076767311,0.0108510973974356,0
500718,stable,,0.2234567901234568,0.0033787390872953,0.0904931458073704,0.3057527288716773,1.882158010538366,-0.7709600587246326,-0.0309940673252168,0.0086971668546902,0
500719,underperformer,,0.1669753086419753,0.0034836518426181,0.0791995054860145,0.2759035032208032,1.6711743240376116,-0.7922422146024665,-0.0347577560193937,0.0098966330701879,0
500720,fatigued,13,0.7737654320987654,0.0099014909270977,0.2368404723986018,2.345073788624293,1.9086764410465984,-0.8662957299816041,-0.0459441783522803,0.0191166192275356,1
500721,fatigued,14,0.6027777777777777,0.0067806233137941,0.1789653719356518,1.2134967733087183,1.2506220647606492,-0.8731306357173888,-0.0449868531570682,0.0144735209409551,1
500722,fatigued,12,0.6314814814814814,0.0074771270953966,0.1896412382726026,1.4179716410926448,1.2258823644489802,-0.8905556372258764,-0.0617270573930107,0.0176382910343326,1
500723,fatigued,13,0.6805555555555557,0.0080651794337924,0.2164627039627039,1.745810548183102,1.5128166521142343,-0.8941022891040711,-0.0744941183881076,0.0182259078914096,1
500724,stable,,0.4978395061728395,0.0055133325969554,0.1811001005313801,0.9984650875715642,1.0589038082219084,-0.8754916820984243,-0.1076815693099821,0.0142634209593884,0
500725,stable,,0.5481481481481482,0.006119420596158,0.1723579911681615,1.0547310410668695,1.1278961630323876,-0.8696108577973148,-0.0105493974239442,0.0142969773905572,0
500726,stable,,0.4981481481481482,0.0053809197248288,0.06031008314876,0.3245237160212337,3.021946788728365,-0.8388352513806134,0.0996942082638352,0.0113021114125871,0
500727,stable,,0.3200617283950617,0.0045267960868113,0.0552263883975946,0.2499985988869557,2.3320124502843087,-0.8096464462837825,-0.1418133939174884,0.0095205916173016,0
500728,stable,,0.4104938271604939,0.0051106710584858,0.0600221930797942,0.3067536850397516,2.276464393313248,-0.8393842775664234,-0.0875691535912982,0.0124385044555583,0
500729,stable,,0.325,0.0045430474241909,0.0551136593047199,0.2503839679420473,2.348309780315515,-0.8332169377606964,-0.1117346216822655,0.0114913757793655,0
500730,underperformer,,0.1916666666666666,0.003945866147337,0.0497579748053275,0.1963383083443899,1.8590031789083548,-0.7592877394398292,-0.1167955488494907,0.0082742751839009,0
500731,stable,,0.3515432098765432,0.0048134234251336,0.0597609561752988,0.2876547863625674,2.1516247800391435,-0.8274552166357798,-0.2337787839469192,0.0109737155589354,0
500732,stable,,0.2953703703703704,0.0029459457526841,0.0980254866265229,0.2887777659821992,3.962903257589193,-0.551464175660806,-0.1854693616976374,0.0055661397296853,0
500733,stable,,0.7108024691358024,0.0048416361355271,0.1176212527418961,0.5694793075811314,9.45972839590322,-0.7323600181675591,-0.1207471614240834,0.0078571556682583,0
500734,stable,,0.6540123456790123,0.0046635245602619,0.1052111201581947,0.4906546428704137,8.246414425405638,-0.7305824674915634,-0.0880622083981338,0.0081185597963154,0
500735,stable,,0.5469135802469136,0.0039929600590579,0.1067716738751533,0.4263350292222505,7.251026009159579,-0.7379744718282897,-0.0670834060724884,0.0071094146625801,0
500736,stable,,0.2969135802469135,0.0030083482942052,0.0904923599320882,0.2722325366403031,5.064009913960613,-0.6301754226207726,-0.0766139377911107,0.0053038837352302,0
500737,stable,,0.7015432098765432,0.0051537833722155,0.1059439482599322,0.546012158928902,7.279082149957801,-0.7232275934532418,-0.0978766863005891,0.0085973309022765,0
500738,fatigued,12,0.7043209876543209,0.0068541508092011,0.058650866989183,0.4020018874342556,6.175488567581257,-0.7977281288037438,-0.207994377954768,0.0119016549930757,1
500739,stable,,0.5719135802469136,0.0057431185997148,0.0520986070381231,0.2992084790998798,6.99884247413023,-0.7822738487421078,-0.2180258105922439,0.0105369101536794,0
500740,stable,,0.4000000000000001,0.004509657964674,0.0503607007901064,0.2271095354246723,6.076139655747338,-0.7689416770581916,0.0371490113432095,0.0081542076863089,0
500741,stable,,0.7604938271604937,0.0085346845954107,0.0460985929351569,0.3934369509937957,7.263303667822819,-0.6407358962951433,-0.1152538941531514,0.0137213582468407,0
500742,stable,,0.7194444444444444,0.0062786190525758,0.0622569756014186,0.3908878331668192,9.118647140421468,-0.7498231535030521,-0.0181400102197242,0.0113107526059586,0
500743,top_performer,,0.842283950617284,0.0086910392187725,0.0586910693752395,0.5100863857319052,7.77372401971862,-0.6909202439787064,-0.0358617443825634,0.0146960635039513,0
500744,underperformer,,0.1629629629629629,0.0039271615590117,0.0737300094073377,0.2895496586900687,1.2214728393919372,-0.8220394860427663,-0.1440062912150382,0.0102434894908069,0
500745,underperformer,,0.0901234567901234,0.0035008029302927,0.0749434280673493,0.2623621725843614,1.0682170800791877,-0.7723188678607578,-0.1464553036420761,0.0085237747315756,0
500746,stable,,0.5537037037037037,0.0056673012955263,0.1177664974619289,0.6674182236355881,1.6247997056702057,-0.8418603999093264,-0.0906262501733131,0.0119681368951147,0
500747,stable,,0.5104938271604939,0.0058873120454434,0.0880876479425451,0.5185994707869295,1.5067355322392513,-0.8588065934754003,-0.0314819659684924,0.0129109535793056,0
500748,underperformer,,0.1407407407407407,0.0035795263247828,0.0822554567502021,0.2944355727943846,1.217080968669828,-0.7873985706374631,-0.1241495678885488,0.0092882790617326,0
500749,stable,,0.332716049382716,0.0043168433689163,0.0979244694132334,0.4227245964411641,1.5207010399545977,-0.8364691099153633,-0.1358307289093278,0.0116189469929707,0
500750,stable,,0.3095679012345679,0.0035851678654815,0.0907328072153325,0.3252923447733467,2.299290929204386,-0.7676524337945674,-0.0692889719887465,0.008285156252676,0
500751,stable,,0.2700617283950617,0.003445391015766,0.0903845758988152,0.3114102057656022,2.1650665689345563,-0.7524366147511424,-0.0745931440176045,0.0083044376153774,0
500752,underperformer,,0.1682098765432098,0.0031522579300988,0.0774271470421956,0.2440703382686899,1.904645859962257,-0.7594507362669057,-0.0282759486392478,0.008362959200948,0
500753,stable,,0.3277777777777778,0.0042186978282,0.0893369690011481,0.3768856771031205,1.7188994421755466,-0.8269242855215011,-0.1150912761891067,0.0106463943909154,0
500754,stable,,0.3367283950617284,0.00403050126238,0.087601310570788,0.3530771928417074,1.983406948329612,-0.8220144315403841,-0.0578321694756109,0.0105544631238127,0
500755,underperformer,,0.0830246913580246,0.0027700027208246,0.0748994605198626,0.2074717094283176,1.5727063512731234,-0.5955960403168361,-0.0724057026431658,0.0056924002198753,0
500756,stable,,0.5518518518518519,0.0057975393697192,0.1978396285840935,1.146983035606925,1.3322435166603328,-0.8840478282017177,-0.0950773797706496,0.0162814353549913,0
500757,stable,,0.4938271604938271,0.0053006271636296,0.2063057650802127,1.0935499423975634,1.124095243013132,-0.8781854187727693,-0.0416773650105799,0.0160323755156663,0
500758,stable,,0.4225308641975309,0.0047370888684461,0.1594946160496738,0.7555401702660084,1.0722381324993626,-0.8592404043572852,-0.101000785202875,0.0140150715494047,0
500759,stable,,0.5688271604938272,0.0060190543018575,0.2080179481265594,1.2520713255347584,1.2840217636870246,-0.8842783891307606,-0.0231629687695466,0.0169851296378756,0
500760,stable,,0.4354938271604938,0.004519280075641,0.159322033898305,0.720020893407213,1.4065382798818282,-0.8371976879966732,0.0153322530035919,0.0114194164492746,0
500761,stable,,0.4771604938271605,0.0051121427734319,0.2006933006473359,1.0259728065804812,1.178304263644391,-0.8616454289651572,-0.0669814890139139,0.0142974503935045,0
500762,underperformer,,0.1725308641975308,0.004193127190637,0.0508791870027411,0.2133429024586998,1.5766657775987547,-0.7546728909030467,-0.070147180397631,0.0082554497939438,0
500763,stable,,0.5675925925925926,0.0067314050097231,0.0581445887864007,0.3913947762450677,2.10605557040322,-0.7315982007748528,-0.0879088740090818,0.0115675434346888,0
500764,stable,,0.5354938271604938,0.0055726213561303,0.0669419154492201,0.3730419476525986,2.55964764434252,-0.7796264758592706,-0.0607992484718045,0.009950094356401,0
500765,underperformer,,0.1422839506172839,0.0037786738572704,0.0557519621013929,0.2106684816840654,1.6119106293553904,-0.7136876268979659,-0.1986611129873541,0.006942525498234,0
500766,stable,,0.4962962962962963,0.0052557335059804,0.0692352650271995,0.3638821021988876,2.4715487410902006,-0.7851428534413035,-0.0970375269790433,0.0097634426591937,0
500767,fatigued,13,0.5827160493827162,0.0065696801419655,0.0615482856862167,0.4043525502447575,2.170208721970705,-0.7986800610685432,-0.0002215859320632,0.0121479108263249,1
500768,stable,,0.3416666666666667,0.0031010917521969,0.1040674738130866,0.3227227847137396,4.46452878236279,-0.7286829172633955,0.0086444213285545,0.0067488870322105,0
500769,stable,,0.3802469135802469,0.0033004578383156,0.1077603952243721,0.3556586410782673,4.618790720758896,-0.7448644515021179,-0.0387035973173423,0.0076658927853411,0
500770,stable,,0.2475308641975308,0.0025448886366177,0.0916199813258636,0.2331626493633249,3.4569682588341606,-0.6521801977825555,-0.2302048684985965,0.0056685621973251,0
500771,stable,,0.3712962962962963,0.0034007678983985,0.1016979339824269,0.3458510692208902,3.582660313747307,-0.705187167969215,-0.09787035416302,0.0065598848346084,0
500772,stable,,0.3129629629629629,0.0031473038354335,0.0929737730699847,0.2926167125778892,4.330510624730565,-0.7163816373909406,0.0014101950974261,0.0063602212599003,0
500773,stable,,0.4864197530864197,0.0038942003169325,0.1071051086318261,0.4170887479791547,5.537441885006229,-0.7516034067714888,-0.1147084350967846,0.0076569307338538,0
500774,fatigued,10,0.7237654320987654,0.0069825042244921,0.0512140139952096,0.3576020690747502,8.940665617343049,-0.8607721705553789,0.0917784256559766,0.0134638257098295,1
500775,fatigued,10,0.6197530864197531,0.0059370789407535,0.0519275943070333,0.3082982266042829,8.036655897322943,-0.8442921288879209,-0.2943677259844419,0.0134513807958347,1
500776,top_performer,,0.867283950617284,0.0088896606866357,0.0552821472781618,0.4914395313314844,12.809196302230603,-0.7284985726199529,-0.0426287063440959,0.0155525189031611,0
500777,stable,,0.4938271604938271,0.0049525526702091,0.0471992713551493,0.2337568773818714,9.08503316887239,-0.8173365077804485,0.0594117797892252,0.0104993395241605,0
500778,stable,,0.4629629629629629,0.0050021862727586,0.0452134596991566,0.2261661474510495,7.117531938620996,-0.8233996628323503,0.0860588030092608,0.0110901927536593,0
500779,stable,,0.5055555555555555,0.0048467324850947,0.0532328488545965,0.2580053778177122,10.19201733992346,-0.8171955775312303,-0.1325492610837438,0.0101842823553965,0
500780,stable,,0.402469135802469,0.004889393081293,0.0715437897333712,0.349805710531831,2.0100044830464303,-0.8154694628773577,-0.0084823915048255,0.011433788223152,0
500781,stable,,0.4632716049382716,0.0049220864047774,0.068695435270641,0.3381248680158921,2.7197577436688345,-0.8318224737080269,-0.1211874831713382,0.010674721009713,0
500782,fatigued,11,0.6320987654320988,0.005897857772955,0.0790639214747426,0.4663077638301199,2.738569844318602,-0.85596897758217,-0.0299631184183616,0.0129615365346559,1
500783,stable,,0.4175925925925925,0.0043939815452775,0.0799380107072414,0.351246143813815,2.5321634584066977,-0.8189759161560531,-0.06863771961603,0.0102630043291218,0
500784,stable,,0.2601851851851852,0.0038178005029582,0.0755397721906345,0.2883957802627524,2.0341979005186186,-0.7115669997393005,-0.1375784271992005,0.0091964525837001,0
500785,stable,,0.5796296296296296,0.0051983738447632,0.0842866670086697,0.4381536052401358,3.202546402806385,-0.8462611670884729,-0.1378741892245828,0.0120358400570587,0
500786,stable,,0.3734567901234567,0.0043393680646368,0.0871341891278325,0.3781073176393422,1.9660277172913536,-0.7985204960632065,-0.0941684708827284,0.0095268474693539,0
500787,stable,,0.537962962962963,0.004861809167041,0.0968953596596197,0.4710867478368795,2.533216771224504,-0.8127211063423843,-0.1126879234174459,0.0101267259258816,0
500788,stable,,0.5753086419753086,0.005607432456307,0.0989057776642397,0.5546074677907475,1.9265471088203632,-0.8221562055052096,-0.076668128868743,0.0104675894955316,0
500789,stable,,0.3145061728395062,0.0039635092043987,0.0888374506126032,0.3521080531983702,1.8830259121670776,-0.791982548961807,-0.1919361417218715,0.0086300724519964,0
500790,stable,,0.45,0.0045878299576008,0.089869003062266,0.4123037045087839,2.199396098515955,-0.7974327748526692,-0.0557321309778994,0.0092337252743207,0
500791,stable,,0.3219135802469136,0.0041909221585671,0.0926242851776098,0.3881811691722924,1.6549578320345932,-0.7895473027840558,-0.1006183559534454,0.0088962184083875,0
500792,stable,,0.7287037037037036,0.0093316988911037,0.1829152690681056,1.706910213528786,1.7266071740129405,-0.658419783635414,0.0261961304099704,0.0150307574873153,0
500793,fatigued,12,0.6509259259259259,0.0075240980570032,0.1881935363347655,1.4159866210769765,1.4391120661306396,-0.8228015811235807,0.0415293575706035,0.0135338527803319,1
500794,top_performer,,0.8003086419753087,0.0114419469209321,0.2177722623345367,2.491738666483082,2.0486505657079346,-0.6507787496512485,-0.1423798361433355,0.0182080709341974,0
500795,stable,,0.7055555555555556,0.0092052043036944,0.2051616834225529,1.8885552111944768,1.5557576303338176,-0.7362275990449929,-0.0922693266832918,0.0163158412043158,0
500796,fatigued,10,0.7527777777777778,0.0102111624624196,0.2293137825039461,2.3415602880197626,1.7653519734440204,-0.875519178358712,-0.167019556989953,0.0159715586463243,1
500797,stable,,0.7169753086419753,0.0099238188619532,0.1925672635651939,1.9110026423629995,1.5930036990730072,-0.6905462919961676,-0.0758532065826299,0.015937919418932,0
500798,stable,,0.3444444444444444,0.0044206285344553,0.0625641868298895,0.2765730295352029,2.475474555605468,-0.8108292622745428,0.0030128186908449,0.009539808484448,0
500799,stable,,0.2950617283950617,0.0041569527445531,0.0578115376719359,0.2403198301921927,2.4262590233697563,-0.7998773597453108,-0.0387626715583843,0.0100658424075882,0
500800,stable,,0.3277777777777778,0.0045267078812436,0.0530255029304609,0.2400309620222259,2.464926176236168,-0.8165692708791662,0.0340004537952511,0.0101268627130897,0
500801,stable,,0.2317901234567901,0.0037211435184309,0.0580626821121455,0.2160595732043287,2.245710915142482,-0.7504669723918536,-0.0247943050738081,0.0082626837577314,0
500802,stable,,0.316358024691358,0.0043084938335733,0.0623504219675022,0.2686364085676795,2.364858532837128,-0.7417028059751689,0.0203098512042361,0.0092517157363117,0
500803,stable,,0.4537037037037036,0.0049362634073864,0.0647050103765194,0.3194009749961721,2.9604524905847582,-0.8225154321200648,-0.0227968632668246,0.0107869389380971,0
500804,stable,,0.7086419753086419,0.0046876667704008,0.1209107563465061,0.5667893347095491,11.102092539534086,-0.6963146726810618,-0.15117944198782,0.0080202432579403,0
500805,stable,,0.4962962962962963,0.0037138016751373,0.1018076398362892,0.3780933833657911,7.444892881044028,-0.7416264565443578,-0.0725720214714508,0.007443745548299,0
500806,top_performer,,0.7830246913580248,0.0055797666155683,0.1088212768920142,0.607197327865579,9.357588726021586,-0.6840046142023355,-0.0151989086301723,0.0092780042304794,0
500807,stable,,0.653395061728395,0.0045285059244974,0.1073701629327902,0.4862264189553942,9.515068439194796,-0.742377251462748,0.0168561403508771,0.0078523102263043,0
500808,stable,,0.3808641975308642,0.0034754761375113,0.0862284820031299,0.2996850315757069,6.553746205093265,-0.6665260273412618,0.1576921365315295,0.0057349699762685,0
500809,stable,,0.6885802469135802,0.0049637652086952,0.103219034289713,0.5123550512823987,8.096411243845996,-0.7463980127097312,0.0544201680672269,0.0087171346177329,0
500810,stable,,0.7206790123456791,0.0068630562976887,0.0506584536958368,0.3476718196683852,9.841427583884544,-0.7279261107229418,-0.1973802614683073,0.0128072046283076,0
500811,stable,,0.7364197530864197,0.0067428946440165,0.0547776353416822,0.3693598239573231,10.48483107127412,-0.7531600668044807,0.0457979816954174,0.0123958662333207,0
500812,top_performer,,0.8712962962962963,0.0089773770099349,0.0585620915032679,0.5257339739151456,9.632949674724223,-0.6715847808083624,0.0783309507997433,0.0154089043258604,0
500813,fatigued,11,0.782716049382716,0.0071936384052862,0.058566792255754,0.4213083260454149,9.678912667290913,-0.8488477698316815,-0.1055823995065282,0.0129938048748888,1
500814,stable,,0.7413580246913579,0.0075491209927611,0.048364551299972,0.3651098495240909,8.26455229974901,-0.7144102467972073,-0.1342006201443952,0.012536008811568,0
500815,top_performer,,0.8225308641975309,0.0080609200132514,0.0579493742889647,0.4671252709613152,8.577602419625588,-0.7753569011275957,0.0233191489361701,0.0144039213717498,0
500816,stable,,0.5478395061728395,0.0056273058149985,0.1034589252625077,0.5821950117432086,1.6890133567463552,-0.8519064418860702,-0.0981073720799748,0.0125459136345295,0
500817,stable,,0.5231481481481481,0.005358205082999,0.108822427906479,0.5830928863527883,1.6788624471697673,-0.8441591642894466,-0.1377096530842125,0.0121293074419126,0
500818,stable,,0.4938271604938271,0.0054756607983877,0.0982281628846751,0.5378641008052643,1.5394629653254108,-0.8401779761867638,-0.0215126575684967,0.0119193348725338,0
500819,underperformer,,0.1830246913580246,0.0038665971847094,0.0816729137897021,0.3157962585262764,1.2279928984410808,-0.7729555960489553,-0.0525439959810986,0.0083671063811935,0
500820,underperformer,,0.1354938271604938,0.0035242542948046,0.085015320266524,0.2996156075734872,1.1531584504097676,-0.6933144617171484,0.0963819148551463,0.0078653339822059,0
500821,stable,,0.5132716049382716,0.0051725717507021,0.1011734506784011,0.523326932900155,1.8608128929530283,-0.816393243572299,-0.090307018953639,0.0109653655308765,0
500822,fatigued,11,0.6148148148148148,0.0054121386454855,0.088887292063378,0.481070348468771,3.0214966501506195,-0.8028043731000437,-0.0695437961648907,0.0094485920400298,1
500823,stable,,0.3737654320987655,0.0044364252967271,0.0731692640953125,0.3246099741753545,2.316890486957444,-0.7672286245194744,-0.0001213966214386,0.0082573859966589,0
500824,fatigued,10,0.6172839506172839,0.0055856685645708,0.0909529369954815,0.5080329610310502,2.5282071744454018,-0.7947244922326749,0.1663734501412226,0.009665573890588,1
500825,stable,,0.7743827160493827,0.007367433939903,0.086521942839294,0.6374446982205628,3.3023267177277638,-0.6152700704039263,-0.0169135300116753,0.011683909359519,0
500826,stable,,0.5817901234567903,0.0053567552706593,0.080001800828381,0.4285500682496732,3.0283782698250787,-0.6827660879941193,-0.1163753868926924,0.0087840068674062,0
500827,stable,,0.719753086419753,0.006245609328946,0.0924573138531948,0.5774522619308069,3.748775921546743,-0.731396708639206,0.0119742456103244,0.0108986066174084,0
500828,top_performer,,0.8771604938271604,0.012291783030079,0.1874208170275064,2.3037360182222506,3.233654937969971,-0.7004645009094301,-0.0521039493090579,0.0205539090332274,0
500829,fatigued,13,0.7472222222222222,0.0075882905267729,0.1639009139009139,1.243727752283741,2.136563628433516,-0.8807259394105178,-0.1032434046249048,0.016003764955352,1
500830,fatigued,13,0.7484567901234568,0.0080143077036732,0.1561385232187391,1.2513421694721087,2.0959420917164566,-0.84998690230075,0.0133702966218072,0.0165443523357121,1
500831,fatigued,13,0.704320987654321,0.0071192032838021,0.1596090091937523,1.1362889823765714,1.9652318444899064,-0.8865765964020116,-0.0002945629165839,0.0164257266167314,1
500832,fatigued,14,0.8070987654320988,0.0087822909210962,0.199144290351136,1.7489430931389292,2.3635841389219463,-0.8653529172703165,-0.1827962812528206,0.0179999324501186,1
500833,fatigued,15,0.820679012345679,0.009571680050507,0.1978769953812495,1.8940152891449864,2.3866141507182825,-0.8426516676896332,0.0323757818539602,0.0175784089557367,1
500834,stable,,0.7737654320987654,0.008303893820342,0.0780465330568993,0.6480901235503097,2.7550650554493825,-0.6940013399873293,-0.0211301526136996,0.0140109983105561,0
500835,stable,,0.4802469135802469,0.0051677227325018,0.067867567982793,0.3507207738642959,2.4972994857646387,-0.826220561043608,-0.1427641387969344,0.010467930848562,0
500836,stable,,0.2404320987654321,0.0038225860415701,0.0719184667649509,0.2749145271868293,1.980329606242937,-0.7257461960302953,0.0133009686539493,0.0074060690434038,0
500837,underperformer,,0.2067901234567901,0.0039987705983599,0.0578195241401995,0.2312070131429933,1.8257563498137217,-0.7807952227944622,0.0029126660198721,0.008908297123683,0
500838,stable,,0.5074074074074074,0.0055333186119826,0.0630618360119858,0.3489412309109174,2.4785113247824464,-0.7577224409405843,0.0548823785418146,0.0099543358299434,0
500839,stable,,0.4074074074074074,0.0049247071409236,0.0649449145776784,0.319834684587369,2.2675321104734136,-0.8053512730000973,-0.0545181722073581,0.0094480846155733,0
500840,stable,,0.6453703703703705,0.0044420333278596,0.1241935483870967,0.5516718810406279,7.318544774743227,-0.7388805202196003,-0.0055118110236221,0.0077111209570225,0
500841,stable,,0.6496913580246915,0.0047961979033089,0.1183039939428355,0.567409367701697,6.08421842194841,-0.7512690784263828,-0.1398728070175439,0.0089528377298161,0
500842,stable,,0.5404320987654321,0.0043612172893338,0.1059751972942502,0.4621808626802474,4.970910327243375,-0.7817012742323821,-0.0044784978147088,0.008219060801073,0
500843,stable,,0.7459876543209877,0.0057816496833983,0.1179611161478795,0.6820098498297015,5.960648272011045,-0.6472390613615575,0.0644846956322366,0.0091419994208688,0
500844,stable,,0.5929012345679013,0.0042061892127221,0.1198553133248606,0.5041341259944673,6.7739739033485655,-0.7386510360834185,-0.0863372733279494,0.0068339302165979,0
500845,stable,,0.6725308641975308,0.0047073340721867,0.1174908980582524,0.5530689076014306,7.492741840288025,-0.7152839247664662,0.136016936337517,0.0079675163546131,0
500846,top_performer,,0.7925925925925926,0.0081184483931383,0.0520154255807547,0.4222845482244854,8.186688493103292,-0.5885067438986893,0.0084531046842604,0.0119674877348741,0
500847,top_performer,,0.783641975308642,0.0086279196886753,0.0508722991820717,0.4389221117211784,6.904141325866344,-0.6133078255901743,-0.1022946979516085,0.0125035905580994,0
500848,stable,,0.5481481481481482,0.0053726125224179,0.0601719197707736,0.323280409658387,6.092162807774837,-0.8095818383035137,-0.0525045895620247,0.009544390419593,0
500849,top_performer,,0.9351851851851852,0.0111152428475015,0.0723401944278498,0.8040788287010264,10.270721659477536,-0.5803056846254047,0.0123432750718408,0.0159941061837539,0
500850,top_performer,,0.8919753086419754,0.009688549421652,0.0646455384262708,0.6263214939322329,7.949125860580844,-0.6477816663903662,0.0680690567218531,0.0147274481283805,0
500851,stable,,0.7475308641975308,0.0079534204104318,0.0528560704292636,0.4203865493673304,6.338722349546478,-0.7057727868638781,-0.0424520691228343,0.0120041455837722,0
500852,underperformer,,0.1611111111111111,0.003166437176974,0.0735068250156834,0.2327547434909841,1.8930266324980656,-0.6365351658134532,-0.1628878350700203,0.0066657416631459,0
500853,stable,,0.2845679012345679,0.0037332861698286,0.0744176865377023,0.2778225199418457,2.4031620823235817,-0.7944077697742351,-0.0212624771324686,0.0095519228478703,0
500854,stable,,0.5040123456790123,0.0046611799519998,0.0915084650299837,0.4265374226360414,2.662303905191625,-0.8567261184657746,-0.1778114988793315,0.0130891957886935,0
500855,fatigued,12,0.7077160493827162,0.0064917836478844,0.0812752704622445,0.5276214717641818,3.110374414976599,-0.873965591652571,0.024221898633097,0.0148509702886047,1
500856,underperformer,,0.1864197530864197,0.0034580096718512,0.0666961549398123,0.2306359488571611,1.9730857676050235,-0.7984725953963601,-0.0632577691079778,0.009939140726409,0
500857,stable,,0.3256172839506173,0.0039245120198924,0.0758048620236531,0.2974970921781149,2.496928975057448,-0.8214605612430004,0.0071114383476778,0.0104610149330141,0
500858,stable,,0.3037037037037037,0.0038969961041637,0.0779431216931216,0.3037440415844537,2.2494491155712093,-0.7568083691580396,-0.2942964691379766,0.0074596651887566,0
500859,stable,,0.7564814814814814,0.0068244291305056,0.0932957645690773,0.6366903334780079,3.334695012789102,-0.7050287107342932,-0.1900468450997897,0.0112172080930746,0
500860,stable,,0.6228395061728396,0.0055264540465822,0.0864087140302389,0.477533787312381,3.071688655754347,-0.7774048511228244,-0.1840536692487753,0.0099348378640828,0
500861,fatigued,13,0.6265432098765432,0.0056863652915253,0.0892610068471281,0.5075706912221136,2.5694416390265284,-0.8207422966558273,-0.0464135555442984,0.0105052979695109,1
500862,fatigued,11,0.6574074074074074,0.0058960397945261,0.0888647080159593,0.5239498547910403,2.7289658474780434,-0.8161011300799794,-0.1528385744234801,0.0110657006383153,1
500863,stable,,0.7311728395061728,0.0065614255968233,0.088900199346821,0.5833120435569344,3.0674097952808035,-0.7751171208789313,-0.0333487725798982,0.0120789574050473,0
500864,stable,,0.7311728395061728,0.01056201213437,0.1982059356808855,2.0934534977656893,1.6329747566361312,-0.7010969102401199,-0.112669555858097,0.0186040676234558,0
500865,fatigued,12,0.6432098765432098,0.0069261380517994,0.1848830576155162,1.2805255804838576,1.560043650057893,-0.844638158593223,-0.0199281505912022,0.0132794975325257,1
500866,fatigued,10,0.6166666666666667,0.0070613590123434,0.1843762729921975,1.3019470569557583,1.241745669138557,-0.8516544078233519,-0.0593746096514968,0.0125521850042653,1
500867,stable,,0.7049382716049383,0.0088569728104247,0.1905603974569492,1.6877882590199342,1.6148173959023169,-0.7506088487583735,-0.0817266340379213,0.0156218066151142,0
500868,stable,,0.7046296296296296,0.0101884276710855,0.1883101087674184,1.9185839229110928,1.4902485376041796,-0.7862853876161785,-0.0112543259568931,0.0177111899949673,0
500869,stable,,0.7117283950617285,0.0075864818501121,0.1978461196846896,1.5009559961030174,1.7941463303045009,-0.7627735238794884,-0.1110425583718739,0.0140721408275402,0
500870,stable,,0.3064814814814814,0.0043098813674075,0.0640499553969669,0.2760477093486748,2.212791452447685,-0.7611819722702753,-0.0947643024060186,0.0082619035128242,0
500871,stable,,0.3469135802469136,0.0046148432511152,0.0603429680759275,0.2784733389774578,2.3269246103821315,-0.7997229446065748,-0.2091162889443235,0.0089259397154868,0
500872,stable,,0.2200617283950617,0.0038931634666059,0.0560244308717379,0.2181122675072383,2.030308424963475,-0.7861382376706884,-0.0293307429639213,0.0086862303713681,0
500873,stable,,0.4867283950617284,0.0059728295522202,0.0551431601272534,0.3293606964108732,2.171576156602982,-0.7536847545285366,0.0911715206278349,0.0104824680655609,0
500874,stable,,0.291358024691358,0.0042638344485357,0.0643813356031881,0.2745113565876127,2.1281869119254693,-0.7918587685030073,-0.0939627959819086,0.008886711389161,0
500875,stable,,0.5475308641975308,0.0058703634828707,0.0642363293526084,0.3770906021052134,2.434740228335202,-0.8391739623339161,-0.1429503916449086,0.0117444254762703,0
500876,stable,,0.5864197530864198,0.0044318328482797,0.1110746513535685,0.4922642884799613,6.031474468778035,-0.7786229553285219,-0.0876041124414367,0.0084812997607439,0
500877,stable,,0.5845679012345678,0.0045051594961068,0.0991024222304192,0.4464722185985592,6.691537513897598,-0.7795089728797875,-0.1372445606414779,0.0085036437824065,0
500878,stable,,0.462037037037037,0.0036193669732033,0.1006726888333653,0.3643714050670581,6.9428132780331575,-0.723605234166155,-0.1215961477444521,0.0067571275941808,0
500879,stable,,0.4888888888888889,0.0038286070983184,0.0966484801247077,0.370029057047141,7.191847336157341,-0.7263351233626327,-0.2444769505453137,0.0070374896589046,0
500880,stable,,0.4966049382716049,0.003769670199532,0.103703243444762,0.3909270264085377,7.139657262795905,-0.7416416989347294,-0.0886583067160424,0.0072969425223945,0
500881,stable,,0.3398148148148148,0.0031087133657275,0.0930902506275978,0.2893909063449404,5.963406705597531,-0.6952741066844386,-0.0924082718738387,0.006238140443132,0
500882,stable,,0.5938271604938271,0.0055888435626964,0.0532641011682927,0.2976847289372257,9.042519577800476,-0.775591769896426,0.0088985784520922,0.0096497364745598,0
500883,top_performer,,0.8904320987654321,0.0097348893810565,0.0542328759694126,0.5279510483787943,11.654016304316654,-0.570167533419089,-0.1031007535324746,0.0145033957320646,0
500884,top_performer,,0.8944444444444445,0.0088696352081355,0.0650445510623714,0.5769214402001778,10.276755446267869,-0.6324619247415002,-0.2196149424441489,0.0139257995349258,0
500885,stable,,0.7512345679012346,0.0068535851374272,0.0554624976735529,0.3801169497400568,10.492461481674564,-0.7204867333994296,-0.0615258408531583,0.0112001530757854,0
500886,fatigued,12,0.6092592592592593,0.0055750688654859,0.0567655033674451,0.3164715904574794,8.9390385932267,-0.79723576589418,-0.1910260499734183,0.0095534154327963,1
500887,fatigued,11,0.6555555555555556,0.0063318858795895,0.0526978983844111,0.3336770786643001,7.355835223065019,-0.8303432616354086,0.0238019387430026,0.0115587562560862,1
500888,fatigued,13,0.5820987654320988,0.0056617075020747,0.0930006016674784,0.5265422041582235,2.04767326083233,-0.8473358838772722,0.0822209935288817,0.0120182442008722,1
500889,underperformer,,0.1037037037037037,0.0035885224145453,0.0728104655447733,0.261281987620898,1.133731643949999,-0.6922221846014138,-0.1094549313291824,0.0073016478568349,0
500890,stable,,0.2265432098765432,0.0039693610145646,0.082743321061078,0.3284381128354476,1.453738781466292,-0.7821770149969747,-0.1265506389567561,0.0084874456918296,0
500891,stable,,0.3808641975308642,0.0045359396620966,0.0926584278539585,0.4202930379302948,1.6986443507219129,-0.8165200984278252,-0.2049440979830328,0.0102611766892833,0
500892,fatigued,13,0.726851851851852,0.0075689176725313,0.1088509962569473,0.8238842292418519,2.153876807793059,-0.8395027944849203,-0.0954356846473029,0.0156311204790061,1
500893,stable,,0.4574074074074074,0.0055336309352165,0.0837274478892976,0.4633167957669517,1.4831711055693542,-0.8584992137440253,-0.1851383782679738,0.0127335297067656,0
500894,stable,,0.6731481481481482,0.0062706993581091,0.084734273318872,0.5313431533104946,2.561626982035297,-0.7266384583384933,-0.0826468041581641,0.0096676745782254,0
500895,stable,,0.54320987654321,0.0050095375933114,0.0881941928471611,0.4418121245796108,2.6594474764782743,-0.7960600902238255,-0.1316731092400103,0.0089347490246794,0
500896,stable,,0.6749999999999999,0.005874077858987,0.090547263681592,0.5318816767839031,3.113788128722455,-0.7160308856931468,-0.1380894758071588,0.0096474434812536,0
500897,stable,,0.6731481481481482,0.005718884157853,0.0955785595227651,0.5466027098851557,3.2472785189972764,-0.7293618428896553,-0.0028795248979271,0.0093290815039267,0
500898,top_performer,,0.7842592592592593,0.0071308470255895,0.1011170752937763,0.7210503955949372,4.214948436768341,-0.5816966886341917,-0.0811370616384543,0.0105858904933814,0
500899,stable,,0.6314814814814814,0.0059557536054422,0.0861775375731102,0.5132521801091852,2.3860765835221294,-0.7285350579358396,-0.2101241851487673,0.0098835997007199,0
500900,fatigued,12,0.6327160493827161,0.0080061796347845,0.210382912470199,1.6843633893255614,1.0679155935397855,-0.8629561020914716,-0.1435271994758136,0.0141579087924344,1
500901,fatigued,11,0.5854938271604938,0.0066278490901183,0.2264118383019112,1.500623496481341,0.9527779083345084,-0.8826633775687598,-0.0558854489836814,0.0155064393499563,1
500902,stable,,0.5472222222222222,0.0061110636799248,0.2167648984937786,1.3246640982679316,0.8668918902237298,-0.8555844306508159,-0.0858029803197529,0.0129984846895077,0
500903,fatigued,14,0.6552469135802469,0.0083217796626119,0.2361854504334715,1.965483278022095,1.146934406144233,-0.865472576925149,-0.0324743709993253,0.0172640864409249,1
500904,stable,,0.5645061728395062,0.0065086022075083,0.1842033590558329,1.1989063893812386,0.9257138565519274,-0.8626054922697545,-0.0818327401564189,0.0136387801632015,0
500905,fatigued,13,0.5996913580246913,0.0070583129602036,0.2161010001639613,1.5253084901702665,0.8913838233133204,-0.8893688409213276,-0.0589589218981683,0.0174131731946144,1
500906,underperformer,,0.1836419753086419,0.0043475925218055,0.0432826226698093,0.1881752066433921,1.6307701407372617,-0.78198968226818,-0.1897162318971623,0.0086102655532503,0
500907,stable,,0.562962962962963,0.0061400642142956,0.0571696344892221,0.3510252268716323,2.7076894353193666,-0.7913965188587857,-0.0262852602761809,0.011361617639375,0
500908,stable,,0.554320987654321,0.0063665674773907,0.0575916230366492,0.3666609541952788,2.2796605075696617,-0.7991412468087069,0.0338569015113465,0.0120044274200079,0
500909,underperformer,,0.1802469135802469,0.0039283870832269,0.0535148237926533,0.210226942548224,1.7682873008348203,-0.7165240064312162,0.2233507292921182,0.0067831530121702,0
500910,stable,,0.5234567901234567,0.0061872469599137,0.0515674163850367,0.3190603402589255,2.517620581024975,-0.7939355296981855,-0.0608036977333289,0.0117278410733028,0
500911,fatigued,14,0.6845679012345679,0.0073394898098347,0.0658550477004129,0.4833424515233647,2.4384394627434056,-0.8336650231005133,0.006343984962406,0.0148270621976798,1
500912,stable,,0.3175925925925926,0.0032431784847852,0.0885596140592694,0.2872146349379057,4.849075890948555,-0.6881541025314394,0.0185241445474895,0.0061438531330637,0
500913,stable,,0.3506172839506172,0.0033756751483923,0.0913625207822025,0.3084101908989595,5.200824217447956,-0.7164645136527881,-0.1467490817389397,0.0065714099423429,0
500914,stable,,0.437037037037037,0.0035314926854919,0.1061951015476135,0.3750272243504767,5.755644891208582,-0.6899937420884716,0.0238541524696753,0.0063570057950339,0
500915,stable,,0.3700617283950617,0.0034348726783464,0.0929681717246484,0.319333833012813,5.350093933178584,-0.7263283876832631,-0.0810453378354614,0.0065923480147556,0
500916,stable,,0.7219135802469135,0.0054183396942506,0.1150623938133458,0.623447135714347,6.309211398969824,-0.7844213150176719,-0.0845104931349359,0.0094820747928096,0
500917,fatigued,13,0.6672839506172838,0.0050261226637412,0.1223193010325655,0.6147918111327619,5.459943915066513,-0.8232351488651476,0.2178785481266325,0.0101470213829764,1
500918,stable,,0.4972222222222222,0.0053020960245756,0.0484087984087984,0.2566680975977727,6.686947897811643,-0.8381945513382265,0.0072393150494223,0.0115566489299424,0
500919,fatigued,14,0.6959876543209876,0.0070623748950732,0.0534642857142857,0.3775848292115968,6.314995353557423,-0.8197604644011658,-0.0884183747113164,0.0141517659191797,1
500920,stable,,0.4046296296296296,0.0046951849767334,0.053215717722534,0.2498576383769284,5.2555944761974045,-0.8180879041754516,-0.0914905526430756,0.0106596160000922,0
500921,stable,,0.5441358024691358,0.0058838940545198,0.0492218412028488,0.2896160988059622,5.779365802503479,-0.8288631780214806,-0.1007103677726822,0.0114189432111484,0
500922,stable,,0.3317901234567901,0.0039552671277756,0.0491934054245701,0.1945730593791401,5.592518386835697,-0.8070912961802085,-0.1156447982932001,0.0097742869904128,0
500923,stable,,0.4290123456790123,0.0048441418129434,0.054174984511599,0.2624313076882036,5.436830369256175,-0.8396292692185833,-0.0992576694582426,0.0113010591611106,0
500924,stable,,0.2385802469135802,0.0037182702799998,0.0824250291102754,0.3064785360688613,1.8102944031477115,-0.7900861964615041,-0.0758578033381229,0.0103834113850178,0
500925,stable,,0.3009259259259259,0.0043354530478465,0.0813923056791415,0.3528725197278935,1.6304204421087072,-0.8262017771242588,-0.0212900654897698,0.0109163666439622,0
500926,stable,,0.2743827160493827,0.0036907143932562,0.0901182432432432,0.3326006974328026,1.8826086787126963,-0.8111198276607496,-0.1018124744097175,0.0106507379665623,0
500927,stable,,0.2972222222222222,0.0036248328067526,0.0950115954375502,0.3444011481639473,1.983449072826989,-0.8109213859186595,-0.0596907638683614,0.0112523955918211,0
500928,underperformer,,0.1919753086419753,0.0034559545120056,0.0850288594146391,0.2938558703447175,1.71846573661285,-0.7773322526631559,-0.0383965451029658,0.0101570265440581,0
500929,stable,,0.2882716049382716,0.0039346348124588,0.0927027315787599,0.364751394879818,1.68404265432992,-0.7959874610883435,-0.2097527840102099,0.0105643682112361,0
500930,underperformer,,0.1429012345679012,0.0031405488827835,0.0982046502501717,0.3084165046273259,1.3570637784241395,-0.7096992129258619,-0.0188680860818601,0.0071758339042977,0
500931,stable,,0.2416666666666667,0.0040085791327033,0.0904180064308681,0.3624477337994112,1.261931102731101,-0.8019568802442845,-0.0936159333532874,0.0093024548402037,0
500932,underperformer,,0.195679012345679,0.0034302405976575,0.0970121726300258,0.3327750930224781,1.5124407536562745,-0.7497467102741293,-0.0534136736516436,0.0080402745325767,0
500933,underperformer,,0.1731481481481481,0.0036310106144306,0.0901775414310233,0.327435610119303,1.1698157709003911,-0.7651326462922174,-0.1343644646881979,0.0090639238018522,0
500934,stable,,0.4709876543209876,0.005164573013507,0.1031193520315951,0.5325674226727141,1.572510466282856,-0.8338922050642483,-0.0357093173699053,0.0108773850898491,0
500935,fatigued,12,0.6367283950617284,0.0063434906507118,0.1030379746835443,0.6536204290733508,1.904353805964364,-0.7956689189798518,-0.0589765317506796,0.0125023325247247,1
500936,stable,,0.7799382716049382,0.0117015946848434,0.2104875533951981,2.46304003603496,1.900915583606693,-0.6073924021981214,-0.1300002180459689,0.0174335512351055,0
500937,fatigued,10,0.6370370370370371,0.0071170157720644,0.1863189497851298,1.3260349042552524,1.442452086045951,-0.865431614852127,-0.2314013462715272,0.0143662557075469,1
500938,stable,,0.5944444444444444,0.0065590082139501,0.1460607172337888,0.958013444071867,1.410338521748246,-0.7653300722571577,-0.0455884420697414,0.0109672982571387,0
500939,stable,,0.7620370370370372,0.0109008382490694,0.2154942635299571,2.3490681103424054,1.8099043851774863,-0.6263542008564111,-0.0545523640624506,0.0169894940282095,0
500940,fatigued,10,0.6345679012345679,0.0073269436991884,0.2007420425698106,1.4708256439691023,1.2815276739118198,-0.8686090968963125,-0.2100201917159165,0.014014483999726,1
500941,top_performer,,0.8185185185185184,0.0130399745740016,0.2160834580838323,2.8177227992755296,2.1855875022587714,-0.5984710938635511,-0.0052815316700868,0.0197634929497055,0
500942,underperformer,,0.0771604938271604,0.0035121320401369,0.0471949768129026,0.1657549901981146,1.2882828713284549,-0.7742681899490654,-0.0858705982330075,0.0086844832709058,0
500943,underperformer,,0.0935185185185185,0.0033704929319416,0.0576915014045532,0.1944487977171485,1.5165656441031277,-0.7775371569094881,-0.1270046762702822,0.007887915139157,0
500944,stable,,0.300925925925926,0.0046383637327479,0.0665058580289455,0.3084783598967476,1.7193696069329665,-0.844395248310152,-0.014129709338879,0.0114022924668316,0
500945,stable,,0.4228395061728395,0.0051504581994435,0.061956027293404,0.3191019287782614,2.263694369159086,-0.8294029196976628,-0.2156310154179196,0.0111884084528242,0
500946,stable,,0.2259259259259259,0.0045305776811882,0.059171112022979,0.2680793195023986,1.553420265381233,-0.8125547003637278,0.0863841124724267,0.0099609834239277,0
500947,underperformer,,0.1435185185185185,0.0035006640296255,0.0614495613262393,0.2151142689710371,1.7157227697341968,-0.7638880961006677,-0.3097827782665943,0.0081345611446289,0
500948,stable,,0.4669753086419754,0.0037829147577316,0.107021976450398,0.4048550141158246,5.283983111337292,-0.775964169875377,-0.0216229162674841,0.0082295279212966,0
500949,stable,,0.270679012345679,0.0028137398327383,0.0894742034132386,0.2517571301463619,4.548602864880739,-0.6841540188543334,-0.1646845167468418,0.0059358782479625,0
500950,stable,,0.3358024691358025,0.0032346856506786,0.0980374770940474,0.3171204203848486,4.025480224690498,-0.6706057020687323,-0.0675918295267247,0.006862901205081,0
500951,stable,,0.3561728395061728,0.0035101831555193,0.0910731291664578,0.3196833639205391,4.077950072292063,-0.7449789705255415,0.0503513416348007,0.0072964280986458,0
500952,stable,,0.4719135802469136,0.0038030138424038,0.1064349497457253,0.4047735871985556,5.396882226984274,-0.7824354414732564,-0.1518246682336572,0.0085112347994618,0
500953,stable,,0.2725308641975308,0.0027803606285251,0.0915798966959088,0.2546251391377075,4.649511633481142,-0.7046867141526412,-0.0029988187219014,0.0064590612882068,0
500954,fatigued,13,0.6709876543209877,0.0062914280890934,0.0622487238559877,0.3916333697777836,6.237842298456316,-0.8224368294107989,-0.0648160580021481,0.0120999532975448,1
500955,stable,,0.7354938271604938,0.0067440425170938,0.0636289222373806,0.4291161568857502,6.957865047609136,-0.7588587874757969,0.077830101227335,0.0121162061778976,0
500956,stable,,0.4401234567901235,0.0051888853415967,0.0482028259806037,0.2501189371542945,4.829113094752334,-0.7978578190178951,-0.0584975120352765,0.0097550829159919,0
500957,fatigued,13,0.5873456790123456,0.0063777390643898,0.0470485008017911,0.3000630614845615,5.968209024139282,-0.795446087423837,-0.2479511997834885,0.0116034899919348,1
500958,fatigued,11,0.6151234567901235,0.0063162318506188,0.0544108054180576,0.3436712621993603,5.4496906523662245,-0.8432180637004865,-0.0753531018387752,0.0129353718821146,1
500959,stable,,0.546604938271605,0.0055124057163988,0.0594218668685243,0.3275574386051478,5.40255272523247,-0.8376205861668058,-0.0691667471335615,0.0120016615958055,0
500960,stable,,0.4756172839506172,0.0046353774001429,0.0849271402550091,0.3936693465968358,2.6075566932633185,-0.8237782365503292,-0.0549834117393737,0.0107076539762814,0
500961,stable,,0.5243827160493827,0.0045894065827925,0.097043812717276,0.4453735129039507,2.924903078808902,-0.8276251718674849,-0.1412994573821568,0.010784165213005,0
500962,stable,,0.3574074074074074,0.004236116838643,0.0751025152562074,0.3181430295012691,2.357561194291529,-0.8153284931507649,-0.0554064842593914,0.010657046298024,0
500963,fatigued,12,0.595679012345679,0.0050731217767895,0.09570666969147,0.4855315901958008,3.2932979006112144,-0.8437180410083619,-0.1947490347490348,0.0116671102830272,1
500964,fatigued,12,0.7191358024691358,0.0066520835526649,0.0825115509275222,0.5488737308298453,2.9957311210577204,-0.8509510745459724,0.000423374145952,0.014292763976983,1
500965,stable,,0.2484567901234567,0.0037080082734511,0.0751076284572738,0.2784997077188634,2.077175912341681,-0.7779836410077199,-0.0681838588752956,0.0094449525580824,0
500966,stable,,0.6623456790123456,0.0065575355157294,0.09758123118447,0.6398923891607675,2.0251351861167004,-0.7055710223471046,-0.0556664915046417,0.0109757242279446,0
500967,stable,,0.6478395061728395,0.0062082474286364,0.0913243940611649,0.5669644346020049,2.1917277556410517,-0.7742115170923843,-0.0918864100256318,0.0108824707724806,0
500968,stable,,0.7058641975308642,0.00664141985078,0.1101882160392798,0.73180620532531,2.281933587791825,-0.7177448807362165,-0.1186024689750933,0.011091531254207,0
500969,fatigued,10,0.637962962962963,0.0059251888207762,0.1114839103248436,0.6605632191531887,2.0890929886636505,-0.8244111473770737,-0.0051309435280836,0.0104291057216116,1
500970,stable,,0.4003086419753086,0.0047589641370081,0.0904495396280917,0.4304461152989871,1.6685509437150905,-0.8005834724523873,-0.1823009990129325,0.0088363031807761,0
500971,stable,,0.6882716049382717,0.0059108563063375,0.1001704739174906,0.5920932774640189,2.86602066913176,-0.7177412197466102,-0.1188363982366416,0.0100487550140707,0
500972,fatigued,11,0.6222222222222222,0.0073832579730435,0.236182820934053,1.743798695757269,1.0281080078001716,-0.8759714266891566,-0.1204676926246109,0.0162822694646116,1
500973,fatigued,11,0.6265432098765432,0.0078357404886309,0.2194685302618523,1.7196984485531293,0.9875000672272582,-0.8902200441147774,-0.1502444250987744,0.0176362724379794,1
500974,stable,,0.5348765432098765,0.0060831106770983,0.1841007143362331,1.119905021040167,0.8852294380788709,-0.8574864753402198,-0.1451099384565054,0.0129261178986453,0
500975,fatigued,10,0.6157407407407408,0.0073811698089004,0.2124754318816592,1.5683172429379912,0.9933223413202108,-0.8841855753994967,-0.1421845566807811,0.0161174566224257,1
500976,fatigued,13,0.6580246913580247,0.0090556409532473,0.2113163972286374,1.91360542083634,1.0828364248610487,-0.8414141079341038,-0.0641639917671264,0.0169624376779907,1
500977,stable,,0.721604938271605,0.0113684941621717,0.234293853401994,2.663568304633294,1.537745921163754,-0.717258041431333,-0.0679427274628544,0.0190000968744491,0
500978,fatigued,14,0.6104938271604938,0.0064685683467474,0.0635400907715582,0.4110134199143613,2.451949041174803,-0.8349856176635182,0.1213954072029113,0.0123352037795146,1
500979,fatigued,14,0.6166666666666667,0.006045313366505,0.0672965269713923,0.4068285940195239,3.0861131482998987,-0.7962442603406196,0.1318728522336769,0.0114093138088404,1
500980,underperformer,,0.1746913580246913,0.0035143549064959,0.0619834710743801,0.2178319156918959,1.8975035867468129,-0.7438993982180394,-0.1203786791098348,0.0078854930822719,0
500981,stable,,0.4012345679012346,0.0049000543040245,0.0635214307739747,0.3112584602618137,2.3303641194849183,-0.815974029201771,-0.2007679530599477,0.0099793865508302,0
500982,fatigued,15,0.7611111111111111,0.0075778118466633,0.0781082950757814,0.5918899637479311,2.918519775415037,-0.8255216882550264,-0.3154511320969393,0.0151689451296182,1
500983,stable,,0.5527777777777777,0.0058591887687575,0.0670008472182999,0.3925706115187001,2.384418920075016,-0.8398473502797609,-0.2938855610840056,0.0115084805817016,0
500984,stable,,0.3864197530864197,0.0033128711199017,0.100291820444597,0.3322538755132732,5.823644480086635,-0.7498601558179667,-0.050032358958769,0.0072184059900203,0
500985,stable,,0.4814814814814814,0.0039528800645443,0.1009747114045726,0.3991409237342545,5.541934946521404,-0.7879518132263201,-0.1711823486017033,0.0087367411110467,0
500986,stable,,0.2438271604938271,0.0025641774278197,0.0828783424331513,0.2125147749222035,4.091341862612146,-0.6430931722158704,-0.0576675849403123,0.0056320461667484,0
500987,stable,,0.5302469135802469,0.0041051278420651,0.1120509040117948,0.4599832857873924,5.3241707073425,-0.7700343544490696,-0.3177930046128353,0.008369652880174,0
500988,stable,,0.4055555555555556,0.0033075415864861,0.1039487156657614,0.3438146999263338,6.084554595333982,-0.7543094014044427,-0.0472463142122142,0.0075089318924009,0
500989,stable,,0.4447530864197531,0.0036786057900169,0.1037253034991668,0.3815645020232988,5.369815960924405,-0.7747821343268888,-0.0764411027568922,0.0084576853478796,0
500990,stable,,0.4694444444444445,0.0052516437379949,0.0530194159914386,0.2784390839835865,5.061634977615891,-0.8103469062360367,-0.2511341117431533,0.010351129547529,0
500991,stable,,0.391358024691358,0.0044564327864381,0.0558805481693597,0.2490279069860713,5.520809966724327,-0.8132734350589402,0.1255456919060051,0.0098616085657443,0
500992,stable,,0.4922839506172839,0.0052922930193155,0.0551230146371846,0.2917271455679999,5.317206917450033,-0.846826316543279,0.0211055900942773,0.0116575541367643,0
500993,stable,,0.5564814814814815,0.0055455442121003,0.054305076541417,0.3011512029019231,6.819616977294032,-0.8041805946085714,0.0636964845109642,0.0104074216062641,0
500994,stable,,0.4771604938271605,0.005419287934826,0.0506830792185387,0.2746661997088589,4.950395467704185,-0.8018279208280514,-0.0512173497919934,0.0105433496485217,0
500995,stable,,0.2530864197530864,0.0033584402293013,0.0480038568378521,0.1612180839658631,4.087122244097872,-0.6517161232665853,0.0199701937406855,0.007111131558902,0
500996,stable,,0.254320987654321,0.0041636252207003,0.0814312736443884,0.3390493046995279,1.4522872646018694,-0.7142179037412211,0.0765335815372012,0.0078463699623399,0
500997,stable,,0.7271604938271605,0.0080373477460752,0.0925762726090058,0.7440676959940421,2.1305298254226632,-0.7379980760613913,-0.1556097366124651,0.013844784940531,0
500998,fatigued,12,0.678395061728395,0.0061074180606793,0.1063029162746942,0.6492363507589485,2.389741316104451,-0.8333580624785766,-0.1108472414627174,0.0117891816920943,1
500999,stable,,0.7506172839506173,0.0083425454460042,0.0934161131966503,0.7793281697321345,2.2724975026984264,-0.7727735750366829,0.0954140329351431,0.0137261106823391,0
501000,stable,,0.7518518518518519,0.0076428681263448,0.0892711595384153,0.6822876998380017,2.457255664089795,-0.7048755166350038,-0.0291480309806916,0.0126445322502096,0
501001,stable,,0.4888888888888889,0.005698156800894,0.0748181679466965,0.426325652515901,1.762521970885629,-0.8316844276528604,0.0544430768777222,0.0117243404670709,0
501002,stable,,0.2996913580246913,0.0037389046519932,0.0897185845639454,0.3354492331963895,2.0009503678487546,-0.7859311382415967,-0.0255808195435975,0.0089131546463667,0
501003,stable,,0.2882716049382716,0.0037050424827197,0.0890861073578184,0.3300678123808539,1.987484804151364,-0.7755851798898121,0.0020701963117193,0.0088111020847653,0
501004,stable,,0.4108024691358025,0.0047324297467091,0.0837934963625208,0.3965468347667598,1.9009591845752751,-0.8335666240947508,-0.0818678485449546,0.0110502409481635,0
501005,stable,,0.3160493827160494,0.0043702304758431,0.0817507686742629,0.3572697006838711,1.6848525802398906,-0.8309599721275954,-0.1999663409559167,0.0108728581469183,0
501006,underperformer,,0.1833333333333333,0.0036676002674499,0.0835339651967208,0.3063691930966448,1.4757836333940286,-0.7749471568453737,-0.0979861320420377,0.0085259658483888,0
501007,stable,,0.3873456790123457,0.0041982227091373,0.0880010828126057,0.3694481442925613,2.2157085501873763,-0.8105102116360509,-0.0253580937241192,0.0097875722901926,0
501008,fatigued,12,0.6580246913580247,0.0065391101736716,0.1738832288401254,1.1370415907393354,1.8010294870636427,-0.8670590006273187,-0.0762585815693844,0.0142497346211439,1
501009,fatigued,11,0.6003086419753086,0.0059984315608579,0.1729388731781596,1.037361994971078,1.656483813200896,-0.8622986549215874,-0.1103601396283303,0.0131195096815001,1
501010,fatigued,13,0.5941358024691358,0.0054518778813391,0.1741844857187451,0.9496325449624632,1.882988503247769,-0.8397701221382419,0.0335292005539755,0.0116173113144199,1
501011,stable,,0.5530864197530865,0.0052515561092197,0.1709155914814239,0.8975728186051866,1.7362223645695198,-0.85646445094239,-0.0775108285852614,0.0128812706795872,0
501012,fatigued,13,0.7441358024691359,0.0081600866188608,0.2018220556902505,1.6468854560289976,1.925508485064317,-0.858041734930288,-0.1104699037262311,0.0173839847752891,1
501013,fatigued,10,0.6089506172839506,0.0060489573987322,0.1771763392857142,1.0717321284026229,1.6798741649314906,-0.8530424951714229,-0.1273061628494772,0.0134120219594504,1
501014,stable,,0.2484567901234567,0.004089786386538,0.057072657072657,0.2334149759393086,2.0715133334340283,-0.7752991966945293,-0.01392218329338,0.0083485658788153,0
501015,fatigued,11,0.6608024691358024,0.0066250655582729,0.0719552337063857,0.4767081405656602,2.4973672058446845,-0.8338570278555166,0.2643572829651395,0.0105415005865517,1
501016,underperformer,,0.1561728395061728,0.0038607537828061,0.0495776929306953,0.191407265524983,1.6956043134600554,-0.7407788705628515,0.2066999912303779,0.0069798587401406,0
501017,stable,,0.5018518518518518,0.0055929687288584,0.0569667645872933,0.3186133329209722,2.8452787974182163,-0.7065900692023246,0.0769131225783861,0.0094117502033973,0
501018,underperformer,,0.1771604938271604,0.0038970222803551,0.0518368123850009,0.202009212806939,1.7877236090390236,-0.7674622920289712,0.2826759619028582,0.0079406185025366,0
501019,stable,,0.5083333333333333,0.0063507743894062,0.0523554104477611,0.3324973998184964,2.1394960434761026,-0.7355829091821742,-0.1576260851891641,0.0111634706432839,0
501020,stable,,0.4043209876543209,0.0034853198203855,0.104592253636215,0.3645374546570941,4.968786148135311,-0.705761508765729,-0.0573850523699626,0.0064905533645694,0
501021,stable,,0.317283950617284,0.0030741469194953,0.0982134999559975,0.3019227283425903,4.20391339302574,-0.6649261421932982,-0.1410138603068345,0.0056730608348178,0
501022,stable,,0.3833333333333333,0.0034878484015788,0.0984567298300449,0.3434021477624011,4.733405883265015,-0.7444079687702372,0.0522088726300347,0.0072475132554081,0
501023,stable,,0.4364197530864198,0.0036620191854181,0.1033242193121312,0.3783752734393732,5.2361118540132985,-0.7154858752654039,0.0161241912892682,0.0068427228246698,0
501024,stable,,0.5225308641975309,0.0043899841489994,0.1003974868572894,0.4407433759028766,4.420224826381899,-0.7749207684723216,-0.0371258800802029,0.008289039149147,0
501025,stable,,0.3058641975308642,0.003015246137203,0.0974498291122601,0.2938352208018425,4.113861417500062,-0.6911837268618953,-0.1201042118975249,0.0060909211423377,0
501026,stable,,0.7583333333333334,0.0072158553909101,0.058524442561305,0.4223039143560018,7.354980902330781,-0.7808956463642764,-0.2798383142148752,0.0134816188963072,0
501027,stable,,0.742283950617284,0.007329631307278,0.0556066945606694,0.4075765693461325,6.988726749407095,-0.6941553612737796,0.0252384692322666,0.0122562017559365,0
501028,stable,,0.4679012345679013,0.0050127644640702,0.0545586994862357,0.2734899099904922,6.056819440412946,-0.7946047439540252,0.1007869960650198,0.0092630639178492,0
501029,fatigued,13,0.620679012345679,0.0060889066699053,0.0580298215595209,0.3533381675471842,5.941170061317327,-0.8572853396383356,-0.0636314728788086,0.0127776780276877,1
501030,stable,,0.5524691358024691,0.0050704886374486,0.0642380708055413,0.3257184081111168,7.252636732374346,-0.786411181027591,-0.2255756494286399,0.0094002496301886,0
501031,top_performer,,0.8546296296296295,0.0085205857076723,0.0639776811045961,0.5451273152298418,7.76488523854619,-0.7360573681762795,-0.1333310464354613,0.0145765891144525,0
501032,underperformer,,0.1626543209876543,0.0038449726279153,0.0721684535007593,0.2774857283094007,1.4430886943060135,-0.7286718551526747,0.0016619317424697,0.0088526685221404,0
501033,stable,,0.2379629629629629,0.0039337631931154,0.0683013613861386,0.2686813814604674,1.9179346693617976,-0.7722057221819595,-0.0630490153801925,0.0084652568137109,0
501034,underperformer,,0.1154320987654321,0.0032102881457208,0.0701318909306461,0.2251435780916388,1.61599569721723,-0.7631668680210525,-0.0768120821509306,0.008204815499658,0
501035,stable,,0.412037037037037,0.0046863131631172,0.081854810207111,0.3835972745380518,2.002058600346453,-0.8478861281734522,-0.0633602823772472,0.013112293678163,0
501036,stable,,0.2271604938271605,0.003866352354806,0.0689023272860546,0.2664006753540525,1.912006244014504,-0.7918370378151806,-0.0462353011252639,0.0096642191441862,0
501037,stable,,0.4478395061728394,0.004521719199992,0.0846501377410468,0.3827641531056612,2.462717908068494,-0.7815329857657972,-0.009765506493229,0.0096483235206341,0
501038,stable,,0.7358024691358024,0.0073333930597217,0.1038661564125208,0.7616913505755502,2.333834167605307,-0.6063102894453237,-0.0725489818176607,0.0107280887063015,0
501039,stable,,0.2253086419753086,0.0037893631168462,0.0856777820365401,0.3246642271824616,1.5935682626303316,-0.6981657118558249,-0.1816302219911536,0.0068364239460218,0
501040,stable,,0.4484567901234568,0.0049838177867594,0.0901362984218077,0.4492228873072636,1.7778733884017284,-0.8101704782074701,-0.0505160138800254,0.0099383890694853,0
501041,stable,,0.4021604938271605,0.0047806710311694,0.089074418884017,0.4258354939770695,1.6902537626468728,-0.788320389188475,0.0304570370639272,0.009141958012806,0
501042,stable,,0.5388888888888889,0.0055022707301457,0.0989333220007649,0.5443579218808969,1.7913795193829607,-0.8053315669024177,0.0026885932591242,0.0098885191099437,0
501043,stable,,0.6046296296296296,0.0053125337568162,0.098399075755075,0.5227484115883555,2.547486340266988,-0.748166983918628,-0.0060038039089785,0.009161891568541,0
501044,fatigued,13,0.6691358024691358,0.0084976592471402,0.2052260602048366,1.7439411282537989,1.3513161756557694,-0.8358678876667567,-0.0416327073734635,0.0157545220238233,1
501045,stable,,0.7188271604938272,0.0096264587725491,0.20953292757984,2.017060088838857,1.5998227023840772,-0.7792512305200151,-0.0799565586463639,0.0169710196477985,0
501046,stable,,0.7280864197530864,0.010285645694788,0.2056416807651141,2.115157468430671,1.6234635132261177,-0.7283433133038572,-0.0670210938675327,0.017047602777132,0
501047,top_performer,,0.8095679012345679,0.0119436544956553,0.2300609921914455,2.7477690036623,2.1260211665009736,-0.6099078204943934,-0.1366604197846216,0.0182558380237956,0
501048,fatigued,12,0.6154320987654321,0.0071366482290379,0.1781484782885521,1.271383022083805,1.2203189167190795,-0.8493257762667621,-0.031720869603641,0.0126104613401877,1
501049,stable,,0.7188271604938272,0.0093480172872323,0.1853767649937089,1.7329052038123915,1.6639502795539125,-0.7259131959220704,-0.0801996020400078,0.016517395850261,0
501050,stable,,0.695679012345679,0.007559606344342,0.0626406807576173,0.4735388876691885,2.5790171384191143,-0.6853640900945819,-0.1628008402624013,0.0123678010789105,0
501051,stable,,0.2811728395061728,0.004632521540299,0.0545061813502458,0.2525010591844598,1.9162287457528957,-0.7668514737379937,-0.006755550264865,0.0081844467586263,0
501052,stable,,0.4058641975308641,0.0052634802405536,0.0641134314556523,0.3374597796209175,1.868159517458377,-0.7892646879008749,-0.1308033566842699,0.0095439679606013,0
501053,stable,,0.5376543209876543,0.0053037488962395,0.0741377457827441,0.3932079873649167,2.694451812863864,-0.8049692140732061,-0.2656461972507352,0.0101890356990634,0
501054,stable,,0.5598765432098766,0.0054823240951639,0.0729750560538116,0.4000729081497521,2.7641656358905484,-0.7904663120451593,0.0424133106709678,0.0095359425539583,0
501055,stable,,0.3932098765432099,0.0051765707192561,0.0563541951352828,0.2917214764445518,2.1938912352839437,-0.7141179852220818,-0.0732939218274694,0.008880414157864,0
501056,stable,,0.2861111111111111,0.0030944788743117,0.0859305695191909,0.26591033203471,4.309698040844675,-0.6573466401216149,0.0612063627628909,0.0057412449310235,0
501057,stable,,0.7185185185185187,0.0055467112848721,0.0999212805038047,0.5542344941693309,6.450436522908385,-0.7111082045955517,0.0429447852760735,0.0089071366215626,0
501058,stable,,0.525,0.0039682803141207,0.1081910073196235,0.4293322445113524,6.28051812142636,-0.6928293381129659,0.0077861952861952,0.0065544643255638,0
501059,stable,,0.2864197530864197,0.0031785223065287,0.0822000464144813,0.2612746811261278,4.216314907125829,-0.613235329963595,0.0053937808776518,0.0051089444400359,0
501060,stable,,0.441358024691358,0.0037445466530801,0.0993337034980566,0.3719596869717013,5.3752104860817,-0.730256078204842,-0.0075426920497342,0.0065770931979239,0
501061,stable,,0.7064814814814815,0.0050711364257361,0.1068702290076335,0.5419535111473753,7.900411466726513,-0.6960533586531948,0.1207780124467592,0.0083252413784144,0
501062,fatigued,12,0.687037037037037,0.0066921428211757,0.0520160300973255,0.348098702401881,7.465217156387822,-0.8337269116877302,-0.2969767132401864,0.013459918333519,1
501063,fatigued,14,0.590432098765432,0.0054901653987284,0.0541085531843387,0.2970649064679149,9.74655310697781,-0.7961717150203373,-0.1043478260869564,0.0104818560887127,1
501064,stable,,0.455246913580247,0.005023317836749,0.04787442042344,0.2404884300370891,6.2637925123644695,-0.8018071105421845,0.0606901385826312,0.0102872268909096,0
501065,fatigued,12,0.619753086419753,0.0059194866007992,0.0523747336586707,0.3100315341129284,7.939889254038408,-0.8331915099201872,-0.1740455990286948,0.0116487850361307,1
501066,stable,,0.3981481481481481,0.0043566049459425,0.048742640682762,0.2123524294768236,6.908900459726729,-0.7828813302993852,-0.0112721390878357,0.0093915951638872,0
501067,fatigued,12,0.6354938271604939,0.0060715337363374,0.0551510248112189,0.3348513077349014,7.179283735485921,-0.8324787206196897,-0.2420324827872588,0.0123239395774317,1
501068,stable,,0.7018518518518518,0.0072362637972292,0.0879972740437856,0.6367714884179094,2.1611297323144547,-0.6434964669422121,-0.0518311330038467,0.010978998827644,0
501069,stable,,0.7524691358024692,0.0085511679018103,0.0969728876020005,0.82923144380809,2.2315783281528594,-0.6645378579886527,-0.0580352883224277,0.0127959606442871,0
501070,stable,,0.7651234567901235,0.009014833020945,0.0916181606519208,0.825922419963185,2.301822266247416,-0.6394757355761616,-0.1763472124419811,0.0131260370566383,0
501071,stable,,0.3604938271604938,0.0048535082920247,0.0814174425232757,0.3951602324021707,1.5365237305535813,-0.7681516343016728,-0.0596994374286949,0.0091851245034545,0
501072,fatigued,10,0.6888888888888888,0.0062664301936083,0.1091638513513513,0.6840676541586814,2.3406746357050423,-0.8062003803017765,-0.0472835733499239,0.0108774441197521,1
501073,stable,,0.5064814814814814,0.0056447645190251,0.0816538541450239,0.460916778719484,1.7606208357983146,-0.7478309385375188,0.0019498656173695,0.0092973235982826,0
501074,fatigued,10,0.6098765432098765,0.0054889082162564,0.0912581527456343,0.500907624405894,2.5738144501823146,-0.8337724596796023,-0.1118858287091244,0.0118101949466916,1
501075,stable,,0.5138888888888888,0.0048394366346789,0.0864739480707355,0.4184851922388439,2.709718244325404,-0.8402985141687038,-0.0851511360435118,0.0118112207097345,0
501076,stable,,0.5185185185185185,0.0051505354601029,0.0780827909130669,0.4021681834215541,2.500248916161878,-0.836277808655559,-0.1271470123945702,0.0117631372719752,0
501077,stable,,0.3058641975308642,0.0035550017306684,0.0847213296976223,0.3011844736995813,2.5209346458445854,-0.6865312544456477,-0.0787209960384832,0.007180578637732,0
501078,stable,,0.3253086419753087,0.0036142022701348,0.087814223211743,0.3173783648820091,2.5289986493284613,-0.7581218284129192,0.029280191862353,0.007891745594602,0
501079,stable,,0.7694444444444445,0.0070673052726115,0.092884061183773,0.6564400153456562,3.4736643928260693,-0.7754943477793682,-0.0843826301447487,0.0131077044735999,0
