creative_id,campaign_id,advertiser_id,advertiser_name,app_name,vertical,format,language,theme,hook_type,cta_text,headline,subhead,dominant_color,emotional_tone,objective,primary_theme,target_age_segment,target_os,creative_launch_date,asset_file,creative_status,best_score,winner_segment,action_hint,global_rank,global_pct,campaign_rank,campaign_pct,vertical_rank,vertical_pct,format_rank,format_pct,vertical_format_rank,vertical_format_pct,perf_score,overall_roas,overall_ipm,overall_ctr,overall_cvr,lifecycle_spend_usd,lifecycle_impressions,lifecycle_revenue_usd,fatigue_day,has_fatigue,ctr_decay_pct,cvr_decay_pct,evidence_ok,low_evidence,perf_score_pct,overall_roas_pct,overall_ipm_pct,overall_cvr_pct,overall_ctr_pct,overall_roas_vs_campaign_median,overall_ipm_vs_vertical_median,perf_score_vs_vertical_format_median
500002,20000,1000,PixelForge,PixelForge Legends,gaming,rewarded_video,ja,feature-focus,competition,Claim reward,Win epic rewards,No ads in first week,blue,playful,install,fantasy,45-54,Both,2026-02-03,assets/creative_500002.png,fatigued,0.6419068736141909,not_top,Review,263.0,0.7095343680709535,1.0,1.0,79.0,0.4868421052631579,103.0,0.3625,26.0,0.4186046511627907,0.6074074074074074,1.1081073729861737,1.451757521958632,0.0070612608783598,0.2055946589379981,41177.21,5472677,45628.77,11.0,1,-0.883620876002164,0.0192595213269899,True,False,0.746119733924612,0.058758314855875834,0.9434589800443459,0.9556541019955654,0.8902439024390244,0.16623832282385664,0.09777685652664614,-0.05432098765432103
500001,20000,1000,PixelForge,PixelForge Legends,gaming,rewarded_video,en,gameplay,free rewards,Claim reward,Beat your rivals,No ads in first week,blue,excited,install,fantasy,45-54,Both,2026-01-30,assets/creative_500001.png,fatigued,0.6390243902439025,not_top,Review,267.0,0.70509977827051,2.0,0.8333333333333334,81.0,0.47368421052631576,104.0,0.35625,27.0,0.3953488372093023,0.5978395061728395,1.1266953986429848,1.4867974604611736,0.0066877354426202,0.2223170269245354,47396.67,6308862,53401.61,12.0,1,-0.8790466075977256,-0.0800892904071556,True,False,0.7283813747228381,0.06430155210643015,0.9512195121951219,0.9866962305986696,0.8536585365853658,0.1848263484806678,0.13281679502918764,-0.06388888888888888
500005,20000,1000,PixelForge,PixelForge Legends,gaming,rewarded_video,ja,ugc,competition,Shop now,Beat your rivals,Free rewards for new players,blue,calm,install,fantasy,45-54,Both,2026-01-28,assets/creative_500005.png,stable,0.5660753880266075,not_top,Review,379.0,0.5809312638580931,3.0,0.6666666666666666,112.0,0.26973684210526316,124.0,0.23125,37.0,0.16279069767441862,0.5419753086419753,0.9345498333374836,1.2332530504548382,0.0060482250792686,0.2039032996113239,44977.12,5997958,42033.36,,0,-0.8753519788836597,-0.0635857312273568,True,False,0.6125277161862528,0.02328159645232816,0.9113082039911308,0.9523281596452328,0.7549889135254989,-0.0073192168248333855,-0.12072761497714768,-0.11975308641975313
500007,20001,1001,VantaStyle,VantaStyle Drops,ecommerce,interstitial,es,feature-focus,before/after,Watch now,Limited stock,Only this weekend,lime,adventurous,purchase,testimonial,45-54,Android,2026-01-23,assets/creative_500007.png,stable,0.4119179600886918,not_top,Review,595.0,0.34146341463414637,1.0,1.0,44.0,0.6814814814814815,206.0,0.27816901408450706,14.0,0.59375,0.4419753086419752,3.050351291416699,0.2814197634306966,0.0051818604612763,0.0543086340386281,24391.43,6904277,74402.43000000001,,0,-0.8437435554275438,0.1346531413612566,True,False,0.4190687361419069,0.656319290465632,0.1984478935698448,0.1197339246119734,0.5709534368070953,0.5418365172173139,-0.022673297321220365,-0.059876543209876676
500008,20001,1001,VantaStyle,VantaStyle Drops,ecommerce,native,es,combo,limited offer,Install now,Flash sale live,Only this weekend,teal,playful,purchase,testimonial,45-54,Android,2026-01-28,assets/creative_500008.png,stable,0.234589800443459,not_top,Review,785.0,0.13082039911308205,2.0,0.8333333333333334,88.0,0.35555555555555557,234.0,0.08267716535433071,42.0,0.19607843137254902,0.2496913580246913,2.642289116341278,0.1989780403009406,0.0035884980352741,0.0554488363502031,21533.2,7543546,56896.94,,0,-0.7988159231274188,-0.1870760272515931,True,False,0.13414634146341464,0.6053215077605322,0.038802660753880266,0.1385809312638581,0.15964523281596452,0.13377434214189288,-0.10511502045097634,-0.15648148148148153
500010,20001,1001,VantaStyle,VantaStyle Drops,ecommerce,native,es,fantasy,free shipping,Watch now,Limited stock,Shop bestsellers now,orange,premium,purchase,testimonial,45-54,Android,2026-01-24,assets/creative_500010.png,stable,0.2270509977827051,not_top,Review,794.0,0.12084257206208426,3.0,0.6666666666666666,91.0,0.3333333333333333,239.0,0.06299212598425197,45.0,0.13725490196078433,0.2487654320987654,2.588338237265342,0.1930181648499495,0.0036336415737248,0.0531197590443919,22753.85,8040694,58894.66,,0,-0.7900245156678192,-0.2063388622528407,True,False,0.13303769401330376,0.5975609756097561,0.031042128603104215,0.09645232815964523,0.17184035476718404,0.07982346306595689,-0.11107489590196745,-0.15740740740740744
500016,20002,1002,EarnPath,EarnPath Invest,fintech,interstitial,es,testimonial,earn more,Order now,Secure & simple,"Fast signup, instant card",blue,urgent,signup,trust,18-24,iOS,2026-01-03,assets/creative_500016.png,stable,0.599889135254989,not_top,Review,318.0,0.6485587583148559,1.0,1.0,53.0,0.6312056737588653,89.0,0.6901408450704225,16.0,0.53125,0.4858024691358024,6.453928537255652,0.3944508821936297,0.0037789865206851,0.1043800712266402,42744.79,7207488,275871.82,,0,-0.7855275280705257,-0.1495783477374587,True,False,0.503880266075388,0.8381374722838137,0.516629711751663,0.753880266075388,0.2017738359201774,0.32751516957571347,0.011710015135300234,-0.05308641975308659
500014,20002,1002,EarnPath,EarnPath Invest,fintech,native,pt,feature-focus,new collection,Order now,Secure & simple,Built for peace of mind,white,playful,signup,trust,18-24,iOS,2026-01-16,assets/creative_500014.png,stable,0.4966740576496674,not_top,Review,475.0,0.4745011086474501,2.0,0.8333333333333334,79.0,0.44680851063829785,130.0,0.4921259842519685,41.0,0.21568627450980393,0.3932098765432099,6.586175894670943,0.3273258424698658,0.0031248896300145,0.1047479691205408,29998.18,6342304,197573.29,,0,-0.7330371745652744,-0.0484703719018764,True,False,0.34146341463414637,0.844789356984479,0.3492239467849224,0.7583148558758315,0.06430155210643015,0.45976252699100506,-0.0554150245884637,-0.12438271604938261
500012,20002,1002,EarnPath,EarnPath Invest,fintech,native,es,trust,last-minute deal,Book now,"Your money, clearer",Built for peace of mind,blue,excited,signup,trust,18-24,iOS,2026-01-03,assets/creative_500012.png,stable,0.45881374722838136,not_top,Review,525.0,0.4190687361419069,3.0,0.6666666666666666,90.0,0.36879432624113473,151.0,0.4094488188976378,44.0,0.1568627450980392,0.3620370370370371,6.185969994816537,0.3087574245943081,0.0030010188172911,0.1028842014636246,40744.96,8514775,252047.1,,0,-0.7127321967981208,-0.0394352838173063,True,False,0.29933481152993346,0.8203991130820399,0.2915742793791574,0.7350332594235033,0.043237250554323724,0.05955662713659837,-0.07398344246402139,-0.1555555555555554
500023,20003,1003,CloudRoute,CloudRoute Getaway,travel,interstitial,pt,discount,escape,Install now,Escape this weekend,Flexible booking options,orange,premium,booking,family,35-44,Android,2026-01-16,assets/creative_500023.png,fatigued,0.7745011086474501,strong_but_fatigued,Refresh,85.0,0.9068736141906873,1.0,1.0,29.0,0.8068965517241379,16.0,0.9471830985915493,6.0,0.9038461538461539,0.7404320987654321,8.705089147456153,0.3848346985074042,0.0069105054366313,0.0556883576803895,20600.7,3268936,179330.93,12.0,1,-0.7952336463137405,0.0328240603728913,True,False,0.9445676274944568,0.9567627494456763,0.4955654101995565,0.14523281596452328,0.876940133037694,1.0323123105817036,0.05262378030098264,0.16296296296296298
500020,20003,1003,CloudRoute,CloudRoute Getaway,travel,native,de,wanderlust,last-minute deal,Install now,Fly smarter,Special fares today,lime,adventurous,booking,family,35-44,Android,2026-01-12,assets/creative_500020.png,stable,0.6847560975609756,not_top,Review,200.0,0.779379157427938,2.0,0.75,53.0,0.6413793103448275,40.0,0.8464566929133859,4.0,0.926829268292683,0.645679012345679,9.194727717911022,0.3240981199529072,0.0059706796608622,0.0542816125402553,21792.84,4316594,200379.23,,0,-0.7234728906481067,-0.0344377197037292,True,False,0.8137472283813747,0.9722838137472284,0.33592017738359203,0.11751662971175167,0.7450110864745011,1.521950881036572,-0.008112798253514353,0.09660493827160499
500019,20003,1003,CloudRoute,CloudRoute Getaway,travel,interstitial,pt,food-closeup,exclusive,Install now,Last-minute savings,Special fares today,purple,adventurous,booking,family,35-44,Android,2026-01-07,assets/creative_500019.png,stable,0.379490022172949,not_top,Review,634.0,0.2982261640798226,3.0,0.5,131.0,0.10344827586206896,223.0,0.21830985915492956,47.0,0.11538461538461539,0.4132716049382716,5.191783577837914,0.2283971883471889,0.0049521380502049,0.0461209251502458,28084.0,4435256,145806.05,,0,-0.7872599920878198,-0.1284753594651887,True,False,0.3802660753880266,0.7372505543237251,0.082039911308204,0.011086474501108648,0.5110864745011087,-2.480993259036535,-0.10381372985923268,-0.16419753086419758
500028,20004,1004,SnapMeal,SnapMeal Bites,food_delivery,banner,it,combo,exclusive,Install now,"Fast food, fast",Late-night deals available,orange,playful,order,discount,25-34,iOS,2026-01-28,assets/creative_500028.png,stable,0.7329268292682928,not_top,Review,131.0,0.8558758314855875,1.0,1.0,11.0,0.9371069182389937,1.0,1.0,1.0,1.0,0.683641975308642,2.4328943580654863,0.5698513193412172,0.0064166207844683,0.0888086328430945,15527.83,3581636,37777.57,,0,-0.7172539743206158,0.0177054628971644,True,False,0.8747228381374723,0.5598669623059866,0.7682926829268293,0.48558758314855877,0.8170731707317073,0.6624682198420355,0.14897288849403711,0.4456790123456791
500025,20004,1004,SnapMeal,SnapMeal Bites,food_delivery,banner,it,food-closeup,2-for-1,Shop now,Hungry? We got you,Fresh favorites nearby,red,adventurous,order,discount,25-34,iOS,2026-01-17,assets/creative_500025.png,stable,0.36967849223946786,not_top,Review,651.0,0.2793791574279379,2.0,0.75,83.0,0.48427672955974843,48.0,0.7168674698795181,9.0,0.8545454545454545,0.3759259259259259,1.6872810313486946,0.4022554495584135,0.0046515981702978,0.0864768268521036,23633.52,5533797,39876.39,,0,-0.792317847438816,-0.0160006060533566,True,False,0.3170731707317073,0.2771618625277162,0.5343680709534369,0.4501108647450111,0.4334811529933481,-0.08314510687475618,-0.018622981288766605,0.13796296296296298
500029,20004,1004,SnapMeal,SnapMeal Bites,food_delivery,banner,it,combo,fast,Get offer,2-for-1 tonight,Free delivery over $15,purple,playful,order,discount,25-34,iOS,2026-01-16,assets/creative_500029.png,stable,0.23198447893569843,not_top,Review,789.0,0.12638580931263857,3.0,0.5,114.0,0.2893081761006289,93.0,0.4457831325301205,19.0,0.6727272727272727,0.2435185185185185,1.4724911182311624,0.3406567358662215,0.0039946885357918,0.085277420958853,25811.3,6041272,38006.91,,0,-0.751435628893216,0.1347588122051419,True,False,0.12749445676274945,0.17960088691796008,0.39578713968957874,0.43458980044345896,0.26940133037694014,-0.29793501999228833,-0.0802216949809586,0.005555555555555591
500035,20005,1005,MoonScreen,MoonScreen TV,entertainment,rewarded_video,it,wanderlust,trending,Start now,Exclusive tonight,New hits every week,lime,adventurous,signup,celebrity,35-44,iOS,2026-02-02,assets/creative_500035.png,stable,0.7726718403547672,strong_candidate,Keep,87.0,0.9046563192904656,1.0,1.0,9.0,0.9529411764705882,42.0,0.74375,6.0,0.8837209302325582,0.6972222222222223,2.4511588694097983,0.6484805699662349,0.0063268945850421,0.102495870801982,20757.3,3444976,50879.44,,0,-0.7344924796137549,0.0042874133635781,True,False,0.8924611973392461,0.5665188470066519,0.8037694013303769,0.7305986696230599,0.8048780487804879,0.44321378638741615,0.2064935920613144,0.06419753086419755
500030,20005,1005,MoonScreen,MoonScreen TV,entertainment,rewarded_video,es,ugc,late-night,Watch now,Binge starts now,New hits every week,orange,trustworthy,signup,celebrity,35-44,iOS,2026-01-24,assets/creative_500030.png,fatigued,0.7725055432372505,strong_but_fatigued,Refresh,88.0,0.9035476718403548,2.0,0.8333333333333334,10.0,0.9470588235294117,43.0,0.7375,7.0,0.8604651162790697,0.6953703703703704,2.40967365807916,0.6611800527677504,0.0063010294847838,0.1049320677461381,25583.29,4263589,61647.38,14.0,1,-0.7974856777654513,-0.0851309969865705,True,False,0.8874722838137472,0.5554323725055432,0.8126385809312638,0.7605321507760532,0.8015521064301552,0.4017285750567776,0.21919307486282985,0.06234567901234567
500032,20005,1005,MoonScreen,MoonScreen TV,entertainment,interstitial,es,drama,exclusive,Book now,Watch what’s trending,Start free today,purple,excited,signup,celebrity,35-44,iOS,2026-01-24,assets/creative_500032.png,stable,0.4874722838137472,not_top,Review,482.0,0.46674057649667405,3.0,0.6666666666666666,86.0,0.5,164.0,0.426056338028169,30.0,0.5606060606060606,0.4759259259259258,1.977986707824744,0.4310566781137342,0.0050553605242328,0.0852672477160558,28028.52,5651229,55440.04,,0,-0.8225532723943887,-0.1896431913065841,True,False,0.48337028824833705,0.42017738359201773,0.5942350332594235,0.4334811529933481,0.5376940133037694,-0.02995837519763822,-0.010930299791186315,0.0095679012345678
500038,20006,1006,NeonArena,NeonArena Quest,gaming,rewarded_video,pt,competitive,competition,Try for free,Beat your rivals,Play with friends tonight,blue,calm,install,reward,25-34,iOS,2026-01-17,assets/creative_500038.png,top_performer,0.8676940133037694,top_winner,Scale,15.0,0.9844789356984479,1.0,1.0,5.0,0.9736842105263158,12.0,0.93125,2.0,0.9767441860465116,0.7802469135802469,2.0314427869495115,1.8512411652294216,0.0094475269773889,0.195949815190796,20356.02,4066461,41352.09,,0,-0.7648141499667394,-0.0121606429828842,True,False,0.9722838137472284,0.43902439024390244,0.983370288248337,0.9312638580931264,0.9844789356984479,0.3430923265496819,0.4972604997974357,0.11851851851851847
500036,20006,1006,NeonArena,NeonArena Quest,gaming,rewarded_video,it,competitive,free rewards,Claim reward,Level up today,No ads in first week,blue,excited,install,reward,25-34,iOS,2026-01-14,assets/creative_500036.png,fatigued,0.7564855875831485,not_top,Review,108.0,0.8813747228381374,2.0,0.8333333333333334,29.0,0.8157894736842105,52.0,0.68125,11.0,0.7674418604651163,0.6990740740740741,1.6792476112788166,1.5126149051361992,0.0079682430994118,0.1898304163496032,23096.04,4617831,38783.97,11.0,1,-0.8332122842724801,-0.1224603013783933,True,False,0.8957871396895787,0.270509977827051,0.9567627494456763,0.917960088691796,0.9478935698447893,-0.009102849121013001,0.1586342397042133,0.037345679012345645
500040,20006,1006,NeonArena,NeonArena Quest,gaming,rewarded_video,pt,reward,power-up,Book now,Unlock rare gear,Free rewards for new players,blue,calm,install,reward,25-34,iOS,2026-01-14,assets/creative_500040.png,fatigued,0.7526053215077605,not_top,Review,112.0,0.876940133037694,3.0,0.6666666666666666,30.0,0.8092105263157895,54.0,0.66875,12.0,0.7441860465116279,0.6895061728395063,1.6974533095208426,1.4572949953027712,0.0074134204714711,0.1965752517223105,20224.68,4072614,34330.45,11.0,1,-0.8659295506476411,-0.028212634169106,True,False,0.8824833702882483,0.2838137472283814,0.9456762749445676,0.934589800443459,0.9212860310421286,0.009102849121013001,0.10331432987078526,0.0277777777777779
500044,20007,1007,ThreadMark,ThreadMark Shop,ecommerce,native,en,product-focus,free shipping,Claim reward,Flash sale live,Shop bestsellers now,purple,playful,purchase,ugc,45-54,Both,2026-01-01,assets/creative_500044.png,stable,0.6509977827050999,not_top,Review,246.0,0.7283813747228381,1.0,1.0,7.0,0.9555555555555556,57.0,0.7795275590551181,2.0,0.9803921568627451,0.649074074074074,2.467511005844395,0.4262597010428515,0.0071947564488793,0.0592458833139859,21663.49,3232771,53454.9,,0,-0.7239713551023332,0.0408334902403815,True,False,0.8181818181818182,0.5720620842572062,0.5798226164079823,0.1951219512195122,0.9046563192904656,0.06582461881942026,0.12216664029093455,0.2429012345679012
500048,20008,1008,CoinBridge,CoinBridge Invest,fintech,native,de,feature-focus,cashback,Shop now,Secure & simple,Built for peace of mind,blue,trustworthy,signup,trust,45-54,Both,2026-01-30,assets/creative_500048.png,stable,0.7532705099778271,not_top,Review,110.0,0.8791574279379157,1.0,1.0,21.0,0.8581560283687943,21.0,0.9212598425196851,10.0,0.8235294117647058,0.6052469135802468,7.980125027952726,0.4542711823952788,0.0043543009892872,0.1043270053018642,29961.3,5371241,239094.92,,0,-0.7526704591513502,-0.139194741781229,True,False,0.7450110864745011,0.9467849223946785,0.6286031042128604,0.7516629711751663,0.35365853658536583,2.4685593288816134,0.07153031533694931,0.08765432098765435
500053,20008,1008,CoinBridge,CoinBridge Invest,fintech,interstitial,en,fantasy,earn more,Install now,Secure & simple,Built for peace of mind,blue,excited,signup,trust,45-54,Both,2026-01-18,assets/creative_500053.png,stable,0.5885809312638582,not_top,Review,343.0,0.6208425720620843,2.0,0.8333333333333334,59.0,0.5886524822695035,99.0,0.6549295774647887,18.0,0.46875,0.4805555555555555,5.730642006482579,0.4032181619150001,0.0038648908449641,0.1043284734523322,39974.83,5696668,229081.44,,0,-0.756344855084509,0.0028297260699199,True,False,0.49667405764966743,0.7827050997782705,0.5388026607538803,0.7527716186252772,0.22394678492239467,0.21907630741146722,0.020477294856670603,-0.05833333333333346
500049,20008,1008,CoinBridge,CoinBridge Invest,fintech,banner,es,trust,cashback,Get offer,Track every euro,No hidden fees,green,trustworthy,signup,trust,45-54,Both,2026-01-31,assets/creative_500049.png,stable,0.4251662971175167,not_top,Review,578.0,0.360310421286031,3.0,0.6666666666666666,102.0,0.28368794326241137,33.0,0.8072289156626506,20.0,0.6122448979591837,0.3657407407407407,5.789343806789043,0.3021470211858382,0.0034801663729575,0.0868197059582151,27981.85,5570136,161996.55,,0,-0.7299402789012658,-0.1985083085926301,True,False,0.3070953436807095,0.7882483370288248,0.26718403547671843,0.4567627494456763,0.12305986696230599,0.2777781077179311,-0.0805938458724913,0.012654320987654288
500055,20009,1009,DriftPass,DriftPass Travel,travel,rewarded_video,it,destination,discover,Install now,Dream destinations await,Flexible booking options,white,playful,booking,discount,18-24,Android,2026-01-16,assets/creative_500055.png,top_performer,0.8894789356984479,top_winner,Scale,8.0,0.9922394678492239,1.0,1.0,5.0,0.9724137931034482,6.0,0.96875,5.0,0.9130434782608695,0.854320987654321,9.660271947292308,0.5214972350603954,0.0079544468219872,0.0655604653259987,32465.85,4182189,313628.94,,0,-0.7755667454809874,-0.1095083589047066,True,False,0.9933481152993349,0.9789356984478935,0.7128603104212861,0.2749445676274945,0.9467849223946785,2.4498665222638643,0.1892863168539738,0.1015432098765432
500056,20009,1009,DriftPass,DriftPass Travel,travel,rewarded_video,en,food-closeup,book now,Book now,Escape this weekend,Hotels + flights in one tap,teal,adventurous,booking,discount,18-24,Android,2026-01-08,assets/creative_500056.png,fatigued,0.8084257206208426,strong_but_fatigued,Refresh,50.0,0.9456762749445676,2.0,0.8333333333333334,20.0,0.8689655172413793,29.0,0.825,17.0,0.6521739130434783,0.7768518518518519,7.852382015637678,0.4332605680537061,0.0071971437248382,0.0601989601178132,35873.61,4623084,281693.29,13.0,1,-0.8219690265592409,0.0827929578952686,True,False,0.9689578713968958,0.9390243902439024,0.5986696230598669,0.2106430155210643,0.9057649667405765,0.6419765906092341,0.10104964984728454,0.024074074074074137
500054,20009,1009,DriftPass,DriftPass Travel,travel,rewarded_video,en,feature-focus,last-minute deal,Learn more,Last-minute savings,Hotels + flights in one tap,teal,trustworthy,booking,discount,18-24,Android,2026-01-15,assets/creative_500054.png,fatigued,0.7536585365853659,not_top,Review,109.0,0.8802660753880266,3.0,0.6666666666666666,36.0,0.7586206896551724,53.0,0.675,26.0,0.45652173913043476,0.7222222222222222,7.150438808452111,0.3916880210523893,0.0070509455365662,0.0555511341026661,27686.34,3564061,197969.48,14.0,1,-0.8030628164260534,0.0212264150943397,True,False,0.9290465631929047,0.8869179600886918,0.508869179600887,0.1419068736141907,0.8869179600886918,-0.05996661657633329,0.059477102845967744,-0.030555555555555558
500064,20010,1010,BiteRush,BiteRush Delivery,food_delivery,interstitial,es,discount,2-for-1,Try for free,"Fast food, fast",Free delivery over $15,purple,excited,order,discount,25-34,Both,2026-01-20,assets/creative_500064.png,stable,0.6011640798226163,not_top,Review,317.0,0.6496674057649667,1.0,1.0,33.0,0.7987421383647799,88.0,0.6936619718309859,9.0,0.813953488372093,0.5638888888888888,2.439404085138611,0.4457099281673173,0.0054136547943896,0.0823306888036568,23819.51,7031479,58105.41,,0,-0.8585167754338938,0.0705917890334708,True,False,0.6662971175166297,0.5631929046563193,0.61529933481153,0.3924611973392461,0.6308203991130821,0.06111884962204561,0.024831497320137175,0.08364197530864187
500062,20010,1010,BiteRush,BiteRush Delivery,food_delivery,interstitial,en,combo,late-night,Install now,"Fast food, fast",Free delivery over $15,purple,trustworthy,order,discount,25-34,Both,2026-01-07,assets/creative_500062.png,stable,0.5172949002217295,not_top,Review,442.0,0.5110864745011087,2.0,0.8333333333333334,46.0,0.7169811320754716,148.0,0.4823943661971831,16.0,0.6511627906976745,0.4802469135802469,2.3493449299389786,0.4214638237640654,0.0047436013801139,0.088848912459407,30786.02,9023313,72326.98,,0,-0.8474579900575909,-0.2167054308073223,True,False,0.4950110864745011,0.5365853658536586,0.5676274944567627,0.48891352549889133,0.45454545454545453,-0.028940305577586756,0.0005853929168852523,0.0
500065,20010,1010,BiteRush,BiteRush Delivery,food_delivery,native,es,food-closeup,2-for-1,Get offer,"Your cravings, delivered",Late-night deals available,yellow,trustworthy,order,discount,25-34,Both,2026-01-14,assets/creative_500065.png,stable,0.43774944567627494,not_top,Review,567.0,0.37250554323725055,3.0,0.6666666666666666,66.0,0.5911949685534591,162.0,0.3661417322834646,30.0,0.43137254901960786,0.4037037037037037,2.4721365954941814,0.3627800905572831,0.0041343651838926,0.0877474713580365,27587.44,10091513,68199.92,,0,-0.8314685408923801,-0.0834320906231241,True,False,0.3575388026607539,0.5742793791574279,0.44567627494456763,0.4656319290465632,0.3093126385809313,0.09385135997761607,-0.05809834028989702,-0.07237654320987652
500070,20011,1011,FluxStream,FluxStream Play,entertainment,rewarded_video,fr,product-focus,security,Install now,Binge starts now,Start free today,purple,trustworthy,signup,trailer,45-54,Both,2026-01-20,assets/creative_500070.png,fatigued,0.7524390243902439,not_top,Review,113.0,0.8758314855875832,1.0,1.0,15.0,0.9176470588235294,55.0,0.6625,10.0,0.7906976744186046,0.6811728395061728,2.203755520198999,0.6718273796663617,0.0064001728409817,0.1049701932054873,29974.01,4350820,66055.39,16.0,1,-0.7974974029124502,-0.1732584414107503,True,False,0.8719512195121951,0.49223946784922396,0.8181818181818182,0.761640798226164,0.8159645232815964,0.5143237246797328,0.22984040176144122,0.04814814814814805
500069,20011,1011,FluxStream,FluxStream Play,entertainment,rewarded_video,de,celebrity,watch now,Watch now,A new season drops,Start free today,red,excited,signup,trailer,45-54,Both,2026-01-22,assets/creative_500069.png,stable,0.5975055432372506,not_top,Review,325.0,0.6407982261640798,2.0,0.8333333333333334,56.0,0.6764705882352942,117.0,0.275,26.0,0.4186046511627907,0.5558641975308642,1.8132314882693672,0.5532433826360842,0.0056165182514081,0.0985029083627348,25726.66,3734342,46648.39,,0,-0.8072346962224349,-0.1942802889576883,True,False,0.6496674057649667,0.34035476718403546,0.7560975609756098,0.6718403547671841,0.6829268292682927,0.12379969275010083,0.11125640473116366,-0.0771604938271605
500066,20011,1011,FluxStream,FluxStream Play,entertainment,rewarded_video,de,trailer,watch now,Start now,Watch what’s trending,Cancel anytime,blue,excited,signup,trailer,45-54,Both,2026-01-12,assets/creative_500066.png,stable,0.5558758314855876,not_top,Review,398.0,0.5598669623059866,3.0,0.6666666666666666,66.0,0.6176470588235294,130.0,0.19375,29.0,0.3488372093023256,0.5151234567901234,1.7640644780150223,0.5414256534181832,0.0052647974655153,0.1028388379542693,35547.0,5158603,62707.2,,0,-0.8410982296289506,-0.0715323559828581,True,False,0.5665188470066519,0.3148558758314856,0.7361419068736141,0.7339246119733924,0.5986696230598669,0.07463268249575594,0.09943867551326263,-0.11790123456790136
500074,20012,1012,VoxelRealm,VoxelRealm Battle,gaming,rewarded_video,en,gameplay,free rewards,Watch now,Join the arena,Play with friends tonight,purple,calm,install,competitive,25-34,Android,2026-01-19,assets/creative_500074.png,fatigued,0.6940687361419068,not_top,Review,183.0,0.7982261640798226,1.0,1.0,54.0,0.6513157894736842,85.0,0.475,20.0,0.5581395348837209,0.645679012345679,1.2865844509643354,1.683189300558723,0.0075384703433178,0.2232799525504152,33190.74,4473056,42702.69,12.0,1,-0.8870154856227849,-0.025541773463351,True,False,0.8137472283813747,0.12195121951219512,0.9645232815964523,0.9878048780487805,0.9279379157427938,0.22403971582070192,0.32920863512673715,-0.016049382716049387
500077,20012,1012,VoxelRealm,VoxelRealm Battle,gaming,interstitial,en,reward,challenge,Learn more,Win epic rewards,No ads in first week,purple,playful,install,competitive,25-34,Android,2026-01-23,assets/creative_500077.png,stable,0.5970620842572062,not_top,Review,328.0,0.6374722838137472,2.0,0.8333333333333334,98.0,0.3618421052631579,93.0,0.676056338028169,28.0,0.5423728813559322,0.5580246913580247,1.1582750687956958,1.228871964031522,0.006062972234343,0.2026847421584263,30354.37,4963902,35158.71,,0,-0.8698110617431237,-0.0666989004971115,True,False,0.656319290465632,0.0787139689578714,0.9101995565410199,0.9490022172949002,0.7583148558758315,0.0957303336520623,-0.12510870140046393,-0.005555555555555536
500075,20012,1012,VoxelRealm,VoxelRealm Battle,gaming,interstitial,en,food-closeup,watch now,Start now,Unlock rare gear,No ads in first week,blue,calm,install,competitive,25-34,Android,2026-01-17,assets/creative_500075.png,stable,0.5843680709534369,not_top,Review,350.0,0.6130820399113082,3.0,0.6666666666666666,103.0,0.32894736842105265,103.0,0.6408450704225352,32.0,0.4745762711864407,0.5635802469135802,1.0444223763637257,1.1456365569879254,0.0064486253886917,0.1776559325336079,33824.62,5571575,35327.19,,0,-0.8560168460368685,-0.0616378428789422,True,False,0.6646341463414634,0.04212860310421286,0.8924611973392461,0.88470066518847,0.8203991130820399,-0.018122358779907755,-0.20834410844406048,0.0
500082,20013,1013,BoltCart,BoltCart Drops,ecommerce,rewarded_video,pt,discount,new collection,Get offer,Your next favorite pick,Free shipping over $25,teal,calm,purchase,ugc,18-24,Android,2026-01-31,assets/creative_500082.png,stable,0.4324833702882484,not_top,Review,571.0,0.36807095343680707,1.0,1.0,40.0,0.7111111111111111,148.0,0.08125,8.0,0.36363636363636365,0.4302469135802469,2.707077403785389,0.3211503505717994,0.0047698315021454,0.0673294959009244,21916.37,4807717,59329.31,,0,-0.851031845075714,-0.1010976999005683,True,False,0.4035476718403548,0.6130820399113082,0.328159645232816,0.2893569844789357,0.46452328159645234,-0.1034955972994096,0.01705728981988247,-0.14814814814814825
500080,20013,1013,BoltCart,BoltCart Drops,ecommerce,interstitial,de,testimonial,free shipping,Claim reward,Limited stock,Free shipping over $25,white,calm,purchase,ugc,18-24,Android,2026-01-27,assets/creative_500080.png,stable,0.41247228381374723,not_top,Review,593.0,0.3436807095343681,2.0,0.8333333333333334,43.0,0.6888888888888889,205.0,0.28169014084507044,13.0,0.625,0.4435185185185185,2.9140685983842083,0.2848611617347323,0.0052132897948488,0.0546413441309547,24942.57,6655874,72684.36,,0,-0.8409377999993689,-0.0721201524087895,True,False,0.4212860310421286,0.6396895787139689,0.20953436807095344,0.12971175166297116,0.5831485587583148,0.1034955972994096,-0.01923189901718464,-0.058333333333333404
500083,20013,1013,BoltCart,BoltCart Drops,ecommerce,native,pt,discount,free shipping,Watch now,Limited stock,Only this weekend,orange,calm,purchase,ugc,18-24,Android,2026-02-03,assets/creative_500083.png,stable,0.37128603104212865,not_top,Review,649.0,0.28159645232815966,3.0,0.6666666666666666,57.0,0.5851851851851851,184.0,0.2795275590551181,25.0,0.5294117647058824,0.3854938271604938,3.472076565402454,0.266490718814791,0.0045668093708471,0.0583538083538083,20542.96,6773219,71326.73,,0,-0.8284095033897069,-0.1399912376885893,True,False,0.33148558758314856,0.6751662971175166,0.15521064301552107,0.18070953436807094,0.4157427937915743,0.6615035643176554,-0.037602341937125916,-0.020679012345679038
500087,20014,1014,VaultRun,VaultRun Pay,fintech,interstitial,en,feature-focus,earn more,Install now,Save with confidence,No hidden fees,green,urgent,signup,feature-focus,25-34,Android,2026-01-27,assets/creative_500087.png,fatigued,0.809368070953437,strong_but_fatigued,Refresh,48.0,0.9478935698447893,1.0,1.0,12.0,0.9219858156028369,8.0,0.9753521126760564,5.0,0.875,0.6768518518518519,7.154073706069809,0.516729104766826,0.0050548231449311,0.1022249621700386,24717.91,3529896,176833.75,13.0,1,-0.7939891687354652,-0.1200539359278375,True,False,0.864190687361419,0.8880266075388027,0.7106430155210643,0.7272727272727273,0.5365853658536586,-0.2145293513323283,0.1339882377084965,0.13796296296296295
500088,20014,1014,VaultRun,VaultRun Pay,fintech,native,de,ugc,save smarter,Shop now,Earn cashback daily,No hidden fees,black,premium,signup,feature-focus,25-34,Android,2026-02-02,assets/creative_500088.png,stable,0.7476718403547672,not_top,Review,118.0,0.8702882483370288,2.0,0.8,23.0,0.8439716312056738,23.0,0.9133858267716536,12.0,0.7843137254901961,0.5984567901234569,8.044623611234359,0.4503588380898624,0.004251126353981,0.1059387090830928,21298.59,3830279,171339.14,,0,-0.765251759003138,-0.1564052723592197,True,False,0.729490022172949,0.950110864745011,0.6241685144124168,0.7694013303769401,0.33148558758314856,0.6760205538322213,0.06761797103153289,0.08086419753086438
500085,20014,1014,VaultRun,VaultRun Pay,fintech,native,en,feature-focus,exclusive,Order now,Secure & simple,No hidden fees,blue,premium,signup,feature-focus,25-34,Android,2026-02-04,assets/creative_500085.png,stable,0.7334811529933482,not_top,Review,129.0,0.8580931263858093,3.0,0.6,26.0,0.8226950354609929,27.0,0.8976377952755905,15.0,0.7254901960784313,0.587037037037037,7.583132408734466,0.4494123613953115,0.0042285870147603,0.1062795585916973,20248.06,3600257,153543.72,,0,-0.7476582472556823,0.1690891272758676,True,False,0.7111973392461197,0.9212860310421286,0.623059866962306,0.7771618625277162,0.3270509977827051,0.2145293513323283,0.066671494336982,0.06944444444444453
500098,20016,1016,FreshDash,FreshDash Bites,food_delivery,interstitial,es,discount,book now,Try for free,Hungry? We got you,Late-night deals available,yellow,excited,order,combo,25-34,Android,2026-01-22,assets/creative_500098.png,stable,0.6211751662971174,not_top,Review,293.0,0.6762749445676275,1.0,1.0,31.0,0.8113207547169812,80.0,0.721830985915493,8.0,0.8372093023255814,0.5608024691358025,2.7421905260314547,0.4521032407449171,0.0050837304808614,0.0889313944645449,26617.99,8535661,72991.6,,0,-0.858040867794128,-0.1895858194633448,True,False,0.6596452328159645,0.6219512195121951,0.6263858093126385,0.4933481152993348,0.5443458980044346,0.4533421572333305,0.03122480989773696,0.08055555555555555
500099,20016,1016,FreshDash,FreshDash Bites,food_delivery,interstitial,en,food-closeup,fast,Learn more,Hungry? We got you,Fresh favorites nearby,orange,playful,order,combo,25-34,Android,2026-01-16,assets/creative_500099.png,stable,0.4180155210643016,not_top,Review,585.0,0.352549889135255,2.0,0.8333333333333334,70.0,0.5660377358490566,200.0,0.2992957746478873,25.0,0.4418604651162791,0.407716049382716,2.190700643398236,0.3670979271249204,0.0045229271955911,0.0811637931034482,31770.37,10258843,69599.37,,0,-0.8343697902764547,-0.1131924821482165,True,False,0.37028824833702884,0.4844789356984479,0.4567627494456763,0.3713968957871397,0.4057649667405765,-0.09814772539988814,-0.05378050372225973,-0.07253086419753091
500097,20016,1016,FreshDash,FreshDash Bites,food_delivery,banner,en,food-closeup,2-for-1,Book now,"Fast food, fast",Free delivery over $15,red,adventurous,order,combo,25-34,Android,2026-01-21,assets/creative_500097.png,stable,0.37915742793791574,not_top,Review,635.0,0.29711751662971175,3.0,0.6666666666666666,77.0,0.5220125786163522,45.0,0.7349397590361446,8.0,0.8727272727272727,0.362962962962963,2.55851435046144,0.3118879701148707,0.0041220366472642,0.0756635607113951,26494.27,11690095,67785.97,,0,-0.8131152001934173,-0.076149549682719,True,False,0.3026607538802661,0.5909090909090909,0.3026607538802661,0.34700665188470065,0.3026607538802661,0.2696659816633158,-0.10899046073230945,0.12500000000000008
500106,20017,1017,PulsePlay,PulsePlay Box,entertainment,rewarded_video,de,product-focus,trending,Start now,Exclusive tonight,New hits every week,red,trustworthy,install,trailer,25-34,iOS,2026-01-19,assets/creative_500106.png,stable,0.6275498891352549,not_top,Review,281.0,0.6895787139689579,1.0,1.0,49.0,0.7176470588235294,107.0,0.3375,24.0,0.46511627906976744,0.579320987654321,1.7124983774732303,0.6359339588118983,0.0059109876964614,0.1075850587868067,39521.69,4877865,67680.83,,0,-0.8267397790217412,-0.0296714358282353,True,False,0.6951219512195121,0.29379157427937913,0.7993348115299335,0.7937915742793792,0.7361419068736141,0.006684803730649724,0.19394698090697776,-0.0537037037037037
500105,20017,1017,PulsePlay,PulsePlay Box,entertainment,interstitial,ja,drama,trending,Learn more,Binge starts now,Cancel anytime,blue,premium,install,trailer,25-34,iOS,2026-01-28,assets/creative_500105.png,stable,0.5942350332594235,not_top,Review,333.0,0.6319290465631929,2.0,0.8333333333333334,57.0,0.6705882352941176,96.0,0.6654929577464789,17.0,0.7575757575757576,0.5509259259259259,1.847842274068944,0.5501571505677726,0.0055300834805832,0.0994844205335126,26913.52,4033393,49731.94,,0,-0.7939047597265427,0.0621478135332744,True,False,0.63470066518847,0.35476718403547675,0.7483370288248337,0.6895787139689579,0.6607538802660754,0.1420287003263634,0.10817017266285206,0.08456790123456792
500104,20017,1017,PulsePlay,PulsePlay Box,entertainment,native,en,drama,watch now,Shop now,Exclusive tonight,New hits every week,red,excited,install,trailer,25-34,iOS,2026-01-30,assets/creative_500104.png,stable,0.5534368070953437,not_top,Review,403.0,0.5543237250554324,3.0,0.6666666666666666,68.0,0.6058823529411764,105.0,0.5905511811023622,17.0,0.6862745098039216,0.4858024691358024,2.090932548306793,0.495780174739842,0.0045874955003362,0.1080720786981704,25307.0,4742021,52915.23,,0,-0.8029156726188783,-0.1018997821532955,True,False,0.503880266075388,0.45454545454545453,0.688470066518847,0.7960088691796009,0.4190687361419069,0.3851189745642123,0.05379319683492145,0.0805555555555556
500112,20018,1018,StormByte,StormByte Saga,gaming,playable,de,fantasy,power-up,Try for free,Win epic rewards,Play with friends tonight,lime,excited,install,fantasy,25-34,Android,2026-01-19,assets/creative_500112.png,fatigued,0.707538802660754,not_top,Review,166.0,0.8170731707317073,1.0,1.0,47.0,0.6973684210526315,21.0,0.47368421052631576,19.0,0.47058823529411764,0.650925925925926,1.4348041166125531,1.652897948675227,0.0072389393833539,0.2283342712436691,31717.34,4909559,45508.17,13.0,1,-0.8946835026187515,-0.1040497590052856,True,False,0.8226164079822617,0.16518847006651885,0.9623059866962306,0.9922394678492239,0.9101995565410199,0.26291144795013954,0.2989172832432412,-0.05632716049382702
500113,20018,1018,StormByte,StormByte Saga,gaming,playable,it,reward,competition,Book now,Join the arena,No ads in first week,orange,trustworthy,install,fantasy,25-34,Android,2026-01-15,assets/creative_500113.png,fatigued,0.6192350332594235,not_top,Review,295.0,0.6735033259423503,2.0,0.8333333333333334,90.0,0.41118421052631576,31.0,0.21052631578947367,29.0,0.17647058823529413,0.5830246913580247,1.1456034471882637,1.2811672644649803,0.0064700603061367,0.1980147330697687,34875.96,5434107,39954.02,12.0,1,-0.8847901600255557,-0.1513943057774639,True,False,0.7028824833702882,0.07206208425720621,0.9223946784922394,0.9412416851441242,0.8292682926829268,-0.026289221474149915,-0.07281340096700561,-0.12422839506172834
500109,20018,1018,StormByte,StormByte Saga,gaming,interstitial,de,combo,free rewards,Order now,Join the arena,No ads in first week,blue,calm,install,fantasy,25-34,Android,2026-01-17,assets/creative_500109.png,stable,0.5735033259423503,not_top,Review,370.0,0.5909090909090909,3.0,0.6666666666666666,109.0,0.2894736842105263,112.0,0.6091549295774648,36.0,0.4067796610169492,0.5509259259259259,1.1981818901365635,1.0180538804806425,0.0060944750643942,0.1670453762996626,34112.35,7148934,40872.8,,0,-0.8760184383160037,-0.0622412008281573,True,False,0.63470066518847,0.09201773835920177,0.8669623059866962,0.8503325942350333,0.7638580931263859,0.026289221474149915,-0.3359267849513434,-0.012654320987654288
500118,20019,1019,ZenDrop,ZenDrop Market,ecommerce,native,en,discount,new collection,Book now,Limited stock,Shop bestsellers now,black,adventurous,purchase,product-focus,45-54,Both,2026-01-20,assets/creative_500118.png,fatigued,0.7254434589800443,not_top,Review,136.0,0.8503325942350333,1.0,1.0,3.0,0.9851851851851852,28.0,0.8937007874015748,1.0,1.0,0.6901234567901234,3.033275687332677,0.4817941851672904,0.0066250112600624,0.0727235269880511,22684.43,3663390,68808.13,15.0,1,-0.7943636432651946,-0.0531569927501837,True,False,0.8835920177383592,0.655210643015521,0.6674057649667405,0.32483370288248337,0.844789356984479,0.8150709298506986,0.17770112441537345,0.2839506172839506
500119,20019,1019,ZenDrop,ZenDrop Market,ecommerce,interstitial,en,discount,late-night,Try for free,Your next favorite pick,Only this weekend,red,urgent,purchase,product-focus,45-54,Both,2026-01-20,assets/creative_500119.png,stable,0.6802106430155211,not_top,Review,206.0,0.7727272727272727,2.0,0.5,6.0,0.9629629629629629,49.0,0.8309859154929577,1.0,1.0,0.6796296296296296,2.347871612598087,0.474960718440944,0.0078356463702186,0.0606153846153846,22538.66,2903398,52917.88,,0,-0.7566811643612659,-0.3667975014531939,True,False,0.8680709534368071,0.5343680709534369,0.6541019955654102,0.21618625277161863,0.9390243902439024,0.12966685511610843,0.17086765768902706,0.1777777777777777
500124,20020,1020,NovaPay,NovaPay Wallet,fintech,native,pt,discount,cashback,Book now,Secure & simple,Built for peace of mind,green,trustworthy,signup,minimalist,25-34,Android,2026-01-18,assets/creative_500124.png,stable,0.40565410199556545,not_top,Review,601.0,0.3348115299334812,1.0,1.0,108.0,0.24113475177304963,170.0,0.3346456692913386,48.0,0.0784313725490196,0.3327160493827161,7.413085775008813,0.2474115384655317,0.0027165188396466,0.091076687875177,54269.77,16373529,402306.46,,0,-0.7198134058992616,-0.0768157805735262,True,False,0.25055432372505543,0.9113082039911308,0.1130820399113082,0.541019955654102,0.017738359201773836,0.9025932301055422,-0.13532932859279778,-0.1848765432098764
500125,20020,1020,NovaPay,NovaPay Wallet,fintech,interstitial,pt,feature-focus,earn more,Shop now,"Your money, clearer",Built for peace of mind,green,excited,signup,minimalist,25-34,Android,2026-01-19,assets/creative_500125.png,stable,0.380820399113082,not_top,Review,633.0,0.29933481152993346,2.0,0.8333333333333334,114.0,0.19858156028368795,222.0,0.22183098591549297,31.0,0.0625,0.3225308641975309,6.303279137829585,0.2659287407302949,0.0029895664816719,0.0889522753083485,52175.3,12665047,328875.48,,0,-0.7498312820918899,-0.1340309626663233,True,False,0.229490022172949,0.8281596452328159,0.15299334811529933,0.49445676274944567,0.038802660753880266,-0.20721340707368618,-0.11681212632803462,-0.21635802469135806
500120,20020,1020,NovaPay,NovaPay Wallet,fintech,native,pt,trust,security,Try for free,Earn cashback daily,Built for peace of mind,orange,premium,signup,minimalist,25-34,Android,2026-01-17,assets/creative_500120.png,stable,0.3604212860310421,not_top,Review,660.0,0.26940133037694014,3.0,0.6666666666666666,121.0,0.14893617021276595,188.0,0.2637795275590551,50.0,0.0392156862745098,0.3006172839506173,6.717705951976957,0.2290779978150564,0.0025086689373748,0.0913145590485014,60408.5,18500249,405806.54,,0,-0.6157145272590581,-0.051304120635241,True,False,0.188470066518847,0.8547671840354767,0.08314855875831485,0.5454545454545454,0.0033259423503325942,0.20721340707368618,-0.1536628692432731,-0.21697530864197517
500129,20021,1021,RouteBloom,RouteBloom Getaway,travel,rewarded_video,en,product-focus,discover,Order now,Fly smarter,Hotels + flights in one tap,orange,premium,booking,discount,35-44,iOS,2026-02-03,assets/creative_500129.png,top_performer,0.9082705099778271,top_winner,Scale,3.0,0.9977827050997783,1.0,1.0,2.0,0.993103448275862,3.0,0.9875,2.0,0.9782608695652174,0.8969135802469136,9.33692948459687,0.6043905777753683,0.0091992735453966,0.0656998158379373,22115.31,2361056,206489.09,,0,-0.6975265950137368,0.0922013753519599,True,False,0.9988913525498891,0.9733924611973392,0.7926829268292683,0.2771618625277162,0.9822616407982262,2.7324353103043464,0.27217965956894674,0.14413580246913582
500126,20021,1021,RouteBloom,RouteBloom Getaway,travel,native,en,celebrity,watch now,Get offer,Last-minute savings,Flexible booking options,blue,trustworthy,booking,discount,35-44,iOS,2026-02-04,assets/creative_500126.png,top_performer,0.8610421286031043,top_winner,Scale,20.0,0.9789356984478935,2.0,0.8333333333333334,10.0,0.9379310344827586,2.0,0.9960629921259843,1.0,1.0,0.7907407407407407,10.422594070375231,0.4415541001675124,0.0067955630055986,0.0649768238192675,21536.27,3523917,224463.8,,0,-0.7266066161352949,-0.1373190541561663,True,False,0.9778270509977827,0.991130820399113,0.6086474501108647,0.26940133037694014,0.8691796008869179,3.818099896082707,0.10934318196109083,0.2416666666666667
500128,20021,1021,RouteBloom,RouteBloom Getaway,travel,rewarded_video,en,destination,book now,Get offer,Escape this weekend,Special fares today,white,excited,booking,discount,35-44,iOS,2026-01-20,assets/creative_500128.png,fatigued,0.7605875831485589,not_top,Review,104.0,0.885809312638581,3.0,0.6666666666666666,33.0,0.7793103448275862,50.0,0.69375,24.0,0.5,0.7175925925925926,6.647550559046208,0.4245210418616856,0.006612561785789,0.0641991796241533,44101.9,4755948,293169.61,10.0,1,-0.8239587268955324,0.338438748087982,True,False,0.9146341463414634,0.8470066518847007,0.5742793791574279,0.25942350332594233,0.843680709534368,0.04305638475368401,0.09231012365526403,-0.03518518518518521
500136,20022,1022,CraveLoop,CraveLoop Express,food_delivery,native,en,urgency,2-for-1,Order now,Dinner in minutes,Late-night deals available,orange,calm,order,food-closeup,18-24,iOS,2026-01-23,assets/creative_500136.png,stable,0.7966740576496676,strong_candidate,Keep,58.0,0.9368070953436807,1.0,1.0,2.0,0.9937106918238994,8.0,0.9724409448818898,2.0,0.9803921568627451,0.7373456790123457,2.4131806635973967,0.7188754806293609,0.0072070391472368,0.0997462988535277,24188.16,4320637,58370.4,,0,-0.7504140204505219,-0.080392863941609,True,False,0.9423503325942351,0.5565410199556541,0.8292682926829268,0.6940133037694013,0.9068736141906873,0.6470827822806395,0.2979970497821808,0.2612654320987655
500132,20022,1022,CraveLoop,CraveLoop Express,food_delivery,native,en,drama,save smarter,Start now,Hungry? We got you,Fresh favorites nearby,orange,playful,order,food-closeup,18-24,iOS,2026-01-18,assets/creative_500132.png,stable,0.47849223946784925,not_top,Review,497.0,0.4501108647450111,2.0,0.5,55.0,0.660377358490566,140.0,0.452755905511811,26.0,0.5098039215686274,0.4768518518518518,1.6148164348377885,0.4942706271062328,0.0053415098304103,0.0925338795207766,37127.96,6672458,59954.84,,0,-0.7861376513571795,-0.2020570319113696,True,False,0.4866962305986696,0.24057649667405764,0.6829268292682927,0.5643015521064302,0.6130820399113082,-0.15128144647896868,0.07339219625905269,0.0007716049382716084
500139,20023,1023,NeonCast,NeonCast Stream,entertainment,rewarded_video,en,drama,exclusive,Order now,A new season drops,New hits every week,purple,trustworthy,install,drama,18-24,Android,2026-02-04,assets/creative_500139.png,stable,0.454490022172949,not_top,Review,528.0,0.4157427937915743,1.0,1.0,93.0,0.4588235294117647,144.0,0.10625,35.0,0.20930232558139536,0.4126543209876543,1.9724866596207489,0.4261677881029455,0.0043928391887843,0.0970142019291357,46409.85,9393014,91542.81,,0,-0.8285553902936893,-0.0920798454603992,True,False,0.37915742793791574,0.4157427937915743,0.5787139689578714,0.6496674057649667,0.36363636363636365,0.3809571806534031,-0.015819189801975053,-0.22037037037037044
500141,20023,1023,NeonCast,NeonCast Stream,entertainment,rewarded_video,en,destination,watch now,Watch now,Watch what’s trending,New hits every week,orange,premium,install,drama,18-24,Android,2026-02-04,assets/creative_500141.png,stable,0.35332594235033266,not_top,Review,667.0,0.2616407982261641,2.0,0.8333333333333334,116.0,0.3235294117647059,153.0,0.05,37.0,0.16279069767441862,0.3302469135802469,1.759381214696151,0.3882973217822982,0.0040856754964205,0.0950387083170165,40000.95,8125217,70376.92,,0,-0.8208425932248009,-0.1405171834072236,True,False,0.24611973392461198,0.31042128603104213,0.5033259423503326,0.6197339246119734,0.2926829268292683,0.16785173572880518,-0.05368965612262233,-0.30277777777777787
500140,20023,1023,NeonCast,NeonCast Stream,entertainment,interstitial,en,drama,exclusive,Get offer,Watch what’s trending,Cancel anytime,red,adventurous,install,drama,18-24,Android,2026-01-24,assets/creative_500140.png,underperformer,0.16541019955654102,not_top,Review,842.0,0.06762749445676275,3.0,0.6666666666666666,163.0,0.047058823529411764,274.0,0.03873239436619718,62.0,0.07575757575757576,0.1567901234567901,1.6053414634568826,0.2799617996049137,0.0033965209731507,0.0824260476581758,69276.52,17198775,111212.47,,0,-0.7510368665706558,-0.0643595649173853,True,False,0.05543237250554324,0.23725055432372505,0.1951219512195122,0.39578713968957874,0.10643015521064302,0.0138119844895368,-0.16202517830000684,-0.3095679012345679
500148,20024,1024,GlitchWave,GlitchWave Quest,gaming,playable,es,food-closeup,challenge,Start now,Win epic rewards,Play with friends tonight,blue,playful,install,reward,18-24,Android,2026-01-11,assets/creative_500148.png,fatigued,0.8042682926829269,strong_but_fatigued,Refresh,53.0,0.9423503325942351,1.0,1.0,16.0,0.9013157894736842,9.0,0.7894736842105263,9.0,0.7647058823529411,0.7419753086419753,1.8293660060704056,1.81143525320508,0.0088181726224772,0.2054207068466527,29246.81,5368119,53503.12,11.0,1,-0.8626302959637626,-0.1417152978193048,True,False,0.9456762749445676,0.3458980044345898,0.9767184035476718,0.9545454545454546,0.9745011086474501,-0.07292215543367164,0.457454587773094,0.03472222222222221
500145,20024,1024,GlitchWave,GlitchWave Quest,gaming,native,ja,family,competition,Book now,Join the arena,No ads in first week,blue,calm,install,reward,18-24,Android,2026-01-13,assets/creative_500145.png,fatigued,0.6733924611973392,not_top,Review,217.0,0.7605321507760532,2.0,0.6666666666666666,64.0,0.5855263157894737,46.0,0.8228346456692913,4.0,0.6666666666666666,0.6024691358024691,1.741360444895807,1.0681100165386077,0.0057922003696612,0.1844048804204385,24163.86,7457097,42077.99,10.0,1,-0.8403868909737482,-0.0689316980713327,True,False,0.7378048780487805,0.3070953436807095,0.8780487804878049,0.9035476718403548,0.7106430155210643,-0.1609277166082701,-0.2858706488933782,0.010802469135802406
500144,20024,1024,GlitchWave,GlitchWave Quest,gaming,interstitial,pt,fantasy,power-up,Claim reward,Beat your rivals,Play with friends tonight,purple,trustworthy,install,reward,18-24,Android,2026-01-09,assets/creative_500144.png,stable,0.5653547671840355,not_top,Review,382.0,0.5776053215077606,3.0,0.3333333333333333,113.0,0.2631578947368421,119.0,0.5845070422535211,38.0,0.3728813559322034,0.5317901234567901,1.3586099464292778,0.971114387835218,0.0055831473748596,0.1739367282705189,35903.94,8877430,48779.45,,0,-0.8210815163331886,-0.0715223118122488,True,False,0.5909090909090909,0.14301552106430154,0.8614190687361419,0.8713968957871396,0.6762749445676275,-0.5436782150747994,-0.38286627759676795,-0.03179012345679011
500155,20025,1025,LuxShelf,LuxShelf Market,ecommerce,interstitial,en,ugc,limited offer,Start now,Your next favorite pick,Shop bestsellers now,beige,calm,purchase,ugc,45-54,Both,2026-01-17,assets/creative_500155.png,stable,0.6095343680709535,not_top,Review,308.0,0.6596452328159645,1.0,1.0,8.0,0.9481481481481482,84.0,0.7077464788732394,2.0,0.96875,0.6126543209876544,2.088866582123336,0.4478016128919959,0.0069009819754354,0.0648895497026338,22584.08,2728887,47175.13,,0,-0.7287313095719402,-0.1130948392716326,True,False,0.7549889135254989,0.4523281596452328,0.6197339246119734,0.26718403547671843,0.8758314855875832,0.18523434322759513,0.14370855214007894,0.1108024691358025
500154,20025,1025,LuxShelf,LuxShelf Market,ecommerce,banner,ja,discount,free shipping,Try for free,New collection drop,Shop bestsellers now,white,calm,purchase,ugc,45-54,Both,2026-01-16,assets/creative_500154.png,stable,0.2507760532150776,not_top,Review,773.0,0.14412416851441243,2.0,0.5,86.0,0.37037037037037035,90.0,0.463855421686747,7.0,0.8461538461538461,0.304320987654321,1.862236325402036,0.2814676901358829,0.0047644672103395,0.0590764250670173,24889.58,4149677,46350.28,,0,-0.8046141701962497,-0.0463343692183817,True,False,0.1951219512195122,0.3625277161862528,0.19955654101995565,0.19068736141906872,0.4623059866962306,-0.04139591349370497,-0.022625370616034035,0.11805555555555558
500157,20026,1026,ClearLedger,ClearLedger Invest,fintech,native,it,reward,cashback,Book now,Track every euro,"Fast signup, instant card",blue,adventurous,signup,minimalist,35-44,iOS,2026-01-22,assets/creative_500157.png,fatigued,0.7747782705099778,strong_but_fatigued,Refresh,83.0,0.9090909090909091,1.0,1.0,19.0,0.8723404255319149,15.0,0.9448818897637795,8.0,0.8627450980392157,0.6253086419753086,9.772059222348004,0.4517294785751161,0.0044007772615155,0.1026476578411405,22861.64,5020704,223405.3,13.0,1,-0.7933473309835111,-0.0489023379527012,True,False,0.7804878048780488,0.983370288248337,0.6252771618625277,0.7328159645232816,0.36807095343680707,1.4575918668249255,0.06898861151678659,0.10771604938271606
500156,20026,1026,ClearLedger,ClearLedger Invest,fintech,native,es,minimalist,security,Get offer,Track every euro,Built for peace of mind,lime,playful,signup,minimalist,35-44,iOS,2026-01-19,assets/creative_500156.png,stable,0.6780487804878049,not_top,Review,211.0,0.7671840354767184,2.0,0.75,34.0,0.7659574468085106,44.0,0.8307086614173228,18.0,0.6666666666666666,0.5401234567901235,8.540124413390695,0.4044201993178125,0.0038449726415408,0.1051815544663399,23746.64,5200037,202799.26,,0,-0.7437816884348316,0.0667814090709189,True,False,0.6086474501108647,0.9545454545454546,0.5432372505543237,0.7638580931263859,0.21840354767184036,0.22565705786761647,0.021679332259482986,0.02253086419753103
500161,20026,1026,ClearLedger,ClearLedger Invest,fintech,banner,fr,trust,earn more,Install now,Earn cashback daily,Built for peace of mind,green,excited,signup,minimalist,35-44,iOS,2026-01-23,assets/creative_500161.png,stable,0.4606430155210643,not_top,Review,523.0,0.4212860310421286,3.0,0.5,89.0,0.375886524822695,20.0,0.8855421686746988,13.0,0.7551020408163265,0.382716049382716,7.091985114722904,0.2998659289612327,0.0032996582132673,0.0908778757010415,21567.62,5295700,152957.24,,0,-0.7155979426204266,-0.0292696997937585,True,False,0.328159645232816,0.8802660753880266,0.2583148558758315,0.5343680709534369,0.08425720620842572,-1.2224822408001739,-0.08287493809709678,0.02962962962962956
500168,20028,1028,QuickFork,QuickFork Kitchen,food_delivery,interstitial,ja,combo,trending,Learn more,"Fast food, fast",Free delivery over $15,orange,calm,order,combo,25-34,Both,2026-01-24,assets/creative_500168.png,stable,0.27034368070953435,not_top,Review,762.0,0.15631929046563192,1.0,1.0,108.0,0.3270440251572327,257.0,0.09859154929577464,37.0,0.16279069767441862,0.3018518518518518,1.1495130554741004,0.4007832630384736,0.0045250288797126,0.0885703215807826,36113.97,5703831,41513.48,,0,-0.848181877139476,0.0532516054544216,True,False,0.1917960088691796,0.07538802660753881,0.5310421286031042,0.48226164079822614,0.40687361419068735,-0.016137256655474497,-0.020095167808706516,-0.1783950617283951
500172,20028,1028,QuickFork,QuickFork Kitchen,food_delivery,native,es,food-closeup,2-for-1,Try for free,Hungry? We got you,Free delivery over $15,lime,premium,order,combo,25-34,Both,2026-01-20,assets/creative_500172.png,underperformer,0.22161862527716186,not_top,Review,800.0,0.11419068736141907,2.0,0.8333333333333334,117.0,0.27044025157232704,242.0,0.051181102362204724,48.0,0.0784313725490196,0.2166666666666666,1.2711869521266164,0.3519801949273527,0.0037936978006163,0.0927802406586447,42418.56,8324332,53921.92,,0,-0.7943931495127032,-0.0435283159392517,True,False,0.10199556541019955,0.11529933481152993,0.4223946784922395,0.5709534368070953,0.20842572062084258,0.10553663999704144,-0.06889823591982741,-0.25941358024691363
500173,20028,1028,QuickFork,QuickFork Kitchen,food_delivery,banner,es,feature-focus,discover,Book now,"Fast food, fast",Fresh favorites nearby,yellow,excited,order,combo,25-34,Both,2026-01-20,assets/creative_500173.png,underperformer,0.1378048780487805,not_top,Review,860.0,0.04767184035476718,3.0,0.6666666666666666,140.0,0.12578616352201258,130.0,0.22289156626506024,38.0,0.32727272727272727,0.1382716049382716,1.1846425457636764,0.298177898014375,0.0035401503305655,0.0842274678111588,38618.51,8424501,45749.13,,0,-0.7741654819618486,-0.1289554385125538,True,False,0.04212860310421286,0.08758314855875832,0.25055432372505543,0.4157427937915743,0.14745011086474502,0.01899223363410152,-0.12270053283280513,-0.09969135802469131
500176,20029,1029,BingeLayer,BingeLayer Plus,entertainment,interstitial,pt,celebrity,exclusive,Book now,Binge starts now,New hits every week,red,playful,install,ugc,35-44,iOS,2026-01-14,assets/creative_500176.png,stable,0.6232815964523283,not_top,Review,289.0,0.6807095343680709,1.0,1.0,51.0,0.7058823529411765,78.0,0.7288732394366197,14.0,0.803030303030303,0.5765432098765432,2.0461741192468987,0.5246006726398835,0.0055935270032109,0.0937870993272655,26120.26,4517722,53446.6,,0,-0.820567937635804,-0.0463509800878388,True,False,0.6862527716186253,0.4434589800443459,0.7217294900221729,0.5953436807095344,0.6807095343680709,0.23582594156811565,0.082613694734963,0.11018518518518516
500178,20029,1029,BingeLayer,BingeLayer Plus,entertainment,native,pt,ugc,exclusive,Order now,Binge starts now,Cancel anytime,red,adventurous,install,ugc,35-44,iOS,2026-01-18,assets/creative_500178.png,stable,0.5848115299334812,not_top,Review,348.0,0.61529933481153,2.0,0.8333333333333334,59.0,0.6588235294117647,91.0,0.6456692913385826,15.0,0.7254901960784313,0.5179012345679012,2.33959209260014,0.4782596910891767,0.0048014990463337,0.0996063284557676,25810.76,5607832,60386.65,,0,-0.7947450311812181,-0.1168443107036392,True,False,0.5687361419068736,0.5310421286031042,0.6596452328159645,0.6917960088691796,0.46895787139689576,0.529243914921357,0.03627271318425618,0.11265432098765438
500179,20029,1029,BingeLayer,BingeLayer Plus,entertainment,native,it,discount,fast,Shop now,Binge starts now,Start free today,orange,excited,install,ugc,35-44,iOS,2026-01-14,assets/creative_500179.png,stable,0.4433481152993349,not_top,Review,551.0,0.3902439024390244,3.0,0.6666666666666666,97.0,0.43529411764705883,156.0,0.38976377952755903,24.0,0.5490196078431373,0.4052469135802468,1.9918976878777224,0.412806043817466,0.0043407819199377,0.0950994662785055,26001.22,5697591,51791.77,,0,-0.7897187901680192,-0.2204246987951807,True,False,0.3641906873614191,0.42572062084257206,0.5565410199556541,0.623059866962306,0.352549889135255,0.18154951019893928,-0.029180934087454535,0.0
500181,20030,1030,IronQuest,IronQuest Saga,gaming,playable,pt,testimonial,competition,Book now,Win epic rewards,Free rewards for new players,lime,trustworthy,install,competitive,35-44,Both,2026-01-26,assets/creative_500181.png,fatigued,0.8924057649667407,strong_but_fatigued,Refresh,7.0,0.9933481152993349,1.0,1.0,3.0,0.9868421052631579,2.0,0.9736842105263158,2.0,0.9705882352941176,0.8444444444444444,2.626345336017448,2.073982577366754,0.0097601038718554,0.2124959533829718,20967.81,4747388,55068.71,14.0,1,-0.8409725578394248,-0.1496787586629673,True,False,0.9900221729490022,0.6042128603104213,0.9933481152993349,0.9711751662971175,0.991130820399113,0.5059398549989731,0.720001911934768,0.1371913580246914
500185,20030,1030,IronQuest,IronQuest Saga,gaming,playable,ja,fantasy,free rewards,Learn more,Unlock rare gear,Play with friends tonight,lime,premium,install,competitive,35-44,Both,2026-01-27,assets/creative_500185.png,fatigued,0.862638580931264,strong_but_fatigued,Refresh,19.0,0.9800443458980045,2.0,0.8333333333333334,7.0,0.9605263157894737,4.0,0.9210526315789473,4.0,0.9117647058823529,0.8052469135802469,2.2948131572418267,1.812075163192118,0.0090199201844102,0.2008970285927864,20958.8,4745940,48096.53,13.0,1,-0.8843582622473785,-0.1266344578480401,True,False,0.9811529933481153,0.5232815964523282,0.9789356984478935,0.9467849223946785,0.9778270509977827,0.17440767622335196,0.458094497760132,0.09799382716049387
500182,20030,1030,IronQuest,IronQuest Saga,gaming,rewarded_video,pt,competitive,free rewards,Shop now,Unlock rare gear,No ads in first week,lime,adventurous,install,competitive,35-44,Both,2026-01-30,assets/creative_500182.png,fatigued,0.8527161862527717,strong_but_fatigued,Refresh,23.0,0.975609756097561,3.0,0.6666666666666666,9.0,0.9473684210526315,16.0,0.90625,4.0,0.9302325581395349,0.7984567901234568,2.277770349421023,1.6656994633411406,0.0090871496525124,0.1833027436585251,18771.91,4676714,42758.1,15.0,1,-0.8193031597493955,-0.094253887347681,True,False,0.9800443458980045,0.5177383592017738,0.9634146341463414,0.8957871396895787,0.9800443458980045,0.15736486840254837,0.3117187979091547,0.1367283950617284
500189,20031,1031,CrispBox,CrispBox Shop,ecommerce,rewarded_video,es,product-focus,limited offer,Get offer,Your next favorite pick,Only this weekend,orange,excited,purchase,discount,25-34,Android,2026-01-20,assets/creative_500189.png,stable,0.5837583148558759,not_top,Review,351.0,0.6119733924611973,1.0,1.0,11.0,0.9259259259259259,119.0,0.2625,4.0,0.7272727272727273,0.5780864197530864,2.1585557543205,0.4317851729233657,0.0061756442211947,0.0699174300620301,30963.43,3941775,66836.29,,0,-0.8144853889138464,-0.0563939970407947,True,False,0.6901330376940134,0.47671840354767187,0.5953436807095344,0.3048780487804878,0.779379157427938,0.3582467525794877,0.12769211217144877,-0.00030864197530877657
500190,20031,1031,CrispBox,CrispBox Shop,ecommerce,native,es,urgency,watch now,Learn more,Up to 40% off,Free shipping over $25,white,adventurous,purchase,discount,25-34,Android,2026-01-22,assets/creative_500190.png,stable,0.3322062084257206,not_top,Review,694.0,0.23170731707317074,2.0,0.8333333333333334,62.0,0.5481481481481482,198.0,0.22440944881889763,27.0,0.49019607843137253,0.3641975308641975,2.203762001226317,0.2874762907184623,0.0048834909678355,0.0588669647618656,25768.2,4991716,56786.98,,0,-0.7992695993912613,0.0143177461317267,True,False,0.3054323725055432,0.4933481152993348,0.21729490022172948,0.18736141906873613,0.49002217294900224,0.40345299948530466,-0.01661677003345463,-0.04197530864197535
500191,20031,1031,CrispBox,CrispBox Shop,ecommerce,native,en,ugc,free shipping,Start now,New collection drop,Only this weekend,teal,adventurous,purchase,discount,25-34,Android,2026-01-20,assets/creative_500191.png,stable,0.21241685144124167,not_top,Review,809.0,0.10421286031042129,3.0,0.6666666666666666,96.0,0.2962962962962963,244.0,0.04330708661417323,47.0,0.09803921568627451,0.2626543209876543,1.8922461791672385,0.2528214949506371,0.0044472555352183,0.0568488797076116,28799.35,5660120,54495.46,,0,-0.7759739909887755,-0.1751649692106462,True,False,0.14301552106430154,0.37915742793791574,0.1286031042128603,0.15631929046563192,0.38137472283813745,0.09193717742622609,-0.05127156580127984,-0.14351851851851855
500197,20032,1032,SwiftStack,SwiftStack Wallet,fintech,native,en,feature-focus,save smarter,Claim reward,Save with confidence,Built for peace of mind,purple,urgent,signup,testimonial,25-34,Both,2026-01-05,assets/creative_500197.png,stable,0.7369179600886918,not_top,Review,124.0,0.8636363636363636,1.0,1.0,25.0,0.8297872340425532,26.0,0.9015748031496063,14.0,0.7450980392156863,0.5845679012345678,7.408223797622045,0.4715432274873098,0.0040797101839341,0.1155825306768703,22797.74,3715460,168890.76,,0,-0.7647832028834977,-0.1033349021717205,True,False,0.7067627494456763,0.9101995565410199,0.6507760532150776,0.8203991130820399,0.2893569844789357,1.4162466641102407,0.08880236042898032,0.06697530864197532
500198,20033,1033,NomadLayer,NomadLayer Getaway,travel,rewarded_video,fr,destination,last-minute deal,Learn more,Escape this weekend,Special fares today,purple,trustworthy,booking,destination,25-34,Both,2026-01-24,assets/creative_500198.png,fatigued,0.6435144124168515,not_top,Review,260.0,0.7128603104212861,1.0,1.0,63.0,0.5724137931034483,101.0,0.375,40.0,0.15217391304347827,0.6030864197530864,5.971331765849122,0.3610650270033261,0.0057083572732062,0.063252002235053,40174.78,4702754,239896.94,12.0,1,-0.8347016961371588,-0.1905159203132981,True,False,0.7416851441241685,0.7993348115299335,0.43902439024390244,0.24279379157427938,0.6984478935698448,-0.969717347099099,0.028854108796904532,-0.14969135802469136
500201,20033,1033,NomadLayer,NomadLayer Getaway,travel,native,fr,family,trending,Book now,Book your next trip,Special fares today,orange,calm,booking,destination,25-34,Both,2026-02-02,assets/creative_500201.png,stable,0.5981152993348116,not_top,Review,322.0,0.6441241685144125,2.0,0.8333333333333334,76.0,0.4827586206896552,80.0,0.6889763779527559,12.0,0.7317073170731707,0.5567901234567901,7.7845316615612,0.3063456210069469,0.0051856889661816,0.0590752015797268,26089.68,4687516,203095.94,,0,-0.7725632217594762,-0.036469113819248,True,False,0.6524390243902439,0.934589800443459,0.2793791574279379,0.18957871396895787,0.573170731707317,0.8434825486129789,-0.02586529719947467,0.007716049382716084
500199,20033,1033,NomadLayer,NomadLayer Getaway,travel,native,fr,feature-focus,escape,Get offer,Dream destinations await,Flexible booking options,orange,excited,booking,destination,25-34,Both,2026-01-27,assets/creative_500199.png,stable,0.5777161862527715,not_top,Review,358.0,0.6042128603104213,3.0,0.6666666666666666,83.0,0.43448275862068964,94.0,0.6338582677165354,16.0,0.6341463414634146,0.55,7.658294930468276,0.2968951955033515,0.0052557674929647,0.0564894082359557,33942.78,6089691,259943.82,,0,-0.8221853059847245,-0.0427490148877752,True,False,0.6330376940133038,0.9223946784922394,0.24390243902439024,0.15299334811529933,0.5964523281596452,0.7172458175200553,-0.03531572270307004,0.0009259259259259967
500206,20034,1034,PlateSprint,PlateSprint Delivery,food_delivery,banner,en,combo,free delivery,Get offer,Hungry? We got you,Late-night deals available,orange,playful,order,food-closeup,25-34,iOS,2026-01-05,assets/creative_500206.png,stable,0.43891352549889134,not_top,Review,565.0,0.37472283813747226,1.0,1.0,65.0,0.5974842767295597,30.0,0.8253012048192772,6.0,0.9090909090909091,0.4160493827160494,1.6895629558401266,0.4594254501665519,0.0046917165889135,0.0979226774379688,17959.97,3693744,30344.5,,0,-0.7910090732062605,-0.305125,True,False,0.38470066518847007,0.2804878048780488,0.6341463414634146,0.6596452328159645,0.442350332594235,0.038421617931085894,0.03854701931937177,0.1780864197530865
500214,20035,1035,StarVault,StarVault Plus,entertainment,rewarded_video,en,ugc,challenge,Book now,Exclusive tonight,Cancel anytime,blue,calm,install,ugc,25-34,Android,2026-01-19,assets/creative_500214.png,stable,0.7917405764966742,strong_candidate,Keep,61.0,0.9334811529933481,1.0,1.0,4.0,0.9823529411764705,32.0,0.80625,4.0,0.9302325581395349,0.7271604938271605,2.202904368453443,0.8043752100980026,0.0073548153538696,0.1093671521848317,27477.23,3248484,60529.71,,0,-0.781162006283417,-0.166147837116642,True,False,0.934589800443459,0.4911308203991131,0.844789356984479,0.8037694013303769,0.9157427937915743,0.3599572826027484,0.3623882321930821,0.09413580246913578
500215,20035,1035,StarVault,StarVault Plus,entertainment,rewarded_video,en,drama,exclusive,Learn more,Exclusive tonight,New hits every week,purple,premium,install,ugc,25-34,Android,2026-01-18,assets/creative_500215.png,fatigued,0.6626385809312639,not_top,Review,230.0,0.746119733924612,2.0,0.8333333333333334,41.0,0.7647058823529411,97.0,0.4,23.0,0.4883720930232558,0.6123456790123457,1.7694353432542365,0.6678375782664754,0.0062492030623003,0.1068676392187272,27505.56,3301701,48669.31,15.0,1,-0.845131318169002,-0.0030926739676541,True,False,0.753880266075388,0.31929046563192903,0.8159645232815964,0.7860310421286031,0.7893569844789357,-0.07351174259645821,0.22585060036155485,-0.020679012345679038
500211,20035,1035,StarVault,StarVault Plus,entertainment,interstitial,fr,drama,exclusive,Watch now,A new season drops,Cancel anytime,blue,playful,install,ugc,25-34,Android,2026-01-30,assets/creative_500211.png,stable,0.5768292682926829,not_top,Review,361.0,0.6008869179600886,3.0,0.6666666666666666,60.0,0.6529411764705882,109.0,0.6197183098591549,18.0,0.7424242424242424,0.5518518518518518,1.7690147659480944,0.5414895720241859,0.005755983544115,0.094074204325655,20338.01,2964046,35978.24,,0,-0.7973177726816582,-0.1468230694037146,True,False,0.6363636363636364,0.3181818181818182,0.7372505543237251,0.6008869179600886,0.7039911308203991,-0.0739323199026003,0.09950259411926538,0.08549382716049381
500226,20037,1001,VantaStyle,VantaStyle Market,ecommerce,rewarded_video,en,product-focus,new collection,Watch now,New collection drop,Free shipping over $25,red,urgent,purchase,testimonial,45-54,Both,2026-01-24,assets/creative_500226.png,stable,0.5012749445676274,not_top,Review,466.0,0.4844789356984479,1.0,1.0,27.0,0.8074074074074075,137.0,0.15,6.0,0.5454545454545454,0.5092592592592592,1.860413921101728,0.4304818174012289,0.0057236136932194,0.0752115429996966,46552.35,5182565,86606.64,,0,-0.8510460326013433,-0.0853844437334825,True,False,0.5576496674057649,0.360310421286031,0.5931263858093127,0.34478935698447893,0.7006651884700665,0.38654333678177477,0.12638875664931193,-0.06913580246913598
500224,20037,1001,VantaStyle,VantaStyle Market,ecommerce,native,ja,discount,trending,Order now,Flash sale live,Only this weekend,white,playful,purchase,testimonial,45-54,Both,2026-02-04,assets/creative_500224.png,stable,0.2279933481152993,not_top,Review,793.0,0.12195121951219512,2.0,0.8333333333333334,90.0,0.34074074074074073,238.0,0.06692913385826772,44.0,0.1568627450980392,0.266358024691358,1.83458872671126,0.2801600098189413,0.004375204724769,0.0640335772707705,38017.3,6371359,69746.11,,0,-0.7977372037720825,-0.0202188135686403,True,False,0.14634146341463414,0.34700665188470065,0.19623059866962306,0.25388026607538805,0.3614190687361419,0.3607181423913066,-0.023933050932975652,-0.13981481481481484
500225,20037,1001,VantaStyle,VantaStyle Market,ecommerce,interstitial,en,minimalist,late-night,Try for free,Up to 40% off,Shop bestsellers now,orange,trustworthy,purchase,testimonial,45-54,Both,2026-01-26,assets/creative_500225.png,stable,0.22195121951219512,not_top,Review,799.0,0.11529933481152993,3.0,0.6666666666666666,95.0,0.3037037037037037,264.0,0.07394366197183098,28.0,0.15625,0.2932098765432099,1.5622892230490972,0.2995346603846583,0.005002630246922,0.0598754346413969,38707.98,5231448,60473.06,,0,-0.823411466143785,-0.0700022107889115,True,False,0.17738359201773837,0.2139689578713969,0.2549889135254989,0.20288248337028825,0.524390243902439,0.0884186387291439,-0.00455840036725863,-0.20864197530864198
500230,20038,1002,EarnPath,EarnPath Invest,fintech,interstitial,es,feature-focus,earn more,Shop now,Earn cashback daily,"Fast signup, instant card",orange,calm,signup,testimonial,25-34,Android,2026-01-15,assets/creative_500230.png,stable,0.4505543237250554,not_top,Review,536.0,0.40687361419068735,1.0,1.0,92.0,0.3546099290780142,181.0,0.36619718309859156,27.0,0.1875,0.3709876543209876,4.947479651618547,0.3329220192759186,0.0033819550406124,0.0984406993227279,49177.13,7509266,243302.85,,0,-0.7498967607503351,-0.0790588399636255,True,False,0.31042128603104213,0.7217294900221729,0.369179600886918,0.6696230598669624,0.10310421286031042,0.14170198658138133,-0.04981884778241091,-0.16790123456790135
500229,20038,1002,EarnPath,EarnPath Invest,fintech,rewarded_video,es,drama,save smarter,Claim reward,"Your money, clearer",No hidden fees,white,playful,signup,testimonial,25-34,Android,2026-01-06,assets/creative_500229.png,stable,0.4424611973392462,not_top,Review,555.0,0.3858093126385809,2.0,0.8333333333333334,97.0,0.3191489361702128,146.0,0.09375,8.0,0.125,0.3540123456790123,4.057664376405147,0.3342476187389344,0.0031775047301102,0.1051918556002709,64085.84,7898336,260038.83,,0,-0.7555440806499363,-0.1521287366121383,True,False,0.2893569844789357,0.6862527716186253,0.37472283813747226,0.7649667405764967,0.07427937915742794,-0.7481132886320188,-0.04849324831939511,-0.36790123456790125
500232,20038,1002,EarnPath,EarnPath Invest,fintech,native,es,testimonial,earn more,Order now,"Your money, clearer",No hidden fees,white,premium,signup,testimonial,25-34,Android,2026-01-15,assets/creative_500232.png,stable,0.4099223946784923,not_top,Review,598.0,0.33813747228381374,3.0,0.6666666666666666,106.0,0.2553191489361702,169.0,0.33858267716535434,47.0,0.09803921568627451,0.3382716049382716,5.569657959506507,0.2972394379967008,0.0031343189146581,0.0948338207087381,54062.02,10146702,301106.96,,0,-0.7541686650688685,-0.0936197871662231,True,False,0.2583148558758315,0.7716186252771619,0.24611973392461198,0.6119733924611973,0.06541019955654102,0.7638802944693417,-0.08550142906162872,-0.17932098765432092
500235,20039,1003,CloudRoute,CloudRoute Trips,travel,rewarded_video,it,wanderlust,last-minute deal,Try for free,Dream destinations await,Flexible booking options,orange,premium,booking,family,35-44,Android,2026-01-17,assets/creative_500235.png,fatigued,0.8164634146341465,strong_but_fatigued,Refresh,38.0,0.958980044345898,1.0,1.0,15.0,0.903448275862069,25.0,0.85,14.0,0.717391304347826,0.7805555555555556,7.86742745913762,0.4461164211999277,0.0070795396747597,0.0630148910373985,36681.05,4543657,288585.5,15.0,1,-0.8204929242903559,0.0942444450648725,True,False,0.9733924611973392,0.9401330376940134,0.6175166297117517,0.23835920177383593,0.8946784922394678,1.259735319987664,0.11390550299350616,0.02777777777777779
500237,20039,1003,CloudRoute,CloudRoute Trips,travel,interstitial,fr,food-closeup,last-minute deal,Shop now,Book your next trip,Hotels + flights in one tap,lime,trustworthy,booking,family,35-44,Android,2026-01-29,assets/creative_500237.png,stable,0.723281596452328,not_top,Review,139.0,0.8470066518847007,2.0,0.8333333333333334,41.0,0.7241379310344828,30.0,0.897887323943662,10.0,0.8269230769230769,0.7049382716049383,7.683603695178304,0.3463687013236518,0.0071084094010315,0.0487266112266112,20974.36,3247984,161158.67,,0,-0.7821810826125757,-0.0351526400625215,True,False,0.9041019955654102,0.9257206208425721,0.41019955654101997,0.03325942350332594,0.8968957871396895,1.0759115560283483,0.014157783117230205,0.1274691358024691
500236,20039,1003,CloudRoute,CloudRoute Trips,travel,interstitial,fr,trust,book now,Install now,Escape this weekend,Hotels + flights in one tap,orange,excited,booking,family,35-44,Android,2026-01-19,assets/creative_500236.png,stable,0.557538802660754,not_top,Review,397.0,0.5609756097560976,3.0,0.6666666666666666,88.0,0.4,126.0,0.5598591549295775,26.0,0.5192307692307693,0.5530864197530864,6.360943402823702,0.2974887206278914,0.0056824856016047,0.0523518652724574,32889.45,5099353,209207.93,,0,-0.8378505725939893,-0.1376581444385872,True,False,0.6424611973392461,0.8348115299334812,0.24722838137472283,0.07760532150776053,0.6929046563192904,-0.2467487363262535,-0.03472219757853018,-0.024382716049382802
500242,20040,1004,SnapMeal,SnapMeal Kitchen,food_delivery,rewarded_video,ja,reward,late-night,Start now,Dinner in minutes,Late-night deals available,orange,urgent,order,discount,35-44,Android,2026-01-19,assets/creative_500242.png,fatigued,0.7315410199556541,not_top,Review,132.0,0.8547671840354767,1.0,1.0,12.0,0.9308176100628931,62.0,0.61875,2.0,0.8888888888888888,0.6746913580246914,1.875738388341876,0.8025932013659034,0.0070912457745587,0.1131808467625483,37952.59,4882922,71189.13,11.0,1,-0.8920128027627704,-0.0468831035284439,True,False,0.8603104212860311,0.369179600886918,0.843680709534368,0.8159645232815964,0.8957871396895787,0.4546520130389715,0.38171477051872327,0.09104938271604945
500241,20040,1004,SnapMeal,SnapMeal Kitchen,food_delivery,interstitial,en,family,2-for-1,Get offer,"Fast food, fast",Fresh favorites nearby,orange,calm,order,discount,35-44,Android,2026-01-15,assets/creative_500241.png,stable,0.5686807095343682,not_top,Review,373.0,0.5875831485587583,2.0,0.8333333333333334,40.0,0.7547169811320755,114.0,0.602112676056338,12.0,0.7441860465116279,0.5484567901234568,1.6443111113909288,0.5637694327879375,0.005863113411519,0.0961553006428841,42885.09,6765177,70516.43000000001,,0,-0.8500857583313636,-0.1275654744110816,True,False,0.6308203991130821,0.2549889135254989,0.7638580931263859,0.6363636363636364,0.7239467849223947,0.2232247360880244,0.14289100194075732,0.06820987654320992
500245,20040,1004,SnapMeal,SnapMeal Kitchen,food_delivery,interstitial,en,celebrity,free delivery,Claim reward,"Your cravings, delivered",Fresh favorites nearby,lime,urgent,order,discount,35-44,Android,2026-01-27,assets/creative_500245.png,stable,0.49545454545454537,not_top,Review,476.0,0.47339246119733924,3.0,0.6666666666666666,51.0,0.6855345911949685,163.0,0.4295774647887324,20.0,0.5581395348837209,0.4962962962962963,1.5052569698269818,0.525738810097259,0.0056180385649556,0.0935804914862506,24240.2,3773737,36487.73,,0,-0.8476251567318749,-0.0642393505189034,True,False,0.5249445676274944,0.18957871396895787,0.7228381374722838,0.5920177383592018,0.6862527716186253,0.08417059452407738,0.10486037925007885,0.016049382716049387
500247,20041,1005,MoonScreen,MoonScreen Stream,entertainment,interstitial,en,competitive,watch now,Start now,Stream the hype,Cancel anytime,red,adventurous,signup,trailer,18-24,Android,2026-01-21,assets/creative_500247.png,fatigued,0.6854212860310421,not_top,Review,197.0,0.7827050997782705,1.0,1.0,34.0,0.8058823529411765,45.0,0.8450704225352113,8.0,0.8939393939393939,0.6237654320987653,2.2557090500106654,0.5524057342328924,0.0058159217313885,0.0949816314156293,25784.5,4820732,58162.33,14.0,1,-0.7998842741128749,-0.0732340483672633,True,False,0.7782705099778271,0.5044345898004434,0.7527716186252772,0.6175166297117517,0.7139689578713969,0.18505445806590126,0.11041875632797188,0.15740740740740733
500250,20041,1005,MoonScreen,MoonScreen Stream,entertainment,interstitial,fr,celebrity,watch now,Book now,Stream the hype,New hits every week,lime,excited,signup,trailer,18-24,Android,2026-01-21,assets/creative_500250.png,stable,0.5276053215077606,not_top,Review,433.0,0.5210643015521065,2.0,0.8,73.0,0.5764705882352941,143.0,0.5,24.0,0.6515151515151515,0.4969135802469136,1.967041430747388,0.4700437105540174,0.0050980651183897,0.0922004132231405,24383.34,4557023,47963.04,,0,-0.8168938817377149,0.1435257054150305,True,False,0.5299334811529933,0.4113082039911308,0.647450110864745,0.5598669623059866,0.5465631929046563,-0.10361316119737607,0.02805673264909686,0.030555555555555614
500249,20041,1005,MoonScreen,MoonScreen Stream,entertainment,native,en,ugc,trending,Shop now,A new season drops,New hits every week,black,trustworthy,signup,trailer,18-24,Android,2026-01-23,assets/creative_500249.png,stable,0.49706208425720616,not_top,Review,472.0,0.4778270509977827,3.0,0.6,84.0,0.5117647058823529,128.0,0.5,21.0,0.6078431372549019,0.4469135802469136,2.17426775314214,0.4333617738406477,0.0044159455227376,0.0981356702906039,23574.7,5478102,51257.71,,0,-0.7940602383332408,-0.1525414442478984,True,False,0.4279379157427938,0.48337028824833705,0.5997782705099778,0.664079822616408,0.3736141906873614,0.10361316119737607,-0.008625204064272807,0.041666666666666796
500254,20042,1006,NeonArena,NeonArena Arena,gaming,rewarded_video,es,fantasy,power-up,Start now,Join the arena,Play with friends tonight,blue,excited,install,competitive,45-54,Both,2026-01-18,assets/creative_500254.png,fatigued,0.8362527716186252,strong_but_fatigued,Refresh,29.0,0.9689578713968958,1.0,1.0,10.0,0.9407894736842105,20.0,0.88125,5.0,0.9069767441860465,0.7691358024691358,2.195094784916809,1.492093850013873,0.0078774023731061,0.1894144515339156,20389.32,5391752,44756.49,10.0,1,-0.9003128653642095,-0.0353130269645385,True,False,0.9634146341463414,0.4866962305986696,0.9523281596452328,0.9157427937915743,0.9434589800443459,0.3510097663563443,0.13811318458188704,0.1074074074074074
500252,20042,1006,NeonArena,NeonArena Arena,gaming,playable,pt,competitive,challenge,Install now,Beat your rivals,Free rewards for new players,lime,excited,install,competitive,45-54,Both,2026-01-16,assets/creative_500252.png,fatigued,0.7893015521064303,strong_but_fatigued,Refresh,64.0,0.9301552106430155,2.0,0.8333333333333334,17.0,0.8947368421052632,11.0,0.7368421052631579,10.0,0.7352941176470589,0.7191358024691358,1.898366610268144,1.414339107254455,0.0074793282048618,0.1890997518112762,22145.97,5333233,42041.17,10.0,1,-0.8952256947587206,-0.0188488147884946,True,False,0.9212860310421286,0.38248337028824836,0.9379157427937915,0.9135254988913526,0.9246119733924612,0.05428159170767932,0.06035844182246919,0.011882716049382736
500255,20042,1006,NeonArena,NeonArena Arena,gaming,interstitial,es,fantasy,power-up,Get offer,Join the arena,No ads in first week,lime,excited,install,competitive,45-54,Both,2026-01-16,assets/creative_500255.png,fatigued,0.7334257206208427,not_top,Review,130.0,0.8569844789356984,3.0,0.6666666666666666,36.0,0.7697368421052632,26.0,0.9119718309859155,8.0,0.8813559322033898,0.6660493827160494,1.9030192431994128,1.041422540068231,0.0064679701012347,0.1610122687285494,24072.92,7838317,45811.23,10.0,1,-0.8690454973274042,-0.0851568809845991,True,False,0.843680709534368,0.38470066518847007,0.8725055432372506,0.8392461197339246,0.8270509977827051,0.05893422463894815,-0.3125581253637548,0.10246913580246919
500261,20043,1007,ThreadMark,ThreadMark Store,ecommerce,rewarded_video,en,ugc,free shipping,Learn more,Up to 40% off,Free shipping over $25,orange,adventurous,purchase,product-focus,35-44,Both,2026-01-20,assets/creative_500261.png,stable,0.576330376940133,not_top,Review,362.0,0.5997782705099778,1.0,1.0,13.0,0.9111111111111111,120.0,0.25625,5.0,0.6363636363636364,0.5783950617283952,2.0133340356372607,0.4382236287309256,0.0063877417707447,0.0686038422432707,24300.97,2925447,48925.97,,0,-0.8379121649682929,0.0207927040749607,True,False,0.6917960088691796,0.43237250554323725,0.6053215077605322,0.29711751662971175,0.8148558758314856,-0.045114064058318526,0.13413056797900863,0.0
500262,20043,1007,ThreadMark,ThreadMark Store,ecommerce,interstitial,en,product-focus,limited offer,Claim reward,New collection drop,Free shipping over $25,red,excited,purchase,product-focus,35-44,Both,2026-01-24,assets/creative_500262.png,stable,0.5061529933481154,not_top,Review,457.0,0.49445676274944567,2.0,0.8,25.0,0.8222222222222222,155.0,0.45774647887323944,9.0,0.75,0.5203703703703704,2.1403006073840323,0.3780109096056939,0.0058975725976728,0.0640960163432073,22531.05,3320010,48223.22,,0,-0.8433552553924706,-0.0001525524515799,True,False,0.5742793791574279,0.47117516629711753,0.48226164079822614,0.25609756097560976,0.7317073170731707,0.08185250768845309,0.07391784885377695,0.01851851851851849
500258,20043,1007,ThreadMark,ThreadMark Store,ecommerce,interstitial,fr,celebrity,free shipping,Get offer,Limited stock,Free shipping over $25,purple,playful,purchase,product-focus,35-44,Both,2026-01-20,assets/creative_500258.png,stable,0.39905764966740576,not_top,Review,608.0,0.3270509977827051,3.0,0.6,47.0,0.6592592592592592,213.0,0.2535211267605634,15.0,0.5625,0.466358024691358,1.8822311411936503,0.330442474214584,0.0062540851020765,0.052836261231058,24282.82,3577022,45705.88,,0,-0.8340337821703309,-0.1671139738772589,True,False,0.46452328159645234,0.3736141906873614,0.35698447893569846,0.08869179600886919,0.7915742793791575,-0.17621695850192887,0.02634941346266706,-0.035493827160493874
500265,20044,1008,CoinBridge,CoinBridge Pay,fintech,interstitial,en,testimonial,earn more,Install now,Track every euro,Built for peace of mind,black,calm,signup,feature-focus,18-24,Android,2026-01-19,assets/creative_500265.png,stable,0.8120288248337028,strong_candidate,Keep,42.0,0.9545454545454546,1.0,1.0,10.0,0.9361702127659575,4.0,0.9894366197183099,3.0,0.9375,0.7058641975308642,6.152379971102259,0.5392213445904721,0.0055595864320696,0.0969894705620643,20769.79,2425720,127783.64,,0,-0.7730141227713335,-0.0576776859504133,True,False,0.906319290465632,0.8170731707317073,0.7350332594235033,0.647450110864745,0.6696230598669624,-0.5147165717899549,0.15648047753214261,0.16697530864197518
500266,20044,1008,CoinBridge,CoinBridge Pay,fintech,interstitial,en,testimonial,earn more,Start now,Save with confidence,Built for peace of mind,blue,urgent,signup,feature-focus,18-24,Android,2026-01-17,assets/creative_500266.png,stable,0.6956762749445676,not_top,Review,178.0,0.8037694013303769,2.0,0.5,30.0,0.7943262411347518,39.0,0.8661971830985915,7.0,0.8125,0.6018518518518519,5.358474869434784,0.4629861605219116,0.0049737941816068,0.0930851063829787,21420.33,2494675,114780.3,,0,-0.7530443380831369,-0.2024159054661446,True,False,0.7361419068736141,0.7560975609756098,0.6396895787139689,0.5842572062084257,0.516629711751663,-1.3086216734574299,0.08024529346358211,0.06296296296296289
500273,20045,1009,DriftPass,DriftPass Trips,travel,interstitial,en,urgency,free rewards,Shop now,Last-minute savings,Special fares today,lime,urgent,booking,family,18-24,Android,2026-01-21,assets/creative_500273.png,stable,0.7070953436807096,not_top,Review,167.0,0.8159645232815964,1.0,1.0,49.0,0.6689655172413793,37.0,0.8732394366197183,12.0,0.7884615384615384,0.6959876543209877,9.71647522754889,0.3117068773016933,0.0072095651017279,0.0432351844949683,16574.46,3721445,161045.33,,0,-0.7773205999679459,-0.1940446452563171,True,False,0.8902439024390244,0.9811529933481153,0.3004434589800443,0.0022172949002217295,0.9079822616407982,-1.0937179371561054,-0.020504040904728293,0.11851851851851858
500270,20045,1009,DriftPass,DriftPass Trips,travel,interstitial,es,feature-focus,escape,Get offer,Last-minute savings,Hotels + flights in one tap,orange,excited,booking,family,18-24,Android,2026-01-17,assets/creative_500270.png,fatigued,0.617239467849224,not_top,Review,301.0,0.6674057649667405,2.0,0.6666666666666666,70.0,0.5241379310344828,81.0,0.7183098591549296,18.0,0.6730769230769231,0.5993827160493828,9.10589099538748,0.2864177660688047,0.0058274494994339,0.0491497637339676,23917.52,5338356,217790.33,10.0,1,-0.8265978053046019,-0.1373321472444614,True,False,0.7305986696230599,0.9700665188470067,0.2139689578713969,0.038802660753880266,0.7161862527716186,-1.7043021693175167,-0.045793152137616866,0.02191358024691359
500274,20045,1009,DriftPass,DriftPass Trips,travel,native,es,family,escape,Order now,Dream destinations await,Special fares today,blue,premium,booking,family,18-24,Android,2026-01-21,assets/creative_500274.png,fatigued,0.6139135254988914,not_top,Review,305.0,0.6629711751662971,3.0,0.3333333333333333,73.0,0.503448275862069,73.0,0.7165354330708661,10.0,0.7804878048780488,0.6027777777777777,10.636166320649254,0.2684127903254039,0.0059112267316936,0.0454072906536101,17908.54,5044469,190478.21,12.0,1,-0.8444457851132735,-0.0897655263561593,True,False,0.7400221729490022,0.9933481152993349,0.15964523281596452,0.007760532150776054,0.7372505543237251,-0.1740268440557422,-0.06379812788101769,0.0537037037037037
500281,20046,1010,BiteRush,BiteRush Go,food_delivery,interstitial,ja,combo,free delivery,Watch now,"Your cravings, delivered",Free delivery over $15,orange,playful,order,discount,45-54,iOS,2026-01-19,assets/creative_500281.png,fatigued,0.6528824833702883,not_top,Review,240.0,0.7350332594235033,1.0,1.0,25.0,0.8490566037735849,62.0,0.7852112676056338,7.0,0.8604651162790697,0.5959876543209877,1.9584964160271985,0.579220953298412,0.0057854762264169,0.1001163829268952,34013.93,6386164,66616.16,10.0,1,-0.8318959017667671,-0.0250898492819702,True,False,0.7272727272727273,0.4057649667405765,0.7760532150776053,0.6995565410199557,0.7073170731707317,0.06380704515136193,0.15834252245123182,0.11574074074074076
500277,20046,1010,BiteRush,BiteRush Go,food_delivery,banner,fr,reward,free delivery,Shop now,2-for-1 tonight,Late-night deals available,purple,urgent,order,discount,45-54,iOS,2026-02-01,assets/creative_500277.png,stable,0.5934589800443459,not_top,Review,335.0,0.6297117516629712,2.0,0.8333333333333334,35.0,0.7861635220125787,4.0,0.9819277108433735,2.0,0.9818181818181818,0.5450617283950617,2.324903623906544,0.473524457713332,0.0051601325868481,0.0917659478208415,19343.49,5140178,44971.75,,0,-0.8041498134874115,-0.0437640384726142,True,False,0.6186252771618626,0.5266075388026608,0.6529933481152993,0.5554323725055432,0.5643015521064302,0.4302142530307076,0.052646026866151885,0.3070987654320988
500279,20046,1010,BiteRush,BiteRush Go,food_delivery,interstitial,ja,competitive,fast,Install now,Hungry? We got you,Free delivery over $15,purple,premium,order,discount,45-54,iOS,2026-01-27,assets/creative_500279.png,stable,0.5917960088691796,not_top,Review,337.0,0.6274944567627494,3.0,0.6666666666666666,36.0,0.779874213836478,98.0,0.6584507042253521,10.0,0.7906976744186046,0.5740740740740741,1.871310778171396,0.5225639566600803,0.0059833834058536,0.0873358635431662,20208.53,3831110,37816.44,,0,-0.851657639375546,-0.0993835415375584,True,False,0.6840354767184036,0.36585365853658536,0.7161862527716186,0.4611973392461197,0.7472283813747228,-0.023378592704440537,0.10168552581290013,0.09382716049382717
500282,20047,1011,FluxStream,FluxStream Stream,entertainment,rewarded_video,fr,drama,trending,Get offer,Watch what’s trending,New hits every week,blue,urgent,install,drama,45-54,Both,2026-01-22,assets/creative_500282.png,stable,0.24939024390243902,not_top,Review,775.0,0.1419068736141907,1.0,1.0,142.0,0.17058823529411765,160.0,0.00625,43.0,0.023255813953488372,0.2259259259259259,1.3258580990953035,0.3696522885866222,0.0036746739541257,0.1005945815060938,62831.03,10114911,83305.03,,0,-0.7906739890883545,-0.0575999479616505,True,False,0.11141906873614191,0.12971175166297116,0.4634146341463415,0.7073170731707317,0.17960088691796008,-0.10634718814735455,-0.07233468931829834,-0.4070987654320989
500283,20047,1011,FluxStream,FluxStream Stream,entertainment,native,fr,trailer,new season,Order now,A new season drops,Start free today,blue,urgent,install,drama,45-54,Both,2026-01-22,assets/creative_500283.png,underperformer,0.24129711751662972,not_top,Review,779.0,0.13747228381374724,2.0,0.8333333333333334,144.0,0.1588235294117647,229.0,0.10236220472440945,42.0,0.19607843137254902,0.191358024691358,1.70242598236133,0.3128416056197728,0.003083225146295,0.1014657025600938,67264.71,16596258,114513.19,,0,-0.7592708177659047,-0.0430403796525048,True,False,0.08481152993348115,0.28713968957871394,0.3048780487804878,0.7184035476718403,0.05543237250554324,0.27022069511867186,-0.12914537228514772,-0.2138888888888888
500285,20047,1011,FluxStream,FluxStream Stream,entertainment,interstitial,es,feature-focus,exclusive,Order now,Exclusive tonight,New hits every week,lime,adventurous,install,drama,45-54,Both,2026-02-01,assets/creative_500285.png,underperformer,0.21402439024390243,not_top,Review,806.0,0.10753880266075388,3.0,0.6666666666666666,151.0,0.11764705882352941,265.0,0.07042253521126761,56.0,0.16666666666666666,0.207716049382716,1.4605468973914917,0.3312221694255418,0.0036889528075526,0.0897875865333412,46055.44,9163034,67266.13,,0,-0.7941745112146226,-0.2104697555124033,True,False,0.0942350332594235,0.17738359201773837,0.35920177383592017,0.5099778270509978,0.18292682926829268,0.02834161014883363,-0.11076480847937875,-0.25864197530864197
500291,20048,1012,VoxelRealm,VoxelRealm Legends,gaming,rewarded_video,en,family,challenge,Claim reward,Beat your rivals,Play with friends tonight,purple,urgent,install,competitive,35-44,Android,2026-01-31,assets/creative_500291.png,stable,0.7730044345898005,strong_candidate,Keep,86.0,0.9057649667405765,1.0,1.0,23.0,0.8552631578947368,41.0,0.75,8.0,0.8372093023255814,0.717283950617284,1.6626788624606876,1.8376574646683883,0.0088178578331347,0.2084018022793533,26795.03,4278817,44551.53,,0,-0.7843802571573515,-0.0719255491982765,True,False,0.9135254988913526,0.26496674057649666,0.9811529933481153,0.9645232815964523,0.9733924611973392,0.36366880805147894,0.4836767992364024,0.05555555555555558
500290,20048,1012,VoxelRealm,VoxelRealm Legends,gaming,rewarded_video,fr,fantasy,free rewards,Shop now,Beat your rivals,Free rewards for new players,lime,calm,install,competitive,35-44,Android,2026-02-04,assets/creative_500290.png,fatigued,0.7655764966740577,not_top,Review,98.0,0.8924611973392461,2.0,0.8333333333333334,27.0,0.8289473684210527,48.0,0.70625,10.0,0.7906976744186046,0.7166666666666667,1.6264505595431014,1.816568655820505,0.0092430724786022,0.1965329883570504,26207.99,4181510,42626.0,13.0,1,-0.7932178922952559,-0.0440197790947746,True,False,0.9124168514412417,0.24833702882483372,0.9800443458980045,0.9334811529933481,0.983370288248337,0.32744050513389267,0.46258799038851905,0.05493827160493825
500293,20048,1012,VoxelRealm,VoxelRealm Legends,gaming,rewarded_video,es,feature-focus,power-up,Start now,Join the arena,Free rewards for new players,blue,trustworthy,install,competitive,35-44,Android,2026-01-26,assets/creative_500293.png,fatigued,0.7052106430155212,not_top,Review,168.0,0.8148558758314856,3.0,0.6666666666666666,48.0,0.6907894736842105,77.0,0.525,18.0,0.6046511627906976,0.653395061728395,1.40889361706135,1.5817165004271128,0.0074416558492368,0.2125489988346223,31856.33,5073602,44882.18,11.0,1,-0.8792266112804491,-0.1041097849061295,True,False,0.8248337028824834,0.15964523281596452,0.9600886917960089,0.9722838137472284,0.9223946784922394,0.10988356265214128,0.22773583499512684,-0.008333333333333415
500298,20049,1013,BoltCart,BoltCart Market,ecommerce,native,ja,ugc,discover,Book now,New collection drop,Shop bestsellers now,beige,playful,purchase,discount,45-54,iOS,2026-01-15,assets/creative_500298.png,stable,0.5913525498891352,not_top,Review,338.0,0.6263858093126385,1.0,1.0,9.0,0.9407407407407408,85.0,0.6692913385826772,3.0,0.9607843137254902,0.5737654320987654,2.3625016779590364,0.4229395849675464,0.0058679238069982,0.0720765297707405,28308.2,4132978,66878.17,,0,-0.8120783260237999,-0.0913457250544215,True,False,0.6829268292682927,0.541019955654102,0.573170731707317,0.3203991130820399,0.7250554323725056,0.5798845118303435,0.11884652421562947,0.16759259259259257
500295,20049,1013,BoltCart,BoltCart Market,ecommerce,interstitial,ja,food-closeup,new collection,Book now,New collection drop,Only this weekend,orange,premium,purchase,discount,45-54,iOS,2026-01-20,assets/creative_500295.png,stable,0.4656319290465632,not_top,Review,515.0,0.43015521064301554,2.0,0.8,33.0,0.762962962962963,172.0,0.397887323943662,11.0,0.6875,0.5015432098765432,1.7761958845214507,0.3953524292565307,0.0061986149887426,0.0637807687643991,22777.91,2660917,40458.03,,0,-0.8365990894406281,-0.0152750798670756,True,False,0.5421286031042128,0.32261640798226165,0.5210643015521065,0.24722838137472283,0.7838137472283814,-0.006421281607242202,0.09125936850461375,-0.00030864197530866555
500294,20049,1013,BoltCart,BoltCart Market,ecommerce,native,en,testimonial,new collection,Try for free,New collection drop,Free shipping over $25,blue,calm,purchase,discount,45-54,iOS,2026-01-17,assets/creative_500294.png,stable,0.3814855875831486,not_top,Review,632.0,0.3004434589800443,3.0,0.6,54.0,0.6074074074074074,179.0,0.2992125984251969,24.0,0.5490196078431373,0.4049382716049383,1.94744856674512,0.3422998378679486,0.0051079584983111,0.0670130420952179,25420.81,3692669,49505.72,,0,-0.8272135016232316,-0.1847245989304813,True,False,0.3625277161862528,0.4035476718403548,0.3968957871396896,0.28824833702882485,0.5476718403547672,0.1648314006164271,0.038206777116031654,-0.0012345679012345512
500304,20050,1014,VaultRun,VaultRun Cash,fintech,rewarded_video,pt,competitive,security,Shop now,Save with confidence,Built for peace of mind,white,adventurous,signup,minimalist,35-44,Android,2026-02-01,assets/creative_500304.png,stable,0.8146341463414635,strong_candidate,Keep,39.0,0.9578713968957872,1.0,1.0,9.0,0.9432624113475178,26.0,0.84375,4.0,0.625,0.6811728395061728,6.434442012018808,0.5514735076398521,0.0051439827778164,0.1072074949430426,29956.38,3652034,192752.59,,0,-0.7472264754836724,0.014228374974899,True,False,0.8719512195121951,0.835920177383592,0.7494456762749445,0.7915742793791575,0.5565410199556541,0.33358441395811234,0.16873264058152265,-0.040740740740740744
500300,20050,1014,VaultRun,VaultRun Cash,fintech,native,pt,feature-focus,cashback,Order now,Earn cashback daily,Built for peace of mind,white,trustworthy,signup,minimalist,35-44,Android,2026-01-29,assets/creative_500300.png,stable,0.6172394678492239,not_top,Review,302.0,0.6662971175166297,2.0,0.8333333333333334,49.0,0.6595744680851063,72.0,0.7204724409448819,27.0,0.49019607843137253,0.5021604938271605,6.966146869234955,0.3881782035588955,0.0039068460035346,0.0993584603047313,34138.94,6383666,237816.87,,0,-0.7488149636713405,-0.1134364573855019,True,False,0.5454545454545454,0.8725055432372506,0.5011086474501109,0.6873614190687362,0.2394678492239468,0.8652892711742597,0.005437336500565992,-0.015432098765431945
500301,20050,1014,VaultRun,VaultRun Cash,fintech,interstitial,pt,trust,earn more,Try for free,Secure & simple,"Fast signup, instant card",white,calm,signup,minimalist,35-44,Android,2026-01-26,assets/creative_500301.png,stable,0.6090354767184035,not_top,Review,309.0,0.6585365853658537,3.0,0.6666666666666666,52.0,0.6382978723404256,85.0,0.704225352112676,15.0,0.5625,0.5132716049382716,5.767273184102584,0.4040563917819945,0.0042361829433585,0.0953821865544007,35979.18,5382912,207501.76,,0,-0.7598327974375568,-0.1139604159450926,True,False,0.5626385809312638,0.7860310421286031,0.541019955654102,0.6274944567627494,0.3303769401330377,-0.33358441395811145,0.02131552472366499,-0.025617283950617353
500307,20051,1015,HorizonHop,HorizonHop Flights,travel,native,ja,wanderlust,limited offer,Install now,Escape this weekend,Flexible booking options,orange,excited,booking,discount,18-24,iOS,2026-01-18,assets/creative_500307.png,stable,0.6584811529933481,not_top,Review,235.0,0.7405764966740577,1.0,1.0,57.0,0.6137931034482759,52.0,0.7992125984251969,5.0,0.9024390243902439,0.6333333333333334,7.034815929060022,0.3324293964206202,0.0061690764609135,0.0538864120953673,27994.37,4181339,196935.24,,0,-0.777302689535963,-0.1837355815510344,True,False,0.7893569844789357,0.8780487804878049,0.36585365853658536,0.11197339246119734,0.7771618625277162,0.3915058329560628,0.00021847821419862523,0.08425925925925937
500310,20051,1015,HorizonHop,HorizonHop Flights,travel,native,pt,family,trending,Start now,Book your next trip,Special fares today,blue,urgent,booking,discount,18-24,iOS,2026-01-13,assets/creative_500310.png,stable,0.5910753880266075,not_top,Review,339.0,0.6252771618625277,2.0,0.8333333333333334,79.0,0.46206896551724136,86.0,0.6653543307086615,13.0,0.7073170731707317,0.5478395061728395,6.986778382323749,0.3267159727073188,0.0051082735492072,0.0639581983149708,32443.08,4832944,226672.61,,0,-0.8154448267578397,0.0406957429642638,True,False,0.626940133037694,0.8736141906873615,0.34700665188470065,0.25055432372505543,0.5487804878048781,0.34346828621978975,-0.005494945499102788,-0.0012345679012345512
500308,20051,1015,HorizonHop,HorizonHop Flights,travel,native,ja,wanderlust,discover,Shop now,Fly smarter,Special fares today,orange,playful,booking,discount,18-24,iOS,2026-01-19,assets/creative_500308.png,stable,0.5892461197339245,not_top,Review,342.0,0.6219512195121951,3.0,0.6666666666666666,80.0,0.45517241379310347,89.0,0.6535433070866141,14.0,0.6829268292682927,0.5660493827160494,6.786131486772004,0.3091107936360815,0.0055696401446939,0.0554992397364419,28492.6,4250903,193354.53,,0,-0.83311313911711,-0.1796110096587534,True,False,0.6707317073170732,0.8580931263858093,0.29379157427937913,0.14079822616407983,0.6718403547671841,0.1428213906680451,-0.023100124570340053,0.016975308641975384
500312,20052,1016,FreshDash,FreshDash Eats,food_delivery,interstitial,fr,discount,watch now,Book now,Hungry? We got you,Free delivery over $15,purple,playful,order,urgency,45-54,Both,2026-01-25,assets/creative_500312.png,fatigued,0.6972283813747228,not_top,Review,176.0,0.8059866962305987,1.0,1.0,15.0,0.9119496855345912,38.0,0.8697183098591549,5.0,0.9069767441860465,0.645679012345679,2.1578676957609653,0.5776982740587072,0.0061858848001942,0.0933897563111046,21740.8,4431379,46913.77,12.0,1,-0.8521150487323912,-0.0900460688631252,True,False,0.8137472283813747,0.47560975609756095,0.7749445676274944,0.5875831485587583,0.7815964523281597,0.3753133197824212,0.1568198432115271,0.16543209876543213
500314,20052,1016,FreshDash,FreshDash Eats,food_delivery,rewarded_video,fr,discount,late-night,Try for free,2-for-1 tonight,Fresh favorites nearby,orange,trustworthy,order,urgency,45-54,Both,2026-01-25,assets/creative_500314.png,fatigued,0.6426829268292683,not_top,Review,262.0,0.7106430155210643,2.0,0.8333333333333334,26.0,0.8427672955974843,102.0,0.36875,4.0,0.6666666666666666,0.5836419753086419,1.852723005182142,0.611185868926561,0.0057393366936337,0.1064906802914183,22158.79,3683004,41054.1,11.0,1,-0.8608825924066299,0.0154490973932863,True,False,0.7039911308203991,0.3558758314855876,0.7937915742793792,0.7827050997782705,0.7017738359201774,0.0701686292035979,0.1903074380793809,0.0
500317,20052,1016,FreshDash,FreshDash Eats,food_delivery,interstitial,fr,discount,2-for-1,Start now,2-for-1 tonight,Late-night deals available,orange,urgent,order,urgency,45-54,Both,2026-01-13,assets/creative_500317.png,stable,0.44623059866962306,not_top,Review,546.0,0.39578713968957874,3.0,0.6666666666666666,60.0,0.6289308176100629,186.0,0.3485915492957746,21.0,0.5348837209302325,0.4175925925925925,1.712385746774946,0.4620548806305034,0.0046424163307145,0.099528962444303,41596.2,8460034,71228.74,,0,-0.8262379201245181,-0.0310605563003975,True,False,0.3874722838137472,0.2926829268292683,0.6374722838137472,0.6906873614190687,0.43015521064301554,-0.07016862920359812,0.04117644978332324,-0.06265432098765439
500320,20053,1017,PulsePlay,PulsePlay Play,entertainment,rewarded_video,en,ugc,watch now,Shop now,Watch what’s trending,New hits every week,blue,excited,signup,ugc,35-44,iOS,2026-01-17,assets/creative_500320.png,fatigued,0.6895787139689579,not_top,Review,188.0,0.7926829268292683,1.0,1.0,32.0,0.8176470588235294,88.0,0.45625,21.0,0.5348837209302325,0.6330246913580247,1.8413110865592552,0.7056489783793732,0.0063575920227615,0.1109931206426889,30556.64,3406793,56264.28,14.0,1,-0.7987545586023688,-0.1547995680971088,True,False,0.7882483370288248,0.3492239467849224,0.8281596452328159,0.8082039911308204,0.8104212860310421,0.08841695831677288,0.2636620004744527,0.0
500323,20053,1017,PulsePlay,PulsePlay Play,entertainment,native,en,ugc,watch now,Shop now,Watch what’s trending,Start free today,purple,premium,signup,ugc,35-44,iOS,2026-01-20,assets/creative_500323.png,fatigued,0.6708980044345899,not_top,Review,221.0,0.7560975609756098,2.0,0.8333333333333334,40.0,0.7705882352941177,49.0,0.8110236220472441,9.0,0.8431372549019608,0.5947530864197531,2.1564205842749256,0.5753255887720718,0.005474442488128,0.1050930007977495,25621.5,4350580,55250.73,13.0,1,-0.8111762149327862,-0.2209383539713624,True,False,0.7250554323725056,0.4745011086474501,0.7694013303769401,0.7627494456762749,0.6419068736141907,0.4035264560324432,0.13333861086715132,0.18950617283950633
500318,20053,1017,PulsePlay,PulsePlay Play,entertainment,interstitial,en,testimonial,save smarter,Shop now,Binge starts now,New hits every week,orange,urgent,signup,ugc,35-44,iOS,2026-01-20,assets/creative_500318.png,stable,0.6429046563192905,not_top,Review,261.0,0.7117516629711752,3.0,0.6666666666666666,46.0,0.7352941176470589,69.0,0.7605633802816901,12.0,0.8333333333333334,0.6046296296296297,1.816406839932576,0.593640563110477,0.0061938161609913,0.0958440721649484,22182.09,3006870,40291.7,,0,-0.7403237013451132,-0.098249103783138,True,False,0.7439024390243902,0.34146341463414637,0.7871396895787139,0.6341463414634146,0.7827050997782705,0.06351271169009354,0.15165358520555644,0.13827160493827173
500326,20054,1018,StormByte,StormByte Saga,gaming,rewarded_video,en,competitive,free rewards,Shop now,Beat your rivals,Free rewards for new players,lime,premium,install,gameplay,18-24,iOS,2026-01-08,assets/creative_500326.png,fatigued,0.7154656319290467,not_top,Review,151.0,0.8337028824833703,1.0,1.0,43.0,0.7236842105263158,66.0,0.59375,14.0,0.6976744186046512,0.6688271604938271,1.3018728131440236,1.9558572367349225,0.0083113408146486,0.2353239122727042,40720.56,4750858,53012.99,15.0,1,-0.8842562526146884,-0.0650465289082888,True,False,0.8470066518847007,0.12527716186252771,0.9889135254988913,0.9955654101995566,0.9600886917960089,0.39797491432119037,0.6018765713029366,0.0070987654320986415
500329,20054,1018,StormByte,StormByte Saga,gaming,rewarded_video,en,competitive,free rewards,Order now,Join the arena,No ads in first week,purple,trustworthy,install,gameplay,18-24,iOS,2026-01-07,assets/creative_500329.png,stable,0.5638026607538803,not_top,Review,385.0,0.5742793791574279,2.0,0.8333333333333334,116.0,0.24342105263157895,127.0,0.2125,40.0,0.09302325581395349,0.5444444444444444,0.7856854493649545,1.234713785145332,0.0061723631505458,0.2000390701308849,35173.86,4146710,27635.59,,0,-0.8664292645816805,-0.1221347990921035,True,False,0.6175166297117517,0.0033259423503325942,0.9135254988913526,0.9434589800443459,0.7782705099778271,-0.11821244945787868,-0.11926688028665389,-0.11728395061728403
500325,20054,1018,StormByte,StormByte Saga,gaming,interstitial,en,competitive,power-up,Try for free,Beat your rivals,Play with friends tonight,lime,playful,install,gameplay,18-24,iOS,2026-01-20,assets/creative_500325.png,stable,0.5605321507760532,not_top,Review,390.0,0.5687361419068736,3.0,0.6666666666666666,117.0,0.23684210526315788,122.0,0.573943661971831,39.0,0.3559322033898305,0.5459876543209877,0.9299153656421766,1.145300990715028,0.0062341074652033,0.1837153108296111,30435.63,4381381,28302.56,,0,-0.8765621982269473,-0.1998525889073154,True,False,0.6197339246119734,0.02106430155210643,0.8913525498891353,0.8980044345898004,0.7860310421286031,0.02601746681934336,-0.20867967471695792,-0.017592592592592493
500335,20055,1019,ZenDrop,ZenDrop Shop,ecommerce,native,en,product-focus,new collection,Claim reward,Up to 40% off,Free shipping over $25,black,premium,purchase,testimonial,18-24,iOS,2026-01-17,assets/creative_500335.png,stable,0.42477827050997785,not_top,Review,579.0,0.35920177383592017,1.0,1.0,41.0,0.7037037037037037,164.0,0.35826771653543305,20.0,0.6274509803921569,0.4283950617283951,2.59953901929028,0.3185380868906748,0.0048721114910962,0.0653798845680764,30291.94,6507856,78745.08,,0,-0.8035401376767101,-0.0183553751290421,True,False,0.40022172949002216,0.5986696230598669,0.3170731707317073,0.2727272727272727,0.4866962305986696,0.692818124197693,0.014445026138757866,0.022222222222222254
500330,20055,1019,ZenDrop,ZenDrop Shop,ecommerce,rewarded_video,de,discount,new collection,Watch now,New collection drop,Shop bestsellers now,black,trustworthy,purchase,testimonial,18-24,iOS,2026-01-26,assets/creative_500330.png,stable,0.407039911308204,not_top,Review,600.0,0.33592017738359203,2.0,0.8333333333333334,45.0,0.674074074074074,149.0,0.075,9.0,0.2727272727272727,0.4145061728395061,1.9685499134905544,0.367678004012856,0.0049338741745097,0.0745211553858471,23378.95,3290923,46022.63,,0,-0.8519492882494223,-0.2643386665096754,True,False,0.38248337028824836,0.4124168514412417,0.458980044345898,0.33813747228381374,0.5066518847006651,0.061829018397967284,0.06358494326093905,-0.16388888888888908
500333,20055,1019,ZenDrop,ZenDrop Shop,ecommerce,native,it,product-focus,limited offer,Learn more,Flash sale live,Only this weekend,purple,calm,purchase,testimonial,18-24,iOS,2026-01-25,assets/creative_500333.png,stable,0.20293791574279377,not_top,Review,818.0,0.0942350332594235,3.0,0.6666666666666666,100.0,0.26666666666666666,248.0,0.027559055118110236,49.0,0.058823529411764705,0.2410493827160494,1.969307752277369,0.2362622164853402,0.0041294768994664,0.0572135944181859,25102.43,5379616,49434.41,,0,-0.8055016470879187,-0.1602388225117587,True,False,0.12416851441241686,0.41352549889135254,0.09312638580931264,0.15964523281596452,0.30598669623059865,0.06258685718478185,-0.06783084426657673,-0.16512345679012344
500336,20056,1020,NovaPay,NovaPay Bank,fintech,banner,en,trust,power-up,Watch now,Track every euro,"Fast signup, instant card",blue,excited,signup,testimonial,35-44,Both,2026-01-19,assets/creative_500336.png,stable,0.4460088691796009,not_top,Review,547.0,0.3946784922394678,1.0,1.0,95.0,0.3333333333333333,26.0,0.8493975903614458,16.0,0.6938775510204082,0.3802469135802469,4.745056741225114,0.332086430230436,0.0035522278212637,0.0934868051656372,20458.67,3008253,97077.55,,0,-0.6757356414042603,0.0417904941485109,True,False,0.3215077605321508,0.7117516629711752,0.36363636363636365,0.5909090909090909,0.15299334811529933,-1.4279472486550224,-0.0506544368278935,0.027160493827160515
500343,20057,1021,RouteBloom,RouteBloom Deals,travel,rewarded_video,it,discount,last-minute deal,Get offer,Book your next trip,Flexible booking options,white,urgent,booking,destination,45-54,Both,2026-01-07,assets/creative_500343.png,stable,0.4835920177383592,not_top,Review,489.0,0.458980044345898,1.0,1.0,105.0,0.2827586206896552,140.0,0.13125,44.0,0.06521739130434782,0.4882716049382716,5.87722328430835,0.2829331692666951,0.0051877896172491,0.0545382889710786,42861.14,6358392,251904.49,,0,-0.8729242794100391,-0.1669707639778062,True,False,0.508869179600887,0.7915742793791575,0.2039911308203991,0.12638580931263857,0.5742793791574279,-0.0888232548065595,-0.04927774893972647,-0.26450617283950617
500344,20057,1021,RouteBloom,RouteBloom Deals,travel,rewarded_video,es,destination,escape,Book now,Fly smarter,Hotels + flights in one tap,orange,adventurous,booking,destination,45-54,Both,2026-01-14,assets/creative_500344.png,stable,0.4764966740576497,not_top,Review,499.0,0.44789356984478934,2.0,0.8333333333333334,107.0,0.2689655172413793,141.0,0.125,45.0,0.043478260869565216,0.4740740740740741,6.05486979392147,0.2850242295908139,0.004956620291025,0.0575037450633256,39614.51,5925812,239860.7,,0,-0.8609939088877665,-0.0413151326260535,True,False,0.4778270509977827,0.8059866962305987,0.2106430155210643,0.1607538802660754,0.5133037694013304,0.08882325480656039,-0.04718668861560765,-0.2787037037037037
500345,20057,1021,RouteBloom,RouteBloom Deals,travel,interstitial,es,discount,book now,Start now,Dream destinations await,Flexible booking options,orange,urgent,booking,destination,45-54,Both,2026-01-05,assets/creative_500345.png,stable,0.4193458980044346,not_top,Review,583.0,0.35476718403547675,3.0,0.6666666666666666,123.0,0.15862068965517243,199.0,0.3028169014084507,42.0,0.21153846153846154,0.4317901234567902,6.240355919153888,0.2446628024600504,0.0047477183233025,0.051532712305026,42718.69,7778052,266579.83,,0,-0.8575283291995015,0.0448022517480968,True,False,0.4057649667405765,0.8226164079822617,0.10864745011086474,0.06873614190687362,0.4556541019955654,0.27430938003897865,-0.08754811574637117,-0.14567901234567898
500348,20058,1022,CraveLoop,CraveLoop Bites,food_delivery,native,fr,urgency,late-night,Install now,"Your cravings, delivered",Fresh favorites nearby,orange,urgent,order,combo,35-44,Both,2026-02-01,assets/creative_500348.png,fatigued,0.6870288248337028,not_top,Review,193.0,0.7871396895787139,1.0,1.0,17.0,0.89937106918239,36.0,0.8622047244094488,9.0,0.8431372549019608,0.6194444444444445,2.168084048306802,0.5767056684040154,0.0057744472899601,0.0998720118905082,20691.91,4194514,44861.8,12.0,1,-0.8372393548998538,-0.1528704939919893,True,False,0.7688470066518847,0.48004434589800443,0.7727272727272727,0.6962305986696231,0.7062084257206208,0.34292865186802257,0.15582723755683525,0.14336419753086427
500351,20058,1022,CraveLoop,CraveLoop Bites,food_delivery,native,en,reward,discover,Try for free,Dinner in minutes,Fresh favorites nearby,blue,excited,order,combo,35-44,Both,2026-01-17,assets/creative_500351.png,stable,0.5750000000000001,not_top,Review,363.0,0.5986696230598669,2.0,0.8333333333333334,38.0,0.7672955974842768,96.0,0.6259842519685039,19.0,0.6470588235294118,0.524074074074074,1.943731613988204,0.52173803295194,0.005159974896319,0.1011125138077954,24165.79,4912427,46971.81,,0,-0.8330399596052288,-0.0700052886375656,True,False,0.5798226164079823,0.4024390243902439,0.7139689578713969,0.7150776053215078,0.5631929046563193,0.11857621754942449,0.10085960210475986,0.04799382716049383
500349,20058,1022,CraveLoop,CraveLoop Bites,food_delivery,native,ja,product-focus,limited offer,Install now,2-for-1 tonight,Free delivery over $15,yellow,premium,order,combo,35-44,Both,2026-01-16,assets/creative_500349.png,stable,0.5245011086474501,not_top,Review,438.0,0.5155210643015521,3.0,0.6666666666666666,45.0,0.7232704402515723,117.0,0.5433070866141733,22.0,0.5882352941176471,0.4929012345679012,1.8428334424583148,0.4946714016106539,0.0051277903827499,0.0964687252573238,30469.65,6157623,56150.49,,0,-0.8387490456232217,0.1429836839902076,True,False,0.5199556541019955,0.35033259423503327,0.6862527716186253,0.6396895787139689,0.5543237250554324,0.017678046019535376,0.0737929707634738,0.016820987654320996
500354,20059,1023,NeonCast,NeonCast Now,entertainment,rewarded_video,es,ugc,save smarter,Book now,Binge starts now,Cancel anytime,red,playful,signup,drama,25-34,iOS,2026-01-18,assets/creative_500354.png,stable,0.5623059866962306,not_top,Review,387.0,0.5720620842572062,1.0,1.0,63.0,0.6352941176470588,128.0,0.20625,28.0,0.37209302325581395,0.5271604938271605,1.787188331965676,0.5366947320408708,0.0054084569220679,0.0992325056433408,26931.7,4095438,48132.02,,0,-0.8371542817712123,0.0726664966237531,True,False,0.5875831485587583,0.32483370288248337,0.7305986696230599,0.6851441241685144,0.6286031042128604,-0.00051714220132415,0.09470775413595028,-0.10586419753086429
500355,20059,1023,NeonCast,NeonCast Now,entertainment,rewarded_video,es,trailer,save smarter,Shop now,A new season drops,Start free today,orange,premium,signup,drama,25-34,iOS,2026-01-05,assets/creative_500355.png,stable,0.5165742793791575,not_top,Review,443.0,0.5099778270509978,2.0,0.8333333333333334,75.0,0.5647058823529412,133.0,0.175,31.0,0.3023255813953488,0.4746913580246913,1.7978005909226171,0.5133483007438937,0.004893725184809,0.1048992906952383,44862.05,6827723,80653.02,,0,-0.8132316539788892,-0.1447667332373932,True,False,0.4789356984478936,0.3325942350332594,0.7062084257206208,0.7594235033259423,0.4933481152993348,0.010095116755616917,0.07136132283897317,-0.15833333333333344
500356,20059,1023,NeonCast,NeonCast Now,entertainment,rewarded_video,es,drama,watch now,Try for free,Binge starts now,New hits every week,purple,premium,signup,drama,25-34,iOS,2026-01-11,assets/creative_500356.png,stable,0.5027716186252772,not_top,Review,463.0,0.4878048780487805,3.0,0.6666666666666666,83.0,0.5176470588235295,136.0,0.15625,33.0,0.2558139534883721,0.4632716049382716,1.7882226163683246,0.5033907992513615,0.0048257155014652,0.1043142305215711,33546.5,5149081,59988.61,,0,-0.8075049368980477,0.0013028608653167,True,False,0.4573170731707317,0.3270509977827051,0.6962305986696231,0.7505543237250555,0.47560975609756095,0.000517142201324372,0.06140382134644101,-0.16975308641975317
500361,20060,1024,GlitchWave,GlitchWave Saga,gaming,interstitial,pt,competitive,power-up,Shop now,Win epic rewards,Play with friends tonight,orange,playful,install,competitive,25-34,Both,2026-01-23,assets/creative_500361.png,fatigued,0.6783813747228381,not_top,Review,210.0,0.7682926829268293,1.0,1.0,59.0,0.618421052631579,51.0,0.823943661971831,14.0,0.7796610169491526,0.6453703703703703,1.3740055243669786,1.3086568766820514,0.0076545283005928,0.1709650582362728,21769.01,4082812,29910.74,13.0,1,-0.8777776222736439,0.1085860452090574,True,False,0.8093126385809313,0.14634146341463414,0.9257206208425721,0.8614190687361419,0.9356984478935698,0.11642717526465085,-0.04532378874993448,0.08179012345679004
500365,20060,1024,GlitchWave,GlitchWave Saga,gaming,interstitial,pt,competitive,last-minute deal,Try for free,Win epic rewards,Play with friends tonight,orange,urgent,install,competitive,25-34,Both,2026-01-19,assets/creative_500365.png,fatigued,0.6735033259423503,not_top,Review,216.0,0.761640798226164,2.0,0.8333333333333334,63.0,0.5921052631578947,52.0,0.8204225352112676,15.0,0.7627118644067796,0.6401234567901235,1.360609093235507,1.2826849137412897,0.007530298505761,0.1703365295226964,26689.51,4999669,36313.99,13.0,1,-0.8472895489725671,-0.0030308535354753,True,False,0.8015521064301552,0.14412416851441243,0.9235033259423503,0.8580931263858093,0.926829268292683,0.10303074413317925,-0.07129575169069624,0.07654320987654328
500363,20060,1024,GlitchWave,GlitchWave Saga,gaming,interstitial,ja,discount,power-up,Try for free,Beat your rivals,No ads in first week,lime,adventurous,install,competitive,25-34,Both,2026-02-01,assets/creative_500363.png,fatigued,0.6623059866962306,not_top,Review,231.0,0.7450110864745011,3.0,0.6666666666666666,70.0,0.5460526315789473,57.0,0.8028169014084507,18.0,0.711864406779661,0.633641975308642,1.3288418863316949,1.2338475934753468,0.007554802739666,0.1633196307028775,21039.99,3928362,27958.82,12.0,1,-0.8419207250488968,-0.1805198217786902,True,False,0.7904656319290465,0.13082039911308205,0.9124168514412417,0.844789356984479,0.9290465631929047,0.07126353722936707,-0.12013307195663914,0.07006172839506175
500369,20061,1025,LuxShelf,LuxShelf Shop,ecommerce,banner,en,discount,new collection,Get offer,Flash sale live,Free shipping over $25,orange,excited,purchase,product-focus,25-34,iOS,2026-01-14,assets/creative_500369.png,underperformer,0.09368070953436808,not_top,Review,887.0,0.017738359201773836,1.0,1.0,126.0,0.07407407407407407,151.0,0.0963855421686747,30.0,0.2564102564102564,0.1432098765432098,1.3999569535297,0.2137712374648369,0.0040725779420856,0.0524903980979089,22626.71,4027670,31676.42,,0,-0.6985913572543913,-0.0379857690202518,True,False,0.04988913525498891,0.15521064301552107,0.06208425720620843,0.08093126385809313,0.28824833702882485,-0.9539696299707621,-0.09032182328708005,-0.0430555555555556
500372,20062,1026,ClearLedger,ClearLedger Cash,fintech,native,es,urgency,save smarter,Try for free,Earn cashback daily,No hidden fees,green,calm,signup,minimalist,35-44,iOS,2026-01-25,assets/creative_500372.png,stable,0.6194567627494456,not_top,Review,294.0,0.6751662971175166,1.0,1.0,47.0,0.6737588652482269,69.0,0.7322834645669292,25.0,0.5294117647058824,0.4888888888888889,7.93796167438304,0.3732073285025685,0.0035332653871164,0.1056267468227601,24273.06,5366990,192678.62,,0,-0.7169312356727078,-0.2121058820312286,True,False,0.5127494456762749,0.9434589800443459,0.4722838137472284,0.7671840354767184,0.14634146341463414,0.3328622306923581,-0.009533538555761,-0.02870370370370362
500375,20062,1026,ClearLedger,ClearLedger Cash,fintech,native,es,gameplay,cashback,Claim reward,"Your money, clearer","Fast signup, instant card",blue,excited,signup,minimalist,35-44,iOS,2026-01-22,assets/creative_500375.png,stable,0.5980598669623061,not_top,Review,323.0,0.6430155210643016,2.0,0.8,55.0,0.6170212765957447,81.0,0.6850393700787402,30.0,0.43137254901960786,0.4787037037037036,7.432276007105794,0.367978814760838,0.003593212817242,0.1024094128227226,34141.15,7427058,253746.45,,0,-0.6778063959181027,-0.0706894947539625,True,False,0.49223946784922396,0.9124168514412417,0.46008869179600886,0.729490022172949,0.16186252771618626,-0.17282343658488752,-0.014762052297491501,-0.03888888888888892
500374,20062,1026,ClearLedger,ClearLedger Cash,fintech,banner,it,minimalist,2-for-1,Start now,Secure & simple,No hidden fees,lime,trustworthy,signup,minimalist,35-44,iOS,2026-02-03,assets/creative_500374.png,stable,0.5657982261640799,not_top,Review,380.0,0.5798226164079823,3.0,0.6,66.0,0.5390070921985816,6.0,0.9698795180722891,2.0,0.9795918367346939,0.4814814814814815,7.777922880275569,0.3360944873821163,0.003897804999482,0.0862266038005429,14794.14,3591252,115067.68,,0,-0.6678407076901904,0.0954137147639972,True,False,0.49889135254988914,0.9334811529933481,0.3835920177383592,0.4434589800443459,0.2361419068736142,0.17282343658488752,-0.04664637967621321,0.1283950617283951
500383,20063,1027,WayPoint,WayPoint Travel,travel,rewarded_video,en,family,escape,Get offer,Book your next trip,Flexible booking options,blue,trustworthy,booking,family,35-44,Android,2026-01-29,assets/creative_500383.png,fatigued,0.7569290465631929,not_top,Review,106.0,0.8835920177383592,1.0,1.0,35.0,0.7655172413793103,51.0,0.6875,25.0,0.4782608695652174,0.6975308641975309,7.005295251409241,0.417209297354031,0.0061297010609184,0.0680635634931795,50129.82,5800446,351174.19,14.0,1,-0.8600136828046797,-0.2344170514308288,True,False,0.893569844789357,0.876940133037694,0.5620842572062085,0.2926829268292683,0.7716186252771619,1.85677375775491,0.08499837914760944,-0.055246913580246915
500380,20063,1027,WayPoint,WayPoint Travel,travel,rewarded_video,en,wanderlust,escape,Order now,Escape this weekend,Flexible booking options,lime,playful,booking,family,35-44,Android,2026-01-29,assets/creative_500380.png,stable,0.47583148558758315,not_top,Review,502.0,0.4445676274944568,2.0,0.8333333333333334,109.0,0.25517241379310346,142.0,0.11875,46.0,0.021739130434782608,0.4722222222222222,5.088572252867344,0.3049339541706778,0.0049960051605467,0.0610355562837948,42252.51,4886304,215004.95,,0,-0.8377558134206474,-0.1816483590538445,True,False,0.47560975609756095,0.7328159645232816,0.2727272727272727,0.21729490022172948,0.5221729490022173,-0.05994924078698727,-0.027276964035743756,-0.28055555555555556
500381,20063,1027,WayPoint,WayPoint Travel,travel,interstitial,es,discount,book now,Learn more,Book your next trip,Hotels + flights in one tap,white,trustworthy,booking,family,35-44,Android,2026-01-23,assets/creative_500381.png,stable,0.34828159645232815,not_top,Review,670.0,0.25776053215077604,3.0,0.6666666666666666,134.0,0.08275862068965517,236.0,0.17077464788732394,49.0,0.07692307692307693,0.3802469135802469,4.658450581765702,0.2302114108122626,0.0046436064838841,0.0495759947814742,55493.99,7923152,258516.01,,0,-0.8333273144803737,0.1001976152197212,True,False,0.3215077605321508,0.7073170731707317,0.08536585365853659,0.04212860310421286,0.4312638580931264,-0.4900709118886297,-0.10199950739415897,-0.19722222222222224
500388,20064,1028,QuickFork,QuickFork Express,food_delivery,native,en,combo,power-up,Shop now,Hungry? We got you,Free delivery over $15,orange,adventurous,order,combo,45-54,Both,2026-01-13,assets/creative_500388.png,stable,0.7250554323725056,not_top,Review,137.0,0.8492239467849224,1.0,1.0,13.0,0.9245283018867925,29.0,0.889763779527559,7.0,0.8823529411764706,0.6953703703703704,2.2653530765786227,0.5864312199954834,0.006951837709973,0.0843562874251497,18446.14,3843588,41787.02,,0,-0.7223523536086744,-0.0444711562243393,True,False,0.8874722838137472,0.5099778270509978,0.7838137472283814,0.417960088691796,0.8802660753880266,0.32921474427133846,0.1655527891483033,0.21929012345679022
500385,20064,1028,QuickFork,QuickFork Express,food_delivery,interstitial,en,testimonial,fast,Book now,2-for-1 tonight,Fresh favorites nearby,orange,playful,order,combo,45-54,Both,2026-01-03,assets/creative_500385.png,fatigued,0.712749445676275,not_top,Review,159.0,0.8248337028824834,2.0,0.75,14.0,0.9182389937106918,35.0,0.8802816901408451,4.0,0.9302325581395349,0.6601851851851852,1.973012126892984,0.6597283030196892,0.0066117935503239,0.0997805357953685,24249.41,3997100,47844.38,11.0,1,-0.8457525453126811,-0.004115524982478,True,False,0.8370288248337029,0.41685144124168516,0.8104212860310421,0.6951219512195121,0.8425720620842572,0.03687379458569984,0.23884987217250908,0.1799382716049383
500387,20064,1028,QuickFork,QuickFork Express,food_delivery,native,it,combo,late-night,Order now,2-for-1 tonight,Late-night deals available,yellow,premium,order,combo,45-54,Both,2026-01-01,assets/creative_500387.png,stable,0.6236141906873613,not_top,Review,288.0,0.6818181818181818,3.0,0.5,29.0,0.8238993710691824,68.0,0.7362204724409449,17.0,0.6862745098039216,0.5567901234567901,2.105776331461374,0.5330849820558247,0.0052286320691446,0.1019549616431576,33230.78,6955739,69976.59,,0,-0.8144885563398848,-0.1658915649139472,True,False,0.6524390243902439,0.46008869179600886,0.729490022172949,0.7250554323725056,0.5842572062084257,0.16963799915408972,0.11220655120864453,0.08070987654320994
500391,20065,1029,BingeLayer,BingeLayer Now,entertainment,rewarded_video,en,celebrity,new season,Get offer,Binge starts now,Start free today,purple,excited,install,trailer,45-54,Android,2026-01-29,assets/creative_500391.png,fatigued,0.83059866962306,strong_but_fatigued,Refresh,32.0,0.9656319290465631,1.0,1.0,1.0,1.0,22.0,0.86875,1.0,1.0,0.7682098765432098,3.662572042880188,0.6817693804853749,0.006898585033312,0.0988274228980628,21082.93,5080897,77217.75,14.0,1,-0.7985430891548804,-0.0132373189695522,True,False,0.9623059866962306,0.6784922394678492,0.8226164079822617,0.6784922394678492,0.8736141906873615,0.6959582186056967,0.2397824025804544,0.13518518518518507
500392,20065,1029,BingeLayer,BingeLayer Now,entertainment,rewarded_video,es,urgency,watch now,Shop now,A new season drops,Start free today,black,calm,install,trailer,45-54,Android,2026-01-26,assets/creative_500392.png,fatigued,0.7348115299334813,not_top,Review,127.0,0.8603104212860311,2.0,0.8333333333333334,17.0,0.9058823529411765,60.0,0.63125,12.0,0.7441860465116279,0.6734567901234567,2.920374736897293,0.5293233038020457,0.0059685381371868,0.0886855862584018,22125.39,5384233,64614.43,12.0,1,-0.8416735386017407,-0.2159239664744777,True,False,0.8580931263858093,0.6419068736141907,0.7272727272727273,0.4844789356984479,0.7439024390243902,-0.04623908737719784,0.0873363258971252,0.04043209876543197
500390,20065,1029,BingeLayer,BingeLayer Now,entertainment,rewarded_video,es,destination,last-minute deal,Get offer,Stream the hype,Cancel anytime,red,excited,install,trailer,45-54,Android,2026-01-30,assets/creative_500390.png,fatigued,0.7290465631929047,not_top,Review,134.0,0.852549889135255,3.0,0.6666666666666666,18.0,0.9,63.0,0.6125,13.0,0.7209302325581395,0.6469135802469136,2.8718825597156736,0.5366988362818108,0.0055781132437237,0.0962151202085546,15418.9,3713442,44281.27,13.0,1,-0.8370959856687541,-0.1762135352227694,True,False,0.8159645232815964,0.6352549889135255,0.7317073170731707,0.6374722838137472,0.6751662971175166,-0.09473126455881742,0.09471185837689028,0.01388888888888884
500401,20066,1030,IronQuest,IronQuest Battle,gaming,playable,en,ugc,power-up,Watch now,Beat your rivals,No ads in first week,purple,excited,install,competitive,35-44,Both,2026-01-06,assets/creative_500401.png,fatigued,0.7507206208425721,not_top,Review,116.0,0.8725055432372506,1.0,1.0,31.0,0.8026315789473685,15.0,0.631578947368421,13.0,0.6470588235294118,0.7024691358024691,1.457210074805561,2.17952565580396,0.0098517106425737,0.2212332187656061,29358.78,3455339,42781.91,14.0,1,-0.8401173047764847,-0.1676149461863747,True,False,0.8991130820399114,0.17516629711751663,0.9955654101995566,0.9855875831485588,0.9922394678492239,-0.03621149465683682,0.825544990371974,-0.004783950617283983
500400,20066,1030,IronQuest,IronQuest Battle,gaming,interstitial,en,reward,free rewards,Order now,Join the arena,Free rewards for new players,orange,adventurous,install,competitive,35-44,Both,2026-01-17,assets/creative_500400.png,fatigued,0.7483370288248338,not_top,Review,117.0,0.8713968957871396,2.0,0.75,32.0,0.7960526315789473,24.0,0.9190140845070423,6.0,0.9152542372881356,0.7015432098765432,1.5589697612669446,1.7641539871643337,0.0091465027340829,0.192877435064935,20322.28,3232711,31681.82,15.0,1,-0.805943952526878,0.0651675485008818,True,False,0.897450110864745,0.21175166297117518,0.9733924611973392,0.926829268292683,0.9811529933481153,0.06554819180454685,0.4101733217323478,0.13796296296296295
500396,20066,1030,IronQuest,IronQuest Battle,gaming,interstitial,es,food-closeup,power-up,Shop now,Join the arena,No ads in first week,orange,adventurous,install,competitive,35-44,Both,2026-01-08,assets/creative_500396.png,fatigued,0.6665742793791574,not_top,Review,226.0,0.7505543237250555,3.0,0.5,66.0,0.5723684210526315,56.0,0.8063380281690141,17.0,0.7288135593220338,0.641358024691358,1.2236355409927906,1.3659952363676515,0.0080679422264986,0.1693114796832741,23847.73,3803820,29180.93,13.0,1,-0.8549397122086924,-0.0718074300959016,True,False,0.8032150776053215,0.10199556541019955,0.9334811529933481,0.8536585365853658,0.9545454545454546,-0.2697860284696072,0.012014570935665603,0.07777777777777783
500406,20067,1031,CrispBox,CrispBox Club,ecommerce,interstitial,en,product-focus,new collection,Watch now,Limited stock,Free shipping over $25,red,premium,purchase,ugc,18-24,iOS,2026-01-21,assets/creative_500406.png,stable,0.5430155210643015,not_top,Review,417.0,0.5388026607538803,1.0,1.0,21.0,0.8518518518518519,137.0,0.5211267605633803,7.0,0.8125,0.5614197530864198,2.624910844130048,0.3373167629958189,0.0063699901111193,0.0529540481400437,19810.81,3945846,52001.61,,0,-0.8284938153010459,-0.1364131585333741,True,False,0.6618625277161863,0.6031042128603105,0.38802660753880264,0.09312638580931264,0.811529933481153,-0.42891846556440916,0.033223702243901976,0.0595679012345679
500404,20067,1031,CrispBox,CrispBox Club,ecommerce,native,en,product-focus,limited offer,Order now,Flash sale live,Only this weekend,beige,adventurous,purchase,ugc,18-24,iOS,2026-01-17,assets/creative_500404.png,stable,0.5298226164079822,not_top,Review,427.0,0.5277161862527716,2.0,0.8,22.0,0.8444444444444444,112.0,0.562992125984252,9.0,0.8431372549019608,0.5256172839506172,3.2074515959007543,0.3342111606878891,0.0055280381695707,0.060457462563765,22254.83,5496525,71381.29,,0,-0.8514612848723889,-0.1178893628073649,True,False,0.5853658536585366,0.6662971175166297,0.3736141906873614,0.2139689578713969,0.6596452328159645,0.15362228620629725,0.030118099935972142,0.11944444444444441
500402,20067,1031,CrispBox,CrispBox Club,ecommerce,native,es,product-focus,free shipping,Install now,Up to 40% off,Only this weekend,red,adventurous,purchase,ugc,18-24,iOS,2026-01-17,assets/creative_500402.png,stable,0.47594235033259424,not_top,Review,501.0,0.44567627494456763,3.0,0.6,31.0,0.7777777777777778,142.0,0.4448818897637795,14.0,0.7450980392156863,0.4885802469135802,2.991397644922845,0.313361744798195,0.0053903917591558,0.0581333897051051,21238.37,5265480,63532.41,,0,-0.8258961844952009,-0.0093100645669894,True,False,0.5105321507760532,0.647450110864745,0.30598669623059865,0.17516629711751663,0.623059866962306,-0.062431664771612105,0.009268684046278064,0.08240740740740737
500411,20068,1032,SwiftStack,SwiftStack Invest,fintech,native,es,minimalist,cashback,Shop now,Track every euro,No hidden fees,white,trustworthy,signup,feature-focus,18-24,Both,2026-01-24,assets/creative_500411.png,stable,0.764079822616408,not_top,Review,100.0,0.8902439024390244,1.0,1.0,20.0,0.8652482269503546,18.0,0.9330708661417323,9.0,0.8431372549019608,0.6194444444444445,7.831340591919308,0.463708186665404,0.0044661069668422,0.1038282759701258,24631.06,4287179,192894.22,,0,-0.7185239704643497,-0.0680709619082793,True,False,0.7688470066518847,0.9368070953436807,0.6419068736141907,0.746119733924612,0.3869179600886918,1.867503689089978,0.08096731960707448,0.10185185185185197
500413,20068,1032,SwiftStack,SwiftStack Invest,fintech,banner,en,minimalist,earn more,Shop now,"Your money, clearer",Built for peace of mind,white,excited,signup,feature-focus,18-24,Both,2026-01-30,assets/creative_500413.png,stable,0.4203436807095344,not_top,Review,582.0,0.3558758314855876,2.0,0.6666666666666666,103.0,0.2765957446808511,34.0,0.8012048192771084,21.0,0.5918367346938775,0.3641975308641975,5.711673409811875,0.3006142376733723,0.0035034072822355,0.0858062490186842,18772.15,3635889,107220.39,,0,-0.717187271723142,0.1175971635537009,True,False,0.3054323725055432,0.7804878048780488,0.2616407982261641,0.4401330376940133,0.13414634146341464,-0.2521634930174548,-0.08212662938495718,0.011111111111111072
500410,20068,1032,SwiftStack,SwiftStack Invest,fintech,banner,ja,minimalist,save smarter,Try for free,Track every euro,"Fast signup, instant card",black,calm,signup,feature-focus,18-24,Both,2026-01-23,assets/creative_500410.png,stable,0.3641352549889135,not_top,Review,656.0,0.2738359201773836,3.0,0.3333333333333333,119.0,0.16312056737588654,52.0,0.6927710843373494,30.0,0.40816326530612246,0.312037037037037,5.326048644870456,0.2778652913109401,0.0030601557136884,0.0908010301789605,25466.2,4948441,135634.22,,0,-0.6342941668985165,-0.1417156441920359,True,False,0.20676274944567627,0.7527716186252772,0.18736141906873613,0.532150776053215,0.050997782705099776,-0.6377882579588743,-0.10487557574738937,-0.04104938271604941
500416,20069,1033,NomadLayer,NomadLayer Trips,travel,rewarded_video,es,family,book now,Try for free,Escape this weekend,Special fares today,blue,urgent,booking,wanderlust,45-54,iOS,2026-01-15,assets/creative_500416.png,fatigued,0.8101441241685144,strong_but_fatigued,Refresh,45.0,0.9512195121951219,1.0,1.0,19.0,0.8758620689655172,28.0,0.83125,16.0,0.6739130434782609,0.7722222222222223,10.673170166863716,0.411012742061511,0.0067870423012092,0.0605584470850109,24612.9,4501077,262697.67,15.0,1,-0.8698381179031993,0.0540505388331475,True,False,0.9656319290465631,0.9944567627494457,0.5521064301552107,0.21507760532150777,0.8669623059866962,0.8815470878692899,0.07880182385508944,0.019444444444444486
500414,20069,1033,NomadLayer,NomadLayer Trips,travel,rewarded_video,en,gameplay,discover,Shop now,Fly smarter,Hotels + flights in one tap,purple,adventurous,booking,wanderlust,45-54,iOS,2026-01-10,assets/creative_500414.png,fatigued,0.7091463414634146,not_top,Review,163.0,0.8203991130820399,2.0,0.8,48.0,0.6758620689655173,75.0,0.5375,34.0,0.2826086956521739,0.6864197530864198,8.910075991125135,0.3290797330829222,0.0067014809398031,0.0491055239937144,26893.93,4938013,239626.96,11.0,1,-0.8413477731174366,-0.4496004486190943,True,False,0.8780487804878049,0.9623059866962306,0.35365853658536583,0.037694013303769404,0.8569844789356984,-0.8815470878692917,-0.003131185123499358,-0.06635802469135799
500415,20069,1033,NomadLayer,NomadLayer Trips,travel,native,en,urgency,last-minute deal,Shop now,Book your next trip,Hotels + flights in one tap,blue,calm,booking,wanderlust,45-54,iOS,2026-01-19,assets/creative_500415.png,fatigued,0.6504988913525499,not_top,Review,247.0,0.7272727272727273,3.0,0.6,59.0,0.6,58.0,0.7755905511811023,7.0,0.8536585365853658,0.6246913580246913,11.61530082626934,0.2949610522303524,0.0058616805470504,0.0503202195791399,18122.42,5034563,210497.36,14.0,1,-0.8508587531234397,-0.057682826622843,True,False,0.779379157427938,0.9966740576496674,0.24057649667405764,0.05321507760532151,0.7228381374722838,1.823677747274914,-0.03724986597606916,0.07561728395061729
500423,20070,1034,PlateSprint,PlateSprint Go,food_delivery,interstitial,ja,urgency,fast,Try for free,2-for-1 tonight,Free delivery over $15,orange,adventurous,order,combo,45-54,Both,2026-01-22,assets/creative_500423.png,stable,0.3759977827050998,not_top,Review,643.0,0.28824833702882485,1.0,1.0,81.0,0.4968553459119497,226.0,0.20774647887323944,30.0,0.32558139534883723,0.3728395061728395,1.3176595194305023,0.4652484727470598,0.0047220619539254,0.0985265499026966,49907.87,7617435,65761.58,,0,-0.8333468629302152,-0.0902133320604273,True,False,0.3137472283813747,0.1286031042128603,0.6430155210643016,0.6729490022172949,0.4490022172949002,0.09847525283952474,0.0443700418998797,-0.1074074074074074
500422,20070,1034,PlateSprint,PlateSprint Go,food_delivery,native,en,combo,late-night,Shop now,"Your cravings, delivered",Fresh favorites nearby,yellow,trustworthy,order,combo,45-54,Both,2026-01-21,assets/creative_500422.png,stable,0.34273835920177387,not_top,Review,676.0,0.2516629711751663,2.0,0.8333333333333334,88.0,0.4528301886792453,193.0,0.2440944881889764,39.0,0.2549019607843137,0.3188271604938271,1.498015244227706,0.42669142387836,0.0040835093714385,0.1044913541432741,57082.59,10904836,85510.59,,0,-0.8177405750589501,-0.1073904176143341,True,False,0.22172949002217296,0.188470066518847,0.5842572062084257,0.7549889135254989,0.2915742793791574,0.27883097763672837,0.0058129930311798805,-0.1572530864197531
500421,20070,1034,PlateSprint,PlateSprint Go,food_delivery,interstitial,ja,urgency,fast,Install now,"Your cravings, delivered",Late-night deals available,purple,adventurous,order,combo,45-54,Both,2026-01-13,assets/creative_500421.png,stable,0.3247782705099779,not_top,Review,707.0,0.21729490022172948,3.0,0.6666666666666666,96.0,0.4025157232704403,244.0,0.1443661971830986,31.0,0.3023255813953488,0.3095679012345679,1.230983329865687,0.4426927947562123,0.0041332594863089,0.1071050090667169,67240.61,10273490,82772.07,,0,-0.8261657192430502,0.0632355808627587,True,False,0.20343680709534367,0.10753880266075388,0.6108647450110865,0.7893569844789357,0.3082039911308204,0.011799063274709365,0.021814363909032186,-0.170679012345679
500426,20071,1035,StarVault,StarVault Play,entertainment,rewarded_video,pt,trailer,new season,Claim reward,Watch what’s trending,Cancel anytime,red,excited,install,celebrity,25-34,Android,2026-01-27,assets/creative_500426.png,fatigued,0.8268847006651885,strong_but_fatigued,Refresh,34.0,0.9634146341463414,1.0,1.0,2.0,0.9941176470588236,23.0,0.8625,2.0,0.9767441860465116,0.7586419753086421,3.248322829353934,0.6720454683047674,0.0067566167427085,0.0994647904263635,22840.55,4922286,74193.48,14.0,1,-0.8084116358212523,-0.174046836697439,True,False,0.958980044345898,0.6696230598669624,0.8192904656319291,0.688470066518847,0.8636363636363636,0.7220981181359791,0.23005849039984688,0.12561728395061733
500430,20071,1035,StarVault,StarVault Play,entertainment,interstitial,fr,celebrity,save smarter,Claim reward,Stream the hype,Start free today,red,calm,install,celebrity,25-34,Android,2026-01-24,assets/creative_500430.png,stable,0.5984478935698447,not_top,Review,321.0,0.6452328159645233,2.0,0.8333333333333334,55.0,0.6823529411764706,91.0,0.6830985915492958,16.0,0.7727272727272727,0.554320987654321,2.580194926236929,0.4358509422403331,0.0051984753076871,0.0838420722314143,25348.05,6743131,65402.91,,0,-0.8321650399538384,-0.0693112796937932,True,False,0.6463414634146342,0.5953436807095344,0.6031042128603105,0.41352549889135254,0.582039911308204,0.053970215018974255,-0.006136035664587425,0.08796296296296302
500429,20071,1035,StarVault,StarVault Play,entertainment,native,pt,product-focus,new season,Install now,Binge starts now,Cancel anytime,blue,adventurous,install,celebrity,25-34,Android,2026-01-19,assets/creative_500429.png,stable,0.5109756097560976,not_top,Review,449.0,0.5033259423503326,3.0,0.6666666666666666,77.0,0.5529411764705883,121.0,0.5275590551181102,20.0,0.6274509803921569,0.4567901234567901,2.849579173817719,0.3943364293378807,0.004291737547111,0.0918826990255561,31079.34,10138551,88563.04,,0,-0.7790043456592507,-0.0514111101501917,True,False,0.44401330376940135,0.6308203991130821,0.5155210643015521,0.5576496674057649,0.33592017738359203,0.3233544625997644,-0.04765054856703982,0.05154320987654332
500435,20072,1000,PixelForge,PixelForge Rush,gaming,rewarded_video,pt,gameplay,power-up,Order now,Unlock rare gear,Free rewards for new players,purple,adventurous,install,reward,45-54,Android,2026-01-20,assets/creative_500435.png,fatigued,0.713248337028825,not_top,Review,156.0,0.8281596452328159,1.0,1.0,44.0,0.7171052631578947,70.0,0.56875,15.0,0.6744186046511628,0.6524691358024691,1.5379064684036612,1.500658312404724,0.0070192472063251,0.2137919164682596,27357.6,4966487,42073.43,11.0,1,-0.8920090727719678,-0.0661616564878549,True,False,0.8237250554323725,0.20509977827050999,0.9545454545454546,0.9733924611973392,0.88470066518847,0.2852968457023408,0.146677646972738,-0.0092592592592593
500436,20072,1000,PixelForge,PixelForge Rush,gaming,playable,fr,fantasy,free rewards,Shop now,Join the arena,No ads in first week,orange,adventurous,install,reward,45-54,Android,2026-01-12,assets/creative_500436.png,fatigued,0.6888026607538803,not_top,Review,190.0,0.7904656319290465,2.0,0.8333333333333334,57.0,0.631578947368421,24.0,0.39473684210526316,22.0,0.38235294117647056,0.6438271604938272,1.3606762064759186,1.4593972820364869,0.0073719233694654,0.1979669631512071,29208.83,4804038,39743.76,13.0,1,-0.8889496071609841,-0.0968761037196852,True,False,0.8082039911308204,0.14523281596452328,0.9467849223946785,0.9401330376940134,0.9168514412416852,0.10806658377459821,0.10541661660450097,-0.06342592592592589
500434,20072,1000,PixelForge,PixelForge Rush,gaming,interstitial,pt,fantasy,free rewards,Claim reward,Beat your rivals,Play with friends tonight,blue,trustworthy,install,reward,45-54,Android,2026-01-13,assets/creative_500434.png,stable,0.5849778270509978,not_top,Review,347.0,0.6164079822616408,3.0,0.6666666666666666,102.0,0.3355263157894737,101.0,0.647887323943662,31.0,0.4915254237288136,0.5577160493827161,1.2326257845172386,1.0002481270957069,0.006129877461637,0.1631758764111705,29607.38,6589365,36494.82,,0,-0.8675980520122349,-0.1452941354533872,True,False,0.6546563192904656,0.10864745011086474,0.8647450110864745,0.843680709534368,0.7727272727272727,-0.01998383818408178,-0.35373253833627905,-0.00586419753086409
500439,20073,1001,VantaStyle,VantaStyle Club,ecommerce,rewarded_video,en,celebrity,free rewards,Install now,Your next favorite pick,Shop bestsellers now,blue,calm,purchase,discount,45-54,Android,2026-01-17,assets/creative_500439.png,fatigued,0.6906319290465632,not_top,Review,185.0,0.7960088691796009,1.0,1.0,4.0,0.9777777777777777,86.0,0.46875,2.0,0.9090909090909091,0.6722222222222222,2.4501101528629,0.4827876923108596,0.0069417458488236,0.0695484540668792,29309.27,3885766,71810.94,11.0,1,-0.7962064089468216,-0.0054489765585187,True,False,0.8536585365853658,0.565410199556541,0.6685144124168514,0.30155210643015523,0.8791574279379157,0.6519063528841749,0.17869463155894266,0.093827160493827
500440,20073,1001,VantaStyle,VantaStyle Club,ecommerce,rewarded_video,en,testimonial,free shipping,Claim reward,Up to 40% off,Only this weekend,pink,calm,purchase,discount,45-54,Android,2026-01-05,assets/creative_500440.png,stable,0.38952328159645233,not_top,Review,617.0,0.3170731707317073,2.0,0.8333333333333334,52.0,0.6222222222222222,150.0,0.06875,10.0,0.18181818181818182,0.4231481481481481,1.837101932843012,0.3533620769882745,0.0053947443207547,0.0655011722481113,47521.19,6404196,87301.27,,0,-0.8322123916807387,-0.1086514105089957,True,False,0.39578713968957874,0.34811529933481156,0.4279379157427938,0.2738359201773836,0.6241685144124168,0.03889813286428678,0.04926901623635754,-0.15524691358024706
500438,20073,1001,VantaStyle,VantaStyle Club,ecommerce,rewarded_video,en,testimonial,new collection,Watch now,Your next favorite pick,Free shipping over $25,orange,excited,purchase,discount,45-54,Android,2026-01-05,assets/creative_500438.png,stable,0.3299889135254989,not_top,Review,699.0,0.2261640798226164,3.0,0.6666666666666666,64.0,0.5333333333333333,156.0,0.03125,11.0,0.09090909090909091,0.3626543209876542,1.7593056671144385,0.337079410250879,0.0049890003128071,0.06756451976673,46288.46,6221086,81435.55,,0,-0.8205491682725978,0.0515000615961303,True,False,0.3004434589800443,0.3093126385809313,0.3869179600886918,0.29046563192904656,0.5210643015521065,-0.03889813286428678,0.032986349498962064,-0.21574074074074095
500449,20074,1002,EarnPath,EarnPath Bank,fintech,interstitial,es,trust,new collection,Shop now,Track every euro,Built for peace of mind,orange,trustworthy,signup,trust,45-54,iOS,2026-01-18,assets/creative_500449.png,stable,0.6835920177383593,not_top,Review,201.0,0.7782705099778271,1.0,1.0,32.0,0.7801418439716312,46.0,0.8415492957746479,9.0,0.75,0.5638888888888889,7.752688581294339,0.4035913069783596,0.0043061881147095,0.0937235662324479,28638.71,5490703,222027.0,,0,-0.7878784070310099,-0.222036918066097,True,False,0.6674057649667405,0.9290465631929047,0.5399113082039911,0.5942350332594235,0.3392461197339246,0.3723759331886347,0.020850439920030106,0.02499999999999991
500447,20074,1002,EarnPath,EarnPath Bank,fintech,native,es,minimalist,new collection,Claim reward,Track every euro,No hidden fees,orange,playful,signup,trust,45-54,iOS,2026-01-15,assets/creative_500447.png,stable,0.6498891352549889,not_top,Review,249.0,0.7250554323725056,2.0,0.8333333333333334,39.0,0.7304964539007093,59.0,0.7716535433070866,22.0,0.5882352941176471,0.5175925925925925,8.734314774755585,0.385445575084798,0.0037126166660069,0.1038204613511468,34365.78,8185332,300161.54,,0,-0.7411771291910705,0.0399022771741695,True,False,0.5676274944567627,0.9578713968957872,0.49667405764966743,0.7450110864745011,0.19068736141906872,1.3540021266498812,0.002704708026468494,0.0
500445,20074,1002,EarnPath,EarnPath Bank,fintech,interstitial,es,testimonial,save smarter,Shop now,"Your money, clearer",Built for peace of mind,blue,excited,signup,trust,45-54,iOS,2026-01-13,assets/creative_500445.png,stable,0.6258314855875833,not_top,Review,284.0,0.6862527716186253,3.0,0.6666666666666666,46.0,0.6808510638297872,77.0,0.7323943661971831,14.0,0.59375,0.4966049382716049,7.246987692220824,0.3936255832930875,0.0036663299863656,0.1073622900166921,40379.34,7679887,292628.58,,0,-0.7665106080937764,-0.0875370029540499,True,False,0.5271618625277162,0.8968957871396895,0.5133037694013304,0.7926829268292683,0.1762749445676275,-0.13332495588488058,0.010884716234758007,-0.04228395061728407
500450,20075,1003,CloudRoute,CloudRoute Getaway,travel,rewarded_video,en,wanderlust,escape,Shop now,Last-minute savings,Flexible booking options,purple,adventurous,booking,destination,18-24,Android,2026-01-26,assets/creative_500450.png,top_performer,0.8563303769401331,top_winner,Scale,22.0,0.9767184035476718,1.0,1.0,11.0,0.9310344827586207,15.0,0.9125,10.0,0.8043478260869565,0.8172839506172839,7.132664237786908,0.5089774041383154,0.0080709884589053,0.0630625860425712,23838.15,2339986,170029.52,,0,-0.7526661206820286,-0.1055355145634125,True,False,0.983370288248337,0.8835920177383592,0.7006651884700665,0.24168514412416853,0.9556541019955654,0.8681060451428904,0.1767664859318938,0.0645061728395061
500452,20075,1003,CloudRoute,CloudRoute Getaway,travel,interstitial,ja,testimonial,discover,Claim reward,Last-minute savings,Special fares today,orange,urgent,booking,destination,18-24,Android,2026-01-22,assets/creative_500452.png,stable,0.7209534368070953,not_top,Review,144.0,0.8414634146341463,2.0,0.8333333333333334,43.0,0.7103448275862069,32.0,0.8908450704225352,11.0,0.8076923076923077,0.7182098765432099,6.507610378550189,0.3756551846682548,0.0078714322895354,0.0477238666167103,22450.92,2712594,146101.84,,0,-0.7255439443804172,0.1014956241980886,True,False,0.9157427937915743,0.8403547671840355,0.47560975609756095,0.02328159645232816,0.9423503325942351,0.24305218590617184,0.04344426646183325,0.14074074074074072
500453,20075,1003,CloudRoute,CloudRoute Getaway,travel,interstitial,en,destination,last-minute deal,Try for free,Last-minute savings,Flexible booking options,lime,excited,booking,destination,18-24,Android,2026-01-16,assets/creative_500453.png,fatigued,0.6409645232815964,not_top,Review,265.0,0.7073170731707317,3.0,0.6666666666666666,64.0,0.5655172413793104,71.0,0.7535211267605634,17.0,0.6923076923076923,0.6314814814814814,5.969654477557767,0.3386106451816551,0.0064662248719033,0.052366048488812,27413.27,3310587,163647.75,14.0,1,-0.8453362169015963,0.1843879132231405,True,False,0.7843680709534369,0.7982261640798226,0.3924611973392461,0.0787139689578714,0.8259423503325942,-0.29490371508625035,0.006399726975233555,0.05401234567901225
500459,20076,1004,SnapMeal,SnapMeal Go,food_delivery,native,fr,product-focus,free delivery,Try for free,Hungry? We got you,Fresh favorites nearby,purple,calm,order,combo,45-54,Android,2026-01-24,assets/creative_500459.png,fatigued,0.7433481152993349,not_top,Review,120.0,0.8680709534368071,1.0,1.0,10.0,0.9433962264150944,24.0,0.9094488188976378,6.0,0.9019607843137255,0.6506172839506172,2.8518712490345384,0.5608913483367276,0.0055275491106694,0.1014719791912981,22320.92,6120615,63656.39,12.0,1,-0.8343604240717588,-0.0816729246032833,True,False,0.8203991130820399,0.6319290465631929,0.761640798226164,0.7195121951219512,0.6585365853658537,0.8453376824081942,0.14001291748954747,0.17453703703703705
500458,20076,1004,SnapMeal,SnapMeal Go,food_delivery,native,it,destination,free delivery,Order now,"Fast food, fast",Late-night deals available,orange,playful,order,combo,45-54,Android,2026-01-22,assets/creative_500458.png,fatigued,0.6880820399113082,not_top,Review,192.0,0.7882483370288248,2.0,0.8333333333333334,16.0,0.9056603773584906,35.0,0.8661417322834646,8.0,0.8627450980392157,0.6151234567901235,2.613177977542366,0.513998063690084,0.0054253102706815,0.0947407683700111,25185.2,6918314,65813.41,11.0,1,-0.8474229532866371,-0.1511549970709463,True,False,0.7577605321507761,0.6019955654101996,0.7084257206208425,0.6097560975609756,0.6363636363636364,0.6066444109160218,0.09311963284290392,0.13904320987654328
500461,20076,1004,SnapMeal,SnapMeal Go,food_delivery,native,it,food-closeup,late-night,Learn more,Dinner in minutes,Fresh favorites nearby,orange,calm,order,combo,45-54,Android,2026-01-13,assets/creative_500461.png,stable,0.5745011086474502,not_top,Review,366.0,0.5953436807095344,3.0,0.6666666666666666,39.0,0.7610062893081762,97.0,0.6220472440944882,20.0,0.6274509803921569,0.4969135802469135,2.395910559369954,0.4714388240396133,0.0045018832374643,0.1047203579418344,36200.55,9929178,86733.28,,0,-0.8052829253305834,-0.1448106044442022,True,False,0.5288248337028825,0.549889135254989,0.6496674057649667,0.7572062084257206,0.3968957871396896,0.38937699274360993,0.05056039319243316,0.020833333333333315
500463,20077,1005,MoonScreen,MoonScreen Stream,entertainment,interstitial,ja,ugc,exclusive,Order now,Watch what’s trending,New hits every week,purple,premium,signup,drama,18-24,Both,2026-01-20,assets/creative_500463.png,stable,0.6575942350332595,not_top,Review,236.0,0.7394678492239468,1.0,1.0,43.0,0.7529411764705882,59.0,0.795774647887324,11.0,0.8484848484848485,0.6188271604938271,1.8764542872627887,0.5956928351068254,0.0062750167581641,0.0949308755760368,26108.15,3631066,48990.75,,0,-0.7615711606786765,-0.1087411386277754,True,False,0.7649667405764967,0.37028824833702884,0.7893569844789357,0.614190687361419,0.79490022172949,0.2527200264008347,0.15370585720190483,0.15246913580246912
500464,20077,1005,MoonScreen,MoonScreen Stream,entertainment,native,en,drama,trending,Try for free,Stream the hype,New hits every week,lime,urgent,signup,drama,18-24,Both,2026-01-12,assets/creative_500464.png,stable,0.6461197339246121,not_top,Review,259.0,0.7139689578713969,2.0,0.8333333333333334,45.0,0.7411764705882353,62.0,0.7598425196850394,11.0,0.803921568627451,0.5691358024691359,2.127307575328052,0.5571062260212417,0.0052338897241836,0.1064421024094344,32911.71,5638063,70013.33,,0,-0.7979038485172515,0.0213039280962361,True,False,0.6762749445676275,0.4656319290465632,0.7594235033259423,0.7804878048780488,0.5853658536585366,0.5035733144660979,0.11511924811632118,0.16388888888888908
500462,20077,1005,MoonScreen,MoonScreen Stream,entertainment,interstitial,ja,drama,new season,Start now,Binge starts now,Cancel anytime,black,premium,signup,drama,18-24,Both,2026-01-11,assets/creative_500462.png,stable,0.5150221729490022,not_top,Review,444.0,0.508869179600887,3.0,0.6666666666666666,76.0,0.5588235294117647,149.0,0.4788732394366197,25.0,0.6363636363636364,0.5015432098765432,1.604645315423453,0.5243540920071994,0.0055152425623931,0.0950736229776404,36231.77,4987088,58139.14,,0,-0.8181291417440826,-0.1375928944288473,True,False,0.5421286031042128,0.2361419068736142,0.720620842572062,0.6219512195121951,0.656319290465632,-0.019088945438501037,0.08236711410227887,0.03518518518518521
500468,20078,1006,NeonArena,NeonArena Rush,gaming,rewarded_video,fr,fantasy,free rewards,Learn more,Join the arena,No ads in first week,blue,premium,install,competitive,35-44,Android,2026-01-24,assets/creative_500468.png,fatigued,0.7874168514412416,strong_but_fatigued,Refresh,68.0,0.9257206208425721,1.0,1.0,18.0,0.8881578947368421,35.0,0.7875,6.0,0.8837209302325582,0.7274691358024691,1.7137401694416037,1.8118112854147324,0.0089306060472829,0.2028766329879657,21559.05,3479943,36946.61,12.0,1,-0.7973098492359787,-0.0529227331563739,True,False,0.9356984478935698,0.29490022172949004,0.9778270509977827,0.950110864745011,0.9767184035476718,0.21681789236257476,0.45783061998274643,0.06574074074074066
500473,20078,1006,NeonArena,NeonArena Rush,gaming,interstitial,fr,competitive,exclusive,Claim reward,Level up today,Free rewards for new players,orange,urgent,install,competitive,35-44,Android,2026-01-26,assets/creative_500473.png,stable,0.7220066518847007,not_top,Review,142.0,0.843680709534368,2.0,0.8,39.0,0.75,31.0,0.8943661971830986,10.0,0.847457627118644,0.6731481481481482,1.5530328798949915,1.460548913930489,0.007857158149393,0.1858876818004883,18550.85,3596593,28810.08,,0,-0.7692636755516191,-0.1696483476116843,True,False,0.856430155210643,0.20842572062084258,0.9478935698447893,0.9068736141906873,0.9412416851441242,0.056110602815962585,0.1065682484985031,0.10956790123456794
500471,20078,1006,NeonArena,NeonArena Rush,gaming,playable,en,fantasy,power-up,Try for free,Unlock rare gear,Free rewards for new players,blue,adventurous,install,competitive,35-44,Android,2026-01-18,assets/creative_500471.png,fatigued,0.7182926829268294,not_top,Review,147.0,0.8381374722838137,3.0,0.6,41.0,0.7368421052631579,19.0,0.5263157894736842,17.0,0.5294117647058824,0.6654320987654321,1.4408116742630663,1.7415250681344188,0.0077328590442986,0.2252110193859567,28934.76,4182541,41689.54,10.0,1,-0.8849925930813374,-0.1814717091761947,True,False,0.8425720620842572,0.1674057649667406,0.967849223946785,0.9900221729490022,0.9368070953436807,-0.056110602815962585,0.38754440270243284,-0.04182098765432096
500479,20079,1007,ThreadMark,ThreadMark Store,ecommerce,native,pt,minimalist,new collection,Get offer,Your next favorite pick,Free shipping over $25,black,adventurous,purchase,product-focus,45-54,Android,2026-01-05,assets/creative_500479.png,stable,0.5802106430155212,not_top,Review,355.0,0.6075388026607539,1.0,1.0,12.0,0.9185185185185185,92.0,0.6417322834645669,5.0,0.9215686274509803,0.5657407407407408,3.365332786527991,0.3565410751823404,0.0057868060671625,0.0616127568548648,21750.58,5331784,73197.94,,0,-0.7889862545341502,0.0591342677892576,True,False,0.6696230598669624,0.6729490022172949,0.4312638580931264,0.22394678492239467,0.7095343680709535,0.5864858900960441,0.05244801443042346,0.15956790123456793
500477,20079,1007,ThreadMark,ThreadMark Store,ecommerce,banner,fr,testimonial,limited offer,Learn more,Up to 40% off,Only this weekend,lime,calm,purchase,product-focus,45-54,Android,2026-01-18,assets/creative_500477.png,stable,0.39052106430155215,not_top,Review,615.0,0.31929046563192903,2.0,0.5,51.0,0.6296296296296297,39.0,0.7710843373493976,1.0,1.0,0.4148148148148148,2.906737580523143,0.2778205818935216,0.0049853047534314,0.0557279034350499,13086.3,3556252,38038.44,,0,-0.7972856832183872,-0.319068255687974,True,False,0.3835920177383592,0.6385809312638581,0.18403547671840353,0.14634146341463414,0.5199556541019955,0.12789068409119597,-0.026272478858395343,0.2285493827160494
500480,20080,1008,CoinBridge,CoinBridge Wallet,fintech,rewarded_video,en,testimonial,cashback,Start now,Save with confidence,Built for peace of mind,purple,urgent,signup,testimonial,25-34,iOS,2026-01-16,assets/creative_500480.png,fatigued,0.8075388026607538,strong_but_fatigued,Refresh,51.0,0.9445676274944568,1.0,1.0,13.0,0.9148936170212766,30.0,0.81875,5.0,0.5,0.6805555555555557,5.219567700434048,0.6638994588355333,0.0051819440949131,0.1281178350587091,34556.13,2777529,180368.06,17.0,1,-0.7923630855358279,0.0327913525297485,True,False,0.8697339246119734,0.7405764966740577,0.8137472283813747,0.8314855875831486,0.5720620842572062,-0.15083270224509882,0.28115859177720376,-0.04135802469135785
500482,20080,1008,CoinBridge,CoinBridge Wallet,fintech,native,ja,trust,trending,Claim reward,Earn cashback daily,No hidden fees,green,premium,signup,testimonial,25-34,iOS,2026-01-20,assets/creative_500482.png,stable,0.7204545454545455,not_top,Review,146.0,0.8392461197339246,2.0,0.8333333333333334,28.0,0.8085106382978723,30.0,0.8858267716535433,16.0,0.7058823529411765,0.587037037037037,5.829378157282623,0.4979243171372265,0.0044554561915078,0.1117560796773799,29806.09,3673249,173750.97,,0,-0.734865301004821,-0.1021749742365895,True,False,0.7111973392461197,0.7904656319290465,0.6895787139689579,0.8126385809312638,0.3835920177383592,0.4589777546034757,0.11518345007889702,0.06944444444444453
500481,20080,1008,CoinBridge,CoinBridge Wallet,fintech,interstitial,en,minimalist,earn more,Watch now,Track every euro,No hidden fees,orange,urgent,signup,testimonial,25-34,iOS,2026-01-15,assets/creative_500481.png,stable,0.6880820399113083,not_top,Review,191.0,0.7893569844789357,3.0,0.6666666666666666,31.0,0.7872340425531915,43.0,0.852112676056338,8.0,0.78125,0.5623456790123457,4.977515724588813,0.5139947431674664,0.0043268467096843,0.1187919927962873,33393.56,3336610,166216.97,,0,-0.7987849452831929,-0.1181531692635755,True,False,0.6629711751662971,0.7261640798226164,0.7073170731707317,0.8259423503325942,0.3458980044345898,-0.39288467809033367,0.1312538761091369,0.023456790123456694
500489,20081,1009,DriftPass,DriftPass Travel,travel,rewarded_video,de,wanderlust,new collection,Start now,Escape this weekend,Hotels + flights in one tap,teal,playful,booking,discount,18-24,Both,2026-01-22,assets/creative_500489.png,fatigued,0.8522172949002218,strong_but_fatigued,Refresh,24.0,0.9745011086474501,1.0,1.0,12.0,0.9241379310344827,17.0,0.9,11.0,0.782608695652174,0.837037037037037,7.659898212927305,0.5435540413644009,0.0075678023511642,0.071824555682374,32850.93,3241628,251634.78,13.0,1,-0.818496307241361,-0.2061116934642122,True,False,0.9878048780487805,0.9235033259423503,0.7405764966740577,0.31596452328159647,0.9301552106430155,1.481518633036651,0.21134312315797932,0.08425925925925926
500487,20081,1009,DriftPass,DriftPass Travel,travel,rewarded_video,ja,discount,trending,Watch now,Last-minute savings,Special fares today,orange,trustworthy,booking,discount,18-24,Both,2026-01-17,assets/creative_500487.png,fatigued,0.8123614190687363,strong_but_fatigued,Refresh,40.0,0.9567627494456763,2.0,0.8333333333333334,16.0,0.896551724137931,27.0,0.8375,15.0,0.6956521739130435,0.7787037037037038,6.794165960240916,0.487538807495895,0.0071467087882118,0.0682186474842891,36002.84,3540231,244609.27,13.0,1,-0.846006779408798,-0.0470566742688095,True,False,0.9711751662971175,0.8592017738359202,0.6729490022172949,0.29379157427937913,0.9024390243902439,0.6157863803502615,0.15532788928947344,0.02592592592592602
500491,20081,1009,DriftPass,DriftPass Travel,travel,rewarded_video,en,destination,late-night,Watch now,Book your next trip,Hotels + flights in one tap,blue,urgent,booking,discount,18-24,Both,2026-01-19,assets/creative_500491.png,fatigued,0.7676829268292682,not_top,Review,94.0,0.8968957871396895,3.0,0.6666666666666666,31.0,0.7931034482758621,46.0,0.71875,23.0,0.5217391304347826,0.7231481481481481,6.113803075686949,0.4391231095435189,0.0067353206453549,0.0651970607882431,33852.6,3333917,206968.13,12.0,1,-0.8277446085781275,-0.0738546603475513,True,False,0.9301552106430155,0.8159645232815964,0.6075388026607539,0.27161862527716185,0.8592017738359202,-0.0645765042037052,0.10691219133709734,-0.029629629629629672
500497,20082,1010,BiteRush,BiteRush Eats,food_delivery,rewarded_video,es,food-closeup,2-for-1,Order now,Dinner in minutes,Fresh favorites nearby,lime,calm,order,discount,18-24,Android,2026-01-20,assets/creative_500497.png,stable,0.48558758314855877,not_top,Review,484.0,0.46452328159645234,1.0,1.0,54.0,0.6666666666666666,139.0,0.1375,7.0,0.3333333333333333,0.4660493827160494,2.2912207127678257,0.3996250345408947,0.0048139732347416,0.0830135555505097,29095.87,9148576,66665.06,,0,-0.8583429902765639,-0.1059763740821531,True,False,0.4634146341463415,0.5221729490022173,0.5277161862527716,0.40465631929046564,0.47339246119733924,0.15331787927665141,-0.02125339630628542,-0.11759259259259253
500496,20082,1010,BiteRush,BiteRush Eats,food_delivery,interstitial,de,discount,limited offer,Claim reward,2-for-1 tonight,Late-night deals available,black,adventurous,order,discount,18-24,Android,2026-01-19,assets/creative_500496.png,stable,0.30260532150776054,not_top,Review,736.0,0.18514412416851442,2.0,0.8333333333333334,101.0,0.3710691823899371,250.0,0.12323943661971831,33.0,0.2558139534883721,0.2876543209876543,2.2380797197384767,0.3080412946333148,0.0036052149933624,0.0854432523997741,32404.02,12280821,72522.78,,0,-0.8226870749232934,-0.1582500898122038,True,False,0.1712860310421286,0.5,0.2860310421286031,0.43680709534368073,0.164079822616408,0.10017688624730248,-0.11283713621386532,-0.1925925925925926
500493,20082,1010,BiteRush,BiteRush Eats,food_delivery,banner,de,reward,2-for-1,Get offer,Hungry? We got you,Free delivery over $15,black,trustworthy,order,discount,18-24,Android,2026-01-22,assets/creative_500493.png,underperformer,0.2056541019955654,not_top,Review,815.0,0.0975609756097561,3.0,0.6666666666666666,126.0,0.2138364779874214,105.0,0.37349397590361444,27.0,0.5272727272727272,0.1910493827160494,2.2021730694606134,0.2229669241650244,0.003071198742421,0.0725993147513658,32934.06,17581083,72526.5,,0,-0.7876423154480285,-0.0976872600297035,True,False,0.08314855875831485,0.49002217294900224,0.07427937915742794,0.3237250554323725,0.05321507760532151,0.06427023596943915,-0.19791150668215574,-0.0469135802469135
500502,20083,1011,FluxStream,FluxStream Stream,entertainment,native,it,gameplay,trending,Get offer,Stream the hype,Cancel anytime,purple,urgent,signup,celebrity,45-54,Both,2026-01-23,assets/creative_500502.png,stable,0.6910753880266076,not_top,Review,184.0,0.7971175166297118,1.0,1.0,30.0,0.8294117647058824,34.0,0.8700787401574803,5.0,0.9215686274509803,0.6191358024691357,2.8440330537232423,0.501168579070079,0.0054339119614719,0.0922297936778345,15535.92,3888911,44184.67,,0,-0.7230092100409753,0.0015962167166723,True,False,0.7671840354767184,0.6297117516629712,0.6940133037694013,0.5609756097560976,0.6374722838137472,0.5849116216002082,0.059181601165158415,0.2138888888888889
500498,20083,1011,FluxStream,FluxStream Stream,entertainment,native,ja,trailer,exclusive,Get offer,Watch what’s trending,New hits every week,red,urgent,signup,celebrity,45-54,Both,2026-01-16,assets/creative_500498.png,stable,0.6463968957871398,not_top,Review,257.0,0.7161862527716186,2.0,0.75,44.0,0.7470588235294118,61.0,0.7637795275590551,10.0,0.8235294117647058,0.5669753086419753,2.6932457078450254,0.4831460049892492,0.0050061393322851,0.0965106987481132,18028.24,4499675,48554.48,,0,-0.8070946175572971,-0.2731638027478537,True,False,0.6729490022172949,0.6108647450110865,0.6696230598669624,0.6430155210643016,0.5254988913525499,0.4341242757219912,0.04115902708432867,0.16172839506172854
500499,20083,1011,FluxStream,FluxStream Stream,entertainment,interstitial,it,trailer,late-night,Install now,Exclusive tonight,Cancel anytime,red,excited,signup,celebrity,45-54,Both,2026-01-10,assets/creative_500499.png,stable,0.6042128603104213,not_top,Review,313.0,0.6541019955654102,3.0,0.5,54.0,0.6882352941176471,87.0,0.6971830985915493,15.0,0.7878787878787878,0.5524691358024691,2.197441628362516,0.4943178964313147,0.005250468693404,0.0941473847948668,24688.36,4897658,54251.23,,0,-0.7963396094335596,-0.1554568625540403,True,False,0.6391352549889135,0.4878048780487805,0.6840354767184036,0.6031042128603105,0.5898004434589801,-0.06167980376051796,0.052330918526394155,0.08611111111111114
500505,20084,1012,VoxelRealm,VoxelRealm Legends,gaming,playable,en,reward,free shipping,Claim reward,Level up today,No ads in first week,purple,urgent,install,competitive,45-54,Both,2026-01-17,assets/creative_500505.png,stable,0.73519955654102,not_top,Review,126.0,0.8614190687361419,1.0,1.0,35.0,0.7763157894736842,16.0,0.6052631578947368,14.0,0.6176470588235294,0.6932098765432099,1.4443653030972274,1.846119927403658,0.0094693334909397,0.1949577474666012,21620.95,3011722,31228.55,,0,-0.7644738130668771,-0.0840789720283604,True,False,0.88470066518847,0.17073170731707318,0.9822616407982262,0.9290465631929047,0.9855875831485588,0.0922358058256807,0.492139261971672,-0.014043209876543172
500509,20084,1012,VoxelRealm,VoxelRealm Legends,gaming,playable,fr,competitive,competition,Order now,Join the arena,Play with friends tonight,blue,excited,install,competitive,45-54,Both,2026-01-09,assets/creative_500509.png,fatigued,0.7230598669623061,not_top,Review,140.0,0.8458980044345898,2.0,0.8,38.0,0.756578947368421,17.0,0.5789473684210527,15.0,0.5882352941176471,0.678395061728395,1.392240552091573,1.7706412640501343,0.0087819482066544,0.2016228315612759,43665.22,6104568,60792.49,10.0,1,-0.8782255635044844,-0.0336972496325844,True,False,0.8664079822616408,0.15299334811529933,0.9745011086474501,0.9478935698447893,0.9711751662971175,0.040111054820026304,0.4166605986181484,-0.02885802469135801
500504,20084,1012,VoxelRealm,VoxelRealm Legends,gaming,interstitial,pt,gameplay,challenge,Start now,Beat your rivals,Free rewards for new players,lime,excited,install,competitive,45-54,Both,2026-01-22,assets/creative_500504.png,fatigued,0.6543237250554325,not_top,Review,239.0,0.7361419068736141,3.0,0.6,74.0,0.5197368421052632,61.0,0.7887323943661971,20.0,0.6779661016949152,0.6188271604938271,1.3120184424515202,1.2570285242385362,0.0070605319092922,0.1780359525865452,19125.44,3608510,25092.93,12.0,1,-0.8390402662886046,-0.1404521369787362,True,False,0.7649667405764967,0.12638580931263857,0.917960088691796,0.8869179600886918,0.8891352549889135,-0.040111054820026526,-0.09695214119344975,0.055246913580246915
500515,20085,1013,BoltCart,BoltCart Drops,ecommerce,native,es,product-focus,before/after,Install now,Flash sale live,Only this weekend,blue,urgent,purchase,product-focus,45-54,Android,2026-01-21,assets/creative_500515.png,stable,0.5577050997782705,not_top,Review,396.0,0.5620842572062085,1.0,1.0,16.0,0.8888888888888888,102.0,0.6023622047244095,6.0,0.9019607843137255,0.5345679012345679,5.124723496209135,0.3395374471874537,0.0052850392747174,0.0642450187289496,15650.78,6011119,80205.92,,0,-0.8250465159842785,-0.0281989648691397,True,False,0.5975609756097561,0.7339246119733924,0.3946784922394678,0.26274944567627495,0.5997782705099778,1.270086606603221,0.03544438643553677,0.12839506172839504
500512,20085,1013,BoltCart,BoltCart Drops,ecommerce,native,es,ugc,free rewards,Book now,Flash sale live,Only this weekend,blue,excited,purchase,product-focus,45-54,Android,2026-01-28,assets/creative_500512.png,stable,0.5503325942350333,not_top,Review,408.0,0.5487804878048781,2.0,0.8333333333333334,17.0,0.8814814814814815,107.0,0.5826771653543307,7.0,0.8823529411764706,0.5419753086419753,4.854554422911934,0.3312897550172442,0.0055683908137829,0.0594947025264873,13299.27,5068071,64562.03,,0,-0.8071760453092345,-0.1986801173421187,True,False,0.6125277161862528,0.7195121951219512,0.360310421286031,0.1984478935698448,0.6707317073170732,0.9999175333060206,0.02719669426532728,0.13580246913580246
500514,20085,1013,BoltCart,BoltCart Drops,ecommerce,interstitial,es,product-focus,security,Book now,New collection drop,Shop bestsellers now,beige,calm,purchase,product-focus,45-54,Android,2026-01-19,assets/creative_500514.png,stable,0.49988913525498896,not_top,Review,467.0,0.48337028824833705,3.0,0.6666666666666666,28.0,0.8,161.0,0.43661971830985913,10.0,0.71875,0.5030864197530863,3.694492077010553,0.3157224063244145,0.0054185368562306,0.0582670958418183,18352.29,5618860,67802.39,,0,-0.8405551874122213,0.0362156137001206,True,False,0.5476718403547672,0.6796008869179601,0.3070953436807095,0.17849223946784923,0.6330376940133038,-0.16014481259536062,0.011629345572497563,0.0012345679012344402
500520,20086,1014,VaultRun,VaultRun Pay,fintech,rewarded_video,es,feature-focus,security,Learn more,"Your money, clearer",No hidden fees,green,urgent,signup,trust,18-24,Android,2026-01-07,assets/creative_500520.png,fatigued,0.8682372505543238,strong_but_fatigued,Refresh,14.0,0.9855875831485588,1.0,1.0,2.0,0.9929078014184397,11.0,0.9375,2.0,0.875,0.7561728395061729,9.614111876467398,0.5279712708436587,0.0055372817125284,0.0953484576464827,29618.74,5532498,284757.88,10.0,1,-0.7981131789101129,-0.0813675185548951,True,False,0.9567627494456763,0.9778270509977827,0.7261640798226164,0.6263858093126385,0.664079822616408,-0.18262565084290827,0.1452304037853292,0.03425925925925932
500516,20086,1014,VaultRun,VaultRun Pay,fintech,native,es,celebrity,save smarter,Order now,Secure & simple,Built for peace of mind,black,excited,signup,trust,18-24,Android,2026-01-08,assets/creative_500516.png,stable,0.6479490022172949,not_top,Review,253.0,0.720620842572062,2.0,0.8,41.0,0.7163120567375887,60.0,0.7677165354330708,23.0,0.5686274509803921,0.5185185185185185,10.13728367143949,0.3720210475362177,0.0037034722279403,0.1004519609272488,25878.46,7408183,262337.29,,0,-0.6926113486519265,-0.1103818177762546,True,False,0.5703991130820399,0.9855875831485588,0.4678492239467849,0.70509977827051,0.18625277161862527,0.3405461441291848,-0.010719819522111818,0.0009259259259259967
500521,20086,1014,VaultRun,VaultRun Pay,fintech,banner,pt,trust,earn more,Install now,Secure & simple,Built for peace of mind,purple,calm,signup,trust,18-24,Android,2026-01-19,assets/creative_500521.png,stable,0.5880820399113083,not_top,Review,344.0,0.6197339246119734,3.0,0.6,60.0,0.5815602836879432,5.0,0.9759036144578314,1.0,1.0,0.4987654320987654,10.328374744648883,0.3306691399353526,0.0039050556774734,0.084677189583452,13990.54,4493918,144499.54,,0,-0.6932874653897554,0.1383431479840879,True,False,0.5376940133037694,0.9889135254988913,0.3580931263858093,0.4223946784922395,0.23835920177383593,0.5316372173385773,-0.05207172712297692,0.14567901234567898
500525,20087,1015,HorizonHop,HorizonHop Flights,travel,rewarded_video,ja,discount,escape,Try for free,Escape this weekend,Special fares today,teal,premium,booking,destination,25-34,Android,2026-01-20,assets/creative_500525.png,top_performer,0.8700776053215078,top_winner,Scale,13.0,0.9866962305986696,1.0,1.0,8.0,0.9517241379310345,10.0,0.94375,8.0,0.8478260869565217,0.8333333333333334,7.743698949125434,0.513135649813811,0.0080440846843368,0.0637904335856847,27522.79,2890074,213128.2,,0,-0.7051957965145482,0.1013526055411633,True,False,0.9866962305986696,0.9279379157427938,0.70509977827051,0.24833702882483372,0.9512195121951219,1.3851885365879468,0.18092473160738942,0.0805555555555556
500527,20087,1015,HorizonHop,HorizonHop Flights,travel,rewarded_video,de,wanderlust,discover,Claim reward,Fly smarter,Flexible booking options,white,adventurous,booking,destination,25-34,Android,2026-01-19,assets/creative_500527.png,top_performer,0.8481263858093128,top_winner,Scale,27.0,0.9711751662971175,2.0,0.8333333333333334,13.0,0.9172413793103448,19.0,0.8875,12.0,0.7608695652173914,0.7885802469135802,7.122713910586939,0.4817861642349776,0.0073327467737073,0.0657033686152224,29829.87,3105112,212469.63,,0,-0.7254321533451835,-0.0225079510859397,True,False,0.9767184035476718,0.8824833702882483,0.6662971175166297,0.27827050997782704,0.9146341463414634,0.7642034980494516,0.14957524602855604,0.03580246913580243
500524,20087,1015,HorizonHop,HorizonHop Flights,travel,rewarded_video,de,discount,save smarter,Get offer,Dream destinations await,Flexible booking options,blue,calm,booking,destination,25-34,Android,2026-01-06,assets/creative_500524.png,fatigued,0.7220620842572063,not_top,Review,141.0,0.844789356984479,3.0,0.6666666666666666,42.0,0.7172413793103448,64.0,0.60625,30.0,0.3695652173913043,0.6820987654320988,6.024818750726801,0.4026352149806301,0.0064578405943094,0.062348274024513,49618.13,5230541,298940.24,10.0,1,-0.830555515911546,0.0365076675740496,True,False,0.8736141906873615,0.8037694013303769,0.5365853658536586,0.2328159645232816,0.8215077605321508,-0.3336916618106862,0.07042429677420853,-0.07067901234567897
500531,20088,1016,FreshDash,FreshDash Go,food_delivery,rewarded_video,en,fantasy,free delivery,Try for free,"Your cravings, delivered",Fresh favorites nearby,blue,urgent,order,discount,35-44,Both,2026-01-16,assets/creative_500531.png,stable,0.3788248337028825,not_top,Review,636.0,0.2960088691796009,1.0,1.0,78.0,0.5157232704402516,152.0,0.05625,9.0,0.1111111111111111,0.3632716049382716,1.4186329981926624,0.4557073870818638,0.0045351120690315,0.1004842615012106,46327.81,7831780,65722.16,,0,-0.8557520194712933,-0.1010431936579352,True,False,0.30376940133037694,0.1607538802660754,0.6297117516629712,0.7062084257206208,0.4113082039911308,0.2613673105268104,0.03482895623468368,-0.22037037037037033
500529,20088,1016,FreshDash,FreshDash Go,food_delivery,native,en,discount,2-for-1,Install now,Dinner in minutes,Fresh favorites nearby,orange,trustworthy,order,discount,35-44,Both,2026-01-11,assets/creative_500529.png,stable,0.3156873614190688,not_top,Review,722.0,0.2006651884700665,2.0,0.8333333333333334,99.0,0.3836477987421384,209.0,0.18110236220472442,43.0,0.17647058823529413,0.299074074074074,1.7595091396178075,0.367211886985032,0.0039134866106156,0.0938324117396852,58190.07,15018577,102385.96,,0,-0.8300669286272558,-0.1410953846944813,True,False,0.18625277161862527,0.311529933481153,0.45787139689578715,0.5964523281596452,0.24168514412416853,0.6022434519519555,-0.05366654386214814,-0.1770061728395062
500530,20088,1016,FreshDash,FreshDash Go,food_delivery,playable,pt,urgency,challenge,Learn more,"Your cravings, delivered",Free delivery over $15,orange,adventurous,order,discount,35-44,Both,2026-01-10,assets/creative_500530.png,stable,0.28791574279379156,not_top,Review,750.0,0.1696230598669623,3.0,0.6666666666666666,105.0,0.34591194968553457,38.0,0.02631578947368421,1.0,1.0,0.3024691358024691,1.1732710700927826,0.4139693697414799,0.0044050557080688,0.0939759669743104,56178.68,8633489,65912.82,,0,-0.8562133955351959,-0.0495410499729159,True,False,0.19290465631929046,0.08314855875831485,0.5576496674057649,0.5997782705099778,0.369179600886918,0.016005382426930614,-0.0069090611057002205,0.0
500539,20089,1017,PulsePlay,PulsePlay Stream,entertainment,rewarded_video,es,drama,exclusive,Try for free,Watch what’s trending,New hits every week,blue,premium,install,ugc,25-34,Android,2026-01-19,assets/creative_500539.png,stable,0.543458980044346,not_top,Review,416.0,0.5399113082039911,1.0,1.0,71.0,0.5882352941176471,131.0,0.1875,30.0,0.32558139534883723,0.4774691358024691,2.2658354753730467,0.4599410328459093,0.0044990318670463,0.1022311124788429,32546.86,7222665,73745.83,,0,-0.8403870708106891,-0.0519667180927515,True,False,0.49002217294900224,0.5110864745011087,0.6352549889135255,0.7283813747228381,0.39578713968957874,0.1767856350916457,0.017954054940988784,-0.15555555555555567
500536,20089,1017,PulsePlay,PulsePlay Stream,entertainment,rewarded_video,es,celebrity,watch now,Shop now,Binge starts now,Start free today,purple,trustworthy,install,ugc,25-34,Android,2026-01-05,assets/creative_500536.png,stable,0.4339246119733925,not_top,Review,570.0,0.369179600886918,2.0,0.8333333333333334,99.0,0.4235294117647059,147.0,0.0875,36.0,0.18604651162790697,0.4018518518518518,2.086874126945085,0.4005323949117551,0.0043212789015852,0.0926883924952916,43095.8,9707080,89935.51,,0,-0.8338170535856084,-0.0607819186849521,True,False,0.352549889135255,0.45121951219512196,0.5299334811529933,0.5687361419068736,0.34478935698447893,-0.002175713336316054,-0.041454582993165456,-0.23117283950617296
500535,20089,1017,PulsePlay,PulsePlay Stream,entertainment,interstitial,es,ugc,watch now,Install now,Stream the hype,Cancel anytime,purple,playful,install,ugc,25-34,Android,2026-01-14,assets/creative_500535.png,stable,0.3509423503325942,not_top,Review,669.0,0.25942350332594233,3.0,0.6666666666666666,118.0,0.31176470588235294,235.0,0.176056338028169,46.0,0.3181818181818182,0.341358024691358,2.0912255536177176,0.3367252369271147,0.0041184918800439,0.0817593543303326,37045.87,10168528,77471.27,,0,-0.8241572957828954,-0.0947713203299795,True,False,0.2660753880266075,0.4556541019955654,0.3858093126385809,0.3835920177383592,0.30155210643015523,0.002175713336316498,-0.10526174097780583,-0.125
500545,20090,1018,StormByte,StormByte Arena,gaming,playable,it,gameplay,discover,Learn more,Unlock rare gear,Free rewards for new players,lime,excited,install,reward,45-54,Both,2026-01-06,assets/creative_500545.png,fatigued,0.6736141906873614,not_top,Review,215.0,0.7627494456762749,1.0,1.0,62.0,0.5986842105263158,25.0,0.3684210526315789,23.0,0.35294117647058826,0.6203703703703703,1.3529604415219223,1.4519624624998666,0.0067763481678708,0.2142691648259989,59082.91,9553966,79936.84,10.0,1,-0.8746167690997513,-0.0824672968400037,True,False,0.7727272727272727,0.13968957871396895,0.9445676274944568,0.9745011086474501,0.8647450110864745,0.13925610052173387,0.09798179706788068,-0.08688271604938269
500542,20090,1018,StormByte,StormByte Arena,gaming,playable,en,drama,competition,Order now,Win epic rewards,No ads in first week,orange,excited,install,reward,45-54,Both,2026-01-09,assets/creative_500542.png,stable,0.6279933481152993,not_top,Review,279.0,0.6917960088691796,2.0,0.8333333333333334,85.0,0.4473684210526316,30.0,0.23684210526315788,28.0,0.20588235294117646,0.5774691358024692,1.2719106930253972,1.3655702557591676,0.0061090703695461,0.2235315969785776,49110.61,7931485,62464.31,,0,-0.864989900330015,-0.123639564335343,True,False,0.6879157427937915,0.1164079822616408,0.9323725055432373,0.9889135254988913,0.7671840354767184,0.05820635202520874,0.011589590327181654,-0.12978395061728387
500543,20090,1018,StormByte,StormByte Arena,gaming,rewarded_video,en,competitive,security,Shop now,Beat your rivals,Play with friends tonight,lime,trustworthy,install,reward,45-54,Both,2026-01-15,assets/creative_500543.png,stable,0.6172949002217296,not_top,Review,299.0,0.6696230598669624,3.0,0.6666666666666666,93.0,0.39473684210526316,113.0,0.3,31.0,0.3023255813953488,0.5790123456790123,1.226790225485861,1.2044415969093618,0.006295041424065,0.1913317984382046,37474.19,6692728,45972.97,,0,-0.883910244689407,-0.0677409601011896,True,False,0.6929046563192904,0.10421286031042129,0.9079822616407982,0.9246119733924612,0.8004434589800443,0.013085884485672494,-0.1495390685226241,-0.08271604938271615
500551,20091,1019,ZenDrop,ZenDrop Market,ecommerce,native,en,ugc,before/after,Learn more,New collection drop,Shop bestsellers now,beige,urgent,purchase,discount,45-54,iOS,2026-02-08,assets/creative_500551.png,stable,0.4431263858093127,not_top,Review,552.0,0.38913525498891355,1.0,1.0,37.0,0.7333333333333333,157.0,0.3858267716535433,18.0,0.6666666666666666,0.4342592592592593,2.766092044775869,0.3303013625290451,0.0046718448778346,0.0707004130415678,22671.14,4871309,62710.46,,0,-0.8118513396304758,-0.0213347375811832,True,False,0.40687361419068735,0.6252771618625277,0.3558758314855876,0.31042128603104213,0.43680709534368073,0.4314442455634593,0.02620830177712813,0.028086419753086456
500549,20091,1019,ZenDrop,ZenDrop Market,ecommerce,interstitial,it,trust,late-night,Learn more,New collection drop,Only this weekend,white,urgent,purchase,discount,45-54,iOS,2026-02-02,assets/creative_500549.png,stable,0.4422949002217295,not_top,Review,556.0,0.38470066518847007,2.0,0.8333333333333334,38.0,0.725925925925926,190.0,0.3345070422535211,12.0,0.65625,0.4558641975308641,2.2639405961119854,0.3461679908528799,0.0051918588163434,0.066675154910449,26530.25,4538259,60062.91,,0,-0.8320150654561989,0.0915307576413413,True,False,0.4401330376940133,0.508869179600887,0.4090909090909091,0.2838137472283814,0.5764966740576497,-0.07070720310042411,0.04207493010096297,-0.04598765432098778
500550,20091,1019,ZenDrop,ZenDrop Market,ecommerce,native,it,feature-focus,limited offer,Start now,Your next favorite pick,Free shipping over $25,red,playful,purchase,discount,45-54,iOS,2026-01-27,assets/creative_500550.png,stable,0.39772727272727276,not_top,Review,609.0,0.3259423503325942,3.0,0.6666666666666666,48.0,0.6518518518518519,172.0,0.32677165354330706,22.0,0.5882352941176471,0.3839506172839506,2.711567224629677,0.3159219072984054,0.0042897929487533,0.0736450246136514,44133.75,9518175,119671.63,,0,-0.7503322525613438,-0.137035290227845,True,False,0.3303769401330377,0.61529933481153,0.3093126385809313,0.33148558758314856,0.3348115299334812,0.37691942541726764,0.01182884654648847,-0.022222222222222254
500556,20092,1020,NovaPay,NovaPay Pay,fintech,interstitial,fr,trust,security,Shop now,Earn cashback daily,Built for peace of mind,white,urgent,signup,testimonial,18-24,Android,2026-01-25,assets/creative_500556.png,stable,0.8100332594235035,strong_candidate,Keep,46.0,0.950110864745011,1.0,1.0,11.0,0.9290780141843972,7.0,0.9788732394366197,4.0,0.90625,0.686111111111111,7.901154762549412,0.4867909889246313,0.0051262835679832,0.0949598246895544,23637.76,4005826,186765.6,,0,-0.771818571675126,-0.0720692402722241,True,False,0.876940133037694,0.9423503325942351,0.6718403547671841,0.6164079822616408,0.5532150776053215,0.1629963660058973,0.1040501218663018,0.14722222222222203
500552,20092,1020,NovaPay,NovaPay Pay,fintech,native,es,minimalist,earn more,Learn more,Earn cashback daily,Built for peace of mind,white,trustworthy,signup,testimonial,18-24,Android,2026-01-28,assets/creative_500552.png,stable,0.7941241685144125,strong_candidate,Keep,59.0,0.9356984478935698,2.0,0.8333333333333334,17.0,0.8865248226950354,9.0,0.968503937007874,6.0,0.9019607843137255,0.6425925925925925,9.552503384656404,0.4758915328741654,0.0044891287183328,0.1060097766701811,22203.14,4648118,212095.57,,0,-0.7600715955145481,0.0438867227493005,True,False,0.8048780487804879,0.9767184035476718,0.655210643015521,0.7738359201773836,0.39135254988913526,1.8143449881128895,0.09315066581583592,0.125
500554,20092,1020,NovaPay,NovaPay Pay,fintech,native,it,testimonial,cashback,Start now,"Your money, clearer",Built for peace of mind,blue,premium,signup,testimonial,18-24,Android,2026-01-30,assets/creative_500554.png,stable,0.7894678492239467,strong_candidate,Keep,63.0,0.9312638580931264,3.0,0.6666666666666666,18.0,0.8794326241134752,11.0,0.9606299212598425,7.0,0.8823529411764706,0.6358024691358025,9.45580065832053,0.4728540945084117,0.0044409444076766,0.1064760220125786,21955.87,4582809,207610.33,,0,-0.749414909398399,-0.1404442573630263,True,False,0.7960088691796009,0.9745011086474501,0.6518847006651884,0.7815964523281597,0.3780487804878049,1.7176422617770157,0.09011322745008221,0.11820987654321002
500563,20093,1021,RouteBloom,RouteBloom Travel,travel,rewarded_video,it,family,book now,Learn more,Book your next trip,Special fares today,orange,premium,booking,discount,18-24,Android,2026-01-16,assets/creative_500563.png,fatigued,0.8054878048780487,strong_but_fatigued,Refresh,52.0,0.9434589800443459,1.0,1.0,21.0,0.8620689655172413,31.0,0.8125,18.0,0.6304347826086957,0.7527777777777778,10.634869896210365,0.4077412590467592,0.0063875485177483,0.0638337631274059,45467.93,8377862,483545.52,10.0,1,-0.8239201425260625,-0.0360820187487609,True,False,0.9545454545454546,0.9922394678492239,0.549889135254989,0.24944567627494457,0.8137472283813747,-0.03210604130453376,0.0755303408403376,0.0
500558,20093,1021,RouteBloom,RouteBloom Travel,travel,interstitial,es,celebrity,escape,Order now,Book your next trip,Hotels + flights in one tap,white,premium,booking,discount,18-24,Android,2026-01-31,assets/creative_500558.png,stable,0.7917960088691796,strong_candidate,Keep,60.0,0.934589800443459,2.0,0.8,22.0,0.8551724137931035,10.0,0.9683098591549296,3.0,0.9615384615384616,0.7777777777777777,12.609035902007008,0.3876918216968617,0.0073813012883972,0.0525235058899816,16738.34,3760719,211054.33,,0,-0.7042355946370837,-0.0159454740276575,True,False,0.9700665188470067,0.9988913525498891,0.49889135254988914,0.08314855875831485,0.9190687361419069,1.9420599644921097,0.05548090349044016,0.2003086419753085
500562,20093,1021,RouteBloom,RouteBloom Travel,travel,rewarded_video,es,ugc,discover,Book now,Dream destinations await,Hotels + flights in one tap,teal,premium,booking,discount,18-24,Android,2026-01-24,assets/creative_500562.png,fatigued,0.7876385809312638,strong_but_fatigued,Refresh,66.0,0.9273835920177383,3.0,0.6,24.0,0.8413793103448276,33.0,0.796875,19.0,0.6086956521739131,0.766358024691358,10.260437991688736,0.3878485073675056,0.0072490377752015,0.0535034468566725,21722.33,4022189,222880.62,12.0,1,-0.8002388904956953,0.0375318497058623,True,False,0.9611973392461197,0.9878048780487805,0.5,0.10643015521064302,0.9113082039911308,-0.40653794582616243,0.05563758916108402,0.013580246913580285
500565,20094,1022,CraveLoop,CraveLoop Express,food_delivery,native,en,feature-focus,fast,Learn more,"Fast food, fast",Fresh favorites nearby,red,excited,order,food-closeup,45-54,Android,2026-01-28,assets/creative_500565.png,fatigued,0.7992793791574279,strong_but_fatigued,Refresh,56.0,0.9390243902439024,1.0,1.0,1.0,1.0,7.0,0.9763779527559056,1.0,1.0,0.7441358024691359,2.7117296077791253,0.6550508715809648,0.0069541081267702,0.0941962448152487,20584.32,4541632,55819.11,14.0,1,-0.808758854725862,-0.0048879027024764,True,False,0.9478935698447893,0.6164079822616408,0.8070953436807096,0.6053215077605322,0.8813747228381374,0.6717776025054163,0.23417244073378463,0.2680555555555557
500566,20094,1022,CraveLoop,CraveLoop Express,food_delivery,native,ja,ugc,late-night,Order now,"Fast food, fast",Late-night deals available,orange,calm,order,food-closeup,45-54,Android,2026-01-30,assets/creative_500566.png,stable,0.7869733924611972,strong_candidate,Keep,70.0,0.9235033259423503,2.0,0.8333333333333334,4.0,0.9811320754716981,12.0,0.9566929133858267,3.0,0.9607843137254902,0.7320987654320987,2.582747685145017,0.6420347021298144,0.0068994419966591,0.0930560330010312,19017.39,4216283,49117.12,,0,-0.7501308445640837,-0.0953021913943621,True,False,0.9390243902439024,0.5964523281596452,0.8015521064301552,0.582039911308204,0.8747228381374723,0.5427956798713081,0.22115627128263426,0.25601851851851853
500569,20094,1022,CraveLoop,CraveLoop Express,food_delivery,native,ja,combo,discover,Claim reward,Hungry? We got you,Late-night deals available,orange,calm,order,food-closeup,45-54,Android,2026-02-01,assets/creative_500569.png,fatigued,0.6854767184035476,not_top,Review,196.0,0.7838137472283814,3.0,0.6666666666666666,18.0,0.8930817610062893,37.0,0.8582677165354331,10.0,0.8235294117647058,0.6391975308641976,2.207796858409081,0.5525003763835187,0.00610695511977,0.0904706790123456,19240.57,4244341,42479.27,13.0,1,-0.8357278487146945,0.0408261872120108,True,False,0.8004434589800443,0.49445676274944567,0.753880266075388,0.5266075388026608,0.7649667405764967,0.16784485313537179,0.13162194553633855,0.16311728395061742
500574,20095,1023,NeonCast,NeonCast Stream,entertainment,interstitial,en,wanderlust,exclusive,Get offer,Binge starts now,Cancel anytime,purple,trustworthy,signup,celebrity,45-54,iOS,2026-01-19,assets/creative_500574.png,stable,0.766019955654102,not_top,Review,97.0,0.893569844789357,1.0,1.0,12.0,0.9352941176470588,19.0,0.9366197183098591,2.0,0.9848484848484849,0.7191358024691358,2.7006019873664617,0.5826407241453856,0.0066903321513249,0.0870869653354956,17447.21,3686663,47117.97,,0,-0.7257857277281792,-0.1286518262215831,True,False,0.9212860310421286,0.6119733924611973,0.779379157427938,0.458980044345898,0.8547671840354767,0.39281390867453814,0.14065374624046506,0.25277777777777777
500573,20095,1023,NeonCast,NeonCast Stream,entertainment,rewarded_video,es,celebrity,trending,Start now,Watch what’s trending,Cancel anytime,blue,urgent,signup,celebrity,45-54,iOS,2026-01-08,assets/creative_500573.png,fatigued,0.7147450110864746,not_top,Review,152.0,0.8325942350332595,2.0,0.8333333333333334,21.0,0.8823529411764706,67.0,0.5875,14.0,0.6976744186046512,0.6570987654320987,2.2661262279057097,0.5795400258074977,0.0061678629853129,0.0939612353885797,24961.2,4341374,56565.23,11.0,1,-0.8260529300029492,-0.0321899881532908,True,False,0.8314855875831486,0.5121951219512195,0.7771618625277162,0.5986696230598669,0.7760532150776053,-0.04166185078621387,0.13755304790257722,0.024074074074073915
500570,20095,1023,NeonCast,NeonCast Stream,entertainment,native,en,reward,trending,Get offer,Exclusive tonight,Cancel anytime,blue,premium,signup,celebrity,45-54,iOS,2026-01-15,assets/creative_500570.png,stable,0.7119179600886918,not_top,Review,160.0,0.8237250554323725,3.0,0.6666666666666666,25.0,0.8588235294117647,32.0,0.8779527559055118,4.0,0.9411764705882353,0.654320987654321,2.963071012310832,0.5032416480800969,0.0058308397333927,0.0863068907893443,19953.16,5234066,59122.63,,0,-0.7366201784059502,-0.0115881063169068,True,False,0.8270509977827051,0.6463414634146342,0.6951219512195121,0.44567627494456763,0.7184035476718403,0.6552829336189085,0.06125467017517633,0.24907407407407423
500580,20096,1024,GlitchWave,GlitchWave Legends,gaming,rewarded_video,en,reward,book now,Start now,Win epic rewards,No ads in first week,purple,playful,install,gameplay,45-54,Android,2026-02-06,assets/creative_500580.png,stable,0.6033813747228381,not_top,Review,314.0,0.6529933481152993,1.0,1.0,95.0,0.3815789473684211,115.0,0.2875,33.0,0.2558139534883721,0.571604938271605,0.9910828778088864,1.3531884568322432,0.0064629116644844,0.2093775262732417,42992.57,5741994,42609.2,,0,-0.882778045202941,-0.045967403259674,True,False,0.6801552106430155,0.031042128603104215,0.9290465631929047,0.9656319290465631,0.8237250554323725,0.009089768417187005,-0.0007922085997427164,-0.09012345679012346
500577,20096,1024,GlitchWave,GlitchWave Legends,gaming,playable,en,minimalist,cashback,Learn more,Beat your rivals,Free rewards for new players,purple,adventurous,install,gameplay,45-54,Android,2026-01-26,assets/creative_500577.png,stable,0.5978935698447894,not_top,Review,324.0,0.6419068736141907,2.0,0.8333333333333334,96.0,0.375,33.0,0.15789473684210525,31.0,0.11764705882352941,0.5635802469135802,0.9867690469653896,1.380517260932652,0.0062780902257243,0.2198944601458584,67094.94,8059298,66207.21,,0,-0.8626108095121728,-0.068008037556014,True,False,0.6646341463414634,0.028824833702882482,0.934589800443459,0.9811529933481153,0.7960088691796009,0.004775937573690214,0.026536595500666005,-0.14367283950617282
500579,20096,1024,GlitchWave,GlitchWave Legends,gaming,interstitial,fr,fantasy,free rewards,Start now,Unlock rare gear,No ads in first week,lime,adventurous,install,gameplay,45-54,Android,2026-02-02,assets/creative_500579.png,stable,0.5971729490022174,not_top,Review,327.0,0.6385809312638581,3.0,0.6666666666666666,97.0,0.3684210526315789,92.0,0.6795774647887324,27.0,0.559322033898305,0.5709876543209876,1.08918629609447,1.190528387354905,0.00645922638072,0.1843143926505614,56135.53,9100161,61142.05,,0,-0.8861379680906118,-0.2028270709575163,True,False,0.6784922394678492,0.05432372505543237,0.9046563192904656,0.9013303769401331,0.8226164079822617,0.10719318670277067,-0.16345227807708085,0.007407407407407418
500585,20097,1025,LuxShelf,LuxShelf Outlet,ecommerce,rewarded_video,en,testimonial,free shipping,Book now,New collection drop,Shop bestsellers now,teal,adventurous,purchase,product-focus,25-34,Android,2026-01-10,assets/creative_500585.png,stable,0.4456762749445677,not_top,Review,548.0,0.39356984478935697,1.0,1.0,36.0,0.7407407407407407,145.0,0.1,7.0,0.45454545454545453,0.457716049382716,2.108017974997003,0.3655723766197423,0.0052485388848884,0.0696522183863956,39704.04,5960516,83696.83,,0,-0.8379949621730696,-0.2046801990667267,True,False,0.44789356984478934,0.4634146341463415,0.45454545454545453,0.30376940133037694,0.5875831485587583,-0.029559013263175782,0.061479315867825346,-0.12067901234567918
500583,20097,1025,LuxShelf,LuxShelf Outlet,ecommerce,interstitial,it,testimonial,new collection,Claim reward,Flash sale live,Shop bestsellers now,lime,playful,purchase,product-focus,25-34,Android,2026-01-14,assets/creative_500583.png,stable,0.3547117516629712,not_top,Review,663.0,0.2660753880266075,2.0,0.8333333333333334,58.0,0.5777777777777777,231.0,0.19014084507042253,20.0,0.40625,0.3873456790123457,2.167136001523355,0.3018434670063201,0.0050319313850879,0.0599856086871197,32769.78,6075997,71016.57,,0,-0.8257665385361052,0.0630937292534252,True,False,0.33647450110864746,0.4789356984478936,0.26496674057649666,0.2073170731707317,0.5332594235033259,0.029559013263176226,-0.002249593745596856,-0.1145061728395062
500584,20097,1025,LuxShelf,LuxShelf Outlet,ecommerce,native,it,combo,new collection,Book now,New collection drop,Shop bestsellers now,red,excited,purchase,product-focus,25-34,Android,2026-01-08,assets/creative_500584.png,stable,0.3097560975609756,not_top,Review,729.0,0.19290465631929046,3.0,0.6666666666666666,70.0,0.4888888888888889,213.0,0.16535433070866143,32.0,0.39215686274509803,0.3256172839506173,2.4383543813540727,0.2717189279426326,0.0043349359786696,0.0626811858997783,40872.41,9469344,99661.42,,0,-0.7926004649963264,-0.0032898919262555,True,False,0.23780487804878048,0.5620842572062085,0.16518847006651885,0.23725055432372505,0.34700665188470065,0.30077739309389395,-0.03237413280928436,-0.08055555555555555
500591,20098,1026,ClearLedger,ClearLedger Wallet,fintech,native,en,feature-focus,security,Shop now,"Your money, clearer",No hidden fees,blue,excited,signup,minimalist,45-54,Both,2026-01-12,assets/creative_500591.png,stable,0.6692904656319291,not_top,Review,222.0,0.7549889135254989,1.0,1.0,35.0,0.7588652482269503,50.0,0.8070866141732284,19.0,0.6470588235294118,0.5475308641975309,6.084210257874258,0.4458083828571212,0.0042134298203817,0.1058065286149072,28233.14,3977045,171776.36000000002,,0,-0.7016071140407429,-0.2007190523371022,True,False,0.6252771618625277,0.811529933481153,0.6164079822616408,0.7682926829268293,0.3237250554323725,0.1485894882346983,0.06306751579879172,0.02993827160493845
500588,20098,1026,ClearLedger,ClearLedger Wallet,fintech,banner,en,testimonial,earn more,Claim reward,Secure & simple,"Fast signup, instant card",orange,adventurous,signup,minimalist,45-54,Both,2026-01-15,assets/creative_500588.png,stable,0.4833702882483371,not_top,Review,491.0,0.4567627494456763,2.0,0.6666666666666666,82.0,0.425531914893617,13.0,0.927710843373494,9.0,0.8367346938775511,0.4030864197530864,5.291175563698956,0.3450973988419641,0.0035416028794404,0.0974410205179436,23610.12,3674325,124925.29,,0,-0.7087635484774453,-0.1153920171062009,True,False,0.3558758314855876,0.7483370288248337,0.4057649667405765,0.6529933481152993,0.14966740576496673,-0.6444452059406034,-0.03764346821636538,0.04999999999999999
500590,20098,1026,ClearLedger,ClearLedger Wallet,fintech,banner,en,discount,security,Try for free,Track every euro,No hidden fees,green,calm,signup,minimalist,45-54,Both,2026-01-15,assets/creative_500590.png,stable,0.40221729490022173,not_top,Review,603.0,0.3325942350332594,3.0,0.3333333333333333,110.0,0.22695035460992907,38.0,0.7771084337349398,24.0,0.5306122448979592,0.3509259259259258,4.529101931606313,0.3091859975917946,0.0035019923304947,0.0882885992923103,21277.11,3308688,96366.2,,0,-0.7112747397726654,-0.0249683810009671,True,False,0.2827050997782705,0.7028824833702882,0.29490022172949004,0.4778270509977827,0.13303769401330376,-1.4065188380332465,-0.07355486946653489,-0.0021604938271606033
500595,20099,1027,WayPoint,WayPoint Travel,travel,rewarded_video,ja,destination,book now,Start now,Dream destinations await,Special fares today,orange,urgent,booking,wanderlust,45-54,Android,2026-02-01,assets/creative_500595.png,top_performer,0.9026164079822618,top_winner,Scale,4.0,0.9966740576496674,1.0,1.0,3.0,0.9862068965517241,4.0,0.98125,3.0,0.9565217391304348,0.8790123456790123,10.41913601589925,0.5521592093916835,0.0083105190476894,0.0664410016056937,21575.86,2772751,224801.82,,0,-0.6929381434272962,-0.1040856953265713,True,False,0.9966740576496674,0.9900221729490022,0.7516629711751663,0.28159645232815966,0.958980044345898,2.298823916071628,0.21994829118526193,0.12623456790123455
500598,20099,1027,WayPoint,WayPoint Travel,travel,interstitial,it,discount,last-minute deal,Shop now,Book your next trip,Special fares today,teal,adventurous,booking,wanderlust,45-54,Android,2026-01-28,assets/creative_500598.png,fatigued,0.7825388026607539,strong_but_fatigued,Refresh,73.0,0.9201773835920177,2.0,0.8,25.0,0.8344827586206897,14.0,0.954225352112676,5.0,0.9230769230769231,0.7388888888888889,8.579681793924244,0.3953905713327191,0.0066840975776003,0.0591539196940726,23872.58,3755780,204819.14,13.0,1,-0.834764026643883,-0.1272984606065548,True,False,0.9434589800443459,0.9556541019955654,0.5221729490022173,0.1917960088691796,0.852549889135255,0.45936969409662254,0.06317965312629753,0.16141975308641976
500599,20099,1027,WayPoint,WayPoint Travel,travel,rewarded_video,ja,destination,discover,Shop now,Last-minute savings,Special fares today,blue,premium,booking,wanderlust,45-54,Android,2026-01-27,assets/creative_500599.png,stable,0.7763303769401332,strong_candidate,Keep,80.0,0.9124168514412417,3.0,0.6,27.0,0.8206896551724138,40.0,0.75625,21.0,0.5652173913043478,0.7206790123456791,7.660942405730999,0.4057867631764499,0.0063442502389065,0.0639613426166476,23744.55,3033613,181905.63,,0,-0.7889460744455392,-0.0983644093357903,True,False,0.9257206208425721,0.9246119733924612,0.5465631929046563,0.2516629711751663,0.8082039911308204,-0.45936969409662254,0.07357584497002834,-0.032098765432098664
500602,20100,1028,QuickFork,QuickFork Kitchen,food_delivery,rewarded_video,ja,gameplay,fast,Book now,Hungry? We got you,Fresh favorites nearby,red,excited,order,combo,45-54,iOS,2026-01-07,assets/creative_500602.png,fatigued,0.6221729490022174,not_top,Review,291.0,0.6784922394678492,1.0,1.0,30.0,0.8176100628930818,111.0,0.3125,5.0,0.5555555555555556,0.6015432098765432,1.5232592849757205,0.6814039455949854,0.0067941845362703,0.1002922340359385,39864.94,4734343,60724.64,10.0,1,-0.8494061577017884,-0.0711135524676915,True,False,0.7350332594235033,0.2006651884700665,0.8215077605321508,0.7028824833702882,0.8680709534368071,0.04117493037171216,0.2605255147478053,0.01790123456790127
500601,20100,1028,QuickFork,QuickFork Kitchen,food_delivery,interstitial,en,discount,2-for-1,Shop now,2-for-1 tonight,Fresh favorites nearby,purple,adventurous,order,combo,45-54,iOS,2026-01-21,assets/creative_500601.png,stable,0.5476164079822617,not_top,Review,411.0,0.5454545454545454,2.0,0.8,44.0,0.7295597484276729,133.0,0.5352112676056338,15.0,0.6744186046511628,0.5333333333333333,1.5155916158296268,0.5832132861315433,0.0058475273236904,0.0997367355204536,23406.49,3377838,35474.68,,0,-0.859114757884236,0.0422413793103446,True,False,0.5931263858093127,0.1951219512195122,0.7815964523281597,0.6929046563192904,0.7195121951219512,0.03350726122561842,0.1623348552843632,0.05308641975308642
500600,20100,1028,QuickFork,QuickFork Kitchen,food_delivery,interstitial,en,discount,late-night,Learn more,Hungry? We got you,Free delivery over $15,orange,premium,order,combo,45-54,iOS,2026-01-20,assets/creative_500600.png,stable,0.5069844789356984,not_top,Review,454.0,0.4977827050997783,3.0,0.6,48.0,0.7044025157232704,153.0,0.4647887323943662,17.0,0.627906976744186,0.5209876543209876,1.44857709337839,0.5372670866446864,0.00603467763025,0.0890299564555899,21839.1,3158578,31635.62,,0,-0.8432672109374766,-0.0488462143692114,True,False,0.5753880266075388,0.17184035476718404,0.7328159645232816,0.49667405764966743,0.7527716186252772,-0.03350726122561842,0.11638865579750624,0.04074074074074069
500610,20101,1029,BingeLayer,BingeLayer Plus,entertainment,rewarded_video,en,trust,exclusive,Get offer,Exclusive tonight,New hits every week,orange,urgent,signup,trailer,18-24,iOS,2026-01-26,assets/creative_500610.png,stable,0.7451219512195122,not_top,Review,119.0,0.8691796008869179,1.0,1.0,16.0,0.9117647058823529,57.0,0.65,11.0,0.7674418604651163,0.6839506172839506,1.961006144481949,0.7783295653313976,0.0070404609859907,0.1105509379116137,27706.16,3127210,54331.95,,0,-0.7092297859172121,-0.0396773625736445,True,False,0.8758314855875832,0.40687361419068735,0.8403547671840355,0.8070953436807096,0.885809312638581,0.1693137792564554,0.3363425874264771,0.05092592592592582
500609,20101,1029,BingeLayer,BingeLayer Plus,entertainment,rewarded_video,en,celebrity,exclusive,Get offer,Watch what’s trending,Cancel anytime,lime,calm,signup,trailer,18-24,iOS,2026-01-20,assets/creative_500609.png,stable,0.702660753880266,not_top,Review,169.0,0.8137472283813747,2.0,0.8333333333333334,26.0,0.8529411764705882,78.0,0.51875,17.0,0.627906976744186,0.6453703703703704,1.855357486375727,0.7256894049346879,0.0065338169172881,0.1110666879897649,33944.93,3828084,62979.98,,0,-0.778218238772733,-0.1243314158845494,True,False,0.8104212860310421,0.35698447893569846,0.8325942350332595,0.8093126385809313,0.835920177383592,0.06366512115023326,0.2837024270297674,0.012345679012345623
500611,20101,1029,BingeLayer,BingeLayer Plus,entertainment,rewarded_video,en,drama,exclusive,Try for free,A new season drops,New hits every week,purple,excited,signup,trailer,18-24,iOS,2026-01-16,assets/creative_500611.png,fatigued,0.702439024390244,not_top,Review,170.0,0.8126385809312638,3.0,0.6666666666666666,27.0,0.8470588235294118,79.0,0.5125,18.0,0.6046511627906976,0.6432098765432098,1.8638649479803,0.7225924185611854,0.0064654886959593,0.1117614541670731,42168.64,4756485,78596.65,13.0,1,-0.8428405507040928,-0.2079808464448408,True,False,0.8065410199556541,0.36363636363636365,0.8314855875831486,0.8137472283813747,0.8248337028824834,0.07217258275480631,0.28060544065626486,0.010185185185185075
500616,20102,1030,IronQuest,IronQuest Arena,gaming,playable,en,fantasy,competition,Claim reward,Join the arena,Free rewards for new players,blue,premium,install,fantasy,25-34,Both,2026-02-06,assets/creative_500616.png,stable,0.776219512195122,strong_candidate,Keep,81.0,0.9113082039911308,1.0,1.0,22.0,0.8618421052631579,13.0,0.6842105263157895,11.0,0.7058823529411765,0.7237654320987654,1.5867112261177003,2.330834630863832,0.0105945548968524,0.2200030726686127,24790.85,3071861,39335.92,,0,-0.7300344435902605,-0.108945022913152,True,False,0.9318181818181818,0.22394678492239467,0.9966740576496674,0.9822616407982262,0.9988913525498891,0.3219080228374853,0.9768539654318462,0.016512345679012386
500615,20102,1030,IronQuest,IronQuest Arena,gaming,playable,en,minimalist,challenge,Install now,Level up today,Play with friends tonight,orange,urgent,install,fantasy,25-34,Both,2026-01-21,assets/creative_500615.png,fatigued,0.7213414634146342,not_top,Review,143.0,0.8425720620842572,2.0,0.8333333333333334,40.0,0.743421052631579,18.0,0.5526315789473685,16.0,0.5588235294117647,0.6743827160493826,1.3410847271735749,1.8872749317925377,0.0085748283166763,0.2200947776554497,39461.72,4872634,52921.51,12.0,1,-0.8613514558851754,-0.0898113309754408,True,False,0.8592017738359202,0.1352549889135255,0.9855875831485588,0.983370288248337,0.967849223946785,0.07628152389335985,0.5332942663605518,-0.03287037037037044
500614,20102,1030,IronQuest,IronQuest Arena,gaming,playable,de,competitive,challenge,Learn more,Join the arena,No ads in first week,purple,urgent,install,fantasy,25-34,Both,2026-01-25,assets/creative_500614.png,fatigued,0.7176274944567629,not_top,Review,149.0,0.835920177383592,3.0,0.6666666666666666,42.0,0.7302631578947368,20.0,0.5,18.0,0.5,0.6716049382716051,1.3309680726773665,1.8792307160260533,0.0085066510412112,0.2209131075110456,31112.85,3831355,41410.21,13.0,1,-0.8660232695904571,-0.1026227297662868,True,False,0.852549889135255,0.1319290465631929,0.9844789356984479,0.9844789356984479,0.9656319290465631,0.0661648693971515,0.5252500505940674,-0.035648148148147984
500621,20103,1031,CrispBox,CrispBox Club,ecommerce,interstitial,es,ugc,new collection,Order now,Your next favorite pick,Shop bestsellers now,orange,excited,purchase,ugc,25-34,Android,2026-01-22,assets/creative_500621.png,stable,0.5062638580931265,not_top,Review,456.0,0.4955654101995565,1.0,1.0,24.0,0.8296296296296296,154.0,0.4612676056338028,8.0,0.78125,0.5243827160493827,3.3076399975168,0.3107160616658687,0.0058140529388527,0.0534422484510747,17557.99,4969167,58075.51,,0,-0.8513359596749878,-0.1531964025279534,True,False,0.582039911308204,0.6718403547671841,0.29711751662971175,0.10421286031042129,0.7128603104212861,0.22992487467641265,0.006623000913951738,0.02253086419753081
500620,20103,1031,CrispBox,CrispBox Club,ecommerce,native,es,discount,free shipping,Start now,Flash sale live,Only this weekend,purple,playful,purchase,ugc,25-34,Android,2026-01-22,assets/creative_500620.png,stable,0.4504988913525499,not_top,Review,537.0,0.4057649667405765,2.0,0.8333333333333334,35.0,0.7481481481481481,154.0,0.39763779527559057,17.0,0.6862745098039216,0.4669753086419753,4.145574223293451,0.2937450055575604,0.0051926654469359,0.0565692145121521,15234.84,5467327,63157.16,,0,-0.8302673336568753,-0.1691338365560265,True,False,0.4656319290465632,0.6917960088691796,0.23503325942350334,0.1541019955654102,0.5776053215077606,1.067859100453064,-0.010348055194356554,0.06080246913580245
500618,20103,1031,CrispBox,CrispBox Club,ecommerce,interstitial,en,discount,before/after,Book now,Flash sale live,Only this weekend,purple,premium,purchase,ugc,25-34,Android,2026-01-07,assets/creative_500618.png,stable,0.3753880266075388,not_top,Review,644.0,0.28713968957871394,3.0,0.6666666666666666,55.0,0.6,227.0,0.20422535211267606,18.0,0.46875,0.387037037037037,3.138048265930661,0.2735103676344807,0.004574932468286,0.059784569396485,30061.37,8482311,94334.03,,0,-0.8262616183500584,-0.0615566037735848,True,False,0.3348115299334812,0.664079822616408,0.17184035476718404,0.2017738359201774,0.417960088691796,0.06033314309027382,-0.03058269311743622,-0.11481481481481487
500624,20104,1032,SwiftStack,SwiftStack Invest,fintech,rewarded_video,en,trust,save smarter,Claim reward,Save with confidence,No hidden fees,green,playful,signup,feature-focus,45-54,iOS,2026-01-24,assets/creative_500624.png,fatigued,0.8790465631929046,strong_but_fatigued,Refresh,10.0,0.9900221729490022,1.0,1.0,1.0,1.0,8.0,0.95625,1.0,1.0,0.7354938271604938,7.811191945122399,0.5961755579382381,0.0051937428549112,0.1147872689489226,25616.28,3520775,200093.68,13.0,1,-0.8136166689865809,-0.0022915924020981,True,False,0.9406873614190687,0.9356984478935698,0.7904656319290465,0.8181818181818182,0.5787139689578714,0.9377026736359202,0.21343469087990857,0.013580246913580285
500629,20104,1032,SwiftStack,SwiftStack Invest,fintech,interstitial,es,testimonial,security,Try for free,Earn cashback daily,"Fast signup, instant card",white,trustworthy,signup,feature-focus,45-54,iOS,2026-01-18,assets/creative_500629.png,stable,0.6344789356984479,not_top,Review,272.0,0.6995565410199557,2.0,0.8333333333333334,45.0,0.6879432624113475,74.0,0.7429577464788732,13.0,0.625,0.5141975308641976,6.589949786337766,0.4077609288324566,0.0039396536722525,0.1035017193781178,31278.34,5240816,206122.69,,0,-0.7668739835712779,-0.14127972887221,True,False,0.565410199556541,0.8458980044345898,0.5509977827050998,0.7405764966740577,0.2516629711751663,-0.2835394851487125,0.025020061774127134,-0.024691358024691357
500628,20104,1032,SwiftStack,SwiftStack Invest,fintech,native,fr,trust,cashback,Claim reward,"Your money, clearer",No hidden fees,orange,playful,signup,feature-focus,45-54,iOS,2026-01-17,assets/creative_500628.png,stable,0.6118070953436807,not_top,Review,306.0,0.6618625277161863,3.0,0.6666666666666666,50.0,0.6524822695035462,74.0,0.7125984251968503,28.0,0.47058823529411764,0.4922839506172839,7.579138989191723,0.3730319467679282,0.0037014129330588,0.1007809594644849,31111.34,6538314,235797.17,,0,-0.7552449197439595,-0.0127904981673687,True,False,0.5182926829268293,0.9201773835920177,0.4700665188470067,0.7117516629711752,0.18514412416851442,0.7056497177052439,-0.009708920290401268,-0.025308641975308577
500634,20105,1033,NomadLayer,NomadLayer Flights,travel,rewarded_video,pt,destination,last-minute deal,Book now,Dream destinations await,Special fares today,orange,calm,booking,discount,35-44,iOS,2026-01-23,assets/creative_500634.png,top_performer,0.9180820399113082,top_winner,Scale,1.0,1.0,1.0,1.0,1.0,1.0,1.0,1.0,1.0,1.0,0.925925925925926,12.311159384838898,0.6596492685664231,0.0101357509490963,0.0650814401300215,21585.24,2792393,265739.33,,0,-0.6310388194918493,-0.1444336137976378,True,False,1.0,0.9977827050997783,0.8093126385809313,0.270509977827051,0.9944567627494457,1.7640381791416289,0.3274383503600016,0.17314814814814827
500632,20105,1033,NomadLayer,NomadLayer Flights,travel,rewarded_video,fr,drama,escape,Get offer,Fly smarter,Special fares today,blue,trustworthy,booking,discount,35-44,iOS,2026-01-17,assets/creative_500632.png,fatigued,0.8327050997782705,strong_but_fatigued,Refresh,31.0,0.9667405764966741,2.0,0.5,14.0,0.9103448275862069,21.0,0.875,13.0,0.7391304347826086,0.8327160493827162,8.896045001022596,0.4786673551916763,0.0082051653332309,0.0583373199383405,35497.86,4585648,315790.56,10.0,1,-0.8463126988877674,0.0702330874604846,True,False,0.9855875831485588,0.9611973392461197,0.6618625277161863,0.17960088691796008,0.9567627494456763,-1.6510762046746734,0.14645643698525473,0.07993827160493838
500639,20106,1034,PlateSprint,PlateSprint Go,food_delivery,native,fr,urgency,late-night,Try for free,"Fast food, fast",Late-night deals available,black,adventurous,order,urgency,18-24,Both,2026-01-31,assets/creative_500639.png,fatigued,0.656818181818182,not_top,Review,238.0,0.7372505543237251,1.0,1.0,24.0,0.8553459119496856,53.0,0.7952755905511811,14.0,0.7450980392156863,0.5805555555555556,2.127564343640599,0.566949036235566,0.0053347029810877,0.1062756517552106,39619.3,8175338,84292.61,12.0,1,-0.8514449512476998,-0.0746753246753246,True,False,0.697339246119734,0.46674057649667405,0.7649667405764967,0.7760532150776053,0.6119733924611973,0.7670865623481387,0.1460706053883859,0.1044753086419754
500636,20106,1034,PlateSprint,PlateSprint Go,food_delivery,native,en,fantasy,2-for-1,Get offer,2-for-1 tonight,Free delivery over $15,red,excited,order,urgency,18-24,Both,2026-02-01,assets/creative_500636.png,stable,0.376940133037694,not_top,Review,640.0,0.2915742793791574,2.0,0.8333333333333334,79.0,0.5094339622641509,181.0,0.29133858267716534,34.0,0.35294117647058826,0.3802469135802469,1.624007872314524,0.422148514170554,0.004701055358085,0.0897986690253559,36472.12,7575533,59231.01,,0,-0.8461223604840862,-0.1130043009697623,True,False,0.3215077605321508,0.24501108647450112,0.5687361419068736,0.5110864745011087,0.4445676274944568,0.2635300910220635,0.0012700833233738607,-0.09583333333333327
500637,20106,1034,PlateSprint,PlateSprint Go,food_delivery,native,fr,combo,2-for-1,Install now,"Fast food, fast",Late-night deals available,orange,trustworthy,order,urgency,18-24,Both,2026-01-30,assets/creative_500637.png,stable,0.37272727272727274,not_top,Review,646.0,0.28492239467849223,3.0,0.6666666666666666,82.0,0.49056603773584906,182.0,0.2874015748031496,35.0,0.3333333333333333,0.3580246913580247,1.5760197321080796,0.4272944763838532,0.0044577147151951,0.0958550521251002,43567.57,8951672,68663.35,,0,-0.8320512809419123,-0.1405591600866542,True,False,0.29490022172949004,0.21951219512195122,0.5853658536585366,0.6352549889135255,0.3858093126385809,0.2155419508156191,0.006416045536673076,-0.11805555555555547
500642,20107,1035,StarVault,StarVault Plus,entertainment,rewarded_video,fr,drama,watch now,Learn more,Watch what’s trending,Start free today,blue,excited,install,ugc,25-34,iOS,2026-01-13,assets/creative_500642.png,fatigued,0.7018292682926829,not_top,Review,171.0,0.811529933481153,1.0,1.0,28.0,0.8411764705882353,80.0,0.50625,19.0,0.5813953488372093,0.641358024691358,2.0628805087073925,0.6189817637932422,0.0061472374297062,0.1006926722566532,29848.2,4462167,61573.27,12.0,1,-0.8550673987412649,-0.2139412919023113,True,False,0.8032150776053215,0.4467849223946785,0.7960088691796009,0.7095343680709535,0.7738359201773836,-0.08399009543751035,0.17699478588832168,0.008333333333333304
500644,20107,1035,StarVault,StarVault Plus,entertainment,native,it,celebrity,2-for-1,Order now,A new season drops,Start free today,orange,calm,install,ugc,25-34,iOS,2026-01-11,assets/creative_500644.png,stable,0.6055986696230599,not_top,Review,312.0,0.655210643015521,2.0,0.8333333333333334,53.0,0.6941176470588235,77.0,0.7007874015748031,13.0,0.7647058823529411,0.5324074074074074,2.467031248927868,0.4794170426722843,0.0047963260788931,0.0999550561797752,30604.89,6958451,75503.22,,0,-0.7969285176313993,-0.3261141202646014,True,False,0.5920177383592018,0.5709534368070953,0.664079822616408,0.6984478935698448,0.4678492239467849,0.32016064478296524,0.03743006476736377,0.12716049382716066
500645,20107,1035,StarVault,StarVault Plus,entertainment,native,es,trailer,exclusive,Shop now,A new season drops,New hits every week,blue,playful,install,ugc,25-34,iOS,2026-01-21,assets/creative_500645.png,stable,0.5312084257206209,not_top,Review,426.0,0.5288248337028825,3.0,0.6666666666666666,72.0,0.5823529411764706,111.0,0.5669291338582677,18.0,0.6666666666666666,0.4870370370370371,2.277794158392116,0.4351478522082629,0.004761089528504,0.0913966959879854,21366.72,4894888,48668.99,,0,-0.8064708125823628,0.0177143284251437,True,False,0.5077605321507761,0.5188470066518847,0.6019955654101996,0.549889135254989,0.46008869179600886,0.13092355424721314,-0.006839125696657622,0.08179012345679032
500652,20108,1000,PixelForge,PixelForge Battle,gaming,rewarded_video,en,reward,watch now,Shop now,Join the arena,No ads in first week,blue,trustworthy,install,gameplay,25-34,Both,2026-01-20,assets/creative_500652.png,fatigued,0.7087583148558759,not_top,Review,164.0,0.8192904656319291,1.0,1.0,46.0,0.7039473684210527,76.0,0.53125,17.0,0.627906976744186,0.6617283950617284,1.497320712478958,1.4284815748748692,0.0075993403489369,0.1879744174209396,31769.64,5946174,47569.34,10.0,1,-0.8580510412136293,-0.0551089092304662,True,False,0.8392461197339246,0.18736141906873613,0.9423503325942351,0.9101995565410199,0.934589800443459,0.41434949719556546,0.07450090944288323,0.0
500649,20108,1000,PixelForge,PixelForge Battle,gaming,rewarded_video,en,product-focus,competition,Install now,Win epic rewards,No ads in first week,purple,excited,install,gameplay,25-34,Both,2026-01-15,assets/creative_500649.png,fatigued,0.6893015521064302,not_top,Review,189.0,0.7915742793791575,2.0,0.8333333333333334,56.0,0.6381578947368421,89.0,0.45,21.0,0.5348837209302325,0.6348765432098765,1.481188943316158,1.3967545483745654,0.0068535972720151,0.2037987487356235,41308.95,7789486,61186.36,10.0,1,-0.8645804895003362,0.0157495053093639,True,False,0.7937915742793792,0.18292682926829268,0.9368070953436807,0.9512195121951219,0.8713968957871396,0.39821772803276545,0.042773882942579444,-0.026851851851851904
500648,20108,1000,PixelForge,PixelForge Battle,gaming,rewarded_video,pt,gameplay,competition,Learn more,Beat your rivals,Free rewards for new players,lime,premium,install,gameplay,25-34,Both,2026-01-08,assets/creative_500648.png,stable,0.4714523281596453,not_top,Review,510.0,0.4356984478935698,3.0,0.6666666666666666,138.0,0.09868421052631579,143.0,0.1125,43.0,0.023255813953488372,0.4487654320987654,0.9963946398189304,0.9509427405122436,0.0049715222998452,0.1912779794916809,80715.93,15123939,80424.92,,0,-0.7760538781767493,-0.1015114087463593,True,False,0.43237250554323725,0.03325942350332594,0.8603104212860311,0.9235033259423503,0.5155210643015521,-0.08657657546446218,-0.40303792491974233,-0.21296296296296302
500658,20109,1001,VantaStyle,VantaStyle Outlet,ecommerce,rewarded_video,en,discount,security,Watch now,New collection drop,Shop bestsellers now,pink,urgent,purchase,discount,18-24,Android,2026-01-04,assets/creative_500658.png,stable,0.7793237250554323,strong_candidate,Keep,78.0,0.9146341463414634,1.0,1.0,2.0,0.9925925925925926,39.0,0.7625,1.0,1.0,0.7595679012345679,2.945526376622366,0.5764676826522163,0.0078200862958174,0.0737162814891877,25825.71,3441650,76070.31,,0,-0.775416347787136,0.0183695468845099,True,False,0.9600886917960089,0.6441241685144125,0.770509977827051,0.3325942350332594,0.9379157427937915,0.13684768436647454,0.2723746219002993,0.1811728395061727
500656,20109,1001,VantaStyle,VantaStyle Outlet,ecommerce,banner,en,testimonial,new collection,Book now,Up to 40% off,Shop bestsellers now,orange,adventurous,purchase,discount,18-24,Android,2026-01-06,assets/creative_500656.png,stable,0.3041019955654102,not_top,Review,735.0,0.18625277161862527,2.0,0.5,72.0,0.4740740740740741,75.0,0.5542168674698795,3.0,0.9487179487179487,0.3373456790123457,2.370332096992046,0.2621433644609032,0.0045917309437067,0.0570903146710257,23321.5,5329145,55279.7,,0,-0.763895833936859,-0.0367007672634271,True,False,0.2572062084257206,0.5443458980044346,0.14079822616407983,0.15853658536585366,0.4223946784922395,-0.43834659526384545,-0.04194969629101375,0.1510802469135803
500661,20110,1002,EarnPath,EarnPath Invest,fintech,native,en,fantasy,save smarter,Watch now,Secure & simple,"Fast signup, instant card",white,trustworthy,signup,testimonial,25-34,Both,2026-01-24,assets/creative_500661.png,stable,0.5909645232815964,not_top,Review,340.0,0.6241685144124168,1.0,1.0,58.0,0.5957446808510638,87.0,0.6614173228346457,33.0,0.37254901960784315,0.4861111111111111,7.31186198337702,0.3639468028187593,0.0038251418456543,0.0951459625561941,22142.84,4594078,161905.39,,0,-0.7052258919554032,-0.1519309969523065,True,False,0.5055432372505543,0.9035476718403548,0.4490022172949002,0.6241685144124168,0.21286031042128603,-0.0829685904826789,-0.018794064239570196,-0.03148148148148139
500665,20110,1002,EarnPath,EarnPath Invest,fintech,banner,pt,trust,security,Try for free,Save with confidence,Built for peace of mind,purple,excited,signup,testimonial,25-34,Both,2026-02-02,assets/creative_500665.png,stable,0.5601441241685144,not_top,Review,392.0,0.5665188470066519,2.0,0.75,67.0,0.5319148936170213,7.0,0.963855421686747,3.0,0.9591836734693877,0.482716049382716,7.477799164342378,0.3355846604424821,0.003969395272485,0.0845430191265341,17492.81,4043689,130807.72,,0,-0.7419771319227286,-0.0184486962797473,True,False,0.5,0.9146341463414634,0.38137472283813745,0.42017738359201773,0.2638580931263858,0.0829685904826789,-0.04715620661584741,0.1296296296296296
500664,20110,1002,EarnPath,EarnPath Invest,fintech,native,de,trust,new collection,Book now,Earn cashback daily,No hidden fees,blue,adventurous,signup,testimonial,25-34,Both,2026-01-20,assets/creative_500664.png,stable,0.5347006651884701,not_top,Review,424.0,0.5310421286031042,3.0,0.5,72.0,0.49645390070921985,110.0,0.5708661417322834,38.0,0.27450980392156865,0.4407407407407407,6.868481174291663,0.34369998481884,0.0035616626583725,0.096499870365569,26078.7,5414606,179121.06,,0,-0.708462641817831,-0.0989015061669829,True,False,0.4157427937915743,0.8647450110864745,0.401330376940133,0.6419068736141907,0.15521064301552107,-0.5263493995680362,-0.03904088223948948,-0.07685185185185178
500668,20111,1003,CloudRoute,CloudRoute Travel,travel,rewarded_video,en,wanderlust,limited offer,Order now,Escape this weekend,Hotels + flights in one tap,orange,adventurous,booking,destination,25-34,Android,2026-01-18,assets/creative_500668.png,fatigued,0.7011640798226163,not_top,Review,172.0,0.8104212860310421,1.0,1.0,50.0,0.6620689655172414,81.0,0.5,35.0,0.2608695652173913,0.6672839506172838,8.017528232323912,0.3352644007513254,0.0062879775435323,0.0533183203073254,28997.79,4802180,232490.6,13.0,1,-0.8702821108792188,-0.0414195728990629,True,False,0.8453436807095344,0.9478935698447893,0.37915742793791574,0.10310421286031042,0.7982261640798226,0.09256880993169858,0.0030534825449038405,-0.08549382716049392
500667,20111,1003,CloudRoute,CloudRoute Travel,travel,rewarded_video,en,minimalist,late-night,Start now,Last-minute savings,Hotels + flights in one tap,white,trustworthy,booking,destination,25-34,Android,2026-01-08,assets/creative_500667.png,fatigued,0.6995011086474501,not_top,Review,173.0,0.8093126385809313,2.0,0.8333333333333334,51.0,0.6551724137931034,82.0,0.49375,36.0,0.2391304347826087,0.6768518518518518,7.832390612460514,0.3319924399922229,0.0066422899207267,0.049981624402793,41930.05,6964014,328412.53,10.0,1,-0.8670064912993862,-0.3766442657265617,True,False,0.8625277161862528,0.9379157427937915,0.3625277161862528,0.04988913525498891,0.8503325942350333,-0.09256880993169947,-0.00021847821419868074,-0.07592592592592595
500670,20111,1003,CloudRoute,CloudRoute Travel,travel,native,en,discount,discover,Learn more,Fly smarter,Special fares today,blue,trustworthy,booking,destination,25-34,Android,2026-01-15,assets/creative_500670.png,stable,0.49844789356984476,not_top,Review,469.0,0.4811529933481153,3.0,0.6666666666666666,100.0,0.31724137931034485,126.0,0.5078740157480315,25.0,0.4146341463414634,0.4916666666666666,9.00714214833112,0.2443790474913465,0.0048944962322259,0.0499293565458942,33657.94,8531828,303161.85,,0,-0.8355708405992277,0.0529609756582369,True,False,0.5155210643015521,0.9667405764966741,0.10532150776053215,0.04767184035476718,0.49445676274944567,1.0821827259389067,-0.08783187071507506,-0.05740740740740746
500676,20112,1004,SnapMeal,SnapMeal Express,food_delivery,interstitial,en,urgency,challenge,Order now,Hungry? We got you,Free delivery over $15,yellow,excited,order,combo,45-54,Both,2026-02-06,assets/creative_500676.png,stable,0.4419068736141907,not_top,Review,557.0,0.3835920177383592,1.0,1.0,61.0,0.6226415094339622,191.0,0.33098591549295775,22.0,0.5116279069767442,0.4246913580246914,1.711787776995159,0.4537993902154359,0.0048115787115209,0.0943140323422013,28778.03,5976209,49261.88,,0,-0.8479335253278258,0.1155726139536201,True,False,0.39800443458980045,0.2915742793791574,0.6274944567627494,0.6075388026607539,0.47117516629711753,0.14411247493937074,0.03292095936825579,-0.055555555555555525
500677,20112,1004,SnapMeal,SnapMeal Express,food_delivery,interstitial,fr,product-focus,fast,Order now,"Your cravings, delivered",Late-night deals available,yellow,playful,order,combo,45-54,Both,2026-01-27,assets/creative_500677.png,stable,0.4409645232815964,not_top,Review,560.0,0.3802660753880266,2.0,0.8333333333333334,62.0,0.6163522012578616,193.0,0.323943661971831,23.0,0.4883720930232558,0.4450617283950617,1.7333101021234294,0.4429525465851495,0.0050618326040078,0.0875083356637339,44021.24,9183828,76302.46,,0,-0.8247637963026293,-0.0562020390966738,True,False,0.4240576496674058,0.3026607538802661,0.6119733924611973,0.4634146341463415,0.5388026607538803,0.16563480006764109,0.022074115737969358,-0.03518518518518521
500673,20112,1004,SnapMeal,SnapMeal Express,food_delivery,rewarded_video,pt,urgency,late-night,Shop now,Dinner in minutes,Free delivery over $15,purple,premium,order,combo,45-54,Both,2026-01-31,assets/creative_500673.png,stable,0.38702882483370293,not_top,Review,621.0,0.31263858093126384,3.0,0.6666666666666666,76.0,0.5283018867924528,151.0,0.0625,8.0,0.2222222222222222,0.3999999999999999,1.4235628271164174,0.4567185071829365,0.0049749694532427,0.0918032786885245,31785.32,5395008,45248.4,,0,-0.8430122780602205,0.0709128782209158,True,False,0.3464523281596452,0.1629711751662971,0.6308203991130821,0.5565410199556541,0.5177383592017738,-0.14411247493937096,0.035840076335756366,-0.183641975308642
500680,20113,1005,MoonScreen,MoonScreen Play,entertainment,rewarded_video,es,ugc,book now,Book now,Binge starts now,Start free today,blue,premium,install,celebrity,18-24,Android,2026-01-21,assets/creative_500680.png,fatigued,0.7662416851441243,not_top,Review,96.0,0.8946784922394678,1.0,1.0,11.0,0.9411764705882353,47.0,0.7125,8.0,0.8372093023255814,0.6987654320987655,2.664890201507248,0.5869854143613147,0.0062635771733129,0.0937140867142608,23173.36,4584441,61754.46,11.0,1,-0.8148505014915308,-0.0903672989554799,True,False,0.8946784922394678,0.6097560975609756,0.7849223946784922,0.5931263858093127,0.7926829268292683,0.03358211179960513,0.14499843645639415,0.06574074074074077
500683,20113,1005,MoonScreen,MoonScreen Play,entertainment,rewarded_video,es,drama,exclusive,Shop now,A new season drops,New hits every week,orange,excited,install,celebrity,18-24,Android,2026-01-16,assets/creative_500683.png,fatigued,0.7626940133037695,not_top,Review,101.0,0.8891352549889135,2.0,0.8333333333333334,13.0,0.9294117647058824,49.0,0.7,9.0,0.813953488372093,0.6768518518518519,2.651514442207762,0.5939627640318674,0.0058776168551347,0.1010550327915597,30119.01,5966704,79860.99,10.0,1,-0.826225550280896,-0.0674412510364034,True,False,0.864190687361419,0.606430155210643,0.7882483370288248,0.7139689578713969,0.7272727272727273,0.020206352500119262,0.1519757861269469,0.04382716049382718
500681,20113,1005,MoonScreen,MoonScreen Play,entertainment,interstitial,en,trailer,2-for-1,Get offer,Exclusive tonight,New hits every week,blue,calm,install,celebrity,18-24,Android,2026-01-26,assets/creative_500681.png,stable,0.7255543237250555,not_top,Review,135.0,0.8514412416851441,3.0,0.6666666666666666,19.0,0.8941176470588236,28.0,0.9049295774647887,3.0,0.9696969696969697,0.6694444444444444,2.8756080635961214,0.5217874062529173,0.0060199264263271,0.0866767082021087,19915.68,4852551,57269.69,,0,-0.7812805592944625,0.0820912504266697,True,False,0.8503325942350333,0.6374722838137472,0.7150776053215078,0.45454545454545453,0.7516629711751663,0.24429997388847857,0.07980042834799678,0.2030864197530864
500685,20114,1006,NeonArena,NeonArena Quest,gaming,rewarded_video,pt,competitive,cashback,Install now,Beat your rivals,Play with friends tonight,purple,urgent,install,fantasy,45-54,Both,2026-01-24,assets/creative_500685.png,top_performer,0.9150886917960089,top_winner,Scale,2.0,0.9988913525498891,1.0,1.0,1.0,1.0,2.0,0.99375,1.0,1.0,0.8506172839506173,2.837019747449906,1.796253528355145,0.0104385427059454,0.1720789557465775,14618.09,4212657,41471.81,,0,-0.7752835430832927,-0.0721574176927734,True,False,0.991130820399113,0.6286031042128604,0.975609756097561,0.8647450110864745,0.9977827050997783,0.5867870578176904,0.44227286292315915,0.18888888888888888
500686,20114,1006,NeonArena,NeonArena Quest,gaming,playable,es,reward,last-minute deal,Shop now,Unlock rare gear,No ads in first week,purple,urgent,install,fantasy,45-54,Both,2026-01-16,assets/creative_500686.png,fatigued,0.8988359201773836,strong_but_fatigued,Refresh,6.0,0.9944567627494457,2.0,0.8333333333333334,2.0,0.993421052631579,1.0,1.0,1.0,1.0,0.8533950617283951,2.86183666761179,1.9951308449136724,0.0096473834521935,0.2068053845688106,19926.85,5136004,57027.39,13.0,1,-0.8572055661138154,-0.0118413323302382,True,False,0.9922394678492239,0.6330376940133038,0.991130820399113,0.9600886917960089,0.9889135254988913,0.6116039779795743,0.6411501794816865,0.14614197530864204
500687,20114,1006,NeonArena,NeonArena Quest,gaming,playable,pt,fantasy,power-up,Start now,Beat your rivals,Free rewards for new players,lime,excited,install,fantasy,45-54,Both,2026-01-25,assets/creative_500687.png,fatigued,0.8603658536585367,strong_but_fatigued,Refresh,21.0,0.9778270509977827,3.0,0.6666666666666666,8.0,0.9539473684210527,5.0,0.8947368421052632,5.0,0.8823529411764706,0.7981481481481483,2.3718434265909547,1.6030199402419574,0.0084215658278717,0.1903470177643984,13843.73,3589475,32835.16,12.0,1,-0.8831598532166587,-0.0475460682357233,True,False,0.9789356984478935,0.5454545454545454,0.9611973392461197,0.9201773835920177,0.9634146341463414,0.12161073695873892,0.24903927480997146,0.09089506172839523
500692,20115,1007,ThreadMark,ThreadMark Market,ecommerce,playable,de,discount,limited offer,Try for free,Your next favorite pick,Shop bestsellers now,pink,urgent,purchase,discount,45-54,Android,2026-01-22,assets/creative_500692.png,stable,0.42184035476718407,not_top,Review,580.0,0.3580931263858093,1.0,1.0,42.0,0.6962962962962963,37.0,0.05263157894736842,2.0,0.5,0.4351851851851852,2.2623649435527424,0.3364853764167548,0.0050686447971349,0.0663856691253951,32664.12,5616886,73898.16,,0,-0.8560341584206672,-0.0652876463687274,True,False,0.4079822616407982,0.5066518847006651,0.38470066518847007,0.2804878048780488,0.5399113082039911,-0.0373274853386274,0.032392315664837856,-0.16929012345679012
500690,20115,1007,ThreadMark,ThreadMark Market,ecommerce,interstitial,en,celebrity,new collection,Order now,Up to 40% off,Free shipping over $25,teal,playful,purchase,discount,45-54,Android,2026-01-27,assets/creative_500690.png,stable,0.2886917960088692,not_top,Review,748.0,0.17184035476718404,2.0,0.8333333333333334,74.0,0.45925925925925926,254.0,0.10915492957746478,24.0,0.28125,0.3228395061728394,2.3370199142299977,0.2604271755757713,0.004508120422366,0.0577684602841835,28686.02,6665971,67039.8,,0,-0.8483473605760736,-0.0844498413249115,True,False,0.23059866962305986,0.5299334811529933,0.13636363636363635,0.1674057649667406,0.3991130820399113,0.03732748533862784,-0.04366588517614567,-0.17901234567901247
500691,20115,1007,ThreadMark,ThreadMark Market,ecommerce,native,es,ugc,new collection,Get offer,Flash sale live,Shop bestsellers now,black,urgent,purchase,discount,45-54,Android,2026-01-17,assets/creative_500691.png,stable,0.25260532150776055,not_top,Review,771.0,0.14634146341463414,3.0,0.6666666666666666,84.0,0.3851851851851852,228.0,0.1062992125984252,40.0,0.23529411764705882,0.2746913580246913,2.51368507711138,0.2227491104505337,0.0039173882534869,0.0568616374065704,40303.39,11748644,101310.03,,0,-0.7856708704074621,-0.0171534049574154,True,False,0.1607538802660754,0.5831485587583148,0.07317073170731707,0.1574279379157428,0.24279379157427938,0.2139926482200103,-0.08134395030138325,-0.13148148148148153
500701,20116,1008,CoinBridge,CoinBridge Cash,fintech,native,ja,testimonial,save smarter,Install now,Secure & simple,"Fast signup, instant card",black,playful,signup,feature-focus,18-24,Android,2026-01-27,assets/creative_500701.png,stable,0.7509977827050999,not_top,Review,115.0,0.8736141906873615,1.0,1.0,22.0,0.851063829787234,22.0,0.9173228346456693,11.0,0.803921568627451,0.6095679012345679,6.341283172683749,0.510784022021585,0.0044926348340864,0.1136936432371884,25592.97,3179426,162292.27000000002,,0,-0.7060309950899439,-0.2623467233850566,True,False,0.7516629711751663,0.8337028824833703,0.7028824833702882,0.8170731707317073,0.3924611973392461,0.6708920506782938,0.12804315496325552,0.09197530864197545
500699,20116,1008,CoinBridge,CoinBridge Cash,fintech,banner,ja,trust,earn more,Install now,Track every euro,Built for peace of mind,purple,urgent,signup,feature-focus,18-24,Android,2026-01-26,assets/creative_500699.png,stable,0.4254434589800444,not_top,Review,577.0,0.3614190687361419,2.0,0.5,101.0,0.2907801418439716,32.0,0.8132530120481928,19.0,0.6326530612244898,0.3530864197530864,4.404523256964335,0.3232849632830458,0.0033777999958911,0.0957087345835445,25168.59,3504648,110855.64,,0,-0.64464001041717,-0.107290305722498,True,False,0.28824833702882485,0.7006651884700665,0.33370288248337027,0.6319290465631929,0.1008869179600887,-1.2658678650411197,-0.0594559037752837,0.0
500705,20117,1009,DriftPass,DriftPass Getaway,travel,rewarded_video,en,competitive,challenge,Watch now,Fly smarter,Flexible booking options,orange,excited,booking,discount,18-24,Both,2026-01-19,assets/creative_500705.png,fatigued,0.7692350332594236,not_top,Review,93.0,0.8980044345898004,1.0,1.0,30.0,0.8,45.0,0.725,22.0,0.5434782608695652,0.7188271604938272,7.77559437967335,0.3982190655558104,0.0064261444090506,0.0619685833693615,23929.57,3239423,186066.63,15.0,1,-0.8556094395452953,-0.2173792414615876,True,False,0.9185144124168514,0.9323725055432373,0.5254988913525499,0.22727272727272727,0.8181818181818182,0.34792858438486896,0.06600814734938881,-0.033950617283950546
500707,20117,1009,DriftPass,DriftPass Getaway,travel,rewarded_video,fr,wanderlust,discover,Shop now,Fly smarter,Hotels + flights in one tap,blue,playful,booking,discount,18-24,Both,2026-01-11,assets/creative_500707.png,fatigued,0.6993348115299335,not_top,Review,174.0,0.8082039911308204,2.0,0.8333333333333334,52.0,0.6482758620689655,83.0,0.4875,37.0,0.21739130434782608,0.6691358024691358,6.916159621635397,0.3595891872292557,0.0064696068714518,0.0555813041463153,32214.43,4335503,222800.14,15.0,1,-0.850804108370325,-0.0169456384098163,True,False,0.8486696230598669,0.8680709534368071,0.4356984478935698,0.14301552106430154,0.8281596452328159,-0.5115061736530846,0.027378269022834134,-0.08364197530864192
500704,20117,1009,DriftPass,DriftPass Getaway,travel,interstitial,fr,testimonial,book now,Claim reward,Fly smarter,Special fares today,teal,trustworthy,booking,discount,18-24,Both,2026-01-17,assets/creative_500704.png,stable,0.5964523281596452,not_top,Review,330.0,0.6352549889135255,3.0,0.6666666666666666,77.0,0.47586206896551725,94.0,0.6725352112676056,22.0,0.5961538461538461,0.5666666666666668,7.284566964121787,0.3057281496881122,0.0054733235831248,0.0558578613240992,26960.93,4432042,196398.7,,0,-0.8452177762646202,0.030602310714914,True,False,0.6718403547671841,0.9024390243902439,0.27605321507760533,0.14855875831485588,0.6407982261640798,-0.14309883116669475,-0.026482768518309385,-0.010802469135802406
500709,20118,1010,BiteRush,BiteRush Bites,food_delivery,rewarded_video,es,urgency,late-night,Claim reward,"Your cravings, delivered",Late-night deals available,lime,urgent,order,combo,25-34,Both,2026-01-17,assets/creative_500709.png,fatigued,0.6798780487804879,not_top,Review,207.0,0.7716186252771619,1.0,1.0,20.0,0.8805031446540881,91.0,0.4375,3.0,0.7777777777777778,0.6188271604938271,2.1162882777919125,0.5766427353437774,0.0058488327173061,0.0985910801718682,25508.59,5133161,53983.53,11.0,1,-0.8590590729360591,-0.0447990937981813,True,False,0.7649667405764967,0.46452328159645234,0.7716186252771619,0.6740576496674058,0.720620842572062,-0.0695700866841058,0.15576430449659728,0.03518518518518521
500711,20118,1010,BiteRush,BiteRush Bites,food_delivery,native,es,discount,fast,Book now,Dinner in minutes,Free delivery over $15,purple,trustworthy,order,combo,25-34,Both,2026-01-26,assets/creative_500711.png,fatigued,0.671840354767184,not_top,Review,218.0,0.7594235033259423,2.0,0.8333333333333334,21.0,0.8742138364779874,47.0,0.8188976377952756,12.0,0.7843137254901961,0.5901234567901236,2.784619082622611,0.4952721565524997,0.0051444451011689,0.0962731930874256,20052.38,6107753,55838.24,12.0,1,-0.84283818965066,-0.1018054054054052,True,False,0.7150776053215078,0.6263858093126385,0.6873614190687362,0.6385809312638581,0.5576496674057649,0.5987607181465928,0.07439372570531955,0.11404320987654337
500708,20118,1010,BiteRush,BiteRush Bites,food_delivery,native,es,discount,late-night,Shop now,"Your cravings, delivered",Late-night deals available,yellow,trustworthy,order,combo,25-34,Both,2026-01-23,assets/creative_500708.png,fatigued,0.6715077605321508,not_top,Review,219.0,0.7583148558758315,3.0,0.6666666666666666,22.0,0.8679245283018868,48.0,0.8149606299212598,13.0,0.7647058823529411,0.5839506172839506,2.790607377086848,0.4980215682890215,0.005046268786626,0.0986910506251499,24371.68,7433413,68011.79,12.0,1,-0.8475412366672901,-0.0979483720884771,True,False,0.70509977827051,0.6274944567627494,0.6906873614190687,0.6773835920177383,0.5343680709534369,0.6047490126108297,0.07714313744184137,0.1078703703703704
500714,20119,1011,FluxStream,FluxStream Box,entertainment,rewarded_video,ja,trailer,watch now,Try for free,Exclusive tonight,Start free today,blue,calm,signup,celebrity,35-44,Android,2026-01-29,assets/creative_500714.png,stable,0.3271618625277162,not_top,Review,703.0,0.22172949002217296,1.0,1.0,129.0,0.24705882352941178,157.0,0.025,40.0,0.09302325581395349,0.3138888888888889,1.7981553521893645,0.3648411863781498,0.0039996685379008,0.0912178554099951,46961.81,10305854,84444.63,,0,-0.8406002165684235,-0.0976758754931524,True,False,0.21286031042128603,0.33370288248337027,0.4534368070953437,0.5421286031042128,0.2738359201773836,0.05830459874558902,-0.07714579152677076,-0.31913580246913587
500717,20119,1011,FluxStream,FluxStream Box,entertainment,rewarded_video,en,trailer,watch now,Install now,Exclusive tonight,Start free today,purple,premium,signup,celebrity,35-44,Android,2026-01-28,assets/creative_500717.png,stable,0.3153547671840355,not_top,Review,723.0,0.19955654101995565,2.0,0.8333333333333334,133.0,0.2235294117647059,158.0,0.01875,41.0,0.06976744186046512,0.295679012345679,1.8108243379557072,0.3609342985388367,0.0038642311131322,0.0934039108872729,45374.23,10071085,82164.76,,0,-0.8251565491416917,-0.2162444076767311,True,False,0.18292682926829268,0.3392461197339246,0.43680709534368073,0.5886917960088692,0.22283813747228381,0.0709735845119317,-0.08105267936608385,-0.33734567901234574
500716,20119,1011,FluxStream,FluxStream Box,entertainment,rewarded_video,ja,trailer,new season,Shop now,Stream the hype,Start free today,blue,premium,signup,celebrity,35-44,Android,2026-01-23,assets/creative_500716.png,stable,0.269179600886918,not_top,Review,763.0,0.15521064301552107,3.0,0.6666666666666666,139.0,0.18823529411764706,159.0,0.0125,42.0,0.046511627906976744,0.2481481481481481,1.6815461546981862,0.3430033809301673,0.0036418293706212,0.0941843634128447,63107.01,13848260,106117.35,,0,-0.781296334038757,-0.0584134743106103,True,False,0.13082039911308205,0.2727272727272727,0.39800443458980045,0.6042128603104213,0.1729490022172949,-0.05830459874558924,-0.09898359697475323,-0.38487654320987663
500720,20120,1012,VoxelRealm,VoxelRealm Arena,gaming,playable,en,gameplay,power-up,Book now,Level up today,No ads in first week,lime,playful,install,gameplay,25-34,Android,2026-01-05,assets/creative_500720.png,fatigued,0.8332594235033259,strong_but_fatigued,Refresh,30.0,0.967849223946785,1.0,1.0,11.0,0.9342105263157895,6.0,0.868421052631579,6.0,0.8529411764705882,0.7737654320987654,1.9086764410465984,2.345073788624293,0.0099014909270977,0.2368404723986018,34497.67,4883002,65844.89,13.0,1,-0.8662957299816041,-0.0459441783522803,True,False,0.9672949002217295,0.38802660753880264,0.9988913525498891,0.9988913525498891,0.9933481152993349,0.6704242264417837,0.9910931231923072,0.06651234567901232
500723,20120,1012,VoxelRealm,VoxelRealm Arena,gaming,rewarded_video,en,gameplay,power-up,Install now,Unlock rare gear,Play with friends tonight,purple,playful,install,gameplay,25-34,Android,2026-01-14,assets/creative_500723.png,fatigued,0.7359756097560977,not_top,Review,125.0,0.8625277161862528,2.0,0.8333333333333334,34.0,0.7828947368421053,59.0,0.6375,13.0,0.7209302325581395,0.6805555555555557,1.5128166521142343,1.745810548183102,0.0080651794337924,0.2164627039627039,27429.55,4255330,41495.88,13.0,1,-0.8941022891040711,-0.0744941183881076,True,False,0.8697339246119734,0.19401330376940132,0.9711751662971175,0.9767184035476718,0.9534368070953437,0.2745644375094196,0.3918298827511162,0.018827160493827266
500722,20120,1012,VoxelRealm,VoxelRealm Arena,gaming,rewarded_video,en,combo,free rewards,Learn more,Unlock rare gear,Free rewards for new players,purple,trustworthy,install,gameplay,25-34,Android,2026-01-12,assets/creative_500722.png,fatigued,0.665410199556541,not_top,Review,227.0,0.7494456762749445,3.0,0.6666666666666666,67.0,0.5657894736842105,95.0,0.4125,23.0,0.4883720930232558,0.6314814814814814,1.2258823644489802,1.4179716410926448,0.0074771270953966,0.1896412382726026,24535.78,3806141,30077.98,12.0,1,-0.8905556372258764,-0.0617270573930107,True,False,0.7843680709534369,0.10310421286031042,0.9401330376940134,0.9168514412416852,0.9235033259423503,-0.012369850155834472,0.06399097566065892,-0.030246913580247003
500726,20121,1013,BoltCart,BoltCart Market,ecommerce,native,es,product-focus,free shipping,Learn more,Up to 40% off,Only this weekend,blue,adventurous,purchase,discount,18-24,Android,2026-01-18,assets/creative_500726.png,stable,0.4973392461197339,not_top,Review,471.0,0.4789356984478936,1.0,1.0,29.0,0.7925925925925926,127.0,0.5039370078740157,12.0,0.7843137254901961,0.4981481481481482,3.021946788728365,0.3245237160212337,0.0053809197248288,0.06031008314876,20973.0,5118270,63379.29,,0,-0.8388352513806134,0.0996942082638352,True,False,0.5360310421286031,0.6529933481152993,0.3370288248337029,0.21175166297117518,0.6219512195121951,0.7177083669295867,0.020430655269316755,0.09197530864197534
500728,20121,1013,BoltCart,BoltCart Market,ecommerce,interstitial,en,drama,before/after,Install now,Your next favorite pick,Only this weekend,beige,playful,purchase,discount,18-24,Android,2026-01-06,assets/creative_500728.png,stable,0.3830376940133038,not_top,Review,630.0,0.3026607538802661,2.0,0.8333333333333334,53.0,0.6148148148148148,220.0,0.22887323943661972,17.0,0.5,0.4104938271604939,2.276464393313248,0.3067536850397516,0.0051106710584858,0.0600221930797942,30005.6,5819001,68306.68,,0,-0.8393842775664234,-0.0875691535912982,True,False,0.3719512195121951,0.516629711751663,0.2838137472283814,0.20842572062084258,0.549889135254989,-0.027774028485530344,0.0026606242878346453,-0.09135802469135801
500731,20121,1013,BoltCart,BoltCart Market,ecommerce,interstitial,es,discount,limited offer,Get offer,Limited stock,Shop bestsellers now,black,excited,purchase,discount,18-24,Android,2026-01-08,assets/creative_500731.png,stable,0.3196230598669623,not_top,Review,714.0,0.20953436807095344,3.0,0.6666666666666666,67.0,0.5111111111111111,247.0,0.13380281690140844,23.0,0.3125,0.3515432098765432,2.1516247800391435,0.2876547863625674,0.0048134234251336,0.0597609561752988,26533.13,5162438,57089.34,,0,-0.8274552166357798,-0.2337787839469192,True,False,0.28492239467849223,0.4722838137472284,0.21951219512195122,0.2006651884700665,0.4722838137472284,-0.15261364175963488,-0.016438274389349528,-0.1503086419753087
500733,20122,1014,VaultRun,VaultRun Wallet,fintech,native,es,minimalist,free shipping,Order now,"Your money, clearer",No hidden fees,black,playful,signup,feature-focus,18-24,Both,2026-01-18,assets/creative_500733.png,stable,0.8676829268292683,strong_candidate,Keep,16.0,0.983370288248337,1.0,1.0,3.0,0.9858156028368794,1.0,1.0,1.0,1.0,0.7108024691358024,9.45972839590322,0.5694793075811314,0.0048416361355271,0.1176212527418961,24647.64,4237204,233159.98,,0,-0.7323600181675591,-0.1207471614240834,True,False,0.9101995565410199,0.975609756097561,0.7671840354767184,0.8226164079822617,0.48004434589800443,2.19467431634453,0.18673844052280192,0.19320987654320987
500737,20122,1014,VaultRun,VaultRun Wallet,fintech,interstitial,en,feature-focus,cashback,Book now,"Your money, clearer",Built for peace of mind,lime,premium,signup,feature-focus,18-24,Both,2026-01-21,assets/creative_500737.png,stable,0.8381929046563193,strong_candidate,Keep,28.0,0.9700665188470067,2.0,0.8333333333333334,6.0,0.9645390070921985,1.0,1.0,1.0,1.0,0.7015432098765432,7.279082149957801,0.546012158928902,0.0051537833722155,0.1059439482599322,22950.59,3150113,167059.23,,0,-0.7232275934532418,-0.0978766863005891,True,False,0.897450110864745,0.9013303769401331,0.7439024390243902,0.770509977827051,0.5609756097560976,0.014028070399111137,0.1632712918705725,0.1626543209876542
500734,20122,1014,VaultRun,VaultRun Wallet,fintech,native,en,trust,security,Start now,Secure & simple,No hidden fees,blue,adventurous,signup,feature-focus,18-24,Both,2026-01-22,assets/creative_500734.png,stable,0.8021064301552107,strong_candidate,Keep,55.0,0.9401330376940134,3.0,0.6666666666666666,15.0,0.900709219858156,6.0,0.9803149606299213,5.0,0.9215686274509803,0.6540123456790123,8.246414425405638,0.4906546428704137,0.0046635245602619,0.1052111201581947,21442.17,3686911,176821.02,,0,-0.7305824674915634,-0.0880622083981338,True,False,0.8259423503325942,0.9523281596452328,0.6762749445676275,0.7660753880266076,0.4356984478935698,0.981360345846948,0.10791377581208422,0.13641975308641985
500743,20123,1015,HorizonHop,HorizonHop Flights,travel,rewarded_video,en,urgency,book now,Watch now,Fly smarter,Special fares today,teal,trustworthy,booking,destination,35-44,iOS,2026-02-01,assets/creative_500743.png,top_performer,0.8657538802660755,top_winner,Scale,17.0,0.9822616407982262,1.0,1.0,9.0,0.9448275862068966,13.0,0.925,9.0,0.8260869565217391,0.842283950617284,7.77372401971862,0.5100863857319052,0.0086910392187725,0.0586910693752395,22391.02,2401554,174061.61000000002,,0,-0.6909202439787064,-0.0358617443825634,True,False,0.9889135254988913,0.9312638580931264,0.7017738359201774,0.18514412416851442,0.9700665188470067,0.6426509487420953,0.17787546752548367,0.08950617283950624
500742,20123,1015,HorizonHop,HorizonHop Flights,travel,native,fr,discount,discover,Order now,Escape this weekend,Special fares today,teal,trustworthy,booking,destination,35-44,iOS,2026-02-01,assets/creative_500742.png,stable,0.7759977827050999,strong_candidate,Keep,82.0,0.9101995565410199,2.0,0.8,28.0,0.8137931034482758,14.0,0.9488188976377953,2.0,0.975609756097561,0.7194444444444444,9.118647140421468,0.3908878331668192,0.0062786190525758,0.0622569756014186,22340.53,3727412,203715.41,,0,-0.7498231535030521,-0.0181400102197242,True,False,0.9235033259423503,0.9711751662971175,0.5044345898004434,0.23059866962305986,0.7971175166297118,1.9875740694449426,0.05867691496039762,0.1703703703703704
500738,20123,1015,HorizonHop,HorizonHop Flights,travel,rewarded_video,fr,fantasy,book now,Shop now,Last-minute savings,Flexible booking options,orange,trustworthy,booking,destination,35-44,iOS,2026-01-27,assets/creative_500738.png,fatigued,0.7338137472283814,not_top,Review,128.0,0.8592017738359202,3.0,0.6,39.0,0.7379310344827587,61.0,0.625,29.0,0.391304347826087,0.7043209876543209,6.175488567581257,0.4020018874342556,0.0068541508092011,0.058650866989183,24737.11,2684067,152763.74,12.0,1,-0.7977281288037438,-0.207994377954768,True,False,0.9013303769401331,0.8192904656319291,0.532150776053215,0.18403547671840353,0.8725055432372506,-0.9555845033952677,0.06979096922783401,-0.04845679012345683
500746,20124,1016,FreshDash,FreshDash Delivery,food_delivery,rewarded_video,fr,product-focus,fast,Try for free,2-for-1 tonight,Free delivery over $15,yellow,calm,order,discount,35-44,iOS,2026-01-13,assets/creative_500746.png,stable,0.5995565410199556,not_top,Review,319.0,0.647450110864745,1.0,1.0,34.0,0.7924528301886793,116.0,0.28125,6.0,0.4444444444444444,0.5537037037037037,1.6247997056702057,0.6674182236355881,0.0056673012955263,0.1177664974619289,41314.2,5387926,67127.3,,0,-0.8418603999093264,-0.0906262501733131,True,False,0.6452328159645233,0.24611973392461198,0.8148558758314856,0.8237250554323725,0.6917960088691796,0.2606955198546115,0.24653979278840799,-0.029938271604938227
500747,20124,1016,FreshDash,FreshDash Delivery,food_delivery,interstitial,it,food-closeup,late-night,Order now,Dinner in minutes,Fresh favorites nearby,black,urgent,order,discount,35-44,iOS,2026-01-20,assets/creative_500747.png,stable,0.49783813747228384,not_top,Review,470.0,0.48004434589800443,2.0,0.8333333333333334,50.0,0.6918238993710691,162.0,0.43309859154929575,19.0,0.5813953488372093,0.5104938271604939,1.5067355322392513,0.5185994707869295,0.0058873120454434,0.0880876479425451,29045.96,4635562,43764.58,,0,-0.8588065934754003,-0.0314819659684924,True,False,0.5587583148558758,0.1917960088691796,0.7117516629711752,0.47560975609756095,0.729490022172949,0.14263134642365705,0.09772103993974934,0.030246913580246948
500749,20124,1016,FreshDash,FreshDash Delivery,food_delivery,native,it,discount,2-for-1,Watch now,2-for-1 tonight,Late-night deals available,black,excited,order,discount,35-44,iOS,2026-01-21,assets/creative_500749.png,stable,0.34706208425720625,not_top,Review,672.0,0.25609756097560976,3.0,0.6666666666666666,86.0,0.46540880503144655,190.0,0.2559055118110236,37.0,0.29411764705882354,0.332716049382716,1.5207010399545977,0.4227245964411641,0.0043168433689163,0.0979244694132334,29831.11,5937672,45364.2,,0,-0.8364691099153633,-0.1358307289093278,True,False,0.24944567627494457,0.1984478935698448,0.5720620842572062,0.6607538802660754,0.3436807095343681,0.15659685413900348,0.0018461655939839838,-0.1433641975308642
500754,20125,1017,PulsePlay,PulsePlay Now,entertainment,interstitial,es,celebrity,watch now,Start now,Binge starts now,Cancel anytime,purple,excited,signup,trailer,18-24,Android,2026-01-20,assets/creative_500754.png,stable,0.35315964523281596,not_top,Review,668.0,0.26053215077605324,1.0,1.0,117.0,0.3176470588235294,234.0,0.1795774647887324,45.0,0.3333333333333333,0.3367283950617284,1.983406948329612,0.3530771928417074,0.00403050126238,0.087601310570788,40603.14,10071452,80532.55,,0,-0.8220144315403841,-0.0578321694756109,True,False,0.2549889135254989,0.4223946784922395,0.42572062084257206,0.46452328159645234,0.2793791574279379,0.039380544183677424,-0.08890978506321312,-0.1296296296296296
500750,20125,1017,PulsePlay,PulsePlay Now,entertainment,native,es,ugc,exclusive,Try for free,Binge starts now,Cancel anytime,blue,trustworthy,signup,trailer,18-24,Android,2026-01-17,assets/creative_500750.png,stable,0.3414634146341463,not_top,Review,678.0,0.24944567627494457,2.0,0.8333333333333334,120.0,0.3,194.0,0.24015748031496062,33.0,0.37254901960784315,0.3095679012345679,2.299290929204386,0.3252923447733467,0.0035851678654815,0.0907328072153325,39204.83,12370411,90143.31,,0,-0.7676524337945674,-0.0692889719887465,True,False,0.20343680709534367,0.524390243902439,0.34035476718403546,0.5299334811529933,0.15853658536585366,0.3552645250584514,-0.11669463313157385,-0.09567901234567888
500753,20125,1017,PulsePlay,PulsePlay Now,entertainment,rewarded_video,it,combo,free shipping,Try for free,Exclusive tonight,Cancel anytime,blue,trustworthy,signup,trailer,18-24,Android,2026-01-22,assets/creative_500753.png,stable,0.3339246119733925,not_top,Review,689.0,0.23725055432372505,3.0,0.6666666666666666,124.0,0.27647058823529413,154.0,0.04375,38.0,0.13953488372093023,0.3277777777777778,1.7188994421755466,0.3768856771031205,0.0042186978282,0.0893369690011481,32257.46,6606778,55447.33,,0,-0.8269242855215011,-0.1150912761891067,True,False,0.24223946784922396,0.29933481152993346,0.4778270509977827,0.5033259423503326,0.3259423503325942,-0.22512696197038795,-0.06510130080180004,-0.30524691358024697
500759,20126,1018,StormByte,StormByte Arena,gaming,playable,fr,urgency,challenge,Learn more,Level up today,Free rewards for new players,purple,trustworthy,install,reward,18-24,Android,2026-01-14,assets/creative_500759.png,stable,0.6175166297117516,not_top,Review,298.0,0.6707317073170732,1.0,1.0,92.0,0.40131578947368424,32.0,0.18421052631578946,30.0,0.14705882352941177,0.5688271604938272,1.2840217636870246,1.2520713255347584,0.0060190543018575,0.2080179481265594,42492.8,7923670,54561.68,,0,-0.8842783891307606,-0.0231629687695466,True,False,0.6751662971175166,0.12084257206208426,0.9168514412416852,0.9634146341463414,0.7505543237250555,0.0528587500213169,-0.1019093398972275,-0.13842592592592584
500756,20126,1018,StormByte,StormByte Arena,gaming,rewarded_video,fr,drama,last-minute deal,Watch now,Join the arena,Play with friends tonight,blue,excited,install,reward,18-24,Android,2026-01-19,assets/creative_500756.png,stable,0.5962305986696231,not_top,Review,331.0,0.6341463414634146,2.0,0.8333333333333334,99.0,0.35526315789473684,118.0,0.26875,34.0,0.23255813953488372,0.5518518518518519,1.3322435166603328,1.146983035606925,0.0057975393697192,0.1978396285840935,35996.88,7393309,47956.61,,0,-0.8840478282017177,-0.0950773797706496,True,False,0.6374722838137472,0.13303769401330376,0.893569844789357,0.9368070953436807,0.7117516629711752,0.10108050299462512,-0.20699762982506087,-0.1098765432098765
500757,20126,1018,StormByte,StormByte Arena,gaming,playable,fr,minimalist,free rewards,Learn more,Unlock rare gear,Play with friends tonight,purple,trustworthy,install,reward,18-24,Android,2026-01-11,assets/creative_500757.png,stable,0.5273835920177384,not_top,Review,435.0,0.5188470066518847,3.0,0.6666666666666666,127.0,0.17105263157894737,36.0,0.07894736842105263,34.0,0.029411764705882353,0.4938271604938271,1.124095243013132,1.0935499423975634,0.0053006271636296,0.2063057650802127,45702.88,8478808,51374.39,,0,-0.8781854187727693,-0.0416773650105799,True,False,0.5221729490022173,0.06319290465631928,0.8824833702882483,0.958980044345898,0.606430155210643,-0.10706777065257578,-0.2604307230344225,-0.21342592592592596
500767,20127,1019,ZenDrop,ZenDrop Club,ecommerce,interstitial,en,discount,limited offer,Shop now,Your next favorite pick,Free shipping over $25,purple,excited,purchase,ugc,25-34,Both,2026-01-31,assets/creative_500767.png,fatigued,0.5737804878048781,not_top,Review,368.0,0.5931263858093127,1.0,1.0,14.0,0.9037037037037037,111.0,0.6126760563380281,3.0,0.9375,0.5827160493827162,2.170208721970705,0.4043525502447575,0.0065696801419655,0.0615482856862167,22150.04,3098781,48070.21,13.0,1,-0.7986800610685432,-0.0002215859320632,True,False,0.7017738359201774,0.4811529933481153,0.5421286031042128,0.22283813747228381,0.8414634146341463,0.032076575783742456,0.10025948949284058,0.08086419753086427
500763,20127,1019,ZenDrop,ZenDrop Club,ecommerce,interstitial,ja,product-focus,limited offer,Claim reward,Flash sale live,Free shipping over $25,pink,playful,purchase,ugc,25-34,Both,2026-02-02,assets/creative_500763.png,stable,0.5467849223946786,not_top,Review,412.0,0.5443458980044346,2.0,0.8333333333333334,19.0,0.8666666666666667,134.0,0.5316901408450704,6.0,0.84375,0.5675925925925926,2.10605557040322,0.3913947762450677,0.0067314050097231,0.0581445887864007,21814.13,3076178,45941.77,,0,-0.7315982007748528,-0.0879088740090818,True,False,0.6740576496674058,0.4611973392461197,0.5066518847006651,0.1762749445676275,0.8580931263858093,-0.0320765757837429,0.08730171549315074,0.06574074074074077
500764,20127,1019,ZenDrop,ZenDrop Club,ecommerce,native,es,testimonial,limited offer,Start now,Limited stock,Only this weekend,red,playful,purchase,ugc,25-34,Both,2026-01-26,assets/creative_500764.png,stable,0.5448447893569845,not_top,Review,414.0,0.5421286031042128,3.0,0.6666666666666666,20.0,0.8592592592592593,108.0,0.5787401574803149,8.0,0.8627450980392157,0.5354938271604938,2.55964764434252,0.3730419476525986,0.0055726213561303,0.0669419154492201,28953.7,5085219,74111.27,,0,-0.7796264758592706,-0.0607992484718045,True,False,0.6008869179600886,0.5920177383592018,0.47117516629711753,0.2860310421286031,0.6729490022172949,0.4215154981555571,0.06894888690068168,0.12932098765432093
500773,20128,1020,NovaPay,NovaPay Pay,fintech,native,es,combo,late-night,Try for free,Save with confidence,No hidden fees,purple,premium,signup,minimalist,18-24,Android,2026-01-27,assets/creative_500773.png,stable,0.5972838137472284,not_top,Review,326.0,0.6396895787139689,1.0,1.0,56.0,0.6099290780141844,82.0,0.6811023622047244,31.0,0.4117647058823529,0.4864197530864197,5.537441885006229,0.4170887479791547,0.0038942003169325,0.1071051086318261,31555.97,4373170,174739.35,,0,-0.7516034067714888,-0.1147084350967846,True,False,0.5066518847006651,0.7671840354767184,0.5609756097560976,0.7904656319290465,0.23170731707317074,1.1399221814595508,0.03434788092082519,-0.031172839506172778
500769,20128,1020,NovaPay,NovaPay Pay,fintech,native,ja,feature-focus,earn more,Watch now,Save with confidence,"Fast signup, instant card",white,trustworthy,signup,minimalist,18-24,Android,2026-01-18,assets/creative_500769.png,stable,0.4744456762749446,not_top,Review,503.0,0.4434589800443459,2.0,0.8333333333333334,85.0,0.40425531914893614,143.0,0.4409448818897638,43.0,0.17647058823529413,0.3802469135802469,4.618790720758896,0.3556586410782673,0.0033004578383156,0.1077603952243721,42714.7,5887668,197290.26,,0,-0.7448644515021179,-0.0387035973173423,True,False,0.3215077605321508,0.70509977827051,0.42904656319290463,0.79490022172949,0.08536585365853659,0.2212710172122181,-0.027082225980062213,-0.13734567901234557
500771,20128,1020,NovaPay,NovaPay Pay,fintech,interstitial,ja,feature-focus,free rewards,Claim reward,Save with confidence,Built for peace of mind,white,calm,signup,minimalist,18-24,Android,2026-01-16,assets/creative_500771.png,stable,0.4532150776053215,not_top,Review,531.0,0.4124168514412417,3.0,0.6666666666666666,91.0,0.3617021276595745,178.0,0.3767605633802817,26.0,0.21875,0.3712962962962963,3.582660313747307,0.3458510692208902,0.0034007678983985,0.1016979339824269,44613.61,4952999,159835.41,,0,-0.705187167969215,-0.09787035416302,True,False,0.311529933481153,0.6773835920177383,0.4079822616407982,0.7228381374722838,0.10753880266075388,-0.8148593897993708,-0.03688979783743929,-0.16759259259259268
500776,20129,1021,RouteBloom,RouteBloom Travel,travel,rewarded_video,pt,wanderlust,escape,Get offer,Fly smarter,Hotels + flights in one tap,purple,excited,booking,destination,35-44,Both,2026-01-28,assets/creative_500776.png,top_performer,0.8762305986696232,top_winner,Scale,11.0,0.9889135254988913,1.0,1.0,7.0,0.9586206896551724,9.0,0.95,7.0,0.8695652173913043,0.867283950617284,12.809196302230603,0.4914395313314844,0.0088896606866357,0.0552821472781618,20614.59,3725789,264056.33,,0,-0.7284985726199529,-0.0426287063440959,True,False,0.9955654101995566,1.0,0.6773835920177383,0.13747228381374724,0.975609756097561,3.7963469091228834,0.1592286131250628,0.11450617283950626
500774,20129,1021,RouteBloom,RouteBloom Travel,travel,rewarded_video,it,celebrity,escape,Get offer,Last-minute savings,Special fares today,lime,calm,booking,destination,35-44,Both,2026-01-14,assets/creative_500774.png,fatigued,0.7515521064301552,not_top,Review,114.0,0.8747228381374723,2.0,0.8333333333333334,37.0,0.7517241379310344,56.0,0.65625,27.0,0.43478260869565216,0.7237654320987654,8.940665617343049,0.3576020690747502,0.0069825042244921,0.0512140139952096,33894.85,6098958,303042.52,10.0,1,-0.8607721705553789,0.0917784256559766,True,False,0.9318181818181818,0.9656319290465631,0.43458980044345896,0.06319290465631928,0.8835920177383592,-0.07218377576467105,0.025391150868328605,-0.02901234567901234
500775,20129,1021,RouteBloom,RouteBloom Travel,travel,rewarded_video,pt,reward,last-minute deal,Get offer,Last-minute savings,Hotels + flights in one tap,purple,calm,booking,destination,35-44,Both,2026-01-14,assets/creative_500775.png,fatigued,0.6477272727272727,not_top,Review,254.0,0.7195121951219512,3.0,0.6666666666666666,62.0,0.5793103448275863,98.0,0.39375,39.0,0.17391304347826086,0.6197530864197531,8.036655897322943,0.3082982266042829,0.0059370789407535,0.0519275943070333,33641.79,6094748,270367.49,10.0,1,-0.8442921288879209,-0.2943677259844419,True,False,0.7716186252771619,0.9490022172949002,0.28713968957871394,0.07317073170731707,0.7416851441241685,-0.9761934957847771,-0.023912691602138658,-0.13302469135802464
500782,20130,1022,CraveLoop,CraveLoop Kitchen,food_delivery,interstitial,es,family,late-night,Shop now,2-for-1 tonight,Fresh favorites nearby,purple,calm,order,food-closeup,18-24,iOS,2026-02-04,assets/creative_500782.png,fatigued,0.6714523281596453,not_top,Review,220.0,0.7572062084257206,1.0,1.0,23.0,0.8616352201257862,53.0,0.8169014084507042,6.0,0.8837209302325582,0.6320987654320988,2.738569844318602,0.4663077638301199,0.005897857772955,0.0790639214747426,18133.83,5665786,49660.76,11.0,1,-0.85596897758217,-0.0299631184183616,True,False,0.7860310421286031,0.6208425720620843,0.6441241685144125,0.36363636363636365,0.7328159645232816,0.11260924328083588,0.045429332982939774,0.15185185185185185
500785,20130,1022,CraveLoop,CraveLoop Kitchen,food_delivery,native,en,combo,fast,Learn more,Hungry? We got you,Fresh favorites nearby,orange,adventurous,order,food-closeup,18-24,iOS,2026-02-05,assets/creative_500785.png,stable,0.6363636363636365,not_top,Review,269.0,0.7028824833702882,2.0,0.8333333333333334,27.0,0.8364779874213837,63.0,0.7559055118110236,15.0,0.7254901960784313,0.5796296296296296,3.202546402806385,0.4381536052401358,0.0051983738447632,0.0842866670086697,19016.63,7499653,60901.64,,0,-0.8462611670884729,-0.1378741892245828,True,False,0.6962305986696231,0.6651884700665188,0.6042128603104213,0.41685144124168516,0.5809312638580931,0.5765858017686187,0.017275174392955672,0.10354938271604941
500781,20130,1022,CraveLoop,CraveLoop Kitchen,food_delivery,banner,en,testimonial,discover,Shop now,2-for-1 tonight,Free delivery over $15,yellow,trustworthy,order,food-closeup,18-24,iOS,2026-02-01,assets/creative_500781.png,stable,0.47062084257206216,not_top,Review,511.0,0.43458980044345896,3.0,0.6666666666666666,57.0,0.6477987421383647,16.0,0.9096385542168675,3.0,0.9636363636363636,0.4632716049382716,2.7197577436688345,0.3381248680158921,0.0049220864047774,0.068695435270641,18725.62,8144920,50929.15,,0,-0.8318224737080269,-0.1211874831713382,True,False,0.4573170731707317,0.6175166297117517,0.39135254988913526,0.2982261640798226,0.5044345898004434,0.0937971426310682,-0.08275356283128804,0.22530864197530867
500788,20131,1023,NeonCast,NeonCast Stream,entertainment,rewarded_video,de,celebrity,new season,Order now,Stream the hype,New hits every week,black,adventurous,signup,drama,35-44,iOS,2026-01-19,assets/creative_500788.png,stable,0.6271064301552107,not_top,Review,282.0,0.688470066518847,1.0,1.0,50.0,0.711764705882353,108.0,0.33125,25.0,0.4418604651162791,0.5753086419753086,1.9265471088203632,0.5546074677907475,0.005607432456307,0.0989057776642397,27226.43,4188548,52453.0,,0,-0.8221562055052096,-0.076668128868743,True,False,0.6851441241685144,0.3968957871396896,0.7583148558758315,0.6807095343680709,0.6818181818181818,-0.01974030423549511,0.11262048988582701,-0.05771604938271613
500787,20131,1023,NeonCast,NeonCast Stream,entertainment,native,de,drama,new season,Order now,Exclusive tonight,Start free today,blue,excited,signup,drama,35-44,iOS,2026-01-22,assets/creative_500787.png,stable,0.6083702882483372,not_top,Review,311.0,0.656319290465632,2.0,0.8333333333333334,52.0,0.7,76.0,0.7047244094488189,12.0,0.7843137254901961,0.537962962962963,2.533216771224504,0.4710867478368795,0.004861809167041,0.0968953596596197,26240.66,6187820,66473.28,,0,-0.8127211063423843,-0.1126879234174459,True,False,0.606430155210643,0.5886917960088692,0.6485587583148559,0.6463414634146342,0.48558758314855877,0.5869293581686459,0.029099769931958952,0.1327160493827162
500790,20131,1023,NeonCast,NeonCast Stream,entertainment,native,pt,celebrity,exclusive,Claim reward,Watch what’s trending,Start free today,purple,calm,signup,drama,35-44,iOS,2026-01-31,assets/creative_500790.png,stable,0.47937915742793785,not_top,Review,494.0,0.4534368070953437,3.0,0.6666666666666666,88.0,0.48823529411764705,137.0,0.4645669291338583,23.0,0.5686274509803921,0.45,2.199396098515955,0.4123037045087839,0.0045878299576008,0.089869003062266,21821.44,5124863,47993.99,,0,-0.7974327748526692,-0.0557321309778994,True,False,0.4351441241685144,0.48891352549889133,0.5543237250554324,0.5121951219512195,0.42017738359201773,0.2531086854600968,-0.029683273396136634,0.04475308641975323
500796,20132,1024,GlitchWave,GlitchWave Rush,gaming,playable,de,fantasy,last-minute deal,Claim reward,Unlock rare gear,Play with friends tonight,orange,playful,install,reward,25-34,Both,2026-01-16,assets/creative_500796.png,fatigued,0.809478935698448,strong_but_fatigued,Refresh,47.0,0.9490022172949002,1.0,1.0,14.0,0.9144736842105263,8.0,0.8157894736842105,8.0,0.7941176470588235,0.7527777777777778,1.7653519734440204,2.3415602880197626,0.0102111624624196,0.2293137825039461,35607.8,4715232,62860.3,10.0,1,-0.875519178358712,-0.167019556989953,True,False,0.9545454545454546,0.31596452328159647,0.9977827050997783,0.9933481152993349,0.9955654101995566,0.10554653690104665,0.9875796225877767,0.04552469135802473
500793,20132,1024,GlitchWave,GlitchWave Rush,gaming,interstitial,ja,fantasy,competition,Try for free,Win epic rewards,Free rewards for new players,blue,adventurous,install,reward,25-34,Both,2026-01-22,assets/creative_500793.png,fatigued,0.6953991130820399,not_top,Review,179.0,0.802660753880266,2.0,0.5,51.0,0.6710526315789473,40.0,0.8626760563380281,11.0,0.8305084745762712,0.6509259259259259,1.4391120661306396,1.4159866210769765,0.0075240980570032,0.1881935363347655,19918.15,3557237,28664.45,12.0,1,-0.8228015811235807,0.0415293575706035,True,False,0.8215077605321508,0.1662971175166297,0.9390243902439024,0.9113082039911308,0.9257206208425721,-0.22069337041233417,0.06200595564499056,0.08734567901234569
500803,20133,1025,LuxShelf,LuxShelf Outlet,ecommerce,native,de,wanderlust,security,Order now,Your next favorite pick,Free shipping over $25,orange,premium,purchase,ugc,18-24,iOS,2026-01-19,assets/creative_500803.png,stable,0.45299334811529934,not_top,Review,532.0,0.4113082039911308,1.0,1.0,34.0,0.7555555555555555,152.0,0.40551181102362205,16.0,0.7058823529411765,0.4537037037037036,2.9604524905847582,0.3194009749961721,0.0049362634073864,0.0647050103765194,22899.04,5466483,67791.52,,0,-0.8225154321200648,-0.0227968632668246,True,False,0.4379157427937916,0.6452328159645233,0.32261640798226165,0.2660753880266075,0.5077605321507761,0.5148598907817958,0.01530791424425515,0.047530864197530776
500798,20133,1025,LuxShelf,LuxShelf Outlet,ecommerce,native,de,ugc,limited offer,Claim reward,Flash sale live,Free shipping over $25,black,adventurous,purchase,ugc,18-24,iOS,2026-01-17,assets/creative_500798.png,stable,0.3312638580931264,not_top,Review,697.0,0.22838137472283815,2.0,0.8333333333333334,63.0,0.5407407407407407,199.0,0.2204724409448819,28.0,0.47058823529411764,0.3444444444444444,2.475474555605468,0.2765730295352029,0.0044206285344553,0.0625641868298895,23374.5,5506683,57862.98,,0,-0.8108292622745428,0.0030128186908449,True,False,0.27161862527716185,0.5764966740576497,0.18070953436807094,0.2361419068736142,0.37472283813747226,0.029881955802505633,-0.027520031216714036,-0.06172839506172845
500802,20133,1025,LuxShelf,LuxShelf Outlet,ecommerce,native,de,discount,limited offer,Shop now,Flash sale live,Only this weekend,blue,adventurous,purchase,ugc,18-24,iOS,2026-01-07,assets/creative_500802.png,stable,0.29550997782705096,not_top,Review,744.0,0.1762749445676275,3.0,0.6666666666666666,73.0,0.4666666666666667,219.0,0.14173228346456693,34.0,0.35294117647058826,0.316358024691358,2.364858532837128,0.2686364085676795,0.0043084938335733,0.0623504219675022,54399.55,12898475,128647.24,,0,-0.7417028059751689,0.0203098512042361,True,False,0.21729490022172948,0.5432372505543237,0.16186252771618626,0.23392461197339245,0.34035476718403546,-0.0807340669658343,-0.035456652184237436,-0.08981481481481485
500808,20134,1026,ClearLedger,ClearLedger Cash,fintech,banner,it,feature-focus,earn more,Book now,Track every euro,Built for peace of mind,green,urgent,signup,testimonial,25-34,Android,2026-01-14,assets/creative_500808.png,stable,0.44251662971175165,not_top,Review,554.0,0.3869179600886918,1.0,1.0,96.0,0.3262411347517731,27.0,0.8433734939759037,17.0,0.673469387755102,0.3808641975308642,6.553746205093265,0.2996850315757069,0.0034754761375113,0.0862284820031299,24598.76,5515791,161214.03,,0,-0.6665260273412618,0.1576921365315295,True,False,0.3253880266075388,0.8414634146341463,0.2572062084257206,0.4445676274944568,0.12195121951219512,-2.1732537798405254,-0.08305583548262258,0.02777777777777779
500813,20135,1027,WayPoint,WayPoint Trips,travel,interstitial,fr,discount,escape,Learn more,Book your next trip,Hotels + flights in one tap,blue,trustworthy,booking,destination,45-54,iOS,2026-01-19,assets/creative_500813.png,fatigued,0.8115853658536586,strong_but_fatigued,Refresh,43.0,0.9534368070953437,1.0,1.0,18.0,0.8827586206896552,5.0,0.9859154929577465,2.0,0.9807692307692307,0.782716049382716,9.678912667290913,0.4213083260454149,0.0071936384052862,0.058566792255754,23826.01,3726487,230609.87,11.0,1,-0.8488477698316815,-0.1055823995065282,True,False,0.9745011086474501,0.9800443458980045,0.5665188470066519,0.18292682926829268,0.9035476718403548,0.022981496283344782,0.08909740783899334,0.20524691358024683
500816,20136,1028,QuickFork,QuickFork Eats,food_delivery,interstitial,ja,discount,2-for-1,Install now,2-for-1 tonight,Free delivery over $15,lime,premium,order,food-closeup,45-54,iOS,2026-01-31,assets/creative_500816.png,stable,0.5844235033259424,not_top,Review,349.0,0.614190687361419,1.0,1.0,37.0,0.7735849056603774,102.0,0.6443661971830986,11.0,0.7674418604651163,0.5478395061728395,1.6890133567463552,0.5821950117432086,0.0056273058149985,0.1034589252625077,25786.22,4027860,43553.27,,0,-0.8519064418860702,-0.0981073720799748,True,False,0.626940133037694,0.27827050997782704,0.7782705099778271,0.7394678492239468,0.6895787139689579,0.07985065049876616,0.16131658089602852,0.06759259259259259
500817,20136,1028,QuickFork,QuickFork Eats,food_delivery,interstitial,en,reward,security,Shop now,2-for-1 tonight,Fresh favorites nearby,blue,playful,order,food-closeup,45-54,iOS,2026-02-01,assets/creative_500817.png,stable,0.5656319290465632,not_top,Review,381.0,0.5787139689578714,2.0,0.8333333333333334,42.0,0.7421383647798742,118.0,0.5880281690140845,14.0,0.6976744186046512,0.5231481481481481,1.6788624471697673,0.5830928863527883,0.005358205082999,0.108822427906479,22345.16,3488295,37514.45,,0,-0.8441591642894466,-0.1377096530842125,True,False,0.5781596452328159,0.26940133037694014,0.7804878048780488,0.8004434589800443,0.6175166297117517,0.06969974092217823,0.1622144555056082,0.042901234567901236
500821,20136,1028,QuickFork,QuickFork Eats,food_delivery,native,fr,feature-focus,limited offer,Get offer,2-for-1 tonight,Late-night deals available,orange,urgent,order,food-closeup,45-54,iOS,2026-01-26,assets/creative_500821.png,stable,0.5592017738359202,not_top,Review,394.0,0.5643015521064302,3.0,0.6666666666666666,43.0,0.7358490566037735,101.0,0.6062992125984252,21.0,0.6078431372549019,0.5132716049382716,1.8608128929530283,0.523326932900155,0.0051725717507021,0.1011734506784011,26992.73,5272039,50228.42,,0,-0.816393243572299,-0.090307018953639,True,False,0.5626385809312638,0.3614190687361419,0.7184035476718403,0.7161862527716186,0.5698447893569845,0.25165018670543926,0.10244850205297484,0.03719135802469142
500827,20137,1029,BingeLayer,BingeLayer Plus,entertainment,native,en,ugc,last-minute deal,Install now,Stream the hype,New hits every week,purple,adventurous,signup,trailer,45-54,iOS,2026-01-27,assets/creative_500827.png,stable,0.7904656319290465,strong_candidate,Keep,62.0,0.9323725055432373,1.0,1.0,5.0,0.9764705882352941,10.0,0.9645669291338582,1.0,1.0,0.719753086419753,3.748775921546743,0.5774522619308069,0.006245609328946,0.0924573138531948,12830.06,3638396,48097.02,,0,-0.731396708639206,0.0119742456103244,True,False,0.9246119733924612,0.6807095343680709,0.7738359201773836,0.5631929046563193,0.7871396895787139,0.723838461558894,0.13546528402588637,0.3145061728395062
500822,20137,1029,BingeLayer,BingeLayer Plus,entertainment,native,en,drama,fast,Learn more,Stream the hype,Start free today,red,excited,signup,trailer,45-54,iOS,2026-01-21,assets/creative_500822.png,fatigued,0.6790465631929047,not_top,Review,208.0,0.770509977827051,2.0,0.8,37.0,0.788235294117647,43.0,0.8346456692913385,8.0,0.8627450980392157,0.6148148148148148,3.0214966501506195,0.481070348468771,0.0054121386454855,0.088887292063378,18224.7,5142699,55065.87,11.0,1,-0.8028043731000437,-0.0695437961648907,True,False,0.7560975609756098,0.6518847006651884,0.6651884700665188,0.4911308203991131,0.6297117516629712,-0.003440809837229608,0.03908337056385047,0.20956790123456803
500824,20137,1029,BingeLayer,BingeLayer Plus,entertainment,interstitial,en,celebrity,watch now,Claim reward,Stream the hype,Start free today,orange,trustworthy,signup,trailer,45-54,iOS,2026-01-14,assets/creative_500824.png,fatigued,0.6788248337028825,not_top,Review,209.0,0.7694013303769401,3.0,0.6,38.0,0.7823529411764706,50.0,0.8274647887323944,9.0,0.8787878787878788,0.6172839506172839,2.5282071744454018,0.5080329610310502,0.0055856685645708,0.0909529369954815,31051.32,7052692,78504.17,10.0,1,-0.7947244922326749,0.1663734501412226,True,False,0.7627494456762749,0.5853658536585366,0.6995565410199557,0.5354767184035477,0.6784922394678492,-0.49673028554244736,0.06604598312612969,0.1509259259259259
500833,20138,1030,IronQuest,IronQuest Rush,gaming,playable,it,fantasy,late-night,Learn more,Unlock rare gear,No ads in first week,lime,excited,install,reward,18-24,Android,2026-01-22,assets/creative_500833.png,fatigued,0.8712860310421287,strong_but_fatigued,Refresh,12.0,0.9878048780487805,1.0,1.0,4.0,0.9802631578947368,3.0,0.9473684210526315,3.0,0.9411764705882353,0.820679012345679,2.3866141507182825,1.8940152891449864,0.009571680050507,0.1978769953812495,17140.19,3867973,40907.02,15.0,1,-0.8426516676896332,0.0323757818539602,True,False,0.9844789356984479,0.5476718403547672,0.9866962305986696,0.9390243902439024,0.9866962305986696,0.1365402670405511,0.5400346237130005,0.11342592592592593
500832,20138,1030,IronQuest,IronQuest Rush,gaming,rewarded_video,it,gameplay,challenge,Shop now,Win epic rewards,Free rewards for new players,lime,adventurous,install,reward,18-24,Android,2026-01-24,assets/creative_500832.png,fatigued,0.8657427937915743,strong_but_fatigued,Refresh,18.0,0.9811529933481153,2.0,0.8,6.0,0.9671052631578947,14.0,0.91875,3.0,0.9534883720930233,0.8070987654320988,2.3635841389219463,1.7489430931389292,0.0087822909210962,0.199144290351136,15562.12,3858902,36782.38,14.0,1,-0.8653529172703165,-0.1827962812528206,True,False,0.9822616407982262,0.5421286031042128,0.9722838137472284,0.9423503325942351,0.9722838137472284,0.11351025524421487,0.39496242770694323,0.14537037037037037
500829,20138,1030,IronQuest,IronQuest Rush,gaming,interstitial,pt,competitive,competition,Get offer,Join the arena,Play with friends tonight,orange,premium,install,reward,18-24,Android,2026-01-23,assets/creative_500829.png,fatigued,0.8113082039911309,strong_but_fatigued,Refresh,44.0,0.9523281596452328,3.0,0.6,13.0,0.9210526315789473,6.0,0.9823943661971831,1.0,1.0,0.7472222222222222,2.136563628433516,1.243727752283741,0.0075882905267729,0.1639009139009139,14375.57,4383596,30714.32,13.0,1,-0.8807259394105178,-0.1032434046249048,True,False,0.9490022172949002,0.4700665188470067,0.9146341463414634,0.8458980044345898,0.9334811529933481,-0.11351025524421532,-0.11025291314824481,0.183641975308642
500834,20139,1031,CrispBox,CrispBox Outlet,ecommerce,playable,fr,testimonial,security,Watch now,New collection drop,Free shipping over $25,pink,trustworthy,purchase,product-focus,18-24,Both,2026-02-03,assets/creative_500834.png,stable,0.7868070953436807,strong_candidate,Keep,71.0,0.9223946784922394,1.0,1.0,1.0,1.0,12.0,0.7105263157894737,1.0,1.0,0.7737654320987654,2.7550650554493825,0.6480901235503097,0.008303893820342,0.0780465330568993,23776.64,2613834,65506.19,,0,-0.6940013399873293,-0.0211301526136996,True,False,0.9672949002217295,0.623059866962306,0.802660753880266,0.35698447893569846,0.9578713968957872,0.3820433378214525,0.34399706279839276,0.16929012345679006
500838,20139,1031,CrispBox,CrispBox Outlet,ecommerce,native,en,competitive,power-up,Get offer,Up to 40% off,Free shipping over $25,white,urgent,purchase,product-focus,18-24,Both,2026-02-04,assets/creative_500838.png,stable,0.506430155210643,not_top,Review,455.0,0.49667405764966743,2.0,0.8333333333333334,23.0,0.837037037037037,124.0,0.515748031496063,10.0,0.8235294117647058,0.5074074074074074,2.4785113247824464,0.3489412309109174,0.0055333186119826,0.0630618360119858,21487.83,3980613,53257.83,,0,-0.7577224409405843,0.0548823785418146,True,False,0.5554323725055432,0.5776053215077606,0.41352549889135254,0.24057649667405764,0.6618625277161863,0.10548960715451638,0.044848170159000444,0.10123456790123458
500835,20139,1031,CrispBox,CrispBox Outlet,ecommerce,native,fr,discount,free shipping,Book now,Limited stock,Only this weekend,pink,premium,purchase,product-focus,18-24,Both,2026-01-30,assets/creative_500835.png,stable,0.4840909090909091,not_top,Review,488.0,0.46008869179600886,3.0,0.6666666666666666,30.0,0.7851851851851852,136.0,0.468503937007874,13.0,0.7647058823529411,0.4802469135802469,2.4972994857646387,0.3507207738642959,0.0051677227325018,0.067867567982793,27292.95,5038196,68158.67,,0,-0.826220561043608,-0.1427641387969344,True,False,0.4950110864745011,0.5798226164079823,0.417960088691796,0.2915742793791574,0.5676274944567627,0.12427776813670866,0.046627713112378955,0.07407407407407407
500845,20140,1032,SwiftStack,SwiftStack Invest,fintech,native,es,testimonial,earn more,Try for free,Secure & simple,"Fast signup, instant card",orange,playful,signup,trust,25-34,iOS,2026-01-25,assets/creative_500845.png,stable,0.8262749445676275,strong_candidate,Keep,35.0,0.9623059866962306,1.0,1.0,8.0,0.950354609929078,4.0,0.9881889763779528,3.0,0.9607843137254902,0.6725308641975308,7.492741840288025,0.5530689076014306,0.0047073340721867,0.1174908980582524,20331.6,2800736,152339.43,,0,-0.7152839247664662,0.136016936337517,True,False,0.8547671840354767,0.9157427937915743,0.7549889135254989,0.8215077605321508,0.44567627494456763,1.0636456776395367,0.17032804054310108,0.15493827160493834
500840,20140,1032,SwiftStack,SwiftStack Invest,fintech,native,de,feature-focus,security,Start now,Earn cashback daily,"Fast signup, instant card",purple,trustworthy,signup,trust,25-34,iOS,2026-01-16,assets/creative_500840.png,stable,0.8027716186252771,strong_candidate,Keep,54.0,0.9412416851441242,2.0,0.75,14.0,0.9078014184397163,5.0,0.984251968503937,4.0,0.9411764705882353,0.6453703703703705,7.318544774743227,0.5516718810406279,0.0044420333278596,0.1241935483870967,25215.89,3489393,184543.62,,0,-0.7388805202196003,-0.0055118110236221,True,False,0.811529933481153,0.9046563192904656,0.7505543237250555,0.8292682926829268,0.37915742793791574,0.8894486120947391,0.16893101398229843,0.127777777777778
500844,20140,1032,SwiftStack,SwiftStack Invest,fintech,native,en,minimalist,earn more,Get offer,Earn cashback daily,"Fast signup, instant card",blue,urgent,signup,trust,25-34,iOS,2026-01-12,assets/creative_500844.png,stable,0.7412416851441241,not_top,Review,123.0,0.8647450110864745,3.0,0.5,24.0,0.8368794326241135,25.0,0.905511811023622,13.0,0.7647058823529411,0.5929012345679013,6.7739739033485655,0.5041341259944673,0.0042061892127221,0.1198553133248606,34809.83,4863785,235800.88,,0,-0.7386510360834185,-0.0863372733279494,True,False,0.7217294900221729,0.8569844789356984,0.697339246119734,0.8270509977827051,0.32261640798226165,0.3448777407000776,0.12139325893613778,0.07530864197530884
500850,20141,1033,NomadLayer,NomadLayer Travel,travel,rewarded_video,en,discount,trending,Install now,Dream destinations await,Special fares today,purple,urgent,booking,destination,45-54,iOS,2026-01-15,assets/creative_500850.png,top_performer,0.9011751662971177,top_winner,Scale,5.0,0.9955654101995566,1.0,1.0,4.0,0.9793103448275862,5.0,0.975,4.0,0.9347826086956522,0.8919753086419754,7.949125860580844,0.6263214939322329,0.009688549421652,0.0646455384262708,20263.93,1800992,161080.53,,0,-0.6477816663903662,0.0680690567218531,True,False,0.9977827050997783,0.9456762749445676,0.7982261640798226,0.26496674057649666,0.9900221729490022,0.5224922673572507,0.29411057572581134,0.13919753086419762
500847,20141,1033,NomadLayer,NomadLayer Travel,travel,interstitial,en,family,escape,Order now,Dream destinations await,Flexible booking options,blue,trustworthy,booking,destination,45-54,iOS,2026-01-14,assets/creative_500847.png,top_performer,0.8123170731707318,top_winner,Scale,41.0,0.9556541019955654,2.0,0.75,17.0,0.8896551724137931,3.0,0.9929577464788732,1.0,1.0,0.783641975308642,6.904141325866344,0.4389221117211784,0.0086279196886753,0.0508722991820717,22427.6,2451460,154843.32,,0,-0.6133078255901743,-0.1022946979516085,True,False,0.975609756097561,0.8658536585365854,0.606430155210643,0.058758314855875834,0.9689578713968958,-0.5224922673572499,0.10671119351475683,0.20617283950617282
500851,20141,1033,NomadLayer,NomadLayer Travel,travel,interstitial,en,wanderlust,last-minute deal,Order now,Escape this weekend,Flexible booking options,purple,premium,booking,destination,45-54,iOS,2026-01-09,assets/creative_500851.png,stable,0.757538802660754,not_top,Review,105.0,0.88470066518847,3.0,0.5,34.0,0.7724137931034483,22.0,0.926056338028169,8.0,0.8653846153846154,0.7475308641975308,6.338722349546478,0.4203865493673304,0.0079534204104318,0.0528560704292636,34060.02,3684704,215897.01,,0,-0.7057727868638781,-0.0424520691228343,True,False,0.950110864745011,0.8325942350332595,0.565410199556541,0.08980044345898004,0.9456762749445676,-1.087911243677116,0.08817563116090882,0.17006172839506162
500855,20142,1034,PlateSprint,PlateSprint Go,food_delivery,interstitial,fr,competitive,late-night,Watch now,Hungry? We got you,Fresh favorites nearby,black,calm,order,combo,45-54,Android,2026-01-28,assets/creative_500855.png,fatigued,0.7529933481152993,not_top,Review,111.0,0.8780487804878049,1.0,1.0,9.0,0.949685534591195,23.0,0.9225352112676056,3.0,0.9534883720930233,0.7077160493827162,3.110374414976599,0.5276214717641818,0.0064917836478844,0.0812752704622445,16871.12,5638512,52475.5,12.0,1,-0.873965591652571,0.024221898633097,True,False,0.9090909090909091,0.6618625277161863,0.7250554323725056,0.3736141906873614,0.8303769401330376,0.6603288862860843,0.10674304091700171,0.22746913580246925
500854,20142,1034,PlateSprint,PlateSprint Go,food_delivery,interstitial,en,urgency,free delivery,Watch now,Dinner in minutes,Late-night deals available,black,playful,order,combo,45-54,Android,2026-01-25,assets/creative_500854.png,stable,0.5663525498891353,not_top,Review,378.0,0.582039911308204,2.0,0.8333333333333334,41.0,0.7484276729559748,117.0,0.5915492957746479,13.0,0.7209302325581395,0.5040123456790123,2.662303905191625,0.4265374226360414,0.0046611799519998,0.0915084650299837,19066.67,6475399,50761.27,,0,-0.8567261184657746,-0.1778114988793315,True,False,0.5521064301552107,0.6086474501108647,0.582039911308204,0.5521064301552107,0.43458980044345896,0.21225837650111012,0.005658991788861256,0.023765432098765416
500857,20142,1034,PlateSprint,PlateSprint Go,food_delivery,banner,en,urgency,fast,Install now,Dinner in minutes,Late-night deals available,yellow,urgent,order,combo,45-54,Android,2026-01-23,assets/creative_500857.png,stable,0.336529933481153,not_top,Review,684.0,0.24279379157427938,3.0,0.6666666666666666,89.0,0.44654088050314467,58.0,0.6566265060240963,11.0,0.8181818181818182,0.3256172839506173,2.496928975057448,0.2974970921781149,0.0039245120198924,0.0758048620236531,20274.99,9307654,50625.21,,0,-0.8214605612430004,0.0071114383476778,True,False,0.23780487804878048,0.5787139689578714,0.24833702882483372,0.34811529933481156,0.24501108647450112,0.04688344636693342,-0.12338133866906525,0.08765432098765438
500863,20143,1035,StarVault,StarVault Play,entertainment,interstitial,en,drama,cashback,Order now,Binge starts now,Start free today,purple,trustworthy,install,celebrity,45-54,Android,2026-01-21,assets/creative_500863.png,stable,0.787250554323725,strong_candidate,Keep,69.0,0.9246119733924612,1.0,1.0,6.0,0.9705882352941176,12.0,0.9612676056338029,1.0,1.0,0.7311728395061728,3.0674097952808035,0.5833120435569344,0.0065614255968233,0.088900199346821,15467.04,3593274,47443.75,,0,-0.7751171208789313,-0.0333487725798982,True,False,0.9379157427937915,0.6574279379157428,0.7827050997782705,0.49223946784922396,0.8392461197339246,0.16922197390138027,0.14132506565201391,0.26481481481481484
500862,20143,1035,StarVault,StarVault Play,entertainment,interstitial,es,trailer,cashback,Order now,Watch what’s trending,Start free today,black,premium,install,celebrity,45-54,Android,2026-01-10,assets/creative_500862.png,fatigued,0.7171286031042129,not_top,Review,150.0,0.8348115299334812,2.0,0.8,20.0,0.888235294117647,33.0,0.8873239436619719,4.0,0.9545454545454546,0.6574074074074074,2.7289658474780434,0.5239498547910403,0.0058960397945261,0.0888647080159593,20173.62,4676020,55053.12,11.0,1,-0.8161011300799794,-0.1528385744234801,True,False,0.8325942350332595,0.6186252771618626,0.7195121951219512,0.49002217294900224,0.7305986696230599,-0.16922197390137983,0.08196287688611975,0.19104938271604943
500861,20143,1035,StarVault,StarVault Play,entertainment,interstitial,en,drama,new season,Try for free,A new season drops,Cancel anytime,blue,excited,install,celebrity,45-54,Android,2026-01-09,assets/creative_500861.png,fatigued,0.6858093126385809,not_top,Review,195.0,0.7849223946784922,3.0,0.6,33.0,0.8117647058823529,44.0,0.8485915492957746,7.0,0.9090909090909091,0.6265432098765432,2.5694416390265284,0.5075706912221136,0.0056863652915253,0.0892610068471281,21535.71,4956945,55334.75,13.0,1,-0.8207422966558273,-0.0464135555442984,True,False,0.782150776053215,0.5931263858093127,0.6984478935698448,0.5022172949002217,0.6951219512195121,-0.32874618235289477,0.06558371331719309,0.1601851851851852
500869,20144,1000,PixelForge,PixelForge Legends,gaming,native,pt,minimalist,competition,Get offer,Level up today,Free rewards for new players,blue,playful,install,fantasy,25-34,iOS,2026-01-25,assets/creative_500869.png,stable,0.7789356984478936,strong_candidate,Keep,79.0,0.9135254988913526,1.0,1.0,21.0,0.868421052631579,13.0,0.952755905511811,1.0,1.0,0.7117283950617285,1.7941463303045009,1.5009559961030174,0.0075864818501121,0.1978461196846896,16611.46,3561730,29803.39,,0,-0.7627735238794884,-0.1110425583718739,True,False,0.9113082039911308,0.33148558758314856,0.9556541019955654,0.9379157427937915,0.9323725055432373,0.20671580732439598,0.14697533067103152,0.1200617283950618
500865,20144,1000,PixelForge,PixelForge Legends,gaming,native,ja,fantasy,competition,Install now,Beat your rivals,No ads in first week,lime,adventurous,install,fantasy,25-34,iOS,2026-01-12,assets/creative_500865.png,fatigued,0.6944567627494457,not_top,Review,182.0,0.7993348115299335,2.0,0.6666666666666666,53.0,0.6578947368421053,33.0,0.8740157480314961,2.0,0.8888888888888888,0.6432098765432098,1.560043650057893,1.2805255804838576,0.0069261380517994,0.1848830576155162,23569.27,5061984,36769.09,12.0,1,-0.844638158593223,-0.0199281505912022,True,False,0.8065410199556541,0.21286031042128603,0.9212860310421286,0.9046563192904656,0.8780487804878049,-0.02738687292221198,-0.07345508494812836,0.05154320987654315
500866,20144,1000,PixelForge,PixelForge Legends,gaming,interstitial,en,fantasy,save smarter,Get offer,Unlock rare gear,No ads in first week,purple,excited,install,fantasy,25-34,iOS,2026-01-10,assets/creative_500866.png,fatigued,0.651829268292683,not_top,Review,243.0,0.7317073170731707,3.0,0.3333333333333333,75.0,0.5131578947368421,63.0,0.7816901408450704,21.0,0.6610169491525424,0.6166666666666667,1.241745669138557,1.3019470569557583,0.0070613590123434,0.1843762729921975,26387.36,4519385,32766.39,10.0,1,-0.8516544078233519,-0.0593746096514968,True,False,0.761640798226164,0.10975609756097561,0.9246119733924612,0.9024390243902439,0.8913525498891353,-0.3456848538415478,-0.05203360847622762,0.05308641975308648
500875,20145,1001,VantaStyle,VantaStyle Shop,ecommerce,interstitial,fr,discount,watch now,Install now,Limited stock,Free shipping over $25,orange,urgent,purchase,testimonial,18-24,Android,2026-01-23,assets/creative_500875.png,stable,0.5480598669623059,not_top,Review,410.0,0.5465631929046563,1.0,1.0,18.0,0.8740740740740741,132.0,0.5387323943661971,5.0,0.875,0.5475308641975308,2.434740228335202,0.3770906021052134,0.0058703634828707,0.0642363293526084,24088.27,4065336,58648.68,,0,-0.8391739623339161,-0.1429503916449086,True,False,0.6241685144124168,0.5609756097560976,0.4789356984478936,0.26053215077605324,0.7261640798226164,0.24255642380986853,0.07299754135329645,0.04567901234567895
500871,20145,1001,VantaStyle,VantaStyle Shop,ecommerce,native,de,ugc,new collection,Shop now,New collection drop,Only this weekend,purple,premium,purchase,testimonial,18-24,Android,2026-01-31,assets/creative_500871.png,stable,0.3234478935698448,not_top,Review,709.0,0.21507760532150777,2.0,0.8,65.0,0.5259259259259259,206.0,0.19291338582677164,29.0,0.45098039215686275,0.3469135802469136,2.3269246103821315,0.2784733389774578,0.0046148432511152,0.0603429680759275,19187.39,4018338,44647.61,,0,-0.7997229446065748,-0.2091162889443235,True,False,0.2777161862527716,0.5277161862527716,0.18957871396895787,0.21286031042128603,0.4246119733924612,0.13474080585679804,-0.025619721774459148,-0.059259259259259234
500870,20145,1001,VantaStyle,VantaStyle Shop,ecommerce,native,de,urgency,new collection,Order now,Up to 40% off,Free shipping over $25,beige,premium,purchase,testimonial,18-24,Android,2026-01-17,assets/creative_500870.png,stable,0.28181818181818186,not_top,Review,755.0,0.164079822616408,3.0,0.6,77.0,0.43703703703703706,222.0,0.12992125984251968,36.0,0.3137254901960784,0.3064814814814814,2.212791452447685,0.2760477093486748,0.0043098813674075,0.0640499553969669,37220.48,7802999,82361.16,,0,-0.7611819722702753,-0.0947643024060186,True,False,0.1984478935698448,0.4955654101995565,0.17960088691796008,0.2549889135254989,0.3425720620842572,0.02060764792235137,-0.028045351403242158,-0.09969135802469142
500876,20146,1002,EarnPath,EarnPath Saver,fintech,rewarded_video,fr,feature-focus,cashback,Try for free,Secure & simple,Built for peace of mind,lime,calm,signup,testimonial,35-44,Android,2026-01-16,assets/creative_500876.png,stable,0.7205654101995567,not_top,Review,145.0,0.8403547671840355,1.0,1.0,27.0,0.8156028368794326,65.0,0.6,6.0,0.375,0.5864197530864198,6.031474468778035,0.4922642884799613,0.0044318328482797,0.1110746513535685,21524.43,2750555,129824.05,,0,-0.7786229553285219,-0.0876041124414367,True,False,0.7095343680709535,0.8048780487804879,0.6784922394678492,0.8104212860310421,0.37583148558758317,-0.7857009271873423,0.1095234214216318,-0.13549382716049374
500877,20146,1002,EarnPath,EarnPath Saver,fintech,interstitial,it,feature-focus,challenge,Learn more,Secure & simple,No hidden fees,blue,urgent,signup,testimonial,35-44,Android,2026-01-18,assets/creative_500877.png,stable,0.7075942350332595,not_top,Review,165.0,0.8181818181818182,2.0,0.8333333333333334,29.0,0.8014184397163121,36.0,0.8767605633802817,6.0,0.84375,0.5845679012345678,6.691537513897598,0.4464722185985592,0.0045051594961068,0.0991024222304192,23142.49,3610527,154858.84,,0,-0.7795089728797875,-0.1372445606414779,True,False,0.7067627494456763,0.8514412416851441,0.6186252771618626,0.6840354767184036,0.39800443458980045,-0.12563788206777993,0.06373135154022969,0.04567901234567884
500880,20146,1002,EarnPath,EarnPath Saver,fintech,native,fr,trust,earn more,Book now,Track every euro,"Fast signup, instant card",blue,trustworthy,signup,testimonial,35-44,Android,2026-01-17,assets/creative_500880.png,stable,0.6175720620842573,not_top,Review,297.0,0.6718403547671841,3.0,0.6666666666666666,48.0,0.6666666666666666,71.0,0.7244094488188977,26.0,0.5098039215686274,0.4966049382716049,7.139657262795905,0.3909270264085377,0.003769670199532,0.103703243444762,22030.29,4269339,157288.72,,0,-0.7416416989347294,-0.0886583067160424,True,False,0.5271618625277162,0.885809312638581,0.5055432372505543,0.7416851441241685,0.19955654101995565,0.32248186683052715,0.008186159350208222,-0.020987654320987592
500887,20147,1003,CloudRoute,CloudRoute Getaway,travel,interstitial,en,destination,escape,Order now,Dream destinations await,Flexible booking options,teal,urgent,booking,destination,25-34,Both,2026-01-22,assets/creative_500887.png,fatigued,0.6820953436807096,not_top,Review,204.0,0.7749445676274944,1.0,1.0,54.0,0.6344827586206897,48.0,0.8345070422535211,13.0,0.7692307692307693,0.6555555555555556,7.355835223065019,0.3336770786643001,0.0063318858795895,0.0526978983844111,22604.62,3509381,166275.86000000002,11.0,1,-0.8303432616354086,0.0238019387430026,True,False,0.8292682926829268,0.9090909090909091,0.3713968957871397,0.08536585365853659,0.8059866962305987,-2.3038022889691545,0.001466160457878507,0.07808641975308639
500886,20147,1003,CloudRoute,CloudRoute Getaway,travel,native,es,wanderlust,2-for-1,Order now,Book your next trip,Flexible booking options,lime,playful,booking,destination,25-34,Both,2026-01-22,assets/creative_500886.png,fatigued,0.6524390243902439,not_top,Review,242.0,0.7328159645232816,2.0,0.6666666666666666,58.0,0.6068965517241379,55.0,0.7874015748031497,6.0,0.8780487804878049,0.6092592592592593,8.9390385932267,0.3164715904574794,0.0055750688654859,0.0567655033674451,21130.91,4101474,188890.02,12.0,1,-0.79723576589418,-0.1910260499734183,True,False,0.75,0.9645232815964523,0.31042128603104213,0.15521064301552107,0.6740576496674058,-0.7205989188074735,-0.015739327748942156,0.06018518518518523
500882,20147,1003,CloudRoute,CloudRoute Getaway,travel,banner,es,wanderlust,save smarter,Start now,Escape this weekend,Special fares today,blue,urgent,booking,destination,25-34,Both,2026-01-24,assets/creative_500882.png,stable,0.6251662971175167,not_top,Review,285.0,0.6851441241685144,3.0,0.3333333333333333,68.0,0.5379310344827586,3.0,0.9879518072289156,1.0,1.0,0.5938271604938271,9.042519577800476,0.2976847289372257,0.0055888435626964,0.0532641011682927,19824.75,4272977,179265.69,,0,-0.775591769896426,0.0088985784520922,True,False,0.7228381374722838,0.967849223946785,0.24944567627494457,0.10199556541019955,0.6796008869179601,-0.617117934233697,-0.03452618926919587,0.22206790123456782
500892,20148,1004,SnapMeal,SnapMeal Express,food_delivery,rewarded_video,es,combo,fast,Order now,2-for-1 tonight,Late-night deals available,purple,excited,order,discount,35-44,iOS,2026-01-28,assets/creative_500892.png,fatigued,0.7876385809312638,strong_but_fatigued,Refresh,66.0,0.9273835920177383,1.0,1.0,3.0,0.9874213836477987,33.0,0.796875,1.0,1.0,0.726851851851852,2.153876807793059,0.8238842292418519,0.0075689176725313,0.1088509962569473,24592.14,3494423,52968.44,13.0,1,-0.8395027944849203,-0.0954356846473029,True,False,0.9334811529933481,0.47339246119733924,0.8458980044345898,0.8015521064301552,0.9312638580931264,0.5629690796474254,0.40300579839467177,0.14320987654321005
500888,20148,1004,SnapMeal,SnapMeal Express,food_delivery,native,de,combo,fast,Get offer,Hungry? We got you,Fresh favorites nearby,blue,excited,order,discount,35-44,iOS,2026-01-26,assets/creative_500888.png,fatigued,0.6282705099778271,not_top,Review,277.0,0.6940133037694013,2.0,0.8333333333333334,28.0,0.8301886792452831,66.0,0.7440944881889764,16.0,0.7058823529411765,0.5820987654320988,2.04767326083233,0.5265422041582235,0.0056617075020747,0.0930006016674784,28432.71,6164748,58220.9,13.0,1,-0.8473358838772722,0.0822209935288817,True,False,0.6995565410199557,0.4445676274944568,0.7239467849223947,0.5798226164079823,0.6906873614190687,0.4567655326866964,0.10566377331104337,0.10601851851851862
500893,20148,1004,SnapMeal,SnapMeal Express,food_delivery,interstitial,en,food-closeup,discover,Book now,Hungry? We got you,Late-night deals available,orange,calm,order,discount,35-44,iOS,2026-01-27,assets/creative_500893.png,stable,0.4268292682926829,not_top,Review,575.0,0.36363636363636365,3.0,0.6666666666666666,68.0,0.5786163522012578,198.0,0.30633802816901406,24.0,0.46511627906976744,0.4574074074074074,1.4831711055693542,0.4633167957669517,0.0055336309352165,0.0837274478892976,23851.24,4126766,35375.47,,0,-0.8584992137440253,-0.1851383782679738,True,False,0.44623059866962306,0.18403547671840353,0.6407982261640798,0.41019955654101997,0.6629711751662971,-0.10773662257627947,0.04243836491977154,-0.02283950617283953
500897,20149,1005,MoonScreen,MoonScreen Box,entertainment,native,es,trailer,free shipping,Order now,Watch what’s trending,Start free today,purple,trustworthy,signup,trailer,35-44,Both,2026-01-22,assets/creative_500897.png,stable,0.7565410199556543,not_top,Review,107.0,0.8824833702882483,1.0,1.0,14.0,0.9235294117647059,20.0,0.9251968503937008,3.0,0.9607843137254902,0.6731481481481482,3.2472785189972764,0.5466027098851557,0.005718884157853,0.0955785595227651,15162.7,3986442,49237.51,,0,-0.7293618428896553,-0.0028795248979271,True,False,0.856430155210643,0.6685144124168514,0.7450110864745011,0.6286031042128604,0.6995565410199557,0.3606607163969118,0.10461573198023516,0.2679012345679014
500895,20149,1005,MoonScreen,MoonScreen Box,entertainment,native,pt,ugc,exclusive,Book now,A new season drops,New hits every week,orange,premium,signup,trailer,35-44,Both,2026-01-23,assets/creative_500895.png,stable,0.5939578713968959,not_top,Review,334.0,0.6308203991130821,2.0,0.5,58.0,0.6647058823529411,84.0,0.6732283464566929,14.0,0.7450980392156863,0.54320987654321,2.6594474764782743,0.4418121245796108,0.0050095375933114,0.0881941928471611,14502.55,3856843,38568.77,,0,-0.7960600902238255,-0.1316731092400103,True,False,0.61529933481153,0.6075388026607539,0.6097560975609756,0.47671840354767187,0.5266075388026608,-0.22717032612209032,-0.00017485332530975395,0.13796296296296318
500903,20150,1006,NeonArena,NeonArena Saga,gaming,playable,ja,fantasy,power-up,Start now,Unlock rare gear,Free rewards for new players,purple,adventurous,install,fantasy,45-54,iOS,2026-01-14,assets/creative_500903.png,fatigued,0.6956762749445677,not_top,Review,177.0,0.8048780487804879,1.0,1.0,50.0,0.6776315789473685,22.0,0.4473684210526316,20.0,0.4411764705882353,0.6552469135802469,1.146934406144233,1.965483278022095,0.0083217796626119,0.2361854504334715,30509.26,3188020,34992.12,14.0,1,-0.865472576925149,-0.0324743709993253,True,False,0.8281596452328159,0.07427937915742794,0.9900221729490022,0.9977827050997783,0.9611973392461197,0.2076885237010151,0.6115026125901091,-0.05200617283950615
500900,20150,1006,NeonArena,NeonArena Saga,gaming,rewarded_video,en,feature-focus,challenge,Install now,Join the arena,Free rewards for new players,lime,trustworthy,install,fantasy,45-54,iOS,2026-01-07,assets/creative_500900.png,fatigued,0.6633037694013304,not_top,Review,228.0,0.7477827050997783,2.0,0.8333333333333334,68.0,0.555921052631579,96.0,0.40625,24.0,0.46511627906976744,0.6327160493827161,1.0679155935397855,1.6843633893255614,0.0080061796347845,0.210382912470199,44515.55,5134284,47538.85,12.0,1,-0.8629561020914716,-0.1435271994758136,True,False,0.7871396895787139,0.04434589800443459,0.9656319290465631,0.967849223946785,0.9490022172949002,0.12866971109656755,0.3303827238935755,-0.02901234567901234
500905,20150,1006,NeonArena,NeonArena Saga,gaming,playable,en,reward,cashback,Start now,Level up today,No ads in first week,purple,premium,install,fantasy,45-54,iOS,2026-01-13,assets/creative_500905.png,fatigued,0.6306541019955655,not_top,Review,276.0,0.6951219512195121,3.0,0.6666666666666666,84.0,0.45394736842105265,29.0,0.2631578947368421,27.0,0.23529411764705882,0.5996913580246913,0.8913838233133204,1.5253084901702665,0.0070583129602036,0.2161010001639613,32802.02,3456350,29239.19,13.0,1,-0.8893688409213276,-0.0589589218981683,True,False,0.7317073170731707,0.017738359201773836,0.9578713968957872,0.975609756097561,0.8880266075388027,-0.047862059129897494,0.17132782473828057,-0.10756172839506173
500909,20151,1007,ThreadMark,ThreadMark Club,ecommerce,banner,en,testimonial,challenge,Start now,Up to 40% off,Free shipping over $25,orange,premium,purchase,testimonial,45-54,Android,2026-01-17,assets/creative_500909.png,underperformer,0.14251662971175166,not_top,Review,856.0,0.052106430155210645,1.0,1.0,113.0,0.17037037037037037,126.0,0.2469879518072289,19.0,0.5384615384615384,0.1802469135802469,1.7682873008348203,0.210226942548224,0.0039283870832269,0.0535148237926533,18330.89,4095574,32414.28,,0,-0.7165240064312162,0.2233507292921182,True,False,0.07427937915742794,0.3170731707317073,0.052106430155210645,0.10753880266075388,0.24722838137472283,-0.5907626843217135,-0.09386611820369295,-0.006018518518518506
500916,20152,1008,CoinBridge,CoinBridge Pay,fintech,rewarded_video,en,trust,earn more,Try for free,Secure & simple,"Fast signup, instant card",lime,playful,signup,minimalist,18-24,Both,2026-01-06,assets/creative_500916.png,stable,0.8514412416851441,strong_candidate,Keep,26.0,0.9722838137472284,1.0,1.0,5.0,0.9716312056737588,18.0,0.89375,3.0,0.75,0.7219135802469135,6.309211398969824,0.623447135714347,0.0054183396942506,0.1150623938133458,30608.38,3150227,193114.74,,0,-0.7844213150176719,-0.0845104931349359,True,False,0.9279379157427938,0.8292682926829268,0.7971175166297118,0.8192904656319291,0.6319290465631929,0.9041924748472745,0.24070626865601746,0.0
500917,20152,1008,CoinBridge,CoinBridge Pay,fintech,playable,en,feature-focus,security,Book now,"Your money, clearer",Built for peace of mind,green,premium,signup,minimalist,18-24,Both,2026-01-09,assets/creative_500917.png,fatigued,0.7975055432372504,strong_but_fatigued,Refresh,57.0,0.9379157427937915,2.0,0.8333333333333334,16.0,0.8936170212765957,10.0,0.7631578947368421,1.0,1.0,0.6672839506172838,5.459943915066513,0.6147918111327619,0.0050261226637412,0.1223193010325655,26969.81,2504913,147253.65,13.0,1,-0.8232351488651476,0.2178785481266325,True,False,0.8453436807095344,0.7638580931263859,0.79490022172949,0.8281596452328159,0.532150776053215,0.05492499094396397,0.23205094407443244,0.0
500914,20152,1008,CoinBridge,CoinBridge Pay,fintech,native,en,minimalist,limited offer,Try for free,Save with confidence,No hidden fees,black,premium,signup,minimalist,18-24,Both,2026-01-02,assets/creative_500914.png,stable,0.5408536585365853,not_top,Review,419.0,0.5365853658536586,3.0,0.6666666666666666,70.0,0.5106382978723404,109.0,0.5748031496062992,37.0,0.29411764705882354,0.437037037037037,5.755644891208582,0.3750272243504767,0.0035314926854919,0.1061951015476135,38817.4,6092891,223419.17,,0,-0.6899937420884716,0.0238541524696753,True,False,0.4124168514412417,0.7849223946784922,0.4745011086474501,0.7749445676274944,0.14523281596452328,0.35062596708603255,-0.007713642707852797,-0.08055555555555549
500919,20153,1009,DriftPass,DriftPass Trips,travel,rewarded_video,pt,feature-focus,power-up,Install now,Book your next trip,Special fares today,orange,trustworthy,booking,discount,25-34,iOS,2026-01-29,assets/creative_500919.png,fatigued,0.7144124168514412,not_top,Review,153.0,0.8314855875831486,1.0,1.0,45.0,0.696551724137931,68.0,0.58125,31.0,0.34782608695652173,0.6959876543209876,6.314995353557423,0.3775848292115968,0.0070623748950732,0.0534642857142857,33778.53,3964672,213311.26,14.0,1,-0.8197604644011658,-0.0884183747113164,True,False,0.8891352549889135,0.8303769401330376,0.48004434589800443,0.10532150776053215,0.8924611973392461,0.6290532588878346,0.04537391100517524,-0.05679012345679013
500921,20153,1009,DriftPass,DriftPass Trips,travel,interstitial,ja,testimonial,challenge,Book now,Escape this weekend,Special fares today,white,premium,booking,discount,25-34,iOS,2026-01-17,assets/creative_500921.png,stable,0.5293237250554323,not_top,Review,431.0,0.5232815964523282,2.0,0.8333333333333334,94.0,0.3586206896551724,142.0,0.5035211267605634,29.0,0.46153846153846156,0.5441358024691358,5.779365802503479,0.2896160988059622,0.0058838940545198,0.0492218412028488,44646.66,6443012,258029.38,,0,-0.8288631780214806,-0.1007103677726822,True,False,0.6164079822616408,0.7871396895787139,0.22727272727272727,0.041019955654102,0.7283813747228381,0.09342370783389065,-0.042594819400459394,-0.033333333333333326
500918,20153,1009,DriftPass,DriftPass Trips,travel,native,ja,destination,last-minute deal,Watch now,Book your next trip,Special fares today,orange,trustworthy,booking,discount,25-34,iOS,2026-01-23,assets/creative_500918.png,stable,0.48503325942350334,not_top,Review,485.0,0.4634146341463415,3.0,0.6666666666666666,103.0,0.296551724137931,134.0,0.4763779527559055,28.0,0.34146341463414637,0.4972222222222222,6.686947897811643,0.2566680975977727,0.0053020960245756,0.0484087984087984,35059.18,6448016,234438.91,,0,-0.8381945513382265,0.0072393150494223,True,False,0.5315964523281597,0.8503325942350333,0.1319290465631929,0.02993348115299335,0.6086474501108647,1.0010058031420543,-0.07554282060864886,-0.05185185185185187
500927,20154,1010,BiteRush,BiteRush Delivery,food_delivery,native,es,urgency,2-for-1,Try for free,Hungry? We got you,Fresh favorites nearby,black,playful,order,combo,35-44,iOS,2026-01-23,assets/creative_500927.png,stable,0.3309312638580931,not_top,Review,698.0,0.22727272727272727,1.0,1.0,93.0,0.42138364779874216,200.0,0.21653543307086615,40.0,0.23529411764705882,0.2972222222222222,1.983449072826989,0.3444011481639473,0.0036248328067526,0.0950115954375502,37123.6,11657917,73632.77,,0,-0.8109213859186595,-0.0596907638683614,True,False,0.18514412416851442,0.42350332594235035,0.4035476718403548,0.6186252771618626,0.16851441241685144,0.21906900294670817,-0.07647728268323284,-0.17885802469135798
500929,20154,1010,BiteRush,BiteRush Delivery,food_delivery,interstitial,es,product-focus,late-night,Get offer,"Your cravings, delivered",Fresh favorites nearby,orange,premium,order,combo,35-44,iOS,2026-01-11,assets/creative_500929.png,stable,0.2977827050997783,not_top,Review,743.0,0.17738359201773837,2.0,0.8333333333333334,102.0,0.36477987421383645,252.0,0.11619718309859155,34.0,0.23255813953488372,0.2882716049382716,1.68404265432992,0.364751394879818,0.0039346348124588,0.0927027315787599,57220.92,14272735,96362.47,,0,-0.7959874610883435,-0.2097527840102099,True,False,0.17350332594235032,0.2738359201773836,0.4523281596452328,0.5698447893569845,0.24944567627494457,-0.08033741555036067,-0.05612703596736213,-0.19197530864197532
500926,20154,1010,BiteRush,BiteRush Delivery,food_delivery,native,es,urgency,trending,Install now,"Fast food, fast",Fresh favorites nearby,black,calm,order,combo,35-44,iOS,2026-01-19,assets/creative_500926.png,stable,0.2916851441241685,not_top,Review,746.0,0.17405764966740578,3.0,0.6666666666666666,103.0,0.3584905660377358,220.0,0.1377952755905512,45.0,0.13725490196078433,0.2743827160493827,1.8826086787126963,0.3326006974328026,0.0036907143932562,0.0901182432432432,41066.92,12832204,77312.94,,0,-0.8111198276607496,-0.1018124744097175,True,False,0.1590909090909091,0.37472283813747226,0.3669623059866962,0.5177383592017738,0.18403547671840353,0.1182286088324156,-0.08827773341437756,-0.2016975308641975
500935,20155,1011,FluxStream,FluxStream Now,entertainment,rewarded_video,fr,ugc,trending,Get offer,Exclusive tonight,Start free today,lime,urgent,signup,ugc,25-34,iOS,2026-01-31,assets/creative_500935.png,fatigued,0.6904656319290466,not_top,Review,186.0,0.79490022172949,1.0,1.0,31.0,0.8235294117647058,87.0,0.4625,20.0,0.5581395348837209,0.6367283950617284,1.904353805964364,0.6536204290733508,0.0063434906507118,0.1030379746835443,42693.91,5604170,81304.31,12.0,1,-0.7956689189798518,-0.0589765317506796,True,False,0.7971175166297118,0.3858093126385809,0.8059866962305987,0.7361419068736141,0.8070953436807096,0.4696015399241571,0.2116334511684303,0.0037037037037036535
500934,20155,1011,FluxStream,FluxStream Now,entertainment,rewarded_video,de,discount,exclusive,Get offer,Exclusive tonight,New hits every week,red,urgent,signup,ugc,25-34,iOS,2026-01-28,assets/creative_500934.png,stable,0.4909090909090909,not_top,Review,480.0,0.46895787139689576,2.0,0.8333333333333334,85.0,0.5058823529411764,138.0,0.14375,34.0,0.23255813953488372,0.4709876543209876,1.572510466282856,0.5325674226727141,0.005164573013507,0.1031193520315951,44325.67,5785183,69702.58,,0,-0.8338922050642483,-0.0357093173699053,True,False,0.4722838137472284,0.21729490022172948,0.7283813747228381,0.7372505543237251,0.565410199556541,0.13775820024264895,0.09058044476779353,-0.16203703703703715
500931,20155,1011,FluxStream,FluxStream Now,entertainment,interstitial,ja,drama,exclusive,Start now,Exclusive tonight,New hits every week,black,premium,signup,ugc,25-34,iOS,2026-01-29,assets/creative_500931.png,stable,0.2333148558758315,not_top,Review,787.0,0.1286031042128603,3.0,0.6666666666666666,148.0,0.13529411764705881,262.0,0.08098591549295775,55.0,0.18181818181818182,0.2416666666666667,1.261931102731101,0.3624477337994112,0.0040085791327033,0.0904180064308681,48666.08,7758360,61413.24,,0,-0.8019568802442845,-0.0936159333532874,True,False,0.12527716186252771,0.1130820399113082,0.4434589800443459,0.524390243902439,0.27605321507760533,-0.1728211633091059,-0.07953924410550933,-0.2246913580246913
500937,20156,1012,VoxelRealm,VoxelRealm Quest,gaming,interstitial,es,competitive,competition,Claim reward,Win epic rewards,No ads in first week,purple,urgent,install,gameplay,45-54,iOS,2026-01-07,assets/creative_500937.png,fatigued,0.6827050997782707,not_top,Review,202.0,0.7771618625277162,1.0,1.0,58.0,0.625,47.0,0.8380281690140845,13.0,0.7966101694915254,0.6370370370370371,1.442452086045951,1.3260349042552524,0.0071170157720644,0.1863189497851298,25405.96,4773630,36646.88,10.0,1,-0.865431614852127,-0.2314013462715272,True,False,0.7982261640798226,0.16851441241685144,0.9279379157427938,0.9079822616407982,0.8980044345898004,-0.1837261495657676,-0.02794576117673353,0.07345679012345685
500940,20156,1012,VoxelRealm,VoxelRealm Quest,gaming,rewarded_video,de,family,competition,Install now,Win epic rewards,No ads in first week,purple,calm,install,gameplay,45-54,iOS,2026-01-04,assets/creative_500940.png,fatigued,0.676718403547672,not_top,Review,212.0,0.7660753880266076,2.0,0.5,60.0,0.6118421052631579,92.0,0.43125,22.0,0.5116279069767442,0.6345679012345679,1.2815276739118198,1.4708256439691023,0.0073269436991884,0.2007420425698106,27358.98,4193563,35061.29,10.0,1,-0.8686090968963125,-0.2100201917159165,True,False,0.7926829268292683,0.11862527716186252,0.9490022172949002,0.9456762749445676,0.9124168514412417,-0.34465056169989894,0.1168449785371164,-0.02716049382716057
500945,20157,1013,BoltCart,BoltCart Club,ecommerce,native,en,urgency,free shipping,Order now,New collection drop,Free shipping over $25,pink,calm,purchase,discount,45-54,Android,2026-01-23,assets/creative_500945.png,stable,0.3994456762749446,not_top,Review,607.0,0.328159645232816,1.0,1.0,46.0,0.6666666666666666,171.0,0.33070866141732286,21.0,0.6078431372549019,0.4228395061728395,2.263694369159086,0.3191019287782614,0.0051504581994435,0.061956027293404,34841.51,6402343,78870.53,,0,-0.8294029196976628,-0.2156310154179196,True,False,0.3946784922394678,0.5077605321507761,0.3203991130820399,0.2261640798226164,0.5587583148558758,0.6291228516013712,0.015008868026344435,0.016666666666666663
500944,20157,1013,BoltCart,BoltCart Club,ecommerce,interstitial,en,discount,limited offer,Install now,Flash sale live,Free shipping over $25,red,urgent,purchase,discount,45-54,Android,2026-01-23,assets/creative_500944.png,stable,0.25920177383592014,not_top,Review,768.0,0.14966740576496673,2.0,0.8333333333333334,83.0,0.3925925925925926,258.0,0.09507042253521127,26.0,0.21875,0.300925925925926,1.7193696069329665,0.3084783598967476,0.0046383637327479,0.0665058580289455,38605.12,5630865,66376.47,,0,-0.844395248310152,-0.014129709338879,True,False,0.19068736141906872,0.3004434589800443,0.29046563192904656,0.2827050997782705,0.42904656319290463,0.08479808937525157,0.004385299144830657,-0.2009259259259259
500946,20157,1013,BoltCart,BoltCart Club,ecommerce,interstitial,en,testimonial,free shipping,Watch now,Limited stock,Only this weekend,lime,trustworthy,purchase,discount,45-54,Android,2026-01-21,assets/creative_500946.png,stable,0.1684589800443459,not_top,Review,839.0,0.07095343680709534,3.0,0.6666666666666666,106.0,0.2222222222222222,273.0,0.04225352112676056,29.0,0.125,0.2259259259259259,1.553420265381233,0.2680793195023986,0.0045305776811882,0.059171112022979,36466.03,5379005,56647.07,,0,-0.8125547003637278,0.0863841124724267,True,False,0.11141906873614191,0.20953436807095344,0.15853658536585366,0.19290465631929046,0.41019955654101997,-0.08115125217648189,-0.03601374124951834,-0.275925925925926
500952,20158,1014,VaultRun,VaultRun Pay,fintech,interstitial,en,testimonial,security,Start now,Earn cashback daily,"Fast signup, instant card",blue,calm,signup,feature-focus,25-34,Both,2026-01-12,assets/creative_500952.png,stable,0.576940133037694,not_top,Review,360.0,0.6019955654101996,1.0,1.0,63.0,0.5602836879432624,108.0,0.6232394366197183,20.0,0.40625,0.4719135802469136,5.396882226984274,0.4047735871985556,0.0038030138424038,0.1064349497457253,48317.18,6566634,260762.13,,0,-0.7824354414732564,-0.1518246682336572,True,False,0.4745011086474501,0.7594235033259423,0.5443458980044346,0.779379157427938,0.20953436807095344,0.7978249778033328,0.022032720140226114,-0.06697530864197537
500948,20158,1014,VaultRun,VaultRun Pay,fintech,interstitial,en,testimonial,cashback,Start now,Earn cashback daily,No hidden fees,blue,premium,signup,feature-focus,25-34,Both,2026-01-13,assets/creative_500948.png,stable,0.5716186252771619,not_top,Review,372.0,0.5886917960088692,2.0,0.8333333333333334,64.0,0.5531914893617021,113.0,0.6056338028169014,21.0,0.375,0.4669753086419754,5.283983111337292,0.4048550141158246,0.0037829147577316,0.107021976450398,41147.13,5545195,217420.74,,0,-0.775964169875377,-0.0216229162674841,True,False,0.46674057649667405,0.7472283813747228,0.5454545454545454,0.7882483370288248,0.2039911308203991,0.6849258621563514,0.022114147057495093,-0.07191358024691358
500951,20158,1014,VaultRun,VaultRun Pay,fintech,interstitial,es,gameplay,exclusive,Order now,Secure & simple,No hidden fees,lime,playful,signup,feature-focus,25-34,Both,2026-01-11,assets/creative_500951.png,stable,0.4140243902439025,not_top,Review,591.0,0.34534368070953436,3.0,0.6666666666666666,105.0,0.2624113475177305,203.0,0.2869718309859155,28.0,0.15625,0.3561728395061728,4.077950072292063,0.3196833639205391,0.0035101831555193,0.0910731291664578,42438.96,5683749,173063.96,,0,-0.7449789705255415,0.0503513416348007,True,False,0.2915742793791574,0.6873614190687362,0.3237250554323725,0.5399113082039911,0.13636363636363635,-0.5211071768888775,-0.0630575031377904,-0.18271604938271618
500955,20159,1015,HorizonHop,HorizonHop Escapes,travel,rewarded_video,en,testimonial,last-minute deal,Book now,Last-minute savings,Hotels + flights in one tap,orange,adventurous,booking,wanderlust,45-54,Android,2026-01-28,assets/creative_500955.png,stable,0.7794345898004436,strong_candidate,Keep,77.0,0.9157427937915743,1.0,1.0,26.0,0.8275862068965517,38.0,0.76875,20.0,0.5869565217391305,0.7354938271604938,6.957865047609136,0.4291161568857502,0.0067440425170938,0.0636289222373806,23925.03,2717213,166467.13,,0,-0.7588587874757969,0.077830101227335,True,False,0.9406873614190687,0.8713968957871396,0.5886917960088692,0.24501108647450112,0.8614190687361419,1.2489152093563831,0.09690523867932865,-0.01728395061728394
500954,20159,1015,HorizonHop,HorizonHop Escapes,travel,rewarded_video,en,discount,limited offer,Order now,Book your next trip,Flexible booking options,teal,excited,booking,wanderlust,45-54,Android,2026-01-17,assets/creative_500954.png,fatigued,0.710421286031042,not_top,Review,162.0,0.8215077605321508,2.0,0.8333333333333334,47.0,0.6827586206896552,74.0,0.54375,33.0,0.30434782608695654,0.6709876543209877,6.237842298456316,0.3916333697777836,0.0062914280890934,0.0622487238559877,30961.65,3518597,193133.89,13.0,1,-0.8224368294107989,-0.0648160580021481,True,False,0.8514412416851441,0.8215077605321508,0.5077605321507761,0.229490022172949,0.7993348115299335,0.5288924602035632,0.059422451571362056,-0.08179012345679004
500958,20159,1015,HorizonHop,HorizonHop Escapes,travel,rewarded_video,en,wanderlust,trending,Try for free,Book your next trip,Special fares today,orange,excited,booking,wanderlust,45-54,Android,2026-01-16,assets/creative_500958.png,fatigued,0.626219512195122,not_top,Review,283.0,0.6873614190687362,3.0,0.6666666666666666,67.0,0.5448275862068965,109.0,0.325,42.0,0.10869565217391304,0.6151234567901235,5.4496906523662245,0.3436712621993603,0.0063162318506188,0.0544108054180576,36455.75,4126036,198672.56,11.0,1,-0.8432180637004865,-0.0753531018387752,True,False,0.7577605321507761,0.7627494456762749,0.40022172949002216,0.12195121951219512,0.8037694013303769,-0.2592591858865285,0.011460343992938715,-0.1376543209876543
500964,20160,1016,FreshDash,FreshDash Eats,food_delivery,interstitial,it,urgency,new collection,Order now,"Fast food, fast",Fresh favorites nearby,red,excited,order,combo,45-54,iOS,2026-02-04,assets/creative_500964.png,fatigued,0.7625831485587584,not_top,Review,102.0,0.8880266075388027,1.0,1.0,7.0,0.9622641509433962,21.0,0.9295774647887324,2.0,0.9767441860465116,0.7191358024691358,2.9957311210577204,0.5488737308298453,0.0066520835526649,0.0825115509275222,14727.52,4359837,44119.69,12.0,1,-0.8509510745459724,0.000423374145952,True,False,0.9212860310421286,0.6485587583148559,0.746119733924612,0.401330376940133,0.8514412416851441,0.22950123502161013,0.12799529998266512,0.23888888888888887
500963,20160,1016,FreshDash,FreshDash Eats,food_delivery,native,es,combo,free delivery,Watch now,2-for-1 tonight,Fresh favorites nearby,red,calm,order,combo,45-54,iOS,2026-02-03,assets/creative_500963.png,fatigued,0.682538802660754,not_top,Review,203.0,0.7760532150776053,2.0,0.8333333333333334,19.0,0.8867924528301887,41.0,0.84251968503937,11.0,0.803921568627451,0.595679012345679,3.2932979006112144,0.4855315901958008,0.0050731217767895,0.09570666969147,18815.0,6951144,61963.4,12.0,1,-0.8437180410083619,-0.1947490347490348,True,False,0.7261640798226164,0.6707317073170732,0.6707317073170732,0.6308203991130821,0.5432372505543237,0.5270680145751041,0.06465315934862065,0.1195987654320988
500961,20160,1016,FreshDash,FreshDash Eats,food_delivery,native,it,discount,2-for-1,Claim reward,Dinner in minutes,Free delivery over $15,orange,calm,order,combo,45-54,iOS,2026-01-24,assets/creative_500961.png,stable,0.602549889135255,not_top,Review,315.0,0.6518847006651884,3.0,0.6666666666666666,32.0,0.8050314465408805,78.0,0.6968503937007874,18.0,0.6666666666666666,0.5243827160493827,2.924903078808902,0.4453735129039507,0.0045894065827925,0.097043812717276,24261.98,8837526,70963.94,,0,-0.8276251718674849,-0.1412994573821568,True,False,0.582039911308204,0.6430155210643016,0.614190687361419,0.6507760532150776,0.4212860310421286,0.1586731927727918,0.02449508205677059,0.048302469135802495
500968,20161,1017,PulsePlay,PulsePlay Play,entertainment,rewarded_video,en,ugc,new season,Try for free,A new season drops,New hits every week,orange,playful,install,drama,18-24,Both,2026-01-26,assets/creative_500968.png,stable,0.7822062084257206,strong_candidate,Keep,75.0,0.917960088691796,1.0,1.0,7.0,0.9647058823529412,36.0,0.78125,5.0,0.9069767441860465,0.7058641975308642,2.281933587791825,0.73180620532531,0.00664141985078,0.1101882160392798,26060.57,3679936,59468.49,,0,-0.7177448807362165,-0.1186024689750933,True,False,0.906319290465632,0.5199556541019955,0.8337028824833703,0.8048780487804879,0.8492239467849224,0.14152321563947368,0.2898192274203895,0.07283950617283941
500971,20161,1017,PulsePlay,PulsePlay Play,entertainment,native,it,ugc,watch now,Book now,Watch what’s trending,Start free today,purple,adventurous,install,drama,18-24,Both,2026-01-27,assets/creative_500971.png,stable,0.7746674057649667,strong_candidate,Keep,84.0,0.9079822616407982,2.0,0.8333333333333334,8.0,0.9588235294117647,16.0,0.9409448818897638,2.0,0.9803921568627451,0.6882716049382717,2.86602066913176,0.5920932774640189,0.0059108563063375,0.1001704739174906,22944.36,4962056,65759.01,,0,-0.7177412197466102,-0.1188363982366416,True,False,0.8802660753880266,0.6341463414634146,0.7860310421286031,0.7006651884700665,0.7350332594235033,0.7256102969794087,0.15010629955909832,0.2830246913580249
500969,20161,1017,PulsePlay,PulsePlay Play,entertainment,rewarded_video,en,trailer,book now,Get offer,Stream the hype,Start free today,blue,calm,install,drama,18-24,Both,2026-01-21,assets/creative_500969.png,fatigued,0.7135254988913526,not_top,Review,155.0,0.8292682926829268,3.0,0.6666666666666666,23.0,0.8705882352941177,69.0,0.575,15.0,0.6744186046511628,0.637962962962963,2.0890929886636505,0.6605632191531887,0.0059251888207762,0.1114839103248436,38696.76,5533157,80841.13,10.0,1,-0.8244111473770737,-0.0051309435280836,True,False,0.7993348115299335,0.4534368070953437,0.811529933481153,0.811529933481153,0.7394678492239468,-0.05131738348870085,0.2185762412482682,0.004938271604938205
500977,20162,1018,StormByte,StormByte Arena,gaming,playable,en,gameplay,discover,Learn more,Beat your rivals,Free rewards for new players,orange,trustworthy,install,gameplay,18-24,iOS,2026-01-19,assets/creative_500977.png,stable,0.7711751662971177,strong_candidate,Keep,89.0,0.9024390243902439,1.0,1.0,24.0,0.8486842105263158,14.0,0.6578947368421053,12.0,0.6764705882352942,0.721604938271605,1.537745921163754,2.663568304633294,0.0113684941621717,0.234293853401994,39442.01,4014164,60651.79,,0,-0.717258041431333,-0.0679427274628544,True,False,0.926829268292683,0.2039911308203991,1.0,0.9944567627494457,1.0,0.5270307466035629,1.309587639201308,0.014351851851851949
500976,20162,1018,StormByte,StormByte Arena,gaming,playable,en,family,2-for-1,Book now,Join the arena,Play with friends tonight,orange,premium,install,gameplay,18-24,iOS,2026-01-04,assets/creative_500976.png,fatigued,0.6901330376940134,not_top,Review,187.0,0.7937915742793792,2.0,0.8333333333333334,55.0,0.6447368421052632,23.0,0.42105263157894735,21.0,0.4117647058823529,0.6580246913580247,1.0828364248610487,1.91360542083634,0.0090556409532473,0.2113163972286374,52266.5,5355336,56596.07,13.0,1,-0.8414141079341038,-0.0641639917671264,True,False,0.8342572062084257,0.052106430155210645,0.9878048780487805,0.9689578713968958,0.9789356984478935,0.07212125030085748,0.5596247554043541,-0.04922839506172838
500972,20162,1018,StormByte,StormByte Arena,gaming,playable,en,celebrity,free rewards,Claim reward,Beat your rivals,No ads in first week,purple,adventurous,install,gameplay,18-24,iOS,2026-01-11,assets/creative_500972.png,fatigued,0.6595898004434589,not_top,Review,233.0,0.7427937915742794,3.0,0.6666666666666666,71.0,0.5394736842105263,26.0,0.34210526315789475,24.0,0.3235294117647059,0.6222222222222222,1.0281080078001716,1.743798695757269,0.0073832579730435,0.236182820934053,44834.91,4616932,46095.13,11.0,1,-0.8759714266891566,-0.1204676926246109,True,False,0.7760532150776053,0.038802660753880266,0.9689578713968958,0.9966740576496674,0.9201773835920177,0.01739283323998042,0.38981803032528317,-0.08503086419753081
500983,20163,1019,ZenDrop,ZenDrop Store,ecommerce,interstitial,fr,competitive,free shipping,Book now,Flash sale live,Only this weekend,pink,trustworthy,purchase,ugc,18-24,iOS,2026-01-07,assets/creative_500983.png,stable,0.5601995565410199,not_top,Review,391.0,0.5676274944567627,1.0,1.0,15.0,0.8962962962962963,123.0,0.5704225352112676,4.0,0.90625,0.5527777777777777,2.384418920075016,0.3925706115187001,0.0058591887687575,0.0670008472182999,31209.39,4834799,74416.26,,0,-0.8398473502797609,-0.2938855610840056,True,False,0.6407982261640798,0.5465631929046563,0.5121951219512195,0.28713968957871394,0.7217294900221729,-0.033765060549893366,0.08847755076678315,0.05092592592592582
500980,20163,1019,ZenDrop,ZenDrop Store,ecommerce,banner,en,discount,power-up,Watch now,Up to 40% off,Only this weekend,white,trustworthy,purchase,ugc,18-24,iOS,2026-01-11,assets/creative_500980.png,underperformer,0.16773835920177385,not_top,Review,841.0,0.06873614190687362,2.0,0.5,107.0,0.21481481481481482,120.0,0.28313253012048195,16.0,0.6153846153846154,0.1746913580246913,1.8975035867468129,0.2178319156918959,0.0035143549064959,0.0619834710743801,21349.43,4613649,40510.62,,0,-0.7438993982180394,-0.1203786791098348,True,False,0.07206208425720621,0.38137472283813745,0.06873614190687362,0.22838137472283815,0.13968957871396895,-0.5206803938780964,-0.08626114506002105,-0.011574074074074098
500987,20164,1020,NovaPay,NovaPay Wallet,fintech,rewarded_video,es,testimonial,free rewards,Claim reward,Secure & simple,Built for peace of mind,orange,calm,signup,minimalist,18-24,Both,2026-01-03,assets/creative_500987.png,stable,0.6476164079822616,not_top,Review,255.0,0.7184035476718403,1.0,1.0,42.0,0.7092198581560284,99.0,0.3875,7.0,0.25,0.5302469135802469,5.3241707073425,0.4599832857873924,0.0041051278420651,0.1120509040117948,52885.13,6278489,281569.46,,0,-0.7700343544490696,-0.3177930046128353,True,False,0.5898004434589801,0.7516629711751663,0.6363636363636364,0.8148558758314856,0.3004434589800443,-0.13170474638040464,0.0772424187290629,-0.19166666666666665
500985,20164,1020,NovaPay,NovaPay Wallet,fintech,interstitial,ja,feature-focus,security,Learn more,Save with confidence,Built for peace of mind,purple,calm,signup,minimalist,18-24,Both,2026-01-10,assets/creative_500985.png,stable,0.5809312638580931,not_top,Review,353.0,0.6097560975609756,2.0,0.8333333333333334,61.0,0.574468085106383,105.0,0.6338028169014085,19.0,0.4375,0.4814814814814814,5.541934946521404,0.3991409237342545,0.0039528800645443,0.1009747114045726,38900.61,5632096,215584.65,,0,-0.7879518132263201,-0.1711823486017033,True,False,0.4977827050997783,0.7694013303769401,0.5266075388026608,0.7128603104212861,0.2572062084257206,0.08605949279849945,0.016400056675925034,-0.057407407407407574
500989,20164,1020,NovaPay,NovaPay Wallet,fintech,interstitial,en,ugc,cashback,Book now,"Your money, clearer",No hidden fees,orange,urgent,signup,minimalist,18-24,Both,2026-01-18,assets/creative_500989.png,stable,0.5394124168514411,not_top,Review,421.0,0.5343680709534369,3.0,0.6666666666666666,71.0,0.5035460992907801,139.0,0.5140845070422535,23.0,0.3125,0.4447530864197531,5.369815960924405,0.3815645020232988,0.0036786057900169,0.1037253034991668,31643.28,4568035,169918.59,,0,-0.7747821343268888,-0.0764411027568922,True,False,0.4223946784922395,0.7572062084257206,0.48891352549889133,0.7427937915742794,0.18181818181818182,-0.08605949279849945,-0.001176365035030713,-0.09413580246913589
500993,20165,1021,RouteBloom,RouteBloom Getaway,travel,native,ja,destination,escape,Install now,Last-minute savings,Hotels + flights in one tap,blue,excited,booking,wanderlust,45-54,Both,2026-01-30,assets/creative_500993.png,stable,0.5733924611973393,not_top,Review,371.0,0.5898004434589801,1.0,1.0,85.0,0.4206896551724138,99.0,0.6141732283464567,18.0,0.5853658536585366,0.5564814814814815,6.819616977294032,0.3011512029019231,0.0055455442121003,0.054305076541417,37858.33,5960461,258179.31,,0,-0.8041805946085714,0.0636964845109642,True,False,0.6507760532150776,0.8614190687361419,0.26274944567627495,0.11862527716186252,0.6662971175166297,1.6301960297610698,-0.03105971530449847,0.007407407407407418
500992,20165,1021,RouteBloom,RouteBloom Getaway,travel,interstitial,en,urgency,challenge,Watch now,Escape this weekend,Hotels + flights in one tap,purple,premium,booking,wanderlust,45-54,Both,2026-02-02,assets/creative_500992.png,stable,0.48486696230598675,not_top,Review,486.0,0.4623059866962306,2.0,0.8333333333333334,104.0,0.2896551724137931,165.0,0.4225352112676056,32.0,0.40384615384615385,0.4922839506172839,5.317206917450033,0.2917271455679999,0.0052922930193155,0.0551230146371846,28809.46,3640388,153185.86,,0,-0.846826316543279,0.0211055900942773,True,False,0.5182926829268293,0.7505543237250555,0.23170731707317074,0.13414634146341464,0.6031042128603105,0.12778596991707047,-0.04048377263842168,-0.08518518518518525
500994,20165,1021,RouteBloom,RouteBloom Getaway,travel,interstitial,fr,wanderlust,trending,Book now,Last-minute savings,Flexible booking options,lime,trustworthy,booking,wanderlust,45-54,Both,2026-02-02,assets/creative_500994.png,stable,0.4483370288248337,not_top,Review,541.0,0.401330376940133,3.0,0.6666666666666666,116.0,0.20689655172413793,184.0,0.35563380281690143,36.0,0.3269230769230769,0.4771604938271605,4.950395467704185,0.2746661997088589,0.005419287934826,0.0506830792185387,31493.09,3957531,155903.25,,0,-0.8018279208280514,-0.0512173497919934,True,False,0.4883592017738359,0.7228381374722838,0.17516629711751663,0.05543237250554324,0.6341463414634146,-0.23902547982877742,-0.05754471849756265,-0.10030864197530864
500999,20166,1022,CraveLoop,CraveLoop Go,food_delivery,interstitial,en,food-closeup,save smarter,Shop now,Hungry? We got you,Fresh favorites nearby,orange,excited,order,combo,45-54,iOS,2026-01-27,assets/creative_500999.png,stable,0.7851995565410199,strong_candidate,Keep,72.0,0.9212860310421286,1.0,1.0,5.0,0.9748427672955975,13.0,0.9577464788732394,1.0,1.0,0.7506172839506173,2.2724975026984264,0.7793281697321345,0.0083425454460042,0.0934161131966503,20882.54,3320809,47455.52,,0,-0.7727735750366829,0.0954140329351431,True,False,0.9523281596452328,0.5155210643015521,0.8414634146341463,0.5898004434589801,0.9623059866962306,0.07098383863788182,0.35844973888495435,0.2703703703703704
500998,20166,1022,CraveLoop,CraveLoop Go,food_delivery,native,en,discount,free delivery,Order now,"Your cravings, delivered",Free delivery over $15,yellow,calm,order,combo,45-54,iOS,2026-01-29,assets/creative_500998.png,fatigued,0.7608647450110866,not_top,Review,103.0,0.8869179600886918,2.0,0.6666666666666666,8.0,0.9559748427672956,19.0,0.9291338582677166,5.0,0.9215686274509803,0.678395061728395,2.389741316104451,0.6492363507589485,0.0061074180606793,0.1063029162746942,19149.24,3829114,45761.73,12.0,1,-0.8333580624785766,-0.1108472414627174,True,False,0.8664079822616408,0.5487804878048781,0.8048780487804879,0.7782705099778271,0.7660753880266076,0.18822765204390635,0.22835791991176835,0.20231481481481484
500996,20166,1022,CraveLoop,CraveLoop Go,food_delivery,banner,en,fantasy,late-night,Claim reward,Hungry? We got you,Fresh favorites nearby,orange,urgent,order,combo,45-54,iOS,2026-01-21,assets/creative_500996.png,stable,0.2299889135254989,not_top,Review,790.0,0.12527716186252771,3.0,0.3333333333333333,115.0,0.2830188679245283,94.0,0.4397590361445783,20.0,0.6545454545454545,0.254320987654321,1.4522872646018694,0.3390493046995279,0.0041636252207003,0.0814312736443884,34133.13,7618361,49571.11,,0,-0.7142179037412211,0.0765335815372012,True,False,0.13636363636363635,0.1729490022172949,0.39356984478935697,0.3780487804878049,0.3137472283813747,-0.7492263994586752,-0.08182912614765225,0.01635802469135808
501007,20167,1023,NeonCast,NeonCast Now,entertainment,native,de,celebrity,watch now,Learn more,Stream the hype,New hits every week,blue,excited,signup,trailer,35-44,Both,2026-01-12,assets/creative_501007.png,stable,0.4145787139689579,not_top,Review,590.0,0.34700665188470065,1.0,1.0,102.0,0.40588235294117647,167.0,0.3464566929133858,27.0,0.49019607843137253,0.3873456790123457,2.2157085501873763,0.3694481442925613,0.0041982227091373,0.0880010828126057,39575.39,10558992,87687.53,,0,-0.8105102116360509,-0.0253580937241192,True,False,0.33647450110864746,0.49667405764966743,0.4623059866962306,0.47339246119733924,0.3203991130820399,0.2714865558240569,-0.07253883361235924,-0.017901234567901103
501004,20167,1023,NeonCast,NeonCast Now,entertainment,interstitial,fr,trust,watch now,Order now,Stream the hype,Cancel anytime,blue,calm,signup,trailer,35-44,Both,2026-01-19,assets/creative_501004.png,stable,0.4140243902439025,not_top,Review,591.0,0.34534368070953436,2.0,0.8333333333333334,103.0,0.4,203.0,0.2869718309859155,38.0,0.4393939393939394,0.4108024691358025,1.9009591845752751,0.3965468347667598,0.0047324297467091,0.0837934963625208,33945.5,7232437,64529.01,,0,-0.8335666240947508,-0.0818678485449546,True,False,0.37416851441241683,0.3835920177383592,0.5232815964523282,0.4124168514412417,0.45121951219512196,-0.04326280978804431,-0.04544014313816075,-0.055555555555555525
501002,20167,1023,NeonCast,NeonCast Now,entertainment,native,pt,trailer,exclusive,Try for free,Watch what’s trending,Start free today,lime,premium,signup,trailer,35-44,Both,2026-01-13,assets/creative_501002.png,stable,0.3186252771618625,not_top,Review,716.0,0.2073170731707317,3.0,0.6666666666666666,132.0,0.22941176470588234,208.0,0.18503937007874016,38.0,0.27450980392156865,0.2996913580246913,2.0009503678487546,0.3354492331963895,0.0037389046519932,0.0897185845639454,35817.71,9599068,71669.46,,0,-0.7859311382415967,-0.0255808195435975,True,False,0.18736141906873613,0.4279379157427938,0.3802660753880266,0.508869179600887,0.1951219512195122,0.056728373485435135,-0.10653774470853106,-0.10555555555555546
501008,20168,1024,GlitchWave,GlitchWave Rush,gaming,interstitial,it,fantasy,challenge,Try for free,Unlock rare gear,No ads in first week,blue,excited,install,reward,18-24,Both,2026-01-25,assets/creative_501008.png,fatigued,0.7243348115299336,not_top,Review,138.0,0.8481152993348116,1.0,1.0,37.0,0.7631578947368421,29.0,0.9014084507042254,9.0,0.864406779661017,0.6580246913580247,1.8010294870636427,1.1370415907393354,0.0065391101736716,0.1738832288401254,16600.5,4683206,29897.99,12.0,1,-0.8670590006273187,-0.0762585815693844,True,False,0.8342572062084257,0.3348115299334812,0.8902439024390244,0.8702882483370288,0.8370288248337029,0.03240356124706145,-0.2169390746926505,0.09444444444444444
501010,20168,1024,GlitchWave,GlitchWave Rush,gaming,native,es,competitive,challenge,Get offer,Join the arena,No ads in first week,orange,premium,install,reward,18-24,Both,2026-01-22,assets/creative_501010.png,fatigued,0.6746674057649669,not_top,Review,214.0,0.7638580931263859,2.0,0.8,61.0,0.6052631578947368,45.0,0.8267716535433071,3.0,0.7777777777777778,0.5941358024691358,1.882988503247769,0.9496325449624632,0.0054518778813391,0.1741844857187451,16555.98,5875957,31174.72,13.0,1,-0.8397701221382419,0.0335292005539755,True,False,0.7239467849223947,0.37583148558758317,0.8592017738359202,0.8736141906873615,0.6385809312638581,0.1143625774311876,-0.40434812046952273,0.0024691358024691024
501013,20168,1024,GlitchWave,GlitchWave Rush,gaming,interstitial,es,competitive,security,Book now,Unlock rare gear,Free rewards for new players,purple,urgent,install,reward,18-24,Both,2026-01-20,assets/creative_501013.png,fatigued,0.6691241685144124,not_top,Review,223.0,0.753880266075388,3.0,0.6,65.0,0.5789473684210527,54.0,0.8133802816901409,16.0,0.7457627118644068,0.6089506172839506,1.6798741649314906,1.0717321284026229,0.0060489573987322,0.1771763392857142,20833.62,5924988,34997.86,10.0,1,-0.8530424951714229,-0.1273061628494772,True,False,0.7483370288248337,0.27161862527716185,0.8791574279379157,0.8824833702882483,0.7560975609756098,-0.08875176088509074,-0.28224853702936303,0.045370370370370394
501015,20169,1025,LuxShelf,LuxShelf Shop,ecommerce,rewarded_video,it,discount,limited offer,Try for free,Up to 40% off,Shop bestsellers now,orange,calm,purchase,product-focus,35-44,Both,2026-01-19,assets/creative_501015.png,fatigued,0.6860864745011086,not_top,Review,194.0,0.7860310421286031,1.0,1.0,5.0,0.9703703703703703,90.0,0.44375,3.0,0.8181818181818182,0.6608024691358024,2.4973672058446845,0.4767081405656602,0.0066250655582729,0.0719552337063857,33652.46,4585615,84042.55,11.0,1,-0.8338570278555166,0.2643572829651395,True,False,0.8381374722838137,0.5809312638580931,0.6574279379157428,0.3181818181818182,0.8458980044345898,0.3918625173896193,0.17261507981374324,0.08240740740740726
501018,20169,1025,LuxShelf,LuxShelf Shop,ecommerce,banner,fr,discount,before/after,Watch now,Up to 40% off,Only this weekend,beige,trustworthy,purchase,product-focus,35-44,Both,2026-01-27,assets/creative_501018.png,underperformer,0.13824833702882483,not_top,Review,859.0,0.04878048780487805,2.0,0.6666666666666666,115.0,0.15555555555555556,129.0,0.2289156626506024,21.0,0.48717948717948717,0.1771604938271604,1.7877236090390236,0.202009212806939,0.0038970222803551,0.0518368123850009,17715.63,4044370,31670.65,,0,-0.7674622920289712,0.2826759619028582,True,False,0.07317073170731707,0.3259423503325942,0.043237250554323724,0.07095343680709534,0.23503325942350334,-0.3177810794160416,-0.10208384794497793,-0.009104938271604995
501016,20169,1025,LuxShelf,LuxShelf Shop,ecommerce,banner,fr,destination,free shipping,Start now,Limited stock,Free shipping over $25,lime,adventurous,purchase,product-focus,35-44,Both,2026-01-24,assets/creative_501016.png,underperformer,0.11374722838137472,not_top,Review,876.0,0.02993348115299335,3.0,0.3333333333333333,121.0,0.1111111111111111,142.0,0.15060240963855423,26.0,0.358974358974359,0.1561728395061728,1.6956043134600554,0.191407265524983,0.0038607537828061,0.0495776929306953,19531.42,4477364,33117.56,,0,-0.7407788705628515,0.2066999912303779,True,False,0.05432372505543237,0.2827050997782705,0.02993348115299335,0.043237250554323724,0.22062084257206208,-0.40990037499500986,-0.11268579522693395,-0.030092592592592587
501023,20170,1026,ClearLedger,ClearLedger Pay,fintech,banner,pt,trust,earn more,Book now,Earn cashback daily,No hidden fees,lime,adventurous,signup,feature-focus,18-24,iOS,2026-01-11,assets/creative_501023.png,stable,0.5293791574279378,not_top,Review,429.0,0.5254988913525499,1.0,1.0,73.0,0.48936170212765956,8.0,0.9578313253012049,4.0,0.9387755102040817,0.4364197530864198,5.2361118540132985,0.3783752734393732,0.0036620191854181,0.1033242193121312,26734.49,3795174,139984.78,,0,-0.7154858752654039,0.0161241912892682,True,False,0.4107538802660754,0.7416851441241685,0.48558758314855877,0.738359201773836,0.17405764966740578,0.6592964991898409,-0.004365593618956276,0.08333333333333337
501020,20170,1026,ClearLedger,ClearLedger Pay,fintech,banner,pt,feature-focus,cashback,Watch now,"Your money, clearer","Fast signup, instant card",purple,playful,signup,feature-focus,18-24,iOS,2026-01-14,assets/creative_501020.png,stable,0.49684035476718413,not_top,Review,473.0,0.47671840354767187,2.0,0.8,78.0,0.45390070921985815,10.0,0.9457831325301205,6.0,0.8979591836734694,0.4043209876543209,4.968786148135311,0.3645374546570941,0.0034853198203855,0.104592253636215,24811.1,3511299,123281.05,,0,-0.705761508765729,-0.0573850523699626,True,False,0.35920177383592017,0.7239467849223947,0.45121951219512196,0.7560975609756098,0.12638580931263857,0.39197079331185325,-0.018203412401235408,0.051234567901234485
501022,20170,1026,ClearLedger,ClearLedger Pay,fintech,banner,ja,testimonial,free shipping,Get offer,Secure & simple,"Fast signup, instant card",black,excited,signup,feature-focus,18-24,iOS,2026-01-23,assets/creative_501022.png,stable,0.46263858093126387,not_top,Review,520.0,0.4246119733924612,3.0,0.6,87.0,0.3900709219858156,18.0,0.8975903614457831,11.0,0.7959183673469388,0.3833333333333333,4.733405883265015,0.3434021477624011,0.0034878484015788,0.0984567298300449,20831.63,2935334,98604.56,,0,-0.7444079687702372,0.0522088726300347,True,False,0.32926829268292684,0.7106430155210643,0.3991130820399113,0.6707317073170732,0.12749445676274945,0.15659052844155763,-0.039338719295928415,0.030246913580246892
501031,20171,1027,WayPoint,WayPoint Escapes,travel,rewarded_video,es,discount,last-minute deal,Watch now,Dream destinations await,Flexible booking options,lime,premium,booking,destination,35-44,iOS,2026-01-31,assets/creative_501031.png,top_performer,0.8824944567627495,top_winner,Scale,9.0,0.991130820399113,1.0,1.0,6.0,0.9655172413793104,7.0,0.9625,6.0,0.8913043478260869,0.8546296296296295,7.76488523854619,0.5451273152298418,0.0085205857076723,0.0639776811045961,25184.85,2481989,195557.47,,0,-0.7360573681762795,-0.1333310464354613,True,False,0.9944567627494457,0.9301552106430155,0.7427937915742794,0.25277161862527714,0.9667405764966741,0.6442034976554698,0.21291639702342025,0.10185185185185175
501026,20171,1027,WayPoint,WayPoint Escapes,travel,interstitial,fr,discount,challenge,Claim reward,Book your next trip,Flexible booking options,lime,calm,booking,destination,35-44,iOS,2026-02-05,assets/creative_501026.png,stable,0.7877494456762749,strong_candidate,Keep,65.0,0.9290465631929047,2.0,0.8333333333333334,23.0,0.8482758620689655,11.0,0.9647887323943662,4.0,0.9423076923076923,0.7583333333333334,7.354980902330781,0.4223039143560018,0.0072158553909101,0.058524442561305,21633.53,2616599,159114.2,,0,-0.7808956463642764,-0.2798383142148752,True,False,0.9578713968957872,0.9079822616407982,0.5698447893569845,0.18181818181818182,0.9090909090909091,0.23429916144006047,0.09009299614958022,0.18086419753086425
501027,20171,1027,WayPoint,WayPoint Escapes,travel,interstitial,en,family,book now,Watch now,Last-minute savings,Flexible booking options,orange,calm,booking,destination,35-44,iOS,2026-01-31,assets/creative_501027.png,stable,0.7672394678492239,not_top,Review,95.0,0.8957871396895787,3.0,0.6666666666666666,32.0,0.7862068965517242,18.0,0.9401408450704225,7.0,0.8846153846153846,0.742283950617284,6.988726749407095,0.4075765693461325,0.007329631307278,0.0556066945606694,26981.57,3260737,188566.82,,0,-0.6941553612737796,0.0252384692322666,True,False,0.9467849223946785,0.8747228381374723,0.5487804878048781,0.14412416851441243,0.9135254988913526,-0.13195499148362533,0.07536565113971094,0.16481481481481486
501037,20172,1028,QuickFork,QuickFork Kitchen,food_delivery,native,pt,family,fast,Try for free,"Your cravings, delivered",Free delivery over $15,orange,trustworthy,order,food-closeup,25-34,iOS,2026-01-11,assets/creative_501037.png,stable,0.4738913525498891,not_top,Review,506.0,0.4401330376940133,1.0,1.0,56.0,0.6540880503144654,145.0,0.4330708661417323,27.0,0.49019607843137253,0.4478395061728394,2.462717908068494,0.3827641531056612,0.004521719199992,0.0846501377410468,28473.59,10034900,70122.42,,0,-0.7815329857657972,-0.009765506493229,True,False,0.42904656319290463,0.5676274944567627,0.49002217294900224,0.4212860310421286,0.40465631929046564,0.5477474513803435,-0.03811427774151893,-0.02824074074074079
501035,20172,1028,QuickFork,QuickFork Kitchen,food_delivery,interstitial,pt,ugc,free delivery,Start now,2-for-1 tonight,Late-night deals available,red,playful,order,food-closeup,25-34,iOS,2026-01-17,assets/creative_501035.png,stable,0.4169623059866962,not_top,Review,586.0,0.3514412416851441,2.0,0.8333333333333334,71.0,0.559748427672956,201.0,0.29577464788732394,26.0,0.4186046511627907,0.412037037037037,2.002058600346453,0.3835972745380518,0.0046863131631172,0.081854810207111,21572.91,6037582,43190.23,,0,-0.8478861281734522,-0.0633602823772472,True,False,0.37749445676274945,0.42904656319290463,0.4911308203991131,0.38470066518847007,0.4401330376940133,0.0870881436583022,-0.037281156309128316,-0.06820987654320992
501033,20172,1028,QuickFork,QuickFork Kitchen,food_delivery,banner,it,combo,free delivery,Try for free,"Your cravings, delivered",Late-night deals available,purple,calm,order,food-closeup,25-34,iOS,2026-01-22,assets/creative_501033.png,stable,0.22078713968957872,not_top,Review,801.0,0.1130820399113082,3.0,0.6666666666666666,118.0,0.2641509433962264,97.0,0.42168674698795183,22.0,0.6181818181818182,0.2379629629629629,1.9179346693617976,0.2686813814604674,0.0039337631931154,0.0683013613861386,16988.66,6572841,32583.14,,0,-0.7722057221819595,-0.0630490153801925,True,False,0.1197339246119734,0.39356984478935697,0.1629711751662971,0.29490022172949004,0.24833702882483372,0.002964212673646882,-0.15219704938671275,0.0
501043,20173,1029,BingeLayer,BingeLayer Play,entertainment,native,de,celebrity,new season,Learn more,Watch what’s trending,Start free today,blue,trustworthy,signup,celebrity,45-54,Both,2026-01-22,assets/creative_501043.png,stable,0.6853658536585366,not_top,Review,198.0,0.7815964523281597,1.0,1.0,35.0,0.8,38.0,0.8543307086614174,6.0,0.9019607843137255,0.6046296296296296,2.547486340266988,0.5227484115883555,0.0053125337568162,0.098399075755075,26407.91,5702552,67273.79,,0,-0.748166983918628,-0.0060038039089785,True,False,0.7427937915742794,0.5898004434589801,0.7172949002217295,0.6685144124168514,0.6097560975609756,0.7628598863746436,0.08076143368343497,0.19938271604938285
501042,20173,1029,BingeLayer,BingeLayer Play,entertainment,rewarded_video,de,trailer,fast,Book now,A new season drops,New hits every week,black,trustworthy,signup,celebrity,45-54,Both,2026-01-13,assets/creative_501042.png,stable,0.5747782705099779,not_top,Review,365.0,0.5964523281596452,2.0,0.8,61.0,0.6470588235294118,121.0,0.25,27.0,0.3953488372093023,0.5388888888888889,1.7913795193829607,0.5443579218808969,0.0055022707301457,0.0989333220007649,30105.05,4276598,53929.57,,0,-0.8053315669024177,0.0026885932591242,True,False,0.6075388026607539,0.3303769401330377,0.7416851441241685,0.6818181818181818,0.6529933481152993,0.006753065490616272,0.1023709439759764,-0.09413580246913589
501040,20173,1029,BingeLayer,BingeLayer Play,entertainment,interstitial,fr,celebrity,exclusive,Start now,Stream the hype,New hits every week,red,trustworthy,signup,celebrity,45-54,Both,2026-01-14,assets/creative_501040.png,stable,0.4556541019955654,not_top,Review,527.0,0.41685144124168516,3.0,0.6,92.0,0.4647058823529412,176.0,0.38380281690140844,33.0,0.5151515151515151,0.4484567901234568,1.7778733884017284,0.4492228873072636,0.0049838177867594,0.0901362984218077,32086.16,5594105,57045.13,,0,-0.8101704782074701,-0.0505160138800254,True,False,0.4312638580931264,0.3237250554323725,0.6219512195121951,0.5188470066518847,0.5188470066518847,-0.00675306549061605,0.007235909402343088,-0.017901234567901214
501046,20174,1030,IronQuest,IronQuest Legends,gaming,rewarded_video,de,product-focus,free rewards,Try for free,Win epic rewards,Play with friends tonight,blue,trustworthy,install,gameplay,18-24,Android,2026-01-20,assets/creative_501046.png,stable,0.78009977827051,strong_candidate,Keep,76.0,0.9168514412416852,1.0,1.0,20.0,0.875,37.0,0.775,7.0,0.8604651162790697,0.7280864197530864,1.6234635132261177,2.115157468430671,0.010285645694788,0.2056416807651141,20171.83,2815866,32748.23,,0,-0.7283433133038572,-0.0670210938675327,True,False,0.9368070953436807,0.24390243902439024,0.9944567627494457,0.9567627494456763,0.9966740576496674,0.011820405421020252,0.7611768029986852,0.06635802469135799
501045,20174,1030,IronQuest,IronQuest Legends,gaming,rewarded_video,de,reward,free rewards,Order now,Join the arena,Free rewards for new players,blue,calm,install,gameplay,18-24,Android,2026-01-15,assets/creative_501045.png,stable,0.77039911308204,strong_candidate,Keep,91.0,0.9002217294900222,2.0,0.75,25.0,0.8421052631578947,44.0,0.73125,9.0,0.813953488372093,0.7188271604938272,1.5998227023840772,2.017060088838857,0.0096264587725491,0.20953292757984,21714.9,3038085,34739.99,,0,-0.7792512305200151,-0.0799565586463639,True,False,0.9185144124168514,0.23392461197339245,0.9922394678492239,0.9667405764966741,0.9878048780487805,-0.011820405421020252,0.6630794234068711,0.0570987654320988
501044,20174,1030,IronQuest,IronQuest Legends,gaming,rewarded_video,de,fantasy,power-up,Try for free,Win epic rewards,No ads in first week,lime,adventurous,install,gameplay,18-24,Android,2026-01-16,assets/creative_501044.png,fatigued,0.7116962305986696,not_top,Review,161.0,0.8226164079822617,3.0,0.5,45.0,0.7105263157894737,73.0,0.55,16.0,0.6511627906976745,0.6691358024691358,1.3513161756557694,1.7439411282537989,0.0084976592471402,0.2052260602048366,21567.41,3021891,29144.39,13.0,1,-0.8358678876667567,-0.0416327073734635,True,False,0.8486696230598669,0.1385809312638581,0.9700665188470067,0.9534368070953437,0.9645232815964523,-0.260326932149328,0.38996046282181296,0.007407407407407418
501054,20175,1031,CrispBox,CrispBox Shop,ecommerce,native,ja,testimonial,2-for-1,Claim reward,Up to 40% off,Only this weekend,purple,adventurous,purchase,ugc,45-54,Both,2026-01-16,assets/creative_501054.png,stable,0.5899113082039913,not_top,Review,341.0,0.623059866962306,1.0,1.0,10.0,0.9333333333333333,88.0,0.65748031496063,4.0,0.9411764705882353,0.5598765432098766,2.7641656358905484,0.4000729081497521,0.0054823240951639,0.0729750560538116,29581.27,5206551,81767.53,,0,-0.7904663120451593,0.0424133106709678,True,False,0.6574279379157428,0.6241685144124168,0.5288248337028825,0.328159645232816,0.6463414634146342,0.377711449039019,0.09597984739783516,0.15370370370370373
501052,20175,1031,CrispBox,CrispBox Shop,ecommerce,interstitial,es,discount,new collection,Install now,Your next favorite pick,Free shipping over $25,red,excited,purchase,ugc,45-54,Both,2026-01-14,assets/creative_501052.png,stable,0.37150776053215073,not_top,Review,648.0,0.2827050997782705,2.0,0.6666666666666666,56.0,0.5925925925925926,229.0,0.19718309859154928,19.0,0.4375,0.4058641975308641,1.868159517458377,0.3374597796209175,0.0052634802405536,0.0641134314556523,35074.28,4930958,65524.35,,0,-0.7892646879008749,-0.1308033566842699,True,False,0.3669623059866962,0.3647450110864745,0.38913525498891355,0.2583148558758315,0.5975609756097561,-0.5182946693931525,0.033366718869000556,-0.09598765432098777
501051,20175,1031,CrispBox,CrispBox Shop,ecommerce,banner,es,product-focus,new collection,Try for free,Limited stock,Free shipping over $25,purple,adventurous,purchase,ugc,45-54,Both,2026-01-21,assets/creative_501051.png,stable,0.22245011086474503,not_top,Review,798.0,0.1164079822616408,3.0,0.3333333333333333,94.0,0.3111111111111111,96.0,0.42771084337349397,8.0,0.8205128205128205,0.2811728395061728,1.916228745752896,0.2525010591844598,0.004632521540299,0.0545061813502458,24034.02,4697010,46054.68,,0,-0.7668514737379937,-0.006755550264865,True,False,0.164079822616408,0.39135254988913526,0.12638580931263857,0.12416851441241686,0.42572062084257206,-0.4702254410986335,-0.051592001567457135,0.09490740740740738
501061,20176,1032,SwiftStack,SwiftStack Wallet,fintech,native,es,testimonial,cashback,Claim reward,Track every euro,Built for peace of mind,black,urgent,signup,minimalist,35-44,Android,2026-01-12,assets/creative_501061.png,stable,0.8519955654101996,strong_candidate,Keep,25.0,0.9733924611973392,1.0,1.0,4.0,0.9787234042553191,3.0,0.9921259842519685,2.0,0.9803921568627451,0.7064814814814815,7.900411466726513,0.5419535111473753,0.0050711364257361,0.1068702290076335,26646.14,3978201,210515.47,,0,-0.6960533586531948,0.1207780124467592,True,False,0.9079822616407982,0.9412416851441242,0.738359201773836,0.7871396895787139,0.5421286031042128,2.0725471629724828,0.15921264408904584,0.188888888888889
501057,20176,1032,SwiftStack,SwiftStack Wallet,fintech,interstitial,de,feature-focus,security,Learn more,Save with confidence,"Fast signup, instant card",black,premium,signup,minimalist,35-44,Android,2026-01-11,assets/creative_501057.png,stable,0.8305432372505543,strong_candidate,Keep,33.0,0.9645232815964523,2.0,0.8333333333333334,7.0,0.9574468085106383,2.0,0.9964788732394366,2.0,0.96875,0.7185185185185187,6.450436522908385,0.5542344941693309,0.0055467112848721,0.0999212805038047,28810.63,3435369,185841.14,,0,-0.7111082045955517,0.0429447852760735,True,False,0.9168514412416852,0.8370288248337029,0.7572062084257206,0.697339246119734,0.6674057649667405,0.622572219154355,0.1714936271110014,0.1796296296296297
501058,20176,1032,SwiftStack,SwiftStack Wallet,fintech,native,es,feature-focus,free shipping,Watch now,Save with confidence,"Fast signup, instant card",purple,playful,signup,minimalist,35-44,Android,2026-01-11,assets/creative_501058.png,stable,0.651330376940133,not_top,Review,244.0,0.7305986696230599,3.0,0.6666666666666666,37.0,0.7446808510638298,56.0,0.7834645669291339,21.0,0.6078431372549019,0.525,6.28051812142636,0.4293322445113524,0.0039682803141207,0.1081910073196235,24252.23,3614916,152316.57,,0,-0.6928293381129659,0.0077861952861952,True,False,0.5842572062084257,0.8270509977827051,0.5898004434589801,0.7982261640798226,0.2616407982261641,0.4526538176723305,0.046591377453022886,0.007407407407407529
501062,20177,1033,NomadLayer,NomadLayer Getaway,travel,rewarded_video,it,discount,discover,Try for free,Escape this weekend,Hotels + flights in one tap,orange,calm,booking,wanderlust,18-24,Both,2026-02-02,assets/creative_501062.png,fatigued,0.7128603104212862,not_top,Review,157.0,0.8270509977827051,1.0,1.0,46.0,0.6896551724137931,71.0,0.5625,32.0,0.32608695652173914,0.687037037037037,7.465217156387822,0.348098702401881,0.0066921428211757,0.0520160300973255,24245.43,3654136,180997.4,12.0,1,-0.8337269116877302,-0.2969767132401864,True,False,0.8791574279379157,0.9135254988913526,0.4124168514412417,0.07538802660753881,0.8558758314855875,0.14296671045095,0.015887784195459442,-0.06574074074074077
501067,20177,1033,NomadLayer,NomadLayer Getaway,travel,rewarded_video,es,destination,discover,Install now,Last-minute savings,Hotels + flights in one tap,blue,playful,booking,wanderlust,18-24,Both,2026-02-01,assets/creative_501067.png,fatigued,0.6684589800443459,not_top,Review,224.0,0.7527716186252772,2.0,0.8333333333333334,55.0,0.6275862068965518,94.0,0.41875,38.0,0.1956521739130435,0.6354938271604939,7.179283735485921,0.3348513077349014,0.0060715337363374,0.0551510248112189,24585.61,3664313,176507.07,12.0,1,-0.8324787206196897,-0.2420324827872588,True,False,0.79490022172949,0.893569844789357,0.3780487804878049,0.1352549889135255,0.7594235033259423,-0.14296671045095088,0.002640389528479836,-0.11728395061728392
501065,20177,1033,NomadLayer,NomadLayer Getaway,travel,interstitial,es,family,discover,Shop now,Book your next trip,Hotels + flights in one tap,blue,premium,booking,wanderlust,18-24,Both,2026-01-31,assets/creative_501065.png,fatigued,0.6484478935698448,not_top,Review,251.0,0.7228381374722838,3.0,0.6666666666666666,61.0,0.5862068965517241,66.0,0.7711267605633803,16.0,0.7115384615384616,0.619753086419753,7.939889254038408,0.3100315341129284,0.0059194866007992,0.0523747336586707,26753.12,4915629,212416.81,12.0,1,-0.8331915099201872,-0.1740455990286948,True,False,0.770509977827051,0.9445676274944568,0.2960088691796009,0.07982261640798226,0.738359201773836,0.6176388081015363,-0.022179384093493182,0.04228395061728385
501072,20178,1034,PlateSprint,PlateSprint Go,food_delivery,native,en,combo,free delivery,Shop now,Dinner in minutes,Free delivery over $15,lime,premium,order,food-closeup,35-44,iOS,2026-01-08,assets/creative_501072.png,fatigued,0.7705654101995566,strong_but_fatigued,Refresh,90.0,0.9013303769401331,1.0,1.0,6.0,0.9685534591194969,17.0,0.937007874015748,4.0,0.9411764705882353,0.6888888888888888,2.3406746357050423,0.6840676541586814,0.0062664301936083,0.1091638513513513,19944.69,3778866,46684.03,10.0,1,-0.8062003803017765,-0.0472835733499239,True,False,0.8813747228381374,0.5332594235033259,0.8237250554323725,0.802660753880266,0.7937915742793792,0.14432060547138548,0.2631892233115013,0.21280864197530858
501071,20178,1034,PlateSprint,PlateSprint Go,food_delivery,banner,en,discount,free rewards,Get offer,"Fast food, fast",Free delivery over $15,yellow,playful,order,food-closeup,35-44,iOS,2026-01-07,assets/creative_501071.png,stable,0.33564301552106435,not_top,Review,685.0,0.24168514412416853,2.0,0.5,90.0,0.44025157232704404,59.0,0.6506024096385542,12.0,0.8,0.3604938271604938,1.5365237305535813,0.3951602324021707,0.0048535082920247,0.0814174425232757,20767.32,4337481,31909.48,,0,-0.7681516343016728,-0.0596994374286949,True,False,0.2982261640798226,0.20288248337028825,0.5188470066518847,0.376940133037694,0.48337028824833705,-0.6598302996800756,-0.025718198445009444,0.12253086419753087
501079,20179,1035,StarVault,StarVault Now,entertainment,rewarded_video,en,testimonial,late-night,Install now,Exclusive tonight,Start free today,blue,calm,signup,drama,25-34,Android,2026-01-15,assets/creative_501079.png,stable,0.8186252771618625,strong_candidate,Keep,36.0,0.9611973392461197,1.0,1.0,3.0,0.9882352941176471,24.0,0.85625,3.0,0.9534883720930233,0.7694444444444445,3.4736643928260693,0.6564400153456562,0.0070673052726115,0.092884061183773,21883.68,5106331,76016.56,,0,-0.7754943477793682,-0.0843826301447487,True,False,0.9645232815964523,0.6762749445676275,0.8082039911308204,0.5742793791574279,0.893569844789357,0.9222578430706814,0.21445303744073568,0.13641975308641974
501074,20179,1035,StarVault,StarVault Now,entertainment,rewarded_video,en,ugc,exclusive,Install now,A new season drops,Start free today,red,trustworthy,signup,drama,25-34,Android,2026-01-07,assets/creative_501074.png,fatigued,0.6750554323725055,not_top,Review,213.0,0.7649667405764967,2.0,0.8333333333333334,39.0,0.7764705882352941,93.0,0.425,22.0,0.5116279069767442,0.6098765432098765,2.5738144501823146,0.500907624405894,0.0054889082162564,0.0912581527456343,29621.91,6927425,76241.3,10.0,1,-0.8337724596796023,-0.1118858287091244,True,False,0.7527716186252772,0.5942350332594235,0.6929046563192904,0.5432372505543237,0.6496674057649667,0.02240790042692664,0.05892064650097345,-0.02314814814814825
501075,20179,1035,StarVault,StarVault Now,entertainment,interstitial,pt,drama,trending,Try for free,A new season drops,Start free today,red,playful,signup,drama,25-34,Android,2026-01-07,assets/creative_501075.png,stable,0.5607538802660754,not_top,Review,389.0,0.5698447893569845,3.0,0.6666666666666666,64.0,0.6294117647058823,121.0,0.5774647887323944,20.0,0.7121212121212122,0.5138888888888888,2.709718244325404,0.4184851922388439,0.0048394366346789,0.0864739480707355,29164.63,8284642,79027.93000000001,,0,-0.8402985141687038,-0.0851511360435118,True,False,0.5643015521064302,0.614190687361419,0.5631929046563193,0.4490022172949002,0.4789356984478936,0.15831169457001604,-0.023501785666076636,0.04753086419753083
