creative_id,campaign_id,advertiser_id,advertiser_name,app_name,vertical,format,language,theme,hook_type,cta_text,headline,subhead,dominant_color,emotional_tone,objective,primary_theme,target_age_segment,target_os,creative_launch_date,asset_file,creative_status,best_score,winner_segment,action_hint,global_rank,global_pct,campaign_rank,campaign_pct,vertical_rank,vertical_pct,format_rank,format_pct,vertical_format_rank,vertical_format_pct,perf_score,overall_roas,overall_ipm,overall_ctr,overall_cvr,lifecycle_spend_usd,lifecycle_impressions,lifecycle_revenue_usd,fatigue_day,has_fatigue,ctr_decay_pct,cvr_decay_pct,evidence_ok,low_evidence,perf_score_pct,overall_roas_pct,overall_ipm_pct,overall_cvr_pct,overall_ctr_pct,overall_roas_vs_campaign_median,overall_ipm_vs_vertical_median,perf_score_vs_vertical_format_median
500634,20105,1033,NomadLayer,NomadLayer Flights,travel,rewarded_video,pt,destination,last-minute deal,Book now,Dream destinations await,Special fares today,orange,calm,booking,discount,35-44,iOS,2026-01-23,assets/creative_500634.png,top_performer,0.9180820399113082,top_winner,Scale,1.0,1.0,1.0,1.0,1.0,1.0,1.0,1.0,1.0,1.0,0.925925925925926,12.311159384838898,0.6596492685664231,0.0101357509490963,0.0650814401300215,21585.24,2792393,265739.33,,0,-0.6310388194918493,-0.1444336137976378,True,False,1.0,0.9977827050997783,0.8093126385809313,0.270509977827051,0.9944567627494457,1.7640381791416289,0.3274383503600016,0.17314814814814827
500685,20114,1006,NeonArena,NeonArena Quest,gaming,rewarded_video,pt,competitive,cashback,Install now,Beat your rivals,Play with friends tonight,purple,urgent,install,fantasy,45-54,Both,2026-01-24,assets/creative_500685.png,top_performer,0.9150886917960089,top_winner,Scale,2.0,0.9988913525498891,1.0,1.0,1.0,1.0,2.0,0.99375,1.0,1.0,0.8506172839506173,2.837019747449906,1.796253528355145,0.0104385427059454,0.1720789557465775,14618.09,4212657,41471.81,,0,-0.7752835430832927,-0.0721574176927734,True,False,0.991130820399113,0.6286031042128604,0.975609756097561,0.8647450110864745,0.9977827050997783,0.5867870578176904,0.44227286292315915,0.18888888888888888
500129,20021,1021,RouteBloom,RouteBloom Getaway,travel,rewarded_video,en,product-focus,discover,Order now,Fly smarter,Hotels + flights in one tap,orange,premium,booking,discount,35-44,iOS,2026-02-03,assets/creative_500129.png,top_performer,0.9082705099778271,top_winner,Scale,3.0,0.9977827050997783,1.0,1.0,2.0,0.993103448275862,3.0,0.9875,2.0,0.9782608695652174,0.8969135802469136,9.33692948459687,0.6043905777753683,0.0091992735453966,0.0656998158379373,22115.31,2361056,206489.09,,0,-0.6975265950137368,0.0922013753519599,True,False,0.9988913525498891,0.9733924611973392,0.7926829268292683,0.2771618625277162,0.9822616407982262,2.7324353103043464,0.27217965956894674,0.14413580246913582
500595,20099,1027,WayPoint,WayPoint Travel,travel,rewarded_video,ja,destination,book now,Start now,Dream destinations await,Special fares today,orange,urgent,booking,wanderlust,45-54,Android,2026-02-01,assets/creative_500595.png,top_performer,0.9026164079822618,top_winner,Scale,4.0,0.9966740576496674,1.0,1.0,3.0,0.9862068965517241,4.0,0.98125,3.0,0.9565217391304348,0.8790123456790123,10.41913601589925,0.5521592093916835,0.0083105190476894,0.0664410016056937,21575.86,2772751,224801.82,,0,-0.6929381434272962,-0.1040856953265713,True,False,0.9966740576496674,0.9900221729490022,0.7516629711751663,0.28159645232815966,0.958980044345898,2.298823916071628,0.21994829118526193,0.12623456790123455
500850,20141,1033,NomadLayer,NomadLayer Travel,travel,rewarded_video,en,discount,trending,Install now,Dream destinations await,Special fares today,purple,urgent,booking,destination,45-54,iOS,2026-01-15,assets/creative_500850.png,top_performer,0.9011751662971177,top_winner,Scale,5.0,0.9955654101995566,1.0,1.0,4.0,0.9793103448275862,5.0,0.975,4.0,0.9347826086956522,0.8919753086419754,7.949125860580844,0.6263214939322329,0.009688549421652,0.0646455384262708,20263.93,1800992,161080.53,,0,-0.6477816663903662,0.0680690567218531,True,False,0.9977827050997783,0.9456762749445676,0.7982261640798226,0.26496674057649666,0.9900221729490022,0.5224922673572507,0.29411057572581134,0.13919753086419762
500686,20114,1006,NeonArena,NeonArena Quest,gaming,playable,es,reward,last-minute deal,Shop now,Unlock rare gear,No ads in first week,purple,urgent,install,fantasy,45-54,Both,2026-01-16,assets/creative_500686.png,fatigued,0.8988359201773836,strong_but_fatigued,Refresh,6.0,0.9944567627494457,2.0,0.8333333333333334,2.0,0.993421052631579,1.0,1.0,1.0,1.0,0.8533950617283951,2.86183666761179,1.9951308449136724,0.0096473834521935,0.2068053845688106,19926.85,5136004,57027.39,13.0,1,-0.8572055661138154,-0.0118413323302382,True,False,0.9922394678492239,0.6330376940133038,0.991130820399113,0.9600886917960089,0.9889135254988913,0.6116039779795743,0.6411501794816865,0.14614197530864204
500181,20030,1030,IronQuest,IronQuest Saga,gaming,playable,pt,testimonial,competition,Book now,Win epic rewards,Free rewards for new players,lime,trustworthy,install,competitive,35-44,Both,2026-01-26,assets/creative_500181.png,fatigued,0.8924057649667407,strong_but_fatigued,Refresh,7.0,0.9933481152993349,1.0,1.0,3.0,0.9868421052631579,2.0,0.9736842105263158,2.0,0.9705882352941176,0.8444444444444444,2.626345336017448,2.073982577366754,0.0097601038718554,0.2124959533829718,20967.81,4747388,55068.71,14.0,1,-0.8409725578394248,-0.1496787586629673,True,False,0.9900221729490022,0.6042128603104213,0.9933481152993349,0.9711751662971175,0.991130820399113,0.5059398549989731,0.720001911934768,0.1371913580246914
500055,20009,1009,DriftPass,DriftPass Travel,travel,rewarded_video,it,destination,discover,Install now,Dream destinations await,Flexible booking options,white,playful,booking,discount,18-24,Android,2026-01-16,assets/creative_500055.png,top_performer,0.8894789356984479,top_winner,Scale,8.0,0.9922394678492239,1.0,1.0,5.0,0.9724137931034482,6.0,0.96875,5.0,0.9130434782608695,0.854320987654321,9.660271947292308,0.5214972350603954,0.0079544468219872,0.0655604653259987,32465.85,4182189,313628.94,,0,-0.7755667454809874,-0.1095083589047066,True,False,0.9933481152993349,0.9789356984478935,0.7128603104212861,0.2749445676274945,0.9467849223946785,2.4498665222638643,0.1892863168539738,0.1015432098765432
501031,20171,1027,WayPoint,WayPoint Escapes,travel,rewarded_video,es,discount,last-minute deal,Watch now,Dream destinations await,Flexible booking options,lime,premium,booking,destination,35-44,iOS,2026-01-31,assets/creative_501031.png,top_performer,0.8824944567627495,top_winner,Scale,9.0,0.991130820399113,1.0,1.0,6.0,0.9655172413793104,7.0,0.9625,6.0,0.8913043478260869,0.8546296296296295,7.76488523854619,0.5451273152298418,0.0085205857076723,0.0639776811045961,25184.85,2481989,195557.47,,0,-0.7360573681762795,-0.1333310464354613,True,False,0.9944567627494457,0.9301552106430155,0.7427937915742794,0.25277161862527714,0.9667405764966741,0.6442034976554698,0.21291639702342025,0.10185185185185175
500624,20104,1032,SwiftStack,SwiftStack Invest,fintech,rewarded_video,en,trust,save smarter,Claim reward,Save with confidence,No hidden fees,green,playful,signup,feature-focus,45-54,iOS,2026-01-24,assets/creative_500624.png,fatigued,0.8790465631929046,strong_but_fatigued,Refresh,10.0,0.9900221729490022,1.0,1.0,1.0,1.0,8.0,0.95625,1.0,1.0,0.7354938271604938,7.811191945122399,0.5961755579382381,0.0051937428549112,0.1147872689489226,25616.28,3520775,200093.68,13.0,1,-0.8136166689865809,-0.0022915924020981,True,False,0.9406873614190687,0.9356984478935698,0.7904656319290465,0.8181818181818182,0.5787139689578714,0.9377026736359202,0.21343469087990857,0.013580246913580285
500776,20129,1021,RouteBloom,RouteBloom Travel,travel,rewarded_video,pt,wanderlust,escape,Get offer,Fly smarter,Hotels + flights in one tap,purple,excited,booking,destination,35-44,Both,2026-01-28,assets/creative_500776.png,top_performer,0.8762305986696232,top_winner,Scale,11.0,0.9889135254988913,1.0,1.0,7.0,0.9586206896551724,9.0,0.95,7.0,0.8695652173913043,0.867283950617284,12.809196302230603,0.4914395313314844,0.0088896606866357,0.0552821472781618,20614.59,3725789,264056.33,,0,-0.7284985726199529,-0.0426287063440959,True,False,0.9955654101995566,1.0,0.6773835920177383,0.13747228381374724,0.975609756097561,3.7963469091228834,0.1592286131250628,0.11450617283950626
500833,20138,1030,IronQuest,IronQuest Rush,gaming,playable,it,fantasy,late-night,Learn more,Unlock rare gear,No ads in first week,lime,excited,install,reward,18-24,Android,2026-01-22,assets/creative_500833.png,fatigued,0.8712860310421287,strong_but_fatigued,Refresh,12.0,0.9878048780487805,1.0,1.0,4.0,0.9802631578947368,3.0,0.9473684210526315,3.0,0.9411764705882353,0.820679012345679,2.3866141507182825,1.8940152891449864,0.009571680050507,0.1978769953812495,17140.19,3867973,40907.02,15.0,1,-0.8426516676896332,0.0323757818539602,True,False,0.9844789356984479,0.5476718403547672,0.9866962305986696,0.9390243902439024,0.9866962305986696,0.1365402670405511,0.5400346237130005,0.11342592592592593
500525,20087,1015,HorizonHop,HorizonHop Flights,travel,rewarded_video,ja,discount,escape,Try for free,Escape this weekend,Special fares today,teal,premium,booking,destination,25-34,Android,2026-01-20,assets/creative_500525.png,top_performer,0.8700776053215078,top_winner,Scale,13.0,0.9866962305986696,1.0,1.0,8.0,0.9517241379310345,10.0,0.94375,8.0,0.8478260869565217,0.8333333333333334,7.743698949125434,0.513135649813811,0.0080440846843368,0.0637904335856847,27522.79,2890074,213128.2,,0,-0.7051957965145482,0.1013526055411633,True,False,0.9866962305986696,0.9279379157427938,0.70509977827051,0.24833702882483372,0.9512195121951219,1.3851885365879468,0.18092473160738942,0.0805555555555556
500520,20086,1014,VaultRun,VaultRun Pay,fintech,rewarded_video,es,feature-focus,security,Learn more,"Your money, clearer",No hidden fees,green,urgent,signup,trust,18-24,Android,2026-01-07,assets/creative_500520.png,fatigued,0.8682372505543238,strong_but_fatigued,Refresh,14.0,0.9855875831485588,1.0,1.0,2.0,0.9929078014184397,11.0,0.9375,2.0,0.875,0.7561728395061729,9.614111876467398,0.5279712708436587,0.0055372817125284,0.0953484576464827,29618.74,5532498,284757.88,10.0,1,-0.7981131789101129,-0.0813675185548951,True,False,0.9567627494456763,0.9778270509977827,0.7261640798226164,0.6263858093126385,0.664079822616408,-0.18262565084290827,0.1452304037853292,0.03425925925925932
500038,20006,1006,NeonArena,NeonArena Quest,gaming,rewarded_video,pt,competitive,competition,Try for free,Beat your rivals,Play with friends tonight,blue,calm,install,reward,25-34,iOS,2026-01-17,assets/creative_500038.png,top_performer,0.8676940133037694,top_winner,Scale,15.0,0.9844789356984479,1.0,1.0,5.0,0.9736842105263158,12.0,0.93125,2.0,0.9767441860465116,0.7802469135802469,2.0314427869495115,1.8512411652294216,0.0094475269773889,0.195949815190796,20356.02,4066461,41352.09,,0,-0.7648141499667394,-0.0121606429828842,True,False,0.9722838137472284,0.43902439024390244,0.983370288248337,0.9312638580931264,0.9844789356984479,0.3430923265496819,0.4972604997974357,0.11851851851851847
500733,20122,1014,VaultRun,VaultRun Wallet,fintech,native,es,minimalist,free shipping,Order now,"Your money, clearer",No hidden fees,black,playful,signup,feature-focus,18-24,Both,2026-01-18,assets/creative_500733.png,stable,0.8676829268292683,strong_candidate,Keep,16.0,0.983370288248337,1.0,1.0,3.0,0.9858156028368794,1.0,1.0,1.0,1.0,0.7108024691358024,9.45972839590322,0.5694793075811314,0.0048416361355271,0.1176212527418961,24647.64,4237204,233159.98,,0,-0.7323600181675591,-0.1207471614240834,True,False,0.9101995565410199,0.975609756097561,0.7671840354767184,0.8226164079822617,0.48004434589800443,2.19467431634453,0.18673844052280192,0.19320987654320987
500743,20123,1015,HorizonHop,HorizonHop Flights,travel,rewarded_video,en,urgency,book now,Watch now,Fly smarter,Special fares today,teal,trustworthy,booking,destination,35-44,iOS,2026-02-01,assets/creative_500743.png,top_performer,0.8657538802660755,top_winner,Scale,17.0,0.9822616407982262,1.0,1.0,9.0,0.9448275862068966,13.0,0.925,9.0,0.8260869565217391,0.842283950617284,7.77372401971862,0.5100863857319052,0.0086910392187725,0.0586910693752395,22391.02,2401554,174061.61000000002,,0,-0.6909202439787064,-0.0358617443825634,True,False,0.9889135254988913,0.9312638580931264,0.7017738359201774,0.18514412416851442,0.9700665188470067,0.6426509487420953,0.17787546752548367,0.08950617283950624
500832,20138,1030,IronQuest,IronQuest Rush,gaming,rewarded_video,it,gameplay,challenge,Shop now,Win epic rewards,Free rewards for new players,lime,adventurous,install,reward,18-24,Android,2026-01-24,assets/creative_500832.png,fatigued,0.8657427937915743,strong_but_fatigued,Refresh,18.0,0.9811529933481153,2.0,0.8,6.0,0.9671052631578947,14.0,0.91875,3.0,0.9534883720930233,0.8070987654320988,2.3635841389219463,1.7489430931389292,0.0087822909210962,0.199144290351136,15562.12,3858902,36782.38,14.0,1,-0.8653529172703165,-0.1827962812528206,True,False,0.9822616407982262,0.5421286031042128,0.9722838137472284,0.9423503325942351,0.9722838137472284,0.11351025524421487,0.39496242770694323,0.14537037037037037
500185,20030,1030,IronQuest,IronQuest Saga,gaming,playable,ja,fantasy,free rewards,Learn more,Unlock rare gear,Play with friends tonight,lime,premium,install,competitive,35-44,Both,2026-01-27,assets/creative_500185.png,fatigued,0.862638580931264,strong_but_fatigued,Refresh,19.0,0.9800443458980045,2.0,0.8333333333333334,7.0,0.9605263157894737,4.0,0.9210526315789473,4.0,0.9117647058823529,0.8052469135802469,2.2948131572418267,1.812075163192118,0.0090199201844102,0.2008970285927864,20958.8,4745940,48096.53,13.0,1,-0.8843582622473785,-0.1266344578480401,True,False,0.9811529933481153,0.5232815964523282,0.9789356984478935,0.9467849223946785,0.9778270509977827,0.17440767622335196,0.458094497760132,0.09799382716049387
500126,20021,1021,RouteBloom,RouteBloom Getaway,travel,native,en,celebrity,watch now,Get offer,Last-minute savings,Flexible booking options,blue,trustworthy,booking,discount,35-44,iOS,2026-02-04,assets/creative_500126.png,top_performer,0.8610421286031043,top_winner,Scale,20.0,0.9789356984478935,2.0,0.8333333333333334,10.0,0.9379310344827586,2.0,0.9960629921259843,1.0,1.0,0.7907407407407407,10.422594070375231,0.4415541001675124,0.0067955630055986,0.0649768238192675,21536.27,3523917,224463.8,,0,-0.7266066161352949,-0.1373190541561663,True,False,0.9778270509977827,0.991130820399113,0.6086474501108647,0.26940133037694014,0.8691796008869179,3.818099896082707,0.10934318196109083,0.2416666666666667
500687,20114,1006,NeonArena,NeonArena Quest,gaming,playable,pt,fantasy,power-up,Start now,Beat your rivals,Free rewards for new players,lime,excited,install,fantasy,45-54,Both,2026-01-25,assets/creative_500687.png,fatigued,0.8603658536585367,strong_but_fatigued,Refresh,21.0,0.9778270509977827,3.0,0.6666666666666666,8.0,0.9539473684210527,5.0,0.8947368421052632,5.0,0.8823529411764706,0.7981481481481483,2.3718434265909547,1.6030199402419574,0.0084215658278717,0.1903470177643984,13843.73,3589475,32835.16,12.0,1,-0.8831598532166587,-0.0475460682357233,True,False,0.9789356984478935,0.5454545454545454,0.9611973392461197,0.9201773835920177,0.9634146341463414,0.12161073695873892,0.24903927480997146,0.09089506172839523
500450,20075,1003,CloudRoute,CloudRoute Getaway,travel,rewarded_video,en,wanderlust,escape,Shop now,Last-minute savings,Flexible booking options,purple,adventurous,booking,destination,18-24,Android,2026-01-26,assets/creative_500450.png,top_performer,0.8563303769401331,top_winner,Scale,22.0,0.9767184035476718,1.0,1.0,11.0,0.9310344827586207,15.0,0.9125,10.0,0.8043478260869565,0.8172839506172839,7.132664237786908,0.5089774041383154,0.0080709884589053,0.0630625860425712,23838.15,2339986,170029.52,,0,-0.7526661206820286,-0.1055355145634125,True,False,0.983370288248337,0.8835920177383592,0.7006651884700665,0.24168514412416853,0.9556541019955654,0.8681060451428904,0.1767664859318938,0.0645061728395061
500182,20030,1030,IronQuest,IronQuest Saga,gaming,rewarded_video,pt,competitive,free rewards,Shop now,Unlock rare gear,No ads in first week,lime,adventurous,install,competitive,35-44,Both,2026-01-30,assets/creative_500182.png,fatigued,0.8527161862527717,strong_but_fatigued,Refresh,23.0,0.975609756097561,3.0,0.6666666666666666,9.0,0.9473684210526315,16.0,0.90625,4.0,0.9302325581395349,0.7984567901234568,2.277770349421023,1.6656994633411406,0.0090871496525124,0.1833027436585251,18771.91,4676714,42758.1,15.0,1,-0.8193031597493955,-0.094253887347681,True,False,0.9800443458980045,0.5177383592017738,0.9634146341463414,0.8957871396895787,0.9800443458980045,0.15736486840254837,0.3117187979091547,0.1367283950617284
500489,20081,1009,DriftPass,DriftPass Travel,travel,rewarded_video,de,wanderlust,new collection,Start now,Escape this weekend,Hotels + flights in one tap,teal,playful,booking,discount,18-24,Both,2026-01-22,assets/creative_500489.png,fatigued,0.8522172949002218,strong_but_fatigued,Refresh,24.0,0.9745011086474501,1.0,1.0,12.0,0.9241379310344827,17.0,0.9,11.0,0.782608695652174,0.837037037037037,7.659898212927305,0.5435540413644009,0.0075678023511642,0.071824555682374,32850.93,3241628,251634.78,13.0,1,-0.818496307241361,-0.2061116934642122,True,False,0.9878048780487805,0.9235033259423503,0.7405764966740577,0.31596452328159647,0.9301552106430155,1.481518633036651,0.21134312315797932,0.08425925925925926
501061,20176,1032,SwiftStack,SwiftStack Wallet,fintech,native,es,testimonial,cashback,Claim reward,Track every euro,Built for peace of mind,black,urgent,signup,minimalist,35-44,Android,2026-01-12,assets/creative_501061.png,stable,0.8519955654101996,strong_candidate,Keep,25.0,0.9733924611973392,1.0,1.0,4.0,0.9787234042553191,3.0,0.9921259842519685,2.0,0.9803921568627451,0.7064814814814815,7.900411466726513,0.5419535111473753,0.0050711364257361,0.1068702290076335,26646.14,3978201,210515.47,,0,-0.6960533586531948,0.1207780124467592,True,False,0.9079822616407982,0.9412416851441242,0.738359201773836,0.7871396895787139,0.5421286031042128,2.0725471629724828,0.15921264408904584,0.188888888888889
500916,20152,1008,CoinBridge,CoinBridge Pay,fintech,rewarded_video,en,trust,earn more,Try for free,Secure & simple,"Fast signup, instant card",lime,playful,signup,minimalist,18-24,Both,2026-01-06,assets/creative_500916.png,stable,0.8514412416851441,strong_candidate,Keep,26.0,0.9722838137472284,1.0,1.0,5.0,0.9716312056737588,18.0,0.89375,3.0,0.75,0.7219135802469135,6.309211398969824,0.623447135714347,0.0054183396942506,0.1150623938133458,30608.38,3150227,193114.74,,0,-0.7844213150176719,-0.0845104931349359,True,False,0.9279379157427938,0.8292682926829268,0.7971175166297118,0.8192904656319291,0.6319290465631929,0.9041924748472745,0.24070626865601746,0.0
500527,20087,1015,HorizonHop,HorizonHop Flights,travel,rewarded_video,de,wanderlust,discover,Claim reward,Fly smarter,Flexible booking options,white,adventurous,booking,destination,25-34,Android,2026-01-19,assets/creative_500527.png,top_performer,0.8481263858093128,top_winner,Scale,27.0,0.9711751662971175,2.0,0.8333333333333334,13.0,0.9172413793103448,19.0,0.8875,12.0,0.7608695652173914,0.7885802469135802,7.122713910586939,0.4817861642349776,0.0073327467737073,0.0657033686152224,29829.87,3105112,212469.63,,0,-0.7254321533451835,-0.0225079510859397,True,False,0.9767184035476718,0.8824833702882483,0.6662971175166297,0.27827050997782704,0.9146341463414634,0.7642034980494516,0.14957524602855604,0.03580246913580243
500737,20122,1014,VaultRun,VaultRun Wallet,fintech,interstitial,en,feature-focus,cashback,Book now,"Your money, clearer",Built for peace of mind,lime,premium,signup,feature-focus,18-24,Both,2026-01-21,assets/creative_500737.png,stable,0.8381929046563193,strong_candidate,Keep,28.0,0.9700665188470067,2.0,0.8333333333333334,6.0,0.9645390070921985,1.0,1.0,1.0,1.0,0.7015432098765432,7.279082149957801,0.546012158928902,0.0051537833722155,0.1059439482599322,22950.59,3150113,167059.23,,0,-0.7232275934532418,-0.0978766863005891,True,False,0.897450110864745,0.9013303769401331,0.7439024390243902,0.770509977827051,0.5609756097560976,0.014028070399111137,0.1632712918705725,0.1626543209876542
500254,20042,1006,NeonArena,NeonArena Arena,gaming,rewarded_video,es,fantasy,power-up,Start now,Join the arena,Play with friends tonight,blue,excited,install,competitive,45-54,Both,2026-01-18,assets/creative_500254.png,fatigued,0.8362527716186252,strong_but_fatigued,Refresh,29.0,0.9689578713968958,1.0,1.0,10.0,0.9407894736842105,20.0,0.88125,5.0,0.9069767441860465,0.7691358024691358,2.195094784916809,1.492093850013873,0.0078774023731061,0.1894144515339156,20389.32,5391752,44756.49,10.0,1,-0.9003128653642095,-0.0353130269645385,True,False,0.9634146341463414,0.4866962305986696,0.9523281596452328,0.9157427937915743,0.9434589800443459,0.3510097663563443,0.13811318458188704,0.1074074074074074
500720,20120,1012,VoxelRealm,VoxelRealm Arena,gaming,playable,en,gameplay,power-up,Book now,Level up today,No ads in first week,lime,playful,install,gameplay,25-34,Android,2026-01-05,assets/creative_500720.png,fatigued,0.8332594235033259,strong_but_fatigued,Refresh,30.0,0.967849223946785,1.0,1.0,11.0,0.9342105263157895,6.0,0.868421052631579,6.0,0.8529411764705882,0.7737654320987654,1.9086764410465984,2.345073788624293,0.0099014909270977,0.2368404723986018,34497.67,4883002,65844.89,13.0,1,-0.8662957299816041,-0.0459441783522803,True,False,0.9672949002217295,0.38802660753880264,0.9988913525498891,0.9988913525498891,0.9933481152993349,0.6704242264417837,0.9910931231923072,0.06651234567901232
500632,20105,1033,NomadLayer,NomadLayer Flights,travel,rewarded_video,fr,drama,escape,Get offer,Fly smarter,Special fares today,blue,trustworthy,booking,discount,35-44,iOS,2026-01-17,assets/creative_500632.png,fatigued,0.8327050997782705,strong_but_fatigued,Refresh,31.0,0.9667405764966741,2.0,0.5,14.0,0.9103448275862069,21.0,0.875,13.0,0.7391304347826086,0.8327160493827162,8.896045001022596,0.4786673551916763,0.0082051653332309,0.0583373199383405,35497.86,4585648,315790.56,10.0,1,-0.8463126988877674,0.0702330874604846,True,False,0.9855875831485588,0.9611973392461197,0.6618625277161863,0.17960088691796008,0.9567627494456763,-1.6510762046746734,0.14645643698525473,0.07993827160493838
500391,20065,1029,BingeLayer,BingeLayer Now,entertainment,rewarded_video,en,celebrity,new season,Get offer,Binge starts now,Start free today,purple,excited,install,trailer,45-54,Android,2026-01-29,assets/creative_500391.png,fatigued,0.83059866962306,strong_but_fatigued,Refresh,32.0,0.9656319290465631,1.0,1.0,1.0,1.0,22.0,0.86875,1.0,1.0,0.7682098765432098,3.662572042880188,0.6817693804853749,0.006898585033312,0.0988274228980628,21082.93,5080897,77217.75,14.0,1,-0.7985430891548804,-0.0132373189695522,True,False,0.9623059866962306,0.6784922394678492,0.8226164079822617,0.6784922394678492,0.8736141906873615,0.6959582186056967,0.2397824025804544,0.13518518518518507
501057,20176,1032,SwiftStack,SwiftStack Wallet,fintech,interstitial,de,feature-focus,security,Learn more,Save with confidence,"Fast signup, instant card",black,premium,signup,minimalist,35-44,Android,2026-01-11,assets/creative_501057.png,stable,0.8305432372505543,strong_candidate,Keep,33.0,0.9645232815964523,2.0,0.8333333333333334,7.0,0.9574468085106383,2.0,0.9964788732394366,2.0,0.96875,0.7185185185185187,6.450436522908385,0.5542344941693309,0.0055467112848721,0.0999212805038047,28810.63,3435369,185841.14,,0,-0.7111082045955517,0.0429447852760735,True,False,0.9168514412416852,0.8370288248337029,0.7572062084257206,0.697339246119734,0.6674057649667405,0.622572219154355,0.1714936271110014,0.1796296296296297
500426,20071,1035,StarVault,StarVault Play,entertainment,rewarded_video,pt,trailer,new season,Claim reward,Watch what’s trending,Cancel anytime,red,excited,install,celebrity,25-34,Android,2026-01-27,assets/creative_500426.png,fatigued,0.8268847006651885,strong_but_fatigued,Refresh,34.0,0.9634146341463414,1.0,1.0,2.0,0.9941176470588236,23.0,0.8625,2.0,0.9767441860465116,0.7586419753086421,3.248322829353934,0.6720454683047674,0.0067566167427085,0.0994647904263635,22840.55,4922286,74193.48,14.0,1,-0.8084116358212523,-0.174046836697439,True,False,0.958980044345898,0.6696230598669624,0.8192904656319291,0.688470066518847,0.8636363636363636,0.7220981181359791,0.23005849039984688,0.12561728395061733
500845,20140,1032,SwiftStack,SwiftStack Invest,fintech,native,es,testimonial,earn more,Try for free,Secure & simple,"Fast signup, instant card",orange,playful,signup,trust,25-34,iOS,2026-01-25,assets/creative_500845.png,stable,0.8262749445676275,strong_candidate,Keep,35.0,0.9623059866962306,1.0,1.0,8.0,0.950354609929078,4.0,0.9881889763779528,3.0,0.9607843137254902,0.6725308641975308,7.492741840288025,0.5530689076014306,0.0047073340721867,0.1174908980582524,20331.6,2800736,152339.43,,0,-0.7152839247664662,0.136016936337517,True,False,0.8547671840354767,0.9157427937915743,0.7549889135254989,0.8215077605321508,0.44567627494456763,1.0636456776395367,0.17032804054310108,0.15493827160493834
501079,20179,1035,StarVault,StarVault Now,entertainment,rewarded_video,en,testimonial,late-night,Install now,Exclusive tonight,Start free today,blue,calm,signup,drama,25-34,Android,2026-01-15,assets/creative_501079.png,stable,0.8186252771618625,strong_candidate,Keep,36.0,0.9611973392461197,1.0,1.0,3.0,0.9882352941176471,24.0,0.85625,3.0,0.9534883720930233,0.7694444444444445,3.4736643928260693,0.6564400153456562,0.0070673052726115,0.092884061183773,21883.68,5106331,76016.56,,0,-0.7754943477793682,-0.0843826301447487,True,False,0.9645232815964523,0.6762749445676275,0.8082039911308204,0.5742793791574279,0.893569844789357,0.9222578430706814,0.21445303744073568,0.13641975308641974
500689,20114,1006,NeonArena,NeonArena Quest,gaming,playable,pt,fantasy,power-up,Try for free,Unlock rare gear,No ads in first week,purple,playful,install,fantasy,45-54,Both,2026-01-25,assets/creative_500689.png,fatigued,0.8171286031042129,strong_but_fatigued,Refresh,37.0,0.9600886917960089,4.0,0.5,12.0,0.9276315789473685,7.0,0.8421052631578947,7.0,0.8235294117647058,0.7527777777777778,2.05676914825516,1.4254248384023578,0.0080642982177106,0.1767574561258003,14449.75,3737833,29719.8,11.0,1,-0.8978137845513169,-0.0036518665744397,True,False,0.9545454545454546,0.44567627494456763,0.9412416851441242,0.8802660753880266,0.9523281596452328,-0.19346354137705557,0.07144417297037187,0.04552469135802473
500235,20039,1003,CloudRoute,CloudRoute Trips,travel,rewarded_video,it,wanderlust,last-minute deal,Try for free,Dream destinations await,Flexible booking options,orange,premium,booking,family,35-44,Android,2026-01-17,assets/creative_500235.png,fatigued,0.8164634146341465,strong_but_fatigued,Refresh,38.0,0.958980044345898,1.0,1.0,15.0,0.903448275862069,25.0,0.85,14.0,0.717391304347826,0.7805555555555556,7.86742745913762,0.4461164211999277,0.0070795396747597,0.0630148910373985,36681.05,4543657,288585.5,15.0,1,-0.8204929242903559,0.0942444450648725,True,False,0.9733924611973392,0.9401330376940134,0.6175166297117517,0.23835920177383593,0.8946784922394678,1.259735319987664,0.11390550299350616,0.02777777777777779
500304,20050,1014,VaultRun,VaultRun Cash,fintech,rewarded_video,pt,competitive,security,Shop now,Save with confidence,Built for peace of mind,white,adventurous,signup,minimalist,35-44,Android,2026-02-01,assets/creative_500304.png,stable,0.8146341463414635,strong_candidate,Keep,39.0,0.9578713968957872,1.0,1.0,9.0,0.9432624113475178,26.0,0.84375,4.0,0.625,0.6811728395061728,6.434442012018808,0.5514735076398521,0.0051439827778164,0.1072074949430426,29956.38,3652034,192752.59,,0,-0.7472264754836724,0.014228374974899,True,False,0.8719512195121951,0.835920177383592,0.7494456762749445,0.7915742793791575,0.5565410199556541,0.33358441395811234,0.16873264058152265,-0.040740740740740744
500487,20081,1009,DriftPass,DriftPass Travel,travel,rewarded_video,ja,discount,trending,Watch now,Last-minute savings,Special fares today,orange,trustworthy,booking,discount,18-24,Both,2026-01-17,assets/creative_500487.png,fatigued,0.8123614190687363,strong_but_fatigued,Refresh,40.0,0.9567627494456763,2.0,0.8333333333333334,16.0,0.896551724137931,27.0,0.8375,15.0,0.6956521739130435,0.7787037037037038,6.794165960240916,0.487538807495895,0.0071467087882118,0.0682186474842891,36002.84,3540231,244609.27,13.0,1,-0.846006779408798,-0.0470566742688095,True,False,0.9711751662971175,0.8592017738359202,0.6729490022172949,0.29379157427937913,0.9024390243902439,0.6157863803502615,0.15532788928947344,0.02592592592592602
500847,20141,1033,NomadLayer,NomadLayer Travel,travel,interstitial,en,family,escape,Order now,Dream destinations await,Flexible booking options,blue,trustworthy,booking,destination,45-54,iOS,2026-01-14,assets/creative_500847.png,top_performer,0.8123170731707318,top_winner,Scale,41.0,0.9556541019955654,2.0,0.75,17.0,0.8896551724137931,3.0,0.9929577464788732,1.0,1.0,0.783641975308642,6.904141325866344,0.4389221117211784,0.0086279196886753,0.0508722991820717,22427.6,2451460,154843.32,,0,-0.6133078255901743,-0.1022946979516085,True,False,0.975609756097561,0.8658536585365854,0.606430155210643,0.058758314855875834,0.9689578713968958,-0.5224922673572499,0.10671119351475683,0.20617283950617282
500265,20044,1008,CoinBridge,CoinBridge Pay,fintech,interstitial,en,testimonial,earn more,Install now,Track every euro,Built for peace of mind,black,calm,signup,feature-focus,18-24,Android,2026-01-19,assets/creative_500265.png,stable,0.8120288248337028,strong_candidate,Keep,42.0,0.9545454545454546,1.0,1.0,10.0,0.9361702127659575,4.0,0.9894366197183099,3.0,0.9375,0.7058641975308642,6.152379971102259,0.5392213445904721,0.0055595864320696,0.0969894705620643,20769.79,2425720,127783.64,,0,-0.7730141227713335,-0.0576776859504133,True,False,0.906319290465632,0.8170731707317073,0.7350332594235033,0.647450110864745,0.6696230598669624,-0.5147165717899549,0.15648047753214261,0.16697530864197518
500813,20135,1027,WayPoint,WayPoint Trips,travel,interstitial,fr,discount,escape,Learn more,Book your next trip,Hotels + flights in one tap,blue,trustworthy,booking,destination,45-54,iOS,2026-01-19,assets/creative_500813.png,fatigued,0.8115853658536586,strong_but_fatigued,Refresh,43.0,0.9534368070953437,1.0,1.0,18.0,0.8827586206896552,5.0,0.9859154929577465,2.0,0.9807692307692307,0.782716049382716,9.678912667290913,0.4213083260454149,0.0071936384052862,0.058566792255754,23826.01,3726487,230609.87,11.0,1,-0.8488477698316815,-0.1055823995065282,True,False,0.9745011086474501,0.9800443458980045,0.5665188470066519,0.18292682926829268,0.9035476718403548,0.022981496283344782,0.08909740783899334,0.20524691358024683
500829,20138,1030,IronQuest,IronQuest Rush,gaming,interstitial,pt,competitive,competition,Get offer,Join the arena,Play with friends tonight,orange,premium,install,reward,18-24,Android,2026-01-23,assets/creative_500829.png,fatigued,0.8113082039911309,strong_but_fatigued,Refresh,44.0,0.9523281596452328,3.0,0.6,13.0,0.9210526315789473,6.0,0.9823943661971831,1.0,1.0,0.7472222222222222,2.136563628433516,1.243727752283741,0.0075882905267729,0.1639009139009139,14375.57,4383596,30714.32,13.0,1,-0.8807259394105178,-0.1032434046249048,True,False,0.9490022172949002,0.4700665188470067,0.9146341463414634,0.8458980044345898,0.9334811529933481,-0.11351025524421532,-0.11025291314824481,0.183641975308642
500416,20069,1033,NomadLayer,NomadLayer Trips,travel,rewarded_video,es,family,book now,Try for free,Escape this weekend,Special fares today,blue,urgent,booking,wanderlust,45-54,iOS,2026-01-15,assets/creative_500416.png,fatigued,0.8101441241685144,strong_but_fatigued,Refresh,45.0,0.9512195121951219,1.0,1.0,19.0,0.8758620689655172,28.0,0.83125,16.0,0.6739130434782609,0.7722222222222223,10.673170166863716,0.411012742061511,0.0067870423012092,0.0605584470850109,24612.9,4501077,262697.67,15.0,1,-0.8698381179031993,0.0540505388331475,True,False,0.9656319290465631,0.9944567627494457,0.5521064301552107,0.21507760532150777,0.8669623059866962,0.8815470878692899,0.07880182385508944,0.019444444444444486
500556,20092,1020,NovaPay,NovaPay Pay,fintech,interstitial,fr,trust,security,Shop now,Earn cashback daily,Built for peace of mind,white,urgent,signup,testimonial,18-24,Android,2026-01-25,assets/creative_500556.png,stable,0.8100332594235035,strong_candidate,Keep,46.0,0.950110864745011,1.0,1.0,11.0,0.9290780141843972,7.0,0.9788732394366197,4.0,0.90625,0.686111111111111,7.901154762549412,0.4867909889246313,0.0051262835679832,0.0949598246895544,23637.76,4005826,186765.6,,0,-0.771818571675126,-0.0720692402722241,True,False,0.876940133037694,0.9423503325942351,0.6718403547671841,0.6164079822616408,0.5532150776053215,0.1629963660058973,0.1040501218663018,0.14722222222222203
500796,20132,1024,GlitchWave,GlitchWave Rush,gaming,playable,de,fantasy,last-minute deal,Claim reward,Unlock rare gear,Play with friends tonight,orange,playful,install,reward,25-34,Both,2026-01-16,assets/creative_500796.png,fatigued,0.809478935698448,strong_but_fatigued,Refresh,47.0,0.9490022172949002,1.0,1.0,14.0,0.9144736842105263,8.0,0.8157894736842105,8.0,0.7941176470588235,0.7527777777777778,1.7653519734440204,2.3415602880197626,0.0102111624624196,0.2293137825039461,35607.8,4715232,62860.3,10.0,1,-0.875519178358712,-0.167019556989953,True,False,0.9545454545454546,0.31596452328159647,0.9977827050997783,0.9933481152993349,0.9955654101995566,0.10554653690104665,0.9875796225877767,0.04552469135802473
500087,20014,1014,VaultRun,VaultRun Pay,fintech,interstitial,en,feature-focus,earn more,Install now,Save with confidence,No hidden fees,green,urgent,signup,feature-focus,25-34,Android,2026-01-27,assets/creative_500087.png,fatigued,0.809368070953437,strong_but_fatigued,Refresh,48.0,0.9478935698447893,1.0,1.0,12.0,0.9219858156028369,8.0,0.9753521126760564,5.0,0.875,0.6768518518518519,7.154073706069809,0.516729104766826,0.0050548231449311,0.1022249621700386,24717.91,3529896,176833.75,13.0,1,-0.7939891687354652,-0.1200539359278375,True,False,0.864190687361419,0.8880266075388027,0.7106430155210643,0.7272727272727273,0.5365853658536586,-0.2145293513323283,0.1339882377084965,0.13796296296296295
500830,20138,1030,IronQuest,IronQuest Rush,gaming,interstitial,pt,reward,power-up,Learn more,Win epic rewards,No ads in first week,purple,excited,install,reward,18-24,Android,2026-01-27,assets/creative_500830.png,fatigued,0.8085920177383592,strong_but_fatigued,Refresh,49.0,0.9467849223946785,4.0,0.4,15.0,0.9078947368421053,9.0,0.971830985915493,2.0,0.9830508474576272,0.7484567901234568,2.0959420917164566,1.2513421694721087,0.0080143077036732,0.1561385232187391,12937.7,3952556,27116.67,13.0,1,-0.84998690230075,0.0133702966218072,True,False,0.9512195121951219,0.4567627494456763,0.9157427937915743,0.8325942350332595,0.950110864745011,-0.1541317919612748,-0.10263849595987717,0.18487654320987656
500056,20009,1009,DriftPass,DriftPass Travel,travel,rewarded_video,en,food-closeup,book now,Book now,Escape this weekend,Hotels + flights in one tap,teal,adventurous,booking,discount,18-24,Android,2026-01-08,assets/creative_500056.png,fatigued,0.8084257206208426,strong_but_fatigued,Refresh,50.0,0.9456762749445676,2.0,0.8333333333333334,20.0,0.8689655172413793,29.0,0.825,17.0,0.6521739130434783,0.7768518518518519,7.852382015637678,0.4332605680537061,0.0071971437248382,0.0601989601178132,35873.61,4623084,281693.29,13.0,1,-0.8219690265592409,0.0827929578952686,True,False,0.9689578713968958,0.9390243902439024,0.5986696230598669,0.2106430155210643,0.9057649667405765,0.6419765906092341,0.10104964984728454,0.024074074074074137
500480,20080,1008,CoinBridge,CoinBridge Wallet,fintech,rewarded_video,en,testimonial,cashback,Start now,Save with confidence,Built for peace of mind,purple,urgent,signup,testimonial,25-34,iOS,2026-01-16,assets/creative_500480.png,fatigued,0.8075388026607538,strong_but_fatigued,Refresh,51.0,0.9445676274944568,1.0,1.0,13.0,0.9148936170212766,30.0,0.81875,5.0,0.5,0.6805555555555557,5.219567700434048,0.6638994588355333,0.0051819440949131,0.1281178350587091,34556.13,2777529,180368.06,17.0,1,-0.7923630855358279,0.0327913525297485,True,False,0.8697339246119734,0.7405764966740577,0.8137472283813747,0.8314855875831486,0.5720620842572062,-0.15083270224509882,0.28115859177720376,-0.04135802469135785
500563,20093,1021,RouteBloom,RouteBloom Travel,travel,rewarded_video,it,family,book now,Learn more,Book your next trip,Special fares today,orange,premium,booking,discount,18-24,Android,2026-01-16,assets/creative_500563.png,fatigued,0.8054878048780487,strong_but_fatigued,Refresh,52.0,0.9434589800443459,1.0,1.0,21.0,0.8620689655172413,31.0,0.8125,18.0,0.6304347826086957,0.7527777777777778,10.634869896210365,0.4077412590467592,0.0063875485177483,0.0638337631274059,45467.93,8377862,483545.52,10.0,1,-0.8239201425260625,-0.0360820187487609,True,False,0.9545454545454546,0.9922394678492239,0.549889135254989,0.24944567627494457,0.8137472283813747,-0.03210604130453376,0.0755303408403376,0.0
500148,20024,1024,GlitchWave,GlitchWave Quest,gaming,playable,es,food-closeup,challenge,Start now,Win epic rewards,Play with friends tonight,blue,playful,install,reward,18-24,Android,2026-01-11,assets/creative_500148.png,fatigued,0.8042682926829269,strong_but_fatigued,Refresh,53.0,0.9423503325942351,1.0,1.0,16.0,0.9013157894736842,9.0,0.7894736842105263,9.0,0.7647058823529411,0.7419753086419753,1.8293660060704056,1.81143525320508,0.0088181726224772,0.2054207068466527,29246.81,5368119,53503.12,11.0,1,-0.8626302959637626,-0.1417152978193048,True,False,0.9456762749445676,0.3458980044345898,0.9767184035476718,0.9545454545454546,0.9745011086474501,-0.07292215543367164,0.457454587773094,0.03472222222222221
500840,20140,1032,SwiftStack,SwiftStack Invest,fintech,native,de,feature-focus,security,Start now,Earn cashback daily,"Fast signup, instant card",purple,trustworthy,signup,trust,25-34,iOS,2026-01-16,assets/creative_500840.png,stable,0.8027716186252771,strong_candidate,Keep,54.0,0.9412416851441242,2.0,0.75,14.0,0.9078014184397163,5.0,0.984251968503937,4.0,0.9411764705882353,0.6453703703703705,7.318544774743227,0.5516718810406279,0.0044420333278596,0.1241935483870967,25215.89,3489393,184543.62,,0,-0.7388805202196003,-0.0055118110236221,True,False,0.811529933481153,0.9046563192904656,0.7505543237250555,0.8292682926829268,0.37915742793791574,0.8894486120947391,0.16893101398229843,0.127777777777778
500734,20122,1014,VaultRun,VaultRun Wallet,fintech,native,en,trust,security,Start now,Secure & simple,No hidden fees,blue,adventurous,signup,feature-focus,18-24,Both,2026-01-22,assets/creative_500734.png,stable,0.8021064301552107,strong_candidate,Keep,55.0,0.9401330376940134,3.0,0.6666666666666666,15.0,0.900709219858156,6.0,0.9803149606299213,5.0,0.9215686274509803,0.6540123456790123,8.246414425405638,0.4906546428704137,0.0046635245602619,0.1052111201581947,21442.17,3686911,176821.02,,0,-0.7305824674915634,-0.0880622083981338,True,False,0.8259423503325942,0.9523281596452328,0.6762749445676275,0.7660753880266076,0.4356984478935698,0.981360345846948,0.10791377581208422,0.13641975308641985
500565,20094,1022,CraveLoop,CraveLoop Express,food_delivery,native,en,feature-focus,fast,Learn more,"Fast food, fast",Fresh favorites nearby,red,excited,order,food-closeup,45-54,Android,2026-01-28,assets/creative_500565.png,fatigued,0.7992793791574279,strong_but_fatigued,Refresh,56.0,0.9390243902439024,1.0,1.0,1.0,1.0,7.0,0.9763779527559056,1.0,1.0,0.7441358024691359,2.7117296077791253,0.6550508715809648,0.0069541081267702,0.0941962448152487,20584.32,4541632,55819.11,14.0,1,-0.808758854725862,-0.0048879027024764,True,False,0.9478935698447893,0.6164079822616408,0.8070953436807096,0.6053215077605322,0.8813747228381374,0.6717776025054163,0.23417244073378463,0.2680555555555557
500917,20152,1008,CoinBridge,CoinBridge Pay,fintech,playable,en,feature-focus,security,Book now,"Your money, clearer",Built for peace of mind,green,premium,signup,minimalist,18-24,Both,2026-01-09,assets/creative_500917.png,fatigued,0.7975055432372504,strong_but_fatigued,Refresh,57.0,0.9379157427937915,2.0,0.8333333333333334,16.0,0.8936170212765957,10.0,0.7631578947368421,1.0,1.0,0.6672839506172838,5.459943915066513,0.6147918111327619,0.0050261226637412,0.1223193010325655,26969.81,2504913,147253.65,13.0,1,-0.8232351488651476,0.2178785481266325,True,False,0.8453436807095344,0.7638580931263859,0.79490022172949,0.8281596452328159,0.532150776053215,0.05492499094396397,0.23205094407443244,0.0
500136,20022,1022,CraveLoop,CraveLoop Express,food_delivery,native,en,urgency,2-for-1,Order now,Dinner in minutes,Late-night deals available,orange,calm,order,food-closeup,18-24,iOS,2026-01-23,assets/creative_500136.png,stable,0.7966740576496676,strong_candidate,Keep,58.0,0.9368070953436807,1.0,1.0,2.0,0.9937106918238994,8.0,0.9724409448818898,2.0,0.9803921568627451,0.7373456790123457,2.4131806635973967,0.7188754806293609,0.0072070391472368,0.0997462988535277,24188.16,4320637,58370.4,,0,-0.7504140204505219,-0.080392863941609,True,False,0.9423503325942351,0.5565410199556541,0.8292682926829268,0.6940133037694013,0.9068736141906873,0.6470827822806395,0.2979970497821808,0.2612654320987655
500552,20092,1020,NovaPay,NovaPay Pay,fintech,native,es,minimalist,earn more,Learn more,Earn cashback daily,Built for peace of mind,white,trustworthy,signup,testimonial,18-24,Android,2026-01-28,assets/creative_500552.png,stable,0.7941241685144125,strong_candidate,Keep,59.0,0.9356984478935698,2.0,0.8333333333333334,17.0,0.8865248226950354,9.0,0.968503937007874,6.0,0.9019607843137255,0.6425925925925925,9.552503384656404,0.4758915328741654,0.0044891287183328,0.1060097766701811,22203.14,4648118,212095.57,,0,-0.7600715955145481,0.0438867227493005,True,False,0.8048780487804879,0.9767184035476718,0.655210643015521,0.7738359201773836,0.39135254988913526,1.8143449881128895,0.09315066581583592,0.125
500558,20093,1021,RouteBloom,RouteBloom Travel,travel,interstitial,es,celebrity,escape,Order now,Book your next trip,Hotels + flights in one tap,white,premium,booking,discount,18-24,Android,2026-01-31,assets/creative_500558.png,stable,0.7917960088691796,strong_candidate,Keep,60.0,0.934589800443459,2.0,0.8,22.0,0.8551724137931035,10.0,0.9683098591549296,3.0,0.9615384615384616,0.7777777777777777,12.609035902007008,0.3876918216968617,0.0073813012883972,0.0525235058899816,16738.34,3760719,211054.33,,0,-0.7042355946370837,-0.0159454740276575,True,False,0.9700665188470067,0.9988913525498891,0.49889135254988914,0.08314855875831485,0.9190687361419069,1.9420599644921097,0.05548090349044016,0.2003086419753085
500214,20035,1035,StarVault,StarVault Plus,entertainment,rewarded_video,en,ugc,challenge,Book now,Exclusive tonight,Cancel anytime,blue,calm,install,ugc,25-34,Android,2026-01-19,assets/creative_500214.png,stable,0.7917405764966742,strong_candidate,Keep,61.0,0.9334811529933481,1.0,1.0,4.0,0.9823529411764705,32.0,0.80625,4.0,0.9302325581395349,0.7271604938271605,2.202904368453443,0.8043752100980026,0.0073548153538696,0.1093671521848317,27477.23,3248484,60529.71,,0,-0.781162006283417,-0.166147837116642,True,False,0.934589800443459,0.4911308203991131,0.844789356984479,0.8037694013303769,0.9157427937915743,0.3599572826027484,0.3623882321930821,0.09413580246913578
500827,20137,1029,BingeLayer,BingeLayer Plus,entertainment,native,en,ugc,last-minute deal,Install now,Stream the hype,New hits every week,purple,adventurous,signup,trailer,45-54,iOS,2026-01-27,assets/creative_500827.png,stable,0.7904656319290465,strong_candidate,Keep,62.0,0.9323725055432373,1.0,1.0,5.0,0.9764705882352941,10.0,0.9645669291338582,1.0,1.0,0.719753086419753,3.748775921546743,0.5774522619308069,0.006245609328946,0.0924573138531948,12830.06,3638396,48097.02,,0,-0.731396708639206,0.0119742456103244,True,False,0.9246119733924612,0.6807095343680709,0.7738359201773836,0.5631929046563193,0.7871396895787139,0.723838461558894,0.13546528402588637,0.3145061728395062
500554,20092,1020,NovaPay,NovaPay Pay,fintech,native,it,testimonial,cashback,Start now,"Your money, clearer",Built for peace of mind,blue,premium,signup,testimonial,18-24,Android,2026-01-30,assets/creative_500554.png,stable,0.7894678492239467,strong_candidate,Keep,63.0,0.9312638580931264,3.0,0.6666666666666666,18.0,0.8794326241134752,11.0,0.9606299212598425,7.0,0.8823529411764706,0.6358024691358025,9.45580065832053,0.4728540945084117,0.0044409444076766,0.1064760220125786,21955.87,4582809,207610.33,,0,-0.749414909398399,-0.1404442573630263,True,False,0.7960088691796009,0.9745011086474501,0.6518847006651884,0.7815964523281597,0.3780487804878049,1.7176422617770157,0.09011322745008221,0.11820987654321002
500252,20042,1006,NeonArena,NeonArena Arena,gaming,playable,pt,competitive,challenge,Install now,Beat your rivals,Free rewards for new players,lime,excited,install,competitive,45-54,Both,2026-01-16,assets/creative_500252.png,fatigued,0.7893015521064303,strong_but_fatigued,Refresh,64.0,0.9301552106430155,2.0,0.8333333333333334,17.0,0.8947368421052632,11.0,0.7368421052631579,10.0,0.7352941176470589,0.7191358024691358,1.898366610268144,1.414339107254455,0.0074793282048618,0.1890997518112762,22145.97,5333233,42041.17,10.0,1,-0.8952256947587206,-0.0188488147884946,True,False,0.9212860310421286,0.38248337028824836,0.9379157427937915,0.9135254988913526,0.9246119733924612,0.05428159170767932,0.06035844182246919,0.011882716049382736
501026,20171,1027,WayPoint,WayPoint Escapes,travel,interstitial,fr,discount,challenge,Claim reward,Book your next trip,Flexible booking options,lime,calm,booking,destination,35-44,iOS,2026-02-05,assets/creative_501026.png,stable,0.7877494456762749,strong_candidate,Keep,65.0,0.9290465631929047,2.0,0.8333333333333334,23.0,0.8482758620689655,11.0,0.9647887323943662,4.0,0.9423076923076923,0.7583333333333334,7.354980902330781,0.4223039143560018,0.0072158553909101,0.058524442561305,21633.53,2616599,159114.2,,0,-0.7808956463642764,-0.2798383142148752,True,False,0.9578713968957872,0.9079822616407982,0.5698447893569845,0.18181818181818182,0.9090909090909091,0.23429916144006047,0.09009299614958022,0.18086419753086425
500562,20093,1021,RouteBloom,RouteBloom Travel,travel,rewarded_video,es,ugc,discover,Book now,Dream destinations await,Hotels + flights in one tap,teal,premium,booking,discount,18-24,Android,2026-01-24,assets/creative_500562.png,fatigued,0.7876385809312638,strong_but_fatigued,Refresh,66.0,0.9273835920177383,3.0,0.6,24.0,0.8413793103448276,33.0,0.796875,19.0,0.6086956521739131,0.766358024691358,10.260437991688736,0.3878485073675056,0.0072490377752015,0.0535034468566725,21722.33,4022189,222880.62,12.0,1,-0.8002388904956953,0.0375318497058623,True,False,0.9611973392461197,0.9878048780487805,0.5,0.10643015521064302,0.9113082039911308,-0.40653794582616243,0.05563758916108402,0.013580246913580285
500892,20148,1004,SnapMeal,SnapMeal Express,food_delivery,rewarded_video,es,combo,fast,Order now,2-for-1 tonight,Late-night deals available,purple,excited,order,discount,35-44,iOS,2026-01-28,assets/creative_500892.png,fatigued,0.7876385809312638,strong_but_fatigued,Refresh,66.0,0.9273835920177383,1.0,1.0,3.0,0.9874213836477987,33.0,0.796875,1.0,1.0,0.726851851851852,2.153876807793059,0.8238842292418519,0.0075689176725313,0.1088509962569473,24592.14,3494423,52968.44,13.0,1,-0.8395027944849203,-0.0954356846473029,True,False,0.9334811529933481,0.47339246119733924,0.8458980044345898,0.8015521064301552,0.9312638580931264,0.5629690796474254,0.40300579839467177,0.14320987654321005
500468,20078,1006,NeonArena,NeonArena Rush,gaming,rewarded_video,fr,fantasy,free rewards,Learn more,Join the arena,No ads in first week,blue,premium,install,competitive,35-44,Android,2026-01-24,assets/creative_500468.png,fatigued,0.7874168514412416,strong_but_fatigued,Refresh,68.0,0.9257206208425721,1.0,1.0,18.0,0.8881578947368421,35.0,0.7875,6.0,0.8837209302325582,0.7274691358024691,1.7137401694416037,1.8118112854147324,0.0089306060472829,0.2028766329879657,21559.05,3479943,36946.61,12.0,1,-0.7973098492359787,-0.0529227331563739,True,False,0.9356984478935698,0.29490022172949004,0.9778270509977827,0.950110864745011,0.9767184035476718,0.21681789236257476,0.45783061998274643,0.06574074074074066
500863,20143,1035,StarVault,StarVault Play,entertainment,interstitial,en,drama,cashback,Order now,Binge starts now,Start free today,purple,trustworthy,install,celebrity,45-54,Android,2026-01-21,assets/creative_500863.png,stable,0.787250554323725,strong_candidate,Keep,69.0,0.9246119733924612,1.0,1.0,6.0,0.9705882352941176,12.0,0.9612676056338029,1.0,1.0,0.7311728395061728,3.0674097952808035,0.5833120435569344,0.0065614255968233,0.088900199346821,15467.04,3593274,47443.75,,0,-0.7751171208789313,-0.0333487725798982,True,False,0.9379157427937915,0.6574279379157428,0.7827050997782705,0.49223946784922396,0.8392461197339246,0.16922197390138027,0.14132506565201391,0.26481481481481484
500566,20094,1022,CraveLoop,CraveLoop Express,food_delivery,native,ja,ugc,late-night,Order now,"Fast food, fast",Late-night deals available,orange,calm,order,food-closeup,45-54,Android,2026-01-30,assets/creative_500566.png,stable,0.7869733924611972,strong_candidate,Keep,70.0,0.9235033259423503,2.0,0.8333333333333334,4.0,0.9811320754716981,12.0,0.9566929133858267,3.0,0.9607843137254902,0.7320987654320987,2.582747685145017,0.6420347021298144,0.0068994419966591,0.0930560330010312,19017.39,4216283,49117.12,,0,-0.7501308445640837,-0.0953021913943621,True,False,0.9390243902439024,0.5964523281596452,0.8015521064301552,0.582039911308204,0.8747228381374723,0.5427956798713081,0.22115627128263426,0.25601851851851853
500834,20139,1031,CrispBox,CrispBox Outlet,ecommerce,playable,fr,testimonial,security,Watch now,New collection drop,Free shipping over $25,pink,trustworthy,purchase,product-focus,18-24,Both,2026-02-03,assets/creative_500834.png,stable,0.7868070953436807,strong_candidate,Keep,71.0,0.9223946784922394,1.0,1.0,1.0,1.0,12.0,0.7105263157894737,1.0,1.0,0.7737654320987654,2.7550650554493825,0.6480901235503097,0.008303893820342,0.0780465330568993,23776.64,2613834,65506.19,,0,-0.6940013399873293,-0.0211301526136996,True,False,0.9672949002217295,0.623059866962306,0.802660753880266,0.35698447893569846,0.9578713968957872,0.3820433378214525,0.34399706279839276,0.16929012345679006
500999,20166,1022,CraveLoop,CraveLoop Go,food_delivery,interstitial,en,food-closeup,save smarter,Shop now,Hungry? We got you,Fresh favorites nearby,orange,excited,order,combo,45-54,iOS,2026-01-27,assets/creative_500999.png,stable,0.7851995565410199,strong_candidate,Keep,72.0,0.9212860310421286,1.0,1.0,5.0,0.9748427672955975,13.0,0.9577464788732394,1.0,1.0,0.7506172839506173,2.2724975026984264,0.7793281697321345,0.0083425454460042,0.0934161131966503,20882.54,3320809,47455.52,,0,-0.7727735750366829,0.0954140329351431,True,False,0.9523281596452328,0.5155210643015521,0.8414634146341463,0.5898004434589801,0.9623059866962306,0.07098383863788182,0.35844973888495435,0.2703703703703704
500598,20099,1027,WayPoint,WayPoint Travel,travel,interstitial,it,discount,last-minute deal,Shop now,Book your next trip,Special fares today,teal,adventurous,booking,wanderlust,45-54,Android,2026-01-28,assets/creative_500598.png,fatigued,0.7825388026607539,strong_but_fatigued,Refresh,73.0,0.9201773835920177,2.0,0.8,25.0,0.8344827586206897,14.0,0.954225352112676,5.0,0.9230769230769231,0.7388888888888889,8.579681793924244,0.3953905713327191,0.0066840975776003,0.0591539196940726,23872.58,3755780,204819.14,13.0,1,-0.834764026643883,-0.1272984606065548,True,False,0.9434589800443459,0.9556541019955654,0.5221729490022173,0.1917960088691796,0.852549889135255,0.45936969409662254,0.06317965312629753,0.16141975308641976
500688,20114,1006,NeonArena,NeonArena Quest,gaming,interstitial,pt,reward,challenge,Try for free,Beat your rivals,No ads in first week,blue,premium,install,fantasy,45-54,Both,2026-01-18,assets/creative_500688.png,fatigued,0.7822616407982261,strong_but_fatigued,Refresh,74.0,0.9190687361419069,5.0,0.3333333333333333,19.0,0.881578947368421,15.0,0.9507042253521126,3.0,0.9661016949152542,0.7049382716049383,2.1286219526734773,1.0924466215265267,0.0066302806061851,0.1647662725627971,20465.48,7169229,43563.27,10.0,1,-0.8697219692558464,-0.0844800454663653,True,False,0.9041019955654102,0.46895787139689576,0.8813747228381374,0.8470066518847007,0.8481152993348116,-0.12161073695873847,-0.2615340439054592,0.14135802469135805
500968,20161,1017,PulsePlay,PulsePlay Play,entertainment,rewarded_video,en,ugc,new season,Try for free,A new season drops,New hits every week,orange,playful,install,drama,18-24,Both,2026-01-26,assets/creative_500968.png,stable,0.7822062084257206,strong_candidate,Keep,75.0,0.917960088691796,1.0,1.0,7.0,0.9647058823529412,36.0,0.78125,5.0,0.9069767441860465,0.7058641975308642,2.281933587791825,0.73180620532531,0.00664141985078,0.1101882160392798,26060.57,3679936,59468.49,,0,-0.7177448807362165,-0.1186024689750933,True,False,0.906319290465632,0.5199556541019955,0.8337028824833703,0.8048780487804879,0.8492239467849224,0.14152321563947368,0.2898192274203895,0.07283950617283941
501046,20174,1030,IronQuest,IronQuest Legends,gaming,rewarded_video,de,product-focus,free rewards,Try for free,Win epic rewards,Play with friends tonight,blue,trustworthy,install,gameplay,18-24,Android,2026-01-20,assets/creative_501046.png,stable,0.78009977827051,strong_candidate,Keep,76.0,0.9168514412416852,1.0,1.0,20.0,0.875,37.0,0.775,7.0,0.8604651162790697,0.7280864197530864,1.6234635132261177,2.115157468430671,0.010285645694788,0.2056416807651141,20171.83,2815866,32748.23,,0,-0.7283433133038572,-0.0670210938675327,True,False,0.9368070953436807,0.24390243902439024,0.9944567627494457,0.9567627494456763,0.9966740576496674,0.011820405421020252,0.7611768029986852,0.06635802469135799
500955,20159,1015,HorizonHop,HorizonHop Escapes,travel,rewarded_video,en,testimonial,last-minute deal,Book now,Last-minute savings,Hotels + flights in one tap,orange,adventurous,booking,wanderlust,45-54,Android,2026-01-28,assets/creative_500955.png,stable,0.7794345898004436,strong_candidate,Keep,77.0,0.9157427937915743,1.0,1.0,26.0,0.8275862068965517,38.0,0.76875,20.0,0.5869565217391305,0.7354938271604938,6.957865047609136,0.4291161568857502,0.0067440425170938,0.0636289222373806,23925.03,2717213,166467.13,,0,-0.7588587874757969,0.077830101227335,True,False,0.9406873614190687,0.8713968957871396,0.5886917960088692,0.24501108647450112,0.8614190687361419,1.2489152093563831,0.09690523867932865,-0.01728395061728394
500658,20109,1001,VantaStyle,VantaStyle Outlet,ecommerce,rewarded_video,en,discount,security,Watch now,New collection drop,Shop bestsellers now,pink,urgent,purchase,discount,18-24,Android,2026-01-04,assets/creative_500658.png,stable,0.7793237250554323,strong_candidate,Keep,78.0,0.9146341463414634,1.0,1.0,2.0,0.9925925925925926,39.0,0.7625,1.0,1.0,0.7595679012345679,2.945526376622366,0.5764676826522163,0.0078200862958174,0.0737162814891877,25825.71,3441650,76070.31,,0,-0.775416347787136,0.0183695468845099,True,False,0.9600886917960089,0.6441241685144125,0.770509977827051,0.3325942350332594,0.9379157427937915,0.13684768436647454,0.2723746219002993,0.1811728395061727
500869,20144,1000,PixelForge,PixelForge Legends,gaming,native,pt,minimalist,competition,Get offer,Level up today,Free rewards for new players,blue,playful,install,fantasy,25-34,iOS,2026-01-25,assets/creative_500869.png,stable,0.7789356984478936,strong_candidate,Keep,79.0,0.9135254988913526,1.0,1.0,21.0,0.868421052631579,13.0,0.952755905511811,1.0,1.0,0.7117283950617285,1.7941463303045009,1.5009559961030174,0.0075864818501121,0.1978461196846896,16611.46,3561730,29803.39,,0,-0.7627735238794884,-0.1110425583718739,True,False,0.9113082039911308,0.33148558758314856,0.9556541019955654,0.9379157427937915,0.9323725055432373,0.20671580732439598,0.14697533067103152,0.1200617283950618
500599,20099,1027,WayPoint,WayPoint Travel,travel,rewarded_video,ja,destination,discover,Shop now,Last-minute savings,Special fares today,blue,premium,booking,wanderlust,45-54,Android,2026-01-27,assets/creative_500599.png,stable,0.7763303769401332,strong_candidate,Keep,80.0,0.9124168514412417,3.0,0.6,27.0,0.8206896551724138,40.0,0.75625,21.0,0.5652173913043478,0.7206790123456791,7.660942405730999,0.4057867631764499,0.0063442502389065,0.0639613426166476,23744.55,3033613,181905.63,,0,-0.7889460744455392,-0.0983644093357903,True,False,0.9257206208425721,0.9246119733924612,0.5465631929046563,0.2516629711751663,0.8082039911308204,-0.45936969409662254,0.07357584497002834,-0.032098765432098664
500616,20102,1030,IronQuest,IronQuest Arena,gaming,playable,en,fantasy,competition,Claim reward,Join the arena,Free rewards for new players,blue,premium,install,fantasy,25-34,Both,2026-02-06,assets/creative_500616.png,stable,0.776219512195122,strong_candidate,Keep,81.0,0.9113082039911308,1.0,1.0,22.0,0.8618421052631579,13.0,0.6842105263157895,11.0,0.7058823529411765,0.7237654320987654,1.5867112261177003,2.330834630863832,0.0105945548968524,0.2200030726686127,24790.85,3071861,39335.92,,0,-0.7300344435902605,-0.108945022913152,True,False,0.9318181818181818,0.22394678492239467,0.9966740576496674,0.9822616407982262,0.9988913525498891,0.3219080228374853,0.9768539654318462,0.016512345679012386
500742,20123,1015,HorizonHop,HorizonHop Flights,travel,native,fr,discount,discover,Order now,Escape this weekend,Special fares today,teal,trustworthy,booking,destination,35-44,iOS,2026-02-01,assets/creative_500742.png,stable,0.7759977827050999,strong_candidate,Keep,82.0,0.9101995565410199,2.0,0.8,28.0,0.8137931034482758,14.0,0.9488188976377953,2.0,0.975609756097561,0.7194444444444444,9.118647140421468,0.3908878331668192,0.0062786190525758,0.0622569756014186,22340.53,3727412,203715.41,,0,-0.7498231535030521,-0.0181400102197242,True,False,0.9235033259423503,0.9711751662971175,0.5044345898004434,0.23059866962305986,0.7971175166297118,1.9875740694449426,0.05867691496039762,0.1703703703703704
500157,20026,1026,ClearLedger,ClearLedger Invest,fintech,native,it,reward,cashback,Book now,Track every euro,"Fast signup, instant card",blue,adventurous,signup,minimalist,35-44,iOS,2026-01-22,assets/creative_500157.png,fatigued,0.7747782705099778,strong_but_fatigued,Refresh,83.0,0.9090909090909091,1.0,1.0,19.0,0.8723404255319149,15.0,0.9448818897637795,8.0,0.8627450980392157,0.6253086419753086,9.772059222348004,0.4517294785751161,0.0044007772615155,0.1026476578411405,22861.64,5020704,223405.3,13.0,1,-0.7933473309835111,-0.0489023379527012,True,False,0.7804878048780488,0.983370288248337,0.6252771618625277,0.7328159645232816,0.36807095343680707,1.4575918668249255,0.06898861151678659,0.10771604938271606
500971,20161,1017,PulsePlay,PulsePlay Play,entertainment,native,it,ugc,watch now,Book now,Watch what’s trending,Start free today,purple,adventurous,install,drama,18-24,Both,2026-01-27,assets/creative_500971.png,stable,0.7746674057649667,strong_candidate,Keep,84.0,0.9079822616407982,2.0,0.8333333333333334,8.0,0.9588235294117647,16.0,0.9409448818897638,2.0,0.9803921568627451,0.6882716049382717,2.86602066913176,0.5920932774640189,0.0059108563063375,0.1001704739174906,22944.36,4962056,65759.01,,0,-0.7177412197466102,-0.1188363982366416,True,False,0.8802660753880266,0.6341463414634146,0.7860310421286031,0.7006651884700665,0.7350332594235033,0.7256102969794087,0.15010629955909832,0.2830246913580249
500023,20003,1003,CloudRoute,CloudRoute Getaway,travel,interstitial,pt,discount,escape,Install now,Escape this weekend,Flexible booking options,orange,premium,booking,family,35-44,Android,2026-01-16,assets/creative_500023.png,fatigued,0.7745011086474501,strong_but_fatigued,Refresh,85.0,0.9068736141906873,1.0,1.0,29.0,0.8068965517241379,16.0,0.9471830985915493,6.0,0.9038461538461539,0.7404320987654321,8.705089147456153,0.3848346985074042,0.0069105054366313,0.0556883576803895,20600.7,3268936,179330.93,12.0,1,-0.7952336463137405,0.0328240603728913,True,False,0.9445676274944568,0.9567627494456763,0.4955654101995565,0.14523281596452328,0.876940133037694,1.0323123105817036,0.05262378030098264,0.16296296296296298
500291,20048,1012,VoxelRealm,VoxelRealm Legends,gaming,rewarded_video,en,family,challenge,Claim reward,Beat your rivals,Play with friends tonight,purple,urgent,install,competitive,35-44,Android,2026-01-31,assets/creative_500291.png,stable,0.7730044345898005,strong_candidate,Keep,86.0,0.9057649667405765,1.0,1.0,23.0,0.8552631578947368,41.0,0.75,8.0,0.8372093023255814,0.717283950617284,1.6626788624606876,1.8376574646683883,0.0088178578331347,0.2084018022793533,26795.03,4278817,44551.53,,0,-0.7843802571573515,-0.0719255491982765,True,False,0.9135254988913526,0.26496674057649666,0.9811529933481153,0.9645232815964523,0.9733924611973392,0.36366880805147894,0.4836767992364024,0.05555555555555558
500035,20005,1005,MoonScreen,MoonScreen TV,entertainment,rewarded_video,it,wanderlust,trending,Start now,Exclusive tonight,New hits every week,lime,adventurous,signup,celebrity,35-44,iOS,2026-02-02,assets/creative_500035.png,stable,0.7726718403547672,strong_candidate,Keep,87.0,0.9046563192904656,1.0,1.0,9.0,0.9529411764705882,42.0,0.74375,6.0,0.8837209302325582,0.6972222222222223,2.4511588694097983,0.6484805699662349,0.0063268945850421,0.102495870801982,20757.3,3444976,50879.44,,0,-0.7344924796137549,0.0042874133635781,True,False,0.8924611973392461,0.5665188470066519,0.8037694013303769,0.7305986696230599,0.8048780487804879,0.44321378638741615,0.2064935920613144,0.06419753086419755
500030,20005,1005,MoonScreen,MoonScreen TV,entertainment,rewarded_video,es,ugc,late-night,Watch now,Binge starts now,New hits every week,orange,trustworthy,signup,celebrity,35-44,iOS,2026-01-24,assets/creative_500030.png,fatigued,0.7725055432372505,strong_but_fatigued,Refresh,88.0,0.9035476718403548,2.0,0.8333333333333334,10.0,0.9470588235294117,43.0,0.7375,7.0,0.8604651162790697,0.6953703703703704,2.40967365807916,0.6611800527677504,0.0063010294847838,0.1049320677461381,25583.29,4263589,61647.38,14.0,1,-0.7974856777654513,-0.0851309969865705,True,False,0.8874722838137472,0.5554323725055432,0.8126385809312638,0.7605321507760532,0.8015521064301552,0.4017285750567776,0.21919307486282985,0.06234567901234567
500977,20162,1018,StormByte,StormByte Arena,gaming,playable,en,gameplay,discover,Learn more,Beat your rivals,Free rewards for new players,orange,trustworthy,install,gameplay,18-24,iOS,2026-01-19,assets/creative_500977.png,stable,0.7711751662971177,strong_candidate,Keep,89.0,0.9024390243902439,1.0,1.0,24.0,0.8486842105263158,14.0,0.6578947368421053,12.0,0.6764705882352942,0.721604938271605,1.537745921163754,2.663568304633294,0.0113684941621717,0.234293853401994,39442.01,4014164,60651.79,,0,-0.717258041431333,-0.0679427274628544,True,False,0.926829268292683,0.2039911308203991,1.0,0.9944567627494457,1.0,0.5270307466035629,1.309587639201308,0.014351851851851949
501072,20178,1034,PlateSprint,PlateSprint Go,food_delivery,native,en,combo,free delivery,Shop now,Dinner in minutes,Free delivery over $15,lime,premium,order,food-closeup,35-44,iOS,2026-01-08,assets/creative_501072.png,fatigued,0.7705654101995566,strong_but_fatigued,Refresh,90.0,0.9013303769401331,1.0,1.0,6.0,0.9685534591194969,17.0,0.937007874015748,4.0,0.9411764705882353,0.6888888888888888,2.3406746357050423,0.6840676541586814,0.0062664301936083,0.1091638513513513,19944.69,3778866,46684.03,10.0,1,-0.8062003803017765,-0.0472835733499239,True,False,0.8813747228381374,0.5332594235033259,0.8237250554323725,0.802660753880266,0.7937915742793792,0.14432060547138548,0.2631892233115013,0.21280864197530858
501045,20174,1030,IronQuest,IronQuest Legends,gaming,rewarded_video,de,reward,free rewards,Order now,Join the arena,Free rewards for new players,blue,calm,install,gameplay,18-24,Android,2026-01-15,assets/creative_501045.png,stable,0.77039911308204,strong_candidate,Keep,91.0,0.9002217294900222,2.0,0.75,25.0,0.8421052631578947,44.0,0.73125,9.0,0.813953488372093,0.7188271604938272,1.5998227023840772,2.017060088838857,0.0096264587725491,0.20953292757984,21714.9,3038085,34739.99,,0,-0.7792512305200151,-0.0799565586463639,True,False,0.9185144124168514,0.23392461197339245,0.9922394678492239,0.9667405764966741,0.9878048780487805,-0.011820405421020252,0.6630794234068711,0.0570987654320988
500831,20138,1030,IronQuest,IronQuest Rush,gaming,interstitial,ja,reward,competition,Watch now,Join the arena,Play with friends tonight,blue,calm,install,reward,18-24,Android,2026-01-25,assets/creative_500831.png,fatigued,0.7698447893569845,not_top,Review,92.0,0.8991130820399114,5.0,0.2,26.0,0.8355263157894737,17.0,0.9436619718309859,4.0,0.9491525423728814,0.704320987654321,1.9652318444899064,1.1362889823765714,0.0071192032838021,0.1596090091937523,13500.86,4109870,26532.32,13.0,1,-0.8865765964020116,-0.0002945629165839,True,False,0.9024390243902439,0.4090909090909091,0.8891352549889135,0.8381374722838137,0.8991130820399114,-0.284842039187825,-0.21769168305541453,0.14074074074074083
500705,20117,1009,DriftPass,DriftPass Getaway,travel,rewarded_video,en,competitive,challenge,Watch now,Fly smarter,Flexible booking options,orange,excited,booking,discount,18-24,Both,2026-01-19,assets/creative_500705.png,fatigued,0.7692350332594236,not_top,Review,93.0,0.8980044345898004,1.0,1.0,30.0,0.8,45.0,0.725,22.0,0.5434782608695652,0.7188271604938272,7.77559437967335,0.3982190655558104,0.0064261444090506,0.0619685833693615,23929.57,3239423,186066.63,15.0,1,-0.8556094395452953,-0.2173792414615876,True,False,0.9185144124168514,0.9323725055432373,0.5254988913525499,0.22727272727272727,0.8181818181818182,0.34792858438486896,0.06600814734938881,-0.033950617283950546
500491,20081,1009,DriftPass,DriftPass Travel,travel,rewarded_video,en,destination,late-night,Watch now,Book your next trip,Hotels + flights in one tap,blue,urgent,booking,discount,18-24,Both,2026-01-19,assets/creative_500491.png,fatigued,0.7676829268292682,not_top,Review,94.0,0.8968957871396895,3.0,0.6666666666666666,31.0,0.7931034482758621,46.0,0.71875,23.0,0.5217391304347826,0.7231481481481481,6.113803075686949,0.4391231095435189,0.0067353206453549,0.0651970607882431,33852.6,3333917,206968.13,12.0,1,-0.8277446085781275,-0.0738546603475513,True,False,0.9301552106430155,0.8159645232815964,0.6075388026607539,0.27161862527716185,0.8592017738359202,-0.0645765042037052,0.10691219133709734,-0.029629629629629672
501027,20171,1027,WayPoint,WayPoint Escapes,travel,interstitial,en,family,book now,Watch now,Last-minute savings,Flexible booking options,orange,calm,booking,destination,35-44,iOS,2026-01-31,assets/creative_501027.png,stable,0.7672394678492239,not_top,Review,95.0,0.8957871396895787,3.0,0.6666666666666666,32.0,0.7862068965517242,18.0,0.9401408450704225,7.0,0.8846153846153846,0.742283950617284,6.988726749407095,0.4075765693461325,0.007329631307278,0.0556066945606694,26981.57,3260737,188566.82,,0,-0.6941553612737796,0.0252384692322666,True,False,0.9467849223946785,0.8747228381374723,0.5487804878048781,0.14412416851441243,0.9135254988913526,-0.13195499148362533,0.07536565113971094,0.16481481481481486
500680,20113,1005,MoonScreen,MoonScreen Play,entertainment,rewarded_video,es,ugc,book now,Book now,Binge starts now,Start free today,blue,premium,install,celebrity,18-24,Android,2026-01-21,assets/creative_500680.png,fatigued,0.7662416851441243,not_top,Review,96.0,0.8946784922394678,1.0,1.0,11.0,0.9411764705882353,47.0,0.7125,8.0,0.8372093023255814,0.6987654320987655,2.664890201507248,0.5869854143613147,0.0062635771733129,0.0937140867142608,23173.36,4584441,61754.46,11.0,1,-0.8148505014915308,-0.0903672989554799,True,False,0.8946784922394678,0.6097560975609756,0.7849223946784922,0.5931263858093127,0.7926829268292683,0.03358211179960513,0.14499843645639415,0.06574074074074077
500574,20095,1023,NeonCast,NeonCast Stream,entertainment,interstitial,en,wanderlust,exclusive,Get offer,Binge starts now,Cancel anytime,purple,trustworthy,signup,celebrity,45-54,iOS,2026-01-19,assets/creative_500574.png,stable,0.766019955654102,not_top,Review,97.0,0.893569844789357,1.0,1.0,12.0,0.9352941176470588,19.0,0.9366197183098591,2.0,0.9848484848484849,0.7191358024691358,2.7006019873664617,0.5826407241453856,0.0066903321513249,0.0870869653354956,17447.21,3686663,47117.97,,0,-0.7257857277281792,-0.1286518262215831,True,False,0.9212860310421286,0.6119733924611973,0.779379157427938,0.458980044345898,0.8547671840354767,0.39281390867453814,0.14065374624046506,0.25277777777777777
500290,20048,1012,VoxelRealm,VoxelRealm Legends,gaming,rewarded_video,fr,fantasy,free rewards,Shop now,Beat your rivals,Free rewards for new players,lime,calm,install,competitive,35-44,Android,2026-02-04,assets/creative_500290.png,fatigued,0.7655764966740577,not_top,Review,98.0,0.8924611973392461,2.0,0.8333333333333334,27.0,0.8289473684210527,48.0,0.70625,10.0,0.7906976744186046,0.7166666666666667,1.6264505595431014,1.816568655820505,0.0092430724786022,0.1965329883570504,26207.99,4181510,42626.0,13.0,1,-0.7932178922952559,-0.0440197790947746,True,False,0.9124168514412417,0.24833702882483372,0.9800443458980045,0.9334811529933481,0.983370288248337,0.32744050513389267,0.46258799038851905,0.05493827160493825
500183,20030,1030,IronQuest,IronQuest Saga,gaming,interstitial,es,gameplay,competition,Learn more,Join the arena,Play with friends tonight,lime,adventurous,install,competitive,35-44,Both,2026-01-31,assets/creative_500183.png,fatigued,0.7646895787139689,not_top,Review,99.0,0.8913525498891353,4.0,0.5,28.0,0.8223684210526315,20.0,0.9330985915492958,5.0,0.9322033898305084,0.6950617283950616,1.9630406126159268,1.1575031286518345,0.0068050202349895,0.1700954719723356,19245.99,5864347,37780.66,11.0,1,-0.8912190766970777,-0.0446265982699579,True,False,0.885809312638581,0.4079822616407982,0.8957871396895787,0.8569844789356984,0.8702882483370288,-0.15736486840254793,-0.19647753678015145,0.13148148148148142
500411,20068,1032,SwiftStack,SwiftStack Invest,fintech,native,es,minimalist,cashback,Shop now,Track every euro,No hidden fees,white,trustworthy,signup,feature-focus,18-24,Both,2026-01-24,assets/creative_500411.png,stable,0.764079822616408,not_top,Review,100.0,0.8902439024390244,1.0,1.0,20.0,0.8652482269503546,18.0,0.9330708661417323,9.0,0.8431372549019608,0.6194444444444445,7.831340591919308,0.463708186665404,0.0044661069668422,0.1038282759701258,24631.06,4287179,192894.22,,0,-0.7185239704643497,-0.0680709619082793,True,False,0.7688470066518847,0.9368070953436807,0.6419068736141907,0.746119733924612,0.3869179600886918,1.867503689089978,0.08096731960707448,0.10185185185185197
500683,20113,1005,MoonScreen,MoonScreen Play,entertainment,rewarded_video,es,drama,exclusive,Shop now,A new season drops,New hits every week,orange,excited,install,celebrity,18-24,Android,2026-01-16,assets/creative_500683.png,fatigued,0.7626940133037695,not_top,Review,101.0,0.8891352549889135,2.0,0.8333333333333334,13.0,0.9294117647058824,49.0,0.7,9.0,0.813953488372093,0.6768518518518519,2.651514442207762,0.5939627640318674,0.0058776168551347,0.1010550327915597,30119.01,5966704,79860.99,10.0,1,-0.826225550280896,-0.0674412510364034,True,False,0.864190687361419,0.606430155210643,0.7882483370288248,0.7139689578713969,0.7272727272727273,0.020206352500119262,0.1519757861269469,0.04382716049382718
500964,20160,1016,FreshDash,FreshDash Eats,food_delivery,interstitial,it,urgency,new collection,Order now,"Fast food, fast",Fresh favorites nearby,red,excited,order,combo,45-54,iOS,2026-02-04,assets/creative_500964.png,fatigued,0.7625831485587584,not_top,Review,102.0,0.8880266075388027,1.0,1.0,7.0,0.9622641509433962,21.0,0.9295774647887324,2.0,0.9767441860465116,0.7191358024691358,2.9957311210577204,0.5488737308298453,0.0066520835526649,0.0825115509275222,14727.52,4359837,44119.69,12.0,1,-0.8509510745459724,0.000423374145952,True,False,0.9212860310421286,0.6485587583148559,0.746119733924612,0.401330376940133,0.8514412416851441,0.22950123502161013,0.12799529998266512,0.23888888888888887
500998,20166,1022,CraveLoop,CraveLoop Go,food_delivery,native,en,discount,free delivery,Order now,"Your cravings, delivered",Free delivery over $15,yellow,calm,order,combo,45-54,iOS,2026-01-29,assets/creative_500998.png,fatigued,0.7608647450110866,not_top,Review,103.0,0.8869179600886918,2.0,0.6666666666666666,8.0,0.9559748427672956,19.0,0.9291338582677166,5.0,0.9215686274509803,0.678395061728395,2.389741316104451,0.6492363507589485,0.0061074180606793,0.1063029162746942,19149.24,3829114,45761.73,12.0,1,-0.8333580624785766,-0.1108472414627174,True,False,0.8664079822616408,0.5487804878048781,0.8048780487804879,0.7782705099778271,0.7660753880266076,0.18822765204390635,0.22835791991176835,0.20231481481481484
500128,20021,1021,RouteBloom,RouteBloom Getaway,travel,rewarded_video,en,destination,book now,Get offer,Escape this weekend,Special fares today,white,excited,booking,discount,35-44,iOS,2026-01-20,assets/creative_500128.png,fatigued,0.7605875831485589,not_top,Review,104.0,0.885809312638581,3.0,0.6666666666666666,33.0,0.7793103448275862,50.0,0.69375,24.0,0.5,0.7175925925925926,6.647550559046208,0.4245210418616856,0.006612561785789,0.0641991796241533,44101.9,4755948,293169.61,10.0,1,-0.8239587268955324,0.338438748087982,True,False,0.9146341463414634,0.8470066518847007,0.5742793791574279,0.25942350332594233,0.843680709534368,0.04305638475368401,0.09231012365526403,-0.03518518518518521
500851,20141,1033,NomadLayer,NomadLayer Travel,travel,interstitial,en,wanderlust,last-minute deal,Order now,Escape this weekend,Flexible booking options,purple,premium,booking,destination,45-54,iOS,2026-01-09,assets/creative_500851.png,stable,0.757538802660754,not_top,Review,105.0,0.88470066518847,3.0,0.5,34.0,0.7724137931034483,22.0,0.926056338028169,8.0,0.8653846153846154,0.7475308641975308,6.338722349546478,0.4203865493673304,0.0079534204104318,0.0528560704292636,34060.02,3684704,215897.01,,0,-0.7057727868638781,-0.0424520691228343,True,False,0.950110864745011,0.8325942350332595,0.565410199556541,0.08980044345898004,0.9456762749445676,-1.087911243677116,0.08817563116090882,0.17006172839506162
500383,20063,1027,WayPoint,WayPoint Travel,travel,rewarded_video,en,family,escape,Get offer,Book your next trip,Flexible booking options,blue,trustworthy,booking,family,35-44,Android,2026-01-29,assets/creative_500383.png,fatigued,0.7569290465631929,not_top,Review,106.0,0.8835920177383592,1.0,1.0,35.0,0.7655172413793103,51.0,0.6875,25.0,0.4782608695652174,0.6975308641975309,7.005295251409241,0.417209297354031,0.0061297010609184,0.0680635634931795,50129.82,5800446,351174.19,14.0,1,-0.8600136828046797,-0.2344170514308288,True,False,0.893569844789357,0.876940133037694,0.5620842572062085,0.2926829268292683,0.7716186252771619,1.85677375775491,0.08499837914760944,-0.055246913580246915
500897,20149,1005,MoonScreen,MoonScreen Box,entertainment,native,es,trailer,free shipping,Order now,Watch what’s trending,Start free today,purple,trustworthy,signup,trailer,35-44,Both,2026-01-22,assets/creative_500897.png,stable,0.7565410199556543,not_top,Review,107.0,0.8824833702882483,1.0,1.0,14.0,0.9235294117647059,20.0,0.9251968503937008,3.0,0.9607843137254902,0.6731481481481482,3.2472785189972764,0.5466027098851557,0.005718884157853,0.0955785595227651,15162.7,3986442,49237.51,,0,-0.7293618428896553,-0.0028795248979271,True,False,0.856430155210643,0.6685144124168514,0.7450110864745011,0.6286031042128604,0.6995565410199557,0.3606607163969118,0.10461573198023516,0.2679012345679014
500036,20006,1006,NeonArena,NeonArena Quest,gaming,rewarded_video,it,competitive,free rewards,Claim reward,Level up today,No ads in first week,blue,excited,install,reward,25-34,iOS,2026-01-14,assets/creative_500036.png,fatigued,0.7564855875831485,not_top,Review,108.0,0.8813747228381374,2.0,0.8333333333333334,29.0,0.8157894736842105,52.0,0.68125,11.0,0.7674418604651163,0.6990740740740741,1.6792476112788166,1.5126149051361992,0.0079682430994118,0.1898304163496032,23096.04,4617831,38783.97,11.0,1,-0.8332122842724801,-0.1224603013783933,True,False,0.8957871396895787,0.270509977827051,0.9567627494456763,0.917960088691796,0.9478935698447893,-0.009102849121013001,0.1586342397042133,0.037345679012345645
500054,20009,1009,DriftPass,DriftPass Travel,travel,rewarded_video,en,feature-focus,last-minute deal,Learn more,Last-minute savings,Hotels + flights in one tap,teal,trustworthy,booking,discount,18-24,Android,2026-01-15,assets/creative_500054.png,fatigued,0.7536585365853659,not_top,Review,109.0,0.8802660753880266,3.0,0.6666666666666666,36.0,0.7586206896551724,53.0,0.675,26.0,0.45652173913043476,0.7222222222222222,7.150438808452111,0.3916880210523893,0.0070509455365662,0.0555511341026661,27686.34,3564061,197969.48,14.0,1,-0.8030628164260534,0.0212264150943397,True,False,0.9290465631929047,0.8869179600886918,0.508869179600887,0.1419068736141907,0.8869179600886918,-0.05996661657633329,0.059477102845967744,-0.030555555555555558
500048,20008,1008,CoinBridge,CoinBridge Invest,fintech,native,de,feature-focus,cashback,Shop now,Secure & simple,Built for peace of mind,blue,trustworthy,signup,trust,45-54,Both,2026-01-30,assets/creative_500048.png,stable,0.7532705099778271,not_top,Review,110.0,0.8791574279379157,1.0,1.0,21.0,0.8581560283687943,21.0,0.9212598425196851,10.0,0.8235294117647058,0.6052469135802468,7.980125027952726,0.4542711823952788,0.0043543009892872,0.1043270053018642,29961.3,5371241,239094.92,,0,-0.7526704591513502,-0.139194741781229,True,False,0.7450110864745011,0.9467849223946785,0.6286031042128604,0.7516629711751663,0.35365853658536583,2.4685593288816134,0.07153031533694931,0.08765432098765435
500855,20142,1034,PlateSprint,PlateSprint Go,food_delivery,interstitial,fr,competitive,late-night,Watch now,Hungry? We got you,Fresh favorites nearby,black,calm,order,combo,45-54,Android,2026-01-28,assets/creative_500855.png,fatigued,0.7529933481152993,not_top,Review,111.0,0.8780487804878049,1.0,1.0,9.0,0.949685534591195,23.0,0.9225352112676056,3.0,0.9534883720930233,0.7077160493827162,3.110374414976599,0.5276214717641818,0.0064917836478844,0.0812752704622445,16871.12,5638512,52475.5,12.0,1,-0.873965591652571,0.024221898633097,True,False,0.9090909090909091,0.6618625277161863,0.7250554323725056,0.3736141906873614,0.8303769401330376,0.6603288862860843,0.10674304091700171,0.22746913580246925
500040,20006,1006,NeonArena,NeonArena Quest,gaming,rewarded_video,pt,reward,power-up,Book now,Unlock rare gear,Free rewards for new players,blue,calm,install,reward,25-34,iOS,2026-01-14,assets/creative_500040.png,fatigued,0.7526053215077605,not_top,Review,112.0,0.876940133037694,3.0,0.6666666666666666,30.0,0.8092105263157895,54.0,0.66875,12.0,0.7441860465116279,0.6895061728395063,1.6974533095208426,1.4572949953027712,0.0074134204714711,0.1965752517223105,20224.68,4072614,34330.45,11.0,1,-0.8659295506476411,-0.028212634169106,True,False,0.8824833702882483,0.2838137472283814,0.9456762749445676,0.934589800443459,0.9212860310421286,0.009102849121013001,0.10331432987078526,0.0277777777777779
500070,20011,1011,FluxStream,FluxStream Play,entertainment,rewarded_video,fr,product-focus,security,Install now,Binge starts now,Start free today,purple,trustworthy,signup,trailer,45-54,Both,2026-01-20,assets/creative_500070.png,fatigued,0.7524390243902439,not_top,Review,113.0,0.8758314855875832,1.0,1.0,15.0,0.9176470588235294,55.0,0.6625,10.0,0.7906976744186046,0.6811728395061728,2.203755520198999,0.6718273796663617,0.0064001728409817,0.1049701932054873,29974.01,4350820,66055.39,16.0,1,-0.7974974029124502,-0.1732584414107503,True,False,0.8719512195121951,0.49223946784922396,0.8181818181818182,0.761640798226164,0.8159645232815964,0.5143237246797328,0.22984040176144122,0.04814814814814805
500774,20129,1021,RouteBloom,RouteBloom Travel,travel,rewarded_video,it,celebrity,escape,Get offer,Last-minute savings,Special fares today,lime,calm,booking,destination,35-44,Both,2026-01-14,assets/creative_500774.png,fatigued,0.7515521064301552,not_top,Review,114.0,0.8747228381374723,2.0,0.8333333333333334,37.0,0.7517241379310344,56.0,0.65625,27.0,0.43478260869565216,0.7237654320987654,8.940665617343049,0.3576020690747502,0.0069825042244921,0.0512140139952096,33894.85,6098958,303042.52,10.0,1,-0.8607721705553789,0.0917784256559766,True,False,0.9318181818181818,0.9656319290465631,0.43458980044345896,0.06319290465631928,0.8835920177383592,-0.07218377576467105,0.025391150868328605,-0.02901234567901234
500701,20116,1008,CoinBridge,CoinBridge Cash,fintech,native,ja,testimonial,save smarter,Install now,Secure & simple,"Fast signup, instant card",black,playful,signup,feature-focus,18-24,Android,2026-01-27,assets/creative_500701.png,stable,0.7509977827050999,not_top,Review,115.0,0.8736141906873615,1.0,1.0,22.0,0.851063829787234,22.0,0.9173228346456693,11.0,0.803921568627451,0.6095679012345679,6.341283172683749,0.510784022021585,0.0044926348340864,0.1136936432371884,25592.97,3179426,162292.27000000002,,0,-0.7060309950899439,-0.2623467233850566,True,False,0.7516629711751663,0.8337028824833703,0.7028824833702882,0.8170731707317073,0.3924611973392461,0.6708920506782938,0.12804315496325552,0.09197530864197545
500401,20066,1030,IronQuest,IronQuest Battle,gaming,playable,en,ugc,power-up,Watch now,Beat your rivals,No ads in first week,purple,excited,install,competitive,35-44,Both,2026-01-06,assets/creative_500401.png,fatigued,0.7507206208425721,not_top,Review,116.0,0.8725055432372506,1.0,1.0,31.0,0.8026315789473685,15.0,0.631578947368421,13.0,0.6470588235294118,0.7024691358024691,1.457210074805561,2.17952565580396,0.0098517106425737,0.2212332187656061,29358.78,3455339,42781.91,14.0,1,-0.8401173047764847,-0.1676149461863747,True,False,0.8991130820399114,0.17516629711751663,0.9955654101995566,0.9855875831485588,0.9922394678492239,-0.03621149465683682,0.825544990371974,-0.004783950617283983
500400,20066,1030,IronQuest,IronQuest Battle,gaming,interstitial,en,reward,free rewards,Order now,Join the arena,Free rewards for new players,orange,adventurous,install,competitive,35-44,Both,2026-01-17,assets/creative_500400.png,fatigued,0.7483370288248338,not_top,Review,117.0,0.8713968957871396,2.0,0.75,32.0,0.7960526315789473,24.0,0.9190140845070423,6.0,0.9152542372881356,0.7015432098765432,1.5589697612669446,1.7641539871643337,0.0091465027340829,0.192877435064935,20322.28,3232711,31681.82,15.0,1,-0.805943952526878,0.0651675485008818,True,False,0.897450110864745,0.21175166297117518,0.9733924611973392,0.926829268292683,0.9811529933481153,0.06554819180454685,0.4101733217323478,0.13796296296296295
500088,20014,1014,VaultRun,VaultRun Pay,fintech,native,de,ugc,save smarter,Shop now,Earn cashback daily,No hidden fees,black,premium,signup,feature-focus,25-34,Android,2026-02-02,assets/creative_500088.png,stable,0.7476718403547672,not_top,Review,118.0,0.8702882483370288,2.0,0.8,23.0,0.8439716312056738,23.0,0.9133858267716536,12.0,0.7843137254901961,0.5984567901234569,8.044623611234359,0.4503588380898624,0.004251126353981,0.1059387090830928,21298.59,3830279,171339.14,,0,-0.765251759003138,-0.1564052723592197,True,False,0.729490022172949,0.950110864745011,0.6241685144124168,0.7694013303769401,0.33148558758314856,0.6760205538322213,0.06761797103153289,0.08086419753086438
500610,20101,1029,BingeLayer,BingeLayer Plus,entertainment,rewarded_video,en,trust,exclusive,Get offer,Exclusive tonight,New hits every week,orange,urgent,signup,trailer,18-24,iOS,2026-01-26,assets/creative_500610.png,stable,0.7451219512195122,not_top,Review,119.0,0.8691796008869179,1.0,1.0,16.0,0.9117647058823529,57.0,0.65,11.0,0.7674418604651163,0.6839506172839506,1.961006144481949,0.7783295653313976,0.0070404609859907,0.1105509379116137,27706.16,3127210,54331.95,,0,-0.7092297859172121,-0.0396773625736445,True,False,0.8758314855875832,0.40687361419068735,0.8403547671840355,0.8070953436807096,0.885809312638581,0.1693137792564554,0.3363425874264771,0.05092592592592582
500459,20076,1004,SnapMeal,SnapMeal Go,food_delivery,native,fr,product-focus,free delivery,Try for free,Hungry? We got you,Fresh favorites nearby,purple,calm,order,combo,45-54,Android,2026-01-24,assets/creative_500459.png,fatigued,0.7433481152993349,not_top,Review,120.0,0.8680709534368071,1.0,1.0,10.0,0.9433962264150944,24.0,0.9094488188976378,6.0,0.9019607843137255,0.6506172839506172,2.8518712490345384,0.5608913483367276,0.0055275491106694,0.1014719791912981,22320.92,6120615,63656.39,12.0,1,-0.8343604240717588,-0.0816729246032833,True,False,0.8203991130820399,0.6319290465631929,0.761640798226164,0.7195121951219512,0.6585365853658537,0.8453376824081942,0.14001291748954747,0.17453703703703705
500596,20099,1027,WayPoint,WayPoint Travel,travel,rewarded_video,it,minimalist,2-for-1,Watch now,Escape this weekend,Special fares today,purple,playful,booking,wanderlust,45-54,Android,2026-01-21,assets/creative_500596.png,fatigued,0.742849223946785,not_top,Review,121.0,0.8669623059866962,4.0,0.4,38.0,0.7448275862068966,58.0,0.64375,28.0,0.41304347826086957,0.7030864197530864,7.16451149333651,0.3858551616170627,0.0065632877465032,0.0587899200096229,39197.93,5066668,280834.02,10.0,1,-0.8229556828405199,0.0885147643149746,True,False,0.9002217294900222,0.8902439024390244,0.4977827050997783,0.18625277161862527,0.8403547671840355,-0.9558006064911115,0.05364424341064111,-0.04969135802469138
500184,20030,1030,IronQuest,IronQuest Saga,gaming,interstitial,es,trust,competition,Get offer,Win epic rewards,No ads in first week,purple,calm,install,competitive,35-44,Both,2026-02-02,assets/creative_500184.png,fatigued,0.7414079822616408,not_top,Review,122.0,0.8658536585365854,5.0,0.3333333333333333,33.0,0.7894736842105263,25.0,0.9154929577464789,7.0,0.8983050847457628,0.6759259259259259,1.8718528115594173,1.1178591740794834,0.0067481719980201,0.1656536280354806,16648.59,5095454,31163.71,12.0,1,-0.8806570275872815,-0.0525002388567417,True,False,0.8614190687361419,0.3669623059866962,0.885809312638581,0.8481152993348116,0.8625277161862528,-0.2485526694590574,-0.2361214913525025,0.11234567901234571
500844,20140,1032,SwiftStack,SwiftStack Invest,fintech,native,en,minimalist,earn more,Get offer,Earn cashback daily,"Fast signup, instant card",blue,urgent,signup,trust,25-34,iOS,2026-01-12,assets/creative_500844.png,stable,0.7412416851441241,not_top,Review,123.0,0.8647450110864745,3.0,0.5,24.0,0.8368794326241135,25.0,0.905511811023622,13.0,0.7647058823529411,0.5929012345679013,6.7739739033485655,0.5041341259944673,0.0042061892127221,0.1198553133248606,34809.83,4863785,235800.88,,0,-0.7386510360834185,-0.0863372733279494,True,False,0.7217294900221729,0.8569844789356984,0.697339246119734,0.8270509977827051,0.32261640798226165,0.3448777407000776,0.12139325893613778,0.07530864197530884
500197,20032,1032,SwiftStack,SwiftStack Wallet,fintech,native,en,feature-focus,save smarter,Claim reward,Save with confidence,Built for peace of mind,purple,urgent,signup,testimonial,25-34,Both,2026-01-05,assets/creative_500197.png,stable,0.7369179600886918,not_top,Review,124.0,0.8636363636363636,1.0,1.0,25.0,0.8297872340425532,26.0,0.9015748031496063,14.0,0.7450980392156863,0.5845679012345678,7.408223797622045,0.4715432274873098,0.0040797101839341,0.1155825306768703,22797.74,3715460,168890.76,,0,-0.7647832028834977,-0.1033349021717205,True,False,0.7067627494456763,0.9101995565410199,0.6507760532150776,0.8203991130820399,0.2893569844789357,1.4162466641102407,0.08880236042898032,0.06697530864197532
500723,20120,1012,VoxelRealm,VoxelRealm Arena,gaming,rewarded_video,en,gameplay,power-up,Install now,Unlock rare gear,Play with friends tonight,purple,playful,install,gameplay,25-34,Android,2026-01-14,assets/creative_500723.png,fatigued,0.7359756097560977,not_top,Review,125.0,0.8625277161862528,2.0,0.8333333333333334,34.0,0.7828947368421053,59.0,0.6375,13.0,0.7209302325581395,0.6805555555555557,1.5128166521142343,1.745810548183102,0.0080651794337924,0.2164627039627039,27429.55,4255330,41495.88,13.0,1,-0.8941022891040711,-0.0744941183881076,True,False,0.8697339246119734,0.19401330376940132,0.9711751662971175,0.9767184035476718,0.9534368070953437,0.2745644375094196,0.3918298827511162,0.018827160493827266
500505,20084,1012,VoxelRealm,VoxelRealm Legends,gaming,playable,en,reward,free shipping,Claim reward,Level up today,No ads in first week,purple,urgent,install,competitive,45-54,Both,2026-01-17,assets/creative_500505.png,stable,0.73519955654102,not_top,Review,126.0,0.8614190687361419,1.0,1.0,35.0,0.7763157894736842,16.0,0.6052631578947368,14.0,0.6176470588235294,0.6932098765432099,1.4443653030972274,1.846119927403658,0.0094693334909397,0.1949577474666012,21620.95,3011722,31228.55,,0,-0.7644738130668771,-0.0840789720283604,True,False,0.88470066518847,0.17073170731707318,0.9822616407982262,0.9290465631929047,0.9855875831485588,0.0922358058256807,0.492139261971672,-0.014043209876543172
500392,20065,1029,BingeLayer,BingeLayer Now,entertainment,rewarded_video,es,urgency,watch now,Shop now,A new season drops,Start free today,black,calm,install,trailer,45-54,Android,2026-01-26,assets/creative_500392.png,fatigued,0.7348115299334813,not_top,Review,127.0,0.8603104212860311,2.0,0.8333333333333334,17.0,0.9058823529411765,60.0,0.63125,12.0,0.7441860465116279,0.6734567901234567,2.920374736897293,0.5293233038020457,0.0059685381371868,0.0886855862584018,22125.39,5384233,64614.43,12.0,1,-0.8416735386017407,-0.2159239664744777,True,False,0.8580931263858093,0.6419068736141907,0.7272727272727273,0.4844789356984479,0.7439024390243902,-0.04623908737719784,0.0873363258971252,0.04043209876543197
500738,20123,1015,HorizonHop,HorizonHop Flights,travel,rewarded_video,fr,fantasy,book now,Shop now,Last-minute savings,Flexible booking options,orange,trustworthy,booking,destination,35-44,iOS,2026-01-27,assets/creative_500738.png,fatigued,0.7338137472283814,not_top,Review,128.0,0.8592017738359202,3.0,0.6,39.0,0.7379310344827587,61.0,0.625,29.0,0.391304347826087,0.7043209876543209,6.175488567581257,0.4020018874342556,0.0068541508092011,0.058650866989183,24737.11,2684067,152763.74,12.0,1,-0.7977281288037438,-0.207994377954768,True,False,0.9013303769401331,0.8192904656319291,0.532150776053215,0.18403547671840353,0.8725055432372506,-0.9555845033952677,0.06979096922783401,-0.04845679012345683
500085,20014,1014,VaultRun,VaultRun Pay,fintech,native,en,feature-focus,exclusive,Order now,Secure & simple,No hidden fees,blue,premium,signup,feature-focus,25-34,Android,2026-02-04,assets/creative_500085.png,stable,0.7334811529933482,not_top,Review,129.0,0.8580931263858093,3.0,0.6,26.0,0.8226950354609929,27.0,0.8976377952755905,15.0,0.7254901960784313,0.587037037037037,7.583132408734466,0.4494123613953115,0.0042285870147603,0.1062795585916973,20248.06,3600257,153543.72,,0,-0.7476582472556823,0.1690891272758676,True,False,0.7111973392461197,0.9212860310421286,0.623059866962306,0.7771618625277162,0.3270509977827051,0.2145293513323283,0.066671494336982,0.06944444444444453
500255,20042,1006,NeonArena,NeonArena Arena,gaming,interstitial,es,fantasy,power-up,Get offer,Join the arena,No ads in first week,lime,excited,install,competitive,45-54,Both,2026-01-16,assets/creative_500255.png,fatigued,0.7334257206208427,not_top,Review,130.0,0.8569844789356984,3.0,0.6666666666666666,36.0,0.7697368421052632,26.0,0.9119718309859155,8.0,0.8813559322033898,0.6660493827160494,1.9030192431994128,1.041422540068231,0.0064679701012347,0.1610122687285494,24072.92,7838317,45811.23,10.0,1,-0.8690454973274042,-0.0851568809845991,True,False,0.843680709534368,0.38470066518847007,0.8725055432372506,0.8392461197339246,0.8270509977827051,0.05893422463894815,-0.3125581253637548,0.10246913580246919
500028,20004,1004,SnapMeal,SnapMeal Bites,food_delivery,banner,it,combo,exclusive,Install now,"Fast food, fast",Late-night deals available,orange,playful,order,discount,25-34,iOS,2026-01-28,assets/creative_500028.png,stable,0.7329268292682928,not_top,Review,131.0,0.8558758314855875,1.0,1.0,11.0,0.9371069182389937,1.0,1.0,1.0,1.0,0.683641975308642,2.4328943580654863,0.5698513193412172,0.0064166207844683,0.0888086328430945,15527.83,3581636,37777.57,,0,-0.7172539743206158,0.0177054628971644,True,False,0.8747228381374723,0.5598669623059866,0.7682926829268293,0.48558758314855877,0.8170731707317073,0.6624682198420355,0.14897288849403711,0.4456790123456791
500242,20040,1004,SnapMeal,SnapMeal Kitchen,food_delivery,rewarded_video,ja,reward,late-night,Start now,Dinner in minutes,Late-night deals available,orange,urgent,order,discount,35-44,Android,2026-01-19,assets/creative_500242.png,fatigued,0.7315410199556541,not_top,Review,132.0,0.8547671840354767,1.0,1.0,12.0,0.9308176100628931,62.0,0.61875,2.0,0.8888888888888888,0.6746913580246914,1.875738388341876,0.8025932013659034,0.0070912457745587,0.1131808467625483,37952.59,4882922,71189.13,11.0,1,-0.8920128027627704,-0.0468831035284439,True,False,0.8603104212860311,0.369179600886918,0.843680709534368,0.8159645232815964,0.8957871396895787,0.4546520130389715,0.38171477051872327,0.09104938271604945
500559,20093,1021,RouteBloom,RouteBloom Travel,travel,interstitial,es,testimonial,free shipping,Order now,Book your next trip,Special fares today,purple,urgent,booking,discount,18-24,Android,2026-01-26,assets/creative_500559.png,fatigued,0.7292128603104214,not_top,Review,133.0,0.8536585365853658,4.0,0.4,40.0,0.7310344827586207,27.0,0.9084507042253521,9.0,0.8461538461538461,0.696604938271605,10.699081978819434,0.3346065084880953,0.0064410447866374,0.0519491044655158,16949.5,3831366,181344.09,11.0,1,-0.8102072493152404,0.0782349960650716,True,False,0.8913525498891353,0.9955654101995566,0.376940133037694,0.07427937915742794,0.8192904656319291,0.03210604130453554,0.002395590281673743,0.1191358024691358
500390,20065,1029,BingeLayer,BingeLayer Now,entertainment,rewarded_video,es,destination,last-minute deal,Get offer,Stream the hype,Cancel anytime,red,excited,install,trailer,45-54,Android,2026-01-30,assets/creative_500390.png,fatigued,0.7290465631929047,not_top,Review,134.0,0.852549889135255,3.0,0.6666666666666666,18.0,0.9,63.0,0.6125,13.0,0.7209302325581395,0.6469135802469136,2.8718825597156736,0.5366988362818108,0.0055781132437237,0.0962151202085546,15418.9,3713442,44281.27,13.0,1,-0.8370959856687541,-0.1762135352227694,True,False,0.8159645232815964,0.6352549889135255,0.7317073170731707,0.6374722838137472,0.6751662971175166,-0.09473126455881742,0.09471185837689028,0.01388888888888884
500681,20113,1005,MoonScreen,MoonScreen Play,entertainment,interstitial,en,trailer,2-for-1,Get offer,Exclusive tonight,New hits every week,blue,calm,install,celebrity,18-24,Android,2026-01-26,assets/creative_500681.png,stable,0.7255543237250555,not_top,Review,135.0,0.8514412416851441,3.0,0.6666666666666666,19.0,0.8941176470588236,28.0,0.9049295774647887,3.0,0.9696969696969697,0.6694444444444444,2.8756080635961214,0.5217874062529173,0.0060199264263271,0.0866767082021087,19915.68,4852551,57269.69,,0,-0.7812805592944625,0.0820912504266697,True,False,0.8503325942350333,0.6374722838137472,0.7150776053215078,0.45454545454545453,0.7516629711751663,0.24429997388847857,0.07980042834799678,0.2030864197530864
500118,20019,1019,ZenDrop,ZenDrop Market,ecommerce,native,en,discount,new collection,Book now,Limited stock,Shop bestsellers now,black,adventurous,purchase,product-focus,45-54,Both,2026-01-20,assets/creative_500118.png,fatigued,0.7254434589800443,not_top,Review,136.0,0.8503325942350333,1.0,1.0,3.0,0.9851851851851852,28.0,0.8937007874015748,1.0,1.0,0.6901234567901234,3.033275687332677,0.4817941851672904,0.0066250112600624,0.0727235269880511,22684.43,3663390,68808.13,15.0,1,-0.7943636432651946,-0.0531569927501837,True,False,0.8835920177383592,0.655210643015521,0.6674057649667405,0.32483370288248337,0.844789356984479,0.8150709298506986,0.17770112441537345,0.2839506172839506
500388,20064,1028,QuickFork,QuickFork Express,food_delivery,native,en,combo,power-up,Shop now,Hungry? We got you,Free delivery over $15,orange,adventurous,order,combo,45-54,Both,2026-01-13,assets/creative_500388.png,stable,0.7250554323725056,not_top,Review,137.0,0.8492239467849224,1.0,1.0,13.0,0.9245283018867925,29.0,0.889763779527559,7.0,0.8823529411764706,0.6953703703703704,2.2653530765786227,0.5864312199954834,0.006951837709973,0.0843562874251497,18446.14,3843588,41787.02,,0,-0.7223523536086744,-0.0444711562243393,True,False,0.8874722838137472,0.5099778270509978,0.7838137472283814,0.417960088691796,0.8802660753880266,0.32921474427133846,0.1655527891483033,0.21929012345679022
501008,20168,1024,GlitchWave,GlitchWave Rush,gaming,interstitial,it,fantasy,challenge,Try for free,Unlock rare gear,No ads in first week,blue,excited,install,reward,18-24,Both,2026-01-25,assets/creative_501008.png,fatigued,0.7243348115299336,not_top,Review,138.0,0.8481152993348116,1.0,1.0,37.0,0.7631578947368421,29.0,0.9014084507042254,9.0,0.864406779661017,0.6580246913580247,1.8010294870636427,1.1370415907393354,0.0065391101736716,0.1738832288401254,16600.5,4683206,29897.99,12.0,1,-0.8670590006273187,-0.0762585815693844,True,False,0.8342572062084257,0.3348115299334812,0.8902439024390244,0.8702882483370288,0.8370288248337029,0.03240356124706145,-0.2169390746926505,0.09444444444444444
500237,20039,1003,CloudRoute,CloudRoute Trips,travel,interstitial,fr,food-closeup,last-minute deal,Shop now,Book your next trip,Hotels + flights in one tap,lime,trustworthy,booking,family,35-44,Android,2026-01-29,assets/creative_500237.png,stable,0.723281596452328,not_top,Review,139.0,0.8470066518847007,2.0,0.8333333333333334,41.0,0.7241379310344828,30.0,0.897887323943662,10.0,0.8269230769230769,0.7049382716049383,7.683603695178304,0.3463687013236518,0.0071084094010315,0.0487266112266112,20974.36,3247984,161158.67,,0,-0.7821810826125757,-0.0351526400625215,True,False,0.9041019955654102,0.9257206208425721,0.41019955654101997,0.03325942350332594,0.8968957871396895,1.0759115560283483,0.014157783117230205,0.1274691358024691
500509,20084,1012,VoxelRealm,VoxelRealm Legends,gaming,playable,fr,competitive,competition,Order now,Join the arena,Play with friends tonight,blue,excited,install,competitive,45-54,Both,2026-01-09,assets/creative_500509.png,fatigued,0.7230598669623061,not_top,Review,140.0,0.8458980044345898,2.0,0.8,38.0,0.756578947368421,17.0,0.5789473684210527,15.0,0.5882352941176471,0.678395061728395,1.392240552091573,1.7706412640501343,0.0087819482066544,0.2016228315612759,43665.22,6104568,60792.49,10.0,1,-0.8782255635044844,-0.0336972496325844,True,False,0.8664079822616408,0.15299334811529933,0.9745011086474501,0.9478935698447893,0.9711751662971175,0.040111054820026304,0.4166605986181484,-0.02885802469135801
500524,20087,1015,HorizonHop,HorizonHop Flights,travel,rewarded_video,de,discount,save smarter,Get offer,Dream destinations await,Flexible booking options,blue,calm,booking,destination,25-34,Android,2026-01-06,assets/creative_500524.png,fatigued,0.7220620842572063,not_top,Review,141.0,0.844789356984479,3.0,0.6666666666666666,42.0,0.7172413793103448,64.0,0.60625,30.0,0.3695652173913043,0.6820987654320988,6.024818750726801,0.4026352149806301,0.0064578405943094,0.062348274024513,49618.13,5230541,298940.24,10.0,1,-0.830555515911546,0.0365076675740496,True,False,0.8736141906873615,0.8037694013303769,0.5365853658536586,0.2328159645232816,0.8215077605321508,-0.3336916618106862,0.07042429677420853,-0.07067901234567897
500473,20078,1006,NeonArena,NeonArena Rush,gaming,interstitial,fr,competitive,exclusive,Claim reward,Level up today,Free rewards for new players,orange,urgent,install,competitive,35-44,Android,2026-01-26,assets/creative_500473.png,stable,0.7220066518847007,not_top,Review,142.0,0.843680709534368,2.0,0.8,39.0,0.75,31.0,0.8943661971830986,10.0,0.847457627118644,0.6731481481481482,1.5530328798949915,1.460548913930489,0.007857158149393,0.1858876818004883,18550.85,3596593,28810.08,,0,-0.7692636755516191,-0.1696483476116843,True,False,0.856430155210643,0.20842572062084258,0.9478935698447893,0.9068736141906873,0.9412416851441242,0.056110602815962585,0.1065682484985031,0.10956790123456794
500615,20102,1030,IronQuest,IronQuest Arena,gaming,playable,en,minimalist,challenge,Install now,Level up today,Play with friends tonight,orange,urgent,install,fantasy,25-34,Both,2026-01-21,assets/creative_500615.png,fatigued,0.7213414634146342,not_top,Review,143.0,0.8425720620842572,2.0,0.8333333333333334,40.0,0.743421052631579,18.0,0.5526315789473685,16.0,0.5588235294117647,0.6743827160493826,1.3410847271735749,1.8872749317925377,0.0085748283166763,0.2200947776554497,39461.72,4872634,52921.51,12.0,1,-0.8613514558851754,-0.0898113309754408,True,False,0.8592017738359202,0.1352549889135255,0.9855875831485588,0.983370288248337,0.967849223946785,0.07628152389335985,0.5332942663605518,-0.03287037037037044
500452,20075,1003,CloudRoute,CloudRoute Getaway,travel,interstitial,ja,testimonial,discover,Claim reward,Last-minute savings,Special fares today,orange,urgent,booking,destination,18-24,Android,2026-01-22,assets/creative_500452.png,stable,0.7209534368070953,not_top,Review,144.0,0.8414634146341463,2.0,0.8333333333333334,43.0,0.7103448275862069,32.0,0.8908450704225352,11.0,0.8076923076923077,0.7182098765432099,6.507610378550189,0.3756551846682548,0.0078714322895354,0.0477238666167103,22450.92,2712594,146101.84,,0,-0.7255439443804172,0.1014956241980886,True,False,0.9157427937915743,0.8403547671840355,0.47560975609756095,0.02328159645232816,0.9423503325942351,0.24305218590617184,0.04344426646183325,0.14074074074074072
500876,20146,1002,EarnPath,EarnPath Saver,fintech,rewarded_video,fr,feature-focus,cashback,Try for free,Secure & simple,Built for peace of mind,lime,calm,signup,testimonial,35-44,Android,2026-01-16,assets/creative_500876.png,stable,0.7205654101995567,not_top,Review,145.0,0.8403547671840355,1.0,1.0,27.0,0.8156028368794326,65.0,0.6,6.0,0.375,0.5864197530864198,6.031474468778035,0.4922642884799613,0.0044318328482797,0.1110746513535685,21524.43,2750555,129824.05,,0,-0.7786229553285219,-0.0876041124414367,True,False,0.7095343680709535,0.8048780487804879,0.6784922394678492,0.8104212860310421,0.37583148558758317,-0.7857009271873423,0.1095234214216318,-0.13549382716049374
500482,20080,1008,CoinBridge,CoinBridge Wallet,fintech,native,ja,trust,trending,Claim reward,Earn cashback daily,No hidden fees,green,premium,signup,testimonial,25-34,iOS,2026-01-20,assets/creative_500482.png,stable,0.7204545454545455,not_top,Review,146.0,0.8392461197339246,2.0,0.8333333333333334,28.0,0.8085106382978723,30.0,0.8858267716535433,16.0,0.7058823529411765,0.587037037037037,5.829378157282623,0.4979243171372265,0.0044554561915078,0.1117560796773799,29806.09,3673249,173750.97,,0,-0.734865301004821,-0.1021749742365895,True,False,0.7111973392461197,0.7904656319290465,0.6895787139689579,0.8126385809312638,0.3835920177383592,0.4589777546034757,0.11518345007889702,0.06944444444444453
500471,20078,1006,NeonArena,NeonArena Rush,gaming,playable,en,fantasy,power-up,Try for free,Unlock rare gear,Free rewards for new players,blue,adventurous,install,competitive,35-44,Android,2026-01-18,assets/creative_500471.png,fatigued,0.7182926829268294,not_top,Review,147.0,0.8381374722838137,3.0,0.6,41.0,0.7368421052631579,19.0,0.5263157894736842,17.0,0.5294117647058824,0.6654320987654321,1.4408116742630663,1.7415250681344188,0.0077328590442986,0.2252110193859567,28934.76,4182541,41689.54,10.0,1,-0.8849925930813374,-0.1814717091761947,True,False,0.8425720620842572,0.1674057649667406,0.967849223946785,0.9900221729490022,0.9368070953436807,-0.056110602815962585,0.38754440270243284,-0.04182098765432096
500594,20099,1027,WayPoint,WayPoint Travel,travel,native,it,family,escape,Try for free,Escape this weekend,Hotels + flights in one tap,white,premium,booking,wanderlust,45-54,Android,2026-02-01,assets/creative_500594.png,fatigued,0.717738359201774,not_top,Review,148.0,0.8370288248337029,5.0,0.2,44.0,0.7034482758620689,31.0,0.8818897637795275,3.0,0.9512195121951219,0.6589506172839507,9.79551852356194,0.3451299114807059,0.0057610336259013,0.0599076370478063,20635.61,4059341,202136.5,13.0,1,-0.8171186404487989,0.0346318642021481,True,False,0.835920177383592,0.9844789356984479,0.40687361419068735,0.20620842572062084,0.70509977827051,1.675206423734318,0.012918993274284307,0.10987654320987661
500614,20102,1030,IronQuest,IronQuest Arena,gaming,playable,de,competitive,challenge,Learn more,Join the arena,No ads in first week,purple,urgent,install,fantasy,25-34,Both,2026-01-25,assets/creative_500614.png,fatigued,0.7176274944567629,not_top,Review,149.0,0.835920177383592,3.0,0.6666666666666666,42.0,0.7302631578947368,20.0,0.5,18.0,0.5,0.6716049382716051,1.3309680726773665,1.8792307160260533,0.0085066510412112,0.2209131075110456,31112.85,3831355,41410.21,13.0,1,-0.8660232695904571,-0.1026227297662868,True,False,0.852549889135255,0.1319290465631929,0.9844789356984479,0.9844789356984479,0.9656319290465631,0.0661648693971515,0.5252500505940674,-0.035648148148147984
500862,20143,1035,StarVault,StarVault Play,entertainment,interstitial,es,trailer,cashback,Order now,Watch what’s trending,Start free today,black,premium,install,celebrity,45-54,Android,2026-01-10,assets/creative_500862.png,fatigued,0.7171286031042129,not_top,Review,150.0,0.8348115299334812,2.0,0.8,20.0,0.888235294117647,33.0,0.8873239436619719,4.0,0.9545454545454546,0.6574074074074074,2.7289658474780434,0.5239498547910403,0.0058960397945261,0.0888647080159593,20173.62,4676020,55053.12,11.0,1,-0.8161011300799794,-0.1528385744234801,True,False,0.8325942350332595,0.6186252771618626,0.7195121951219512,0.49002217294900224,0.7305986696230599,-0.16922197390137983,0.08196287688611975,0.19104938271604943
500326,20054,1018,StormByte,StormByte Saga,gaming,rewarded_video,en,competitive,free rewards,Shop now,Beat your rivals,Free rewards for new players,lime,premium,install,gameplay,18-24,iOS,2026-01-08,assets/creative_500326.png,fatigued,0.7154656319290467,not_top,Review,151.0,0.8337028824833703,1.0,1.0,43.0,0.7236842105263158,66.0,0.59375,14.0,0.6976744186046512,0.6688271604938271,1.3018728131440236,1.9558572367349225,0.0083113408146486,0.2353239122727042,40720.56,4750858,53012.99,15.0,1,-0.8842562526146884,-0.0650465289082888,True,False,0.8470066518847007,0.12527716186252771,0.9889135254988913,0.9955654101995566,0.9600886917960089,0.39797491432119037,0.6018765713029366,0.0070987654320986415
500573,20095,1023,NeonCast,NeonCast Stream,entertainment,rewarded_video,es,celebrity,trending,Start now,Watch what’s trending,Cancel anytime,blue,urgent,signup,celebrity,45-54,iOS,2026-01-08,assets/creative_500573.png,fatigued,0.7147450110864746,not_top,Review,152.0,0.8325942350332595,2.0,0.8333333333333334,21.0,0.8823529411764706,67.0,0.5875,14.0,0.6976744186046512,0.6570987654320987,2.2661262279057097,0.5795400258074977,0.0061678629853129,0.0939612353885797,24961.2,4341374,56565.23,11.0,1,-0.8260529300029492,-0.0321899881532908,True,False,0.8314855875831486,0.5121951219512195,0.7771618625277162,0.5986696230598669,0.7760532150776053,-0.04166185078621387,0.13755304790257722,0.024074074074073915
500919,20153,1009,DriftPass,DriftPass Trips,travel,rewarded_video,pt,feature-focus,power-up,Install now,Book your next trip,Special fares today,orange,trustworthy,booking,discount,25-34,iOS,2026-01-29,assets/creative_500919.png,fatigued,0.7144124168514412,not_top,Review,153.0,0.8314855875831486,1.0,1.0,45.0,0.696551724137931,68.0,0.58125,31.0,0.34782608695652173,0.6959876543209876,6.314995353557423,0.3775848292115968,0.0070623748950732,0.0534642857142857,33778.53,3964672,213311.26,14.0,1,-0.8197604644011658,-0.0884183747113164,True,False,0.8891352549889135,0.8303769401330376,0.48004434589800443,0.10532150776053215,0.8924611973392461,0.6290532588878346,0.04537391100517524,-0.05679012345679013
500393,20065,1029,BingeLayer,BingeLayer Now,entertainment,interstitial,es,minimalist,new season,Order now,Binge starts now,New hits every week,red,calm,install,trailer,45-54,Android,2026-02-07,assets/creative_500393.png,stable,0.7139135254988913,not_top,Review,154.0,0.8303769401330376,4.0,0.5,22.0,0.8764705882352941,34.0,0.8838028169014085,5.0,0.9393939393939394,0.6645061728395062,3.245990758358249,0.4879728205338254,0.0059745674056739,0.081675004632203,15194.27,4516645,49320.46,,0,-0.7648061004475912,-0.094266032008578,True,False,0.8414634146341463,0.6674057649667405,0.6751662971175166,0.38137472283813745,0.746119733924612,0.27937693408375797,0.04598584262890487,0.19814814814814818
500969,20161,1017,PulsePlay,PulsePlay Play,entertainment,rewarded_video,en,trailer,book now,Get offer,Stream the hype,Start free today,blue,calm,install,drama,18-24,Both,2026-01-21,assets/creative_500969.png,fatigued,0.7135254988913526,not_top,Review,155.0,0.8292682926829268,3.0,0.6666666666666666,23.0,0.8705882352941177,69.0,0.575,15.0,0.6744186046511628,0.637962962962963,2.0890929886636505,0.6605632191531887,0.0059251888207762,0.1114839103248436,38696.76,5533157,80841.13,10.0,1,-0.8244111473770737,-0.0051309435280836,True,False,0.7993348115299335,0.4534368070953437,0.811529933481153,0.811529933481153,0.7394678492239468,-0.05131738348870085,0.2185762412482682,0.004938271604938205
500435,20072,1000,PixelForge,PixelForge Rush,gaming,rewarded_video,pt,gameplay,power-up,Order now,Unlock rare gear,Free rewards for new players,purple,adventurous,install,reward,45-54,Android,2026-01-20,assets/creative_500435.png,fatigued,0.713248337028825,not_top,Review,156.0,0.8281596452328159,1.0,1.0,44.0,0.7171052631578947,70.0,0.56875,15.0,0.6744186046511628,0.6524691358024691,1.5379064684036612,1.500658312404724,0.0070192472063251,0.2137919164682596,27357.6,4966487,42073.43,11.0,1,-0.8920090727719678,-0.0661616564878549,True,False,0.8237250554323725,0.20509977827050999,0.9545454545454546,0.9733924611973392,0.88470066518847,0.2852968457023408,0.146677646972738,-0.0092592592592593
501062,20177,1033,NomadLayer,NomadLayer Getaway,travel,rewarded_video,it,discount,discover,Try for free,Escape this weekend,Hotels + flights in one tap,orange,calm,booking,wanderlust,18-24,Both,2026-02-02,assets/creative_501062.png,fatigued,0.7128603104212862,not_top,Review,157.0,0.8270509977827051,1.0,1.0,46.0,0.6896551724137931,71.0,0.5625,32.0,0.32608695652173914,0.687037037037037,7.465217156387822,0.348098702401881,0.0066921428211757,0.0520160300973255,24245.43,3654136,180997.4,12.0,1,-0.8337269116877302,-0.2969767132401864,True,False,0.8791574279379157,0.9135254988913526,0.4124168514412417,0.07538802660753881,0.8558758314855875,0.14296671045095,0.015887784195459442,-0.06574074074074077
500966,20161,1017,PulsePlay,PulsePlay Play,entertainment,rewarded_video,en,ugc,book now,Book now,A new season drops,New hits every week,purple,urgent,install,drama,18-24,Both,2026-01-30,assets/creative_500966.png,stable,0.7128603104212861,not_top,Review,158.0,0.8259423503325942,4.0,0.5,24.0,0.8647058823529412,72.0,0.55625,16.0,0.6511627906976745,0.6623456790123456,2.0251351861167004,0.6398923891607675,0.0065575355157294,0.09758123118447,20357.12,2937994,41225.92,,0,-0.7055710223471046,-0.0556664915046417,True,False,0.8403547671840355,0.43680709534368073,0.8004434589800443,0.655210643015521,0.8381374722838137,-0.1152751860356509,0.19790541125584699,0.029320987654320896
500385,20064,1028,QuickFork,QuickFork Express,food_delivery,interstitial,en,testimonial,fast,Book now,2-for-1 tonight,Fresh favorites nearby,orange,playful,order,combo,45-54,Both,2026-01-03,assets/creative_500385.png,fatigued,0.712749445676275,not_top,Review,159.0,0.8248337028824834,2.0,0.75,14.0,0.9182389937106918,35.0,0.8802816901408451,4.0,0.9302325581395349,0.6601851851851852,1.973012126892984,0.6597283030196892,0.0066117935503239,0.0997805357953685,24249.41,3997100,47844.38,11.0,1,-0.8457525453126811,-0.004115524982478,True,False,0.8370288248337029,0.41685144124168516,0.8104212860310421,0.6951219512195121,0.8425720620842572,0.03687379458569984,0.23884987217250908,0.1799382716049383
500570,20095,1023,NeonCast,NeonCast Stream,entertainment,native,en,reward,trending,Get offer,Exclusive tonight,Cancel anytime,blue,premium,signup,celebrity,45-54,iOS,2026-01-15,assets/creative_500570.png,stable,0.7119179600886918,not_top,Review,160.0,0.8237250554323725,3.0,0.6666666666666666,25.0,0.8588235294117647,32.0,0.8779527559055118,4.0,0.9411764705882353,0.654320987654321,2.963071012310832,0.5032416480800969,0.0058308397333927,0.0863068907893443,19953.16,5234066,59122.63,,0,-0.7366201784059502,-0.0115881063169068,True,False,0.8270509977827051,0.6463414634146342,0.6951219512195121,0.44567627494456763,0.7184035476718403,0.6552829336189085,0.06125467017517633,0.24907407407407423
501044,20174,1030,IronQuest,IronQuest Legends,gaming,rewarded_video,de,fantasy,power-up,Try for free,Win epic rewards,No ads in first week,lime,adventurous,install,gameplay,18-24,Android,2026-01-16,assets/creative_501044.png,fatigued,0.7116962305986696,not_top,Review,161.0,0.8226164079822617,3.0,0.5,45.0,0.7105263157894737,73.0,0.55,16.0,0.6511627906976745,0.6691358024691358,1.3513161756557694,1.7439411282537989,0.0084976592471402,0.2052260602048366,21567.41,3021891,29144.39,13.0,1,-0.8358678876667567,-0.0416327073734635,True,False,0.8486696230598669,0.1385809312638581,0.9700665188470067,0.9534368070953437,0.9645232815964523,-0.260326932149328,0.38996046282181296,0.007407407407407418
500954,20159,1015,HorizonHop,HorizonHop Escapes,travel,rewarded_video,en,discount,limited offer,Order now,Book your next trip,Flexible booking options,teal,excited,booking,wanderlust,45-54,Android,2026-01-17,assets/creative_500954.png,fatigued,0.710421286031042,not_top,Review,162.0,0.8215077605321508,2.0,0.8333333333333334,47.0,0.6827586206896552,74.0,0.54375,33.0,0.30434782608695654,0.6709876543209877,6.237842298456316,0.3916333697777836,0.0062914280890934,0.0622487238559877,30961.65,3518597,193133.89,13.0,1,-0.8224368294107989,-0.0648160580021481,True,False,0.8514412416851441,0.8215077605321508,0.5077605321507761,0.229490022172949,0.7993348115299335,0.5288924602035632,0.059422451571362056,-0.08179012345679004
500414,20069,1033,NomadLayer,NomadLayer Trips,travel,rewarded_video,en,gameplay,discover,Shop now,Fly smarter,Hotels + flights in one tap,purple,adventurous,booking,wanderlust,45-54,iOS,2026-01-10,assets/creative_500414.png,fatigued,0.7091463414634146,not_top,Review,163.0,0.8203991130820399,2.0,0.8,48.0,0.6758620689655173,75.0,0.5375,34.0,0.2826086956521739,0.6864197530864198,8.910075991125135,0.3290797330829222,0.0067014809398031,0.0491055239937144,26893.93,4938013,239626.96,11.0,1,-0.8413477731174366,-0.4496004486190943,True,False,0.8780487804878049,0.9623059866962306,0.35365853658536583,0.037694013303769404,0.8569844789356984,-0.8815470878692917,-0.003131185123499358,-0.06635802469135799
500652,20108,1000,PixelForge,PixelForge Battle,gaming,rewarded_video,en,reward,watch now,Shop now,Join the arena,No ads in first week,blue,trustworthy,install,gameplay,25-34,Both,2026-01-20,assets/creative_500652.png,fatigued,0.7087583148558759,not_top,Review,164.0,0.8192904656319291,1.0,1.0,46.0,0.7039473684210527,76.0,0.53125,17.0,0.627906976744186,0.6617283950617284,1.497320712478958,1.4284815748748692,0.0075993403489369,0.1879744174209396,31769.64,5946174,47569.34,10.0,1,-0.8580510412136293,-0.0551089092304662,True,False,0.8392461197339246,0.18736141906873613,0.9423503325942351,0.9101995565410199,0.934589800443459,0.41434949719556546,0.07450090944288323,0.0
500877,20146,1002,EarnPath,EarnPath Saver,fintech,interstitial,it,feature-focus,challenge,Learn more,Secure & simple,No hidden fees,blue,urgent,signup,testimonial,35-44,Android,2026-01-18,assets/creative_500877.png,stable,0.7075942350332595,not_top,Review,165.0,0.8181818181818182,2.0,0.8333333333333334,29.0,0.8014184397163121,36.0,0.8767605633802817,6.0,0.84375,0.5845679012345678,6.691537513897598,0.4464722185985592,0.0045051594961068,0.0991024222304192,23142.49,3610527,154858.84,,0,-0.7795089728797875,-0.1372445606414779,True,False,0.7067627494456763,0.8514412416851441,0.6186252771618626,0.6840354767184036,0.39800443458980045,-0.12563788206777993,0.06373135154022969,0.04567901234567884
500112,20018,1018,StormByte,StormByte Saga,gaming,playable,de,fantasy,power-up,Try for free,Win epic rewards,Play with friends tonight,lime,excited,install,fantasy,25-34,Android,2026-01-19,assets/creative_500112.png,fatigued,0.707538802660754,not_top,Review,166.0,0.8170731707317073,1.0,1.0,47.0,0.6973684210526315,21.0,0.47368421052631576,19.0,0.47058823529411764,0.650925925925926,1.4348041166125531,1.652897948675227,0.0072389393833539,0.2283342712436691,31717.34,4909559,45508.17,13.0,1,-0.8946835026187515,-0.1040497590052856,True,False,0.8226164079822617,0.16518847006651885,0.9623059866962306,0.9922394678492239,0.9101995565410199,0.26291144795013954,0.2989172832432412,-0.05632716049382702
500273,20045,1009,DriftPass,DriftPass Trips,travel,interstitial,en,urgency,free rewards,Shop now,Last-minute savings,Special fares today,lime,urgent,booking,family,18-24,Android,2026-01-21,assets/creative_500273.png,stable,0.7070953436807096,not_top,Review,167.0,0.8159645232815964,1.0,1.0,49.0,0.6689655172413793,37.0,0.8732394366197183,12.0,0.7884615384615384,0.6959876543209877,9.71647522754889,0.3117068773016933,0.0072095651017279,0.0432351844949683,16574.46,3721445,161045.33,,0,-0.7773205999679459,-0.1940446452563171,True,False,0.8902439024390244,0.9811529933481153,0.3004434589800443,0.0022172949002217295,0.9079822616407982,-1.0937179371561054,-0.020504040904728293,0.11851851851851858
500293,20048,1012,VoxelRealm,VoxelRealm Legends,gaming,rewarded_video,es,feature-focus,power-up,Start now,Join the arena,Free rewards for new players,blue,trustworthy,install,competitive,35-44,Android,2026-01-26,assets/creative_500293.png,fatigued,0.7052106430155212,not_top,Review,168.0,0.8148558758314856,3.0,0.6666666666666666,48.0,0.6907894736842105,77.0,0.525,18.0,0.6046511627906976,0.653395061728395,1.40889361706135,1.5817165004271128,0.0074416558492368,0.2125489988346223,31856.33,5073602,44882.18,11.0,1,-0.8792266112804491,-0.1041097849061295,True,False,0.8248337028824834,0.15964523281596452,0.9600886917960089,0.9722838137472284,0.9223946784922394,0.10988356265214128,0.22773583499512684,-0.008333333333333415
500609,20101,1029,BingeLayer,BingeLayer Plus,entertainment,rewarded_video,en,celebrity,exclusive,Get offer,Watch what’s trending,Cancel anytime,lime,calm,signup,trailer,18-24,iOS,2026-01-20,assets/creative_500609.png,stable,0.702660753880266,not_top,Review,169.0,0.8137472283813747,2.0,0.8333333333333334,26.0,0.8529411764705882,78.0,0.51875,17.0,0.627906976744186,0.6453703703703704,1.855357486375727,0.7256894049346879,0.0065338169172881,0.1110666879897649,33944.93,3828084,62979.98,,0,-0.778218238772733,-0.1243314158845494,True,False,0.8104212860310421,0.35698447893569846,0.8325942350332595,0.8093126385809313,0.835920177383592,0.06366512115023326,0.2837024270297674,0.012345679012345623
500611,20101,1029,BingeLayer,BingeLayer Plus,entertainment,rewarded_video,en,drama,exclusive,Try for free,A new season drops,New hits every week,purple,excited,signup,trailer,18-24,iOS,2026-01-16,assets/creative_500611.png,fatigued,0.702439024390244,not_top,Review,170.0,0.8126385809312638,3.0,0.6666666666666666,27.0,0.8470588235294118,79.0,0.5125,18.0,0.6046511627906976,0.6432098765432098,1.8638649479803,0.7225924185611854,0.0064654886959593,0.1117614541670731,42168.64,4756485,78596.65,13.0,1,-0.8428405507040928,-0.2079808464448408,True,False,0.8065410199556541,0.36363636363636365,0.8314855875831486,0.8137472283813747,0.8248337028824834,0.07217258275480631,0.28060544065626486,0.010185185185185075
500642,20107,1035,StarVault,StarVault Plus,entertainment,rewarded_video,fr,drama,watch now,Learn more,Watch what’s trending,Start free today,blue,excited,install,ugc,25-34,iOS,2026-01-13,assets/creative_500642.png,fatigued,0.7018292682926829,not_top,Review,171.0,0.811529933481153,1.0,1.0,28.0,0.8411764705882353,80.0,0.50625,19.0,0.5813953488372093,0.641358024691358,2.0628805087073925,0.6189817637932422,0.0061472374297062,0.1006926722566532,29848.2,4462167,61573.27,12.0,1,-0.8550673987412649,-0.2139412919023113,True,False,0.8032150776053215,0.4467849223946785,0.7960088691796009,0.7095343680709535,0.7738359201773836,-0.08399009543751035,0.17699478588832168,0.008333333333333304
500668,20111,1003,CloudRoute,CloudRoute Travel,travel,rewarded_video,en,wanderlust,limited offer,Order now,Escape this weekend,Hotels + flights in one tap,orange,adventurous,booking,destination,25-34,Android,2026-01-18,assets/creative_500668.png,fatigued,0.7011640798226163,not_top,Review,172.0,0.8104212860310421,1.0,1.0,50.0,0.6620689655172414,81.0,0.5,35.0,0.2608695652173913,0.6672839506172838,8.017528232323912,0.3352644007513254,0.0062879775435323,0.0533183203073254,28997.79,4802180,232490.6,13.0,1,-0.8702821108792188,-0.0414195728990629,True,False,0.8453436807095344,0.9478935698447893,0.37915742793791574,0.10310421286031042,0.7982261640798226,0.09256880993169858,0.0030534825449038405,-0.08549382716049392
500667,20111,1003,CloudRoute,CloudRoute Travel,travel,rewarded_video,en,minimalist,late-night,Start now,Last-minute savings,Hotels + flights in one tap,white,trustworthy,booking,destination,25-34,Android,2026-01-08,assets/creative_500667.png,fatigued,0.6995011086474501,not_top,Review,173.0,0.8093126385809313,2.0,0.8333333333333334,51.0,0.6551724137931034,82.0,0.49375,36.0,0.2391304347826087,0.6768518518518518,7.832390612460514,0.3319924399922229,0.0066422899207267,0.049981624402793,41930.05,6964014,328412.53,10.0,1,-0.8670064912993862,-0.3766442657265617,True,False,0.8625277161862528,0.9379157427937915,0.3625277161862528,0.04988913525498891,0.8503325942350333,-0.09256880993169947,-0.00021847821419868074,-0.07592592592592595
500707,20117,1009,DriftPass,DriftPass Getaway,travel,rewarded_video,fr,wanderlust,discover,Shop now,Fly smarter,Hotels + flights in one tap,blue,playful,booking,discount,18-24,Both,2026-01-11,assets/creative_500707.png,fatigued,0.6993348115299335,not_top,Review,174.0,0.8082039911308204,2.0,0.8333333333333334,52.0,0.6482758620689655,83.0,0.4875,37.0,0.21739130434782608,0.6691358024691358,6.916159621635397,0.3595891872292557,0.0064696068714518,0.0555813041463153,32214.43,4335503,222800.14,15.0,1,-0.850804108370325,-0.0169456384098163,True,False,0.8486696230598669,0.8680709534368071,0.4356984478935698,0.14301552106430154,0.8281596452328159,-0.5115061736530846,0.027378269022834134,-0.08364197530864192
500472,20078,1006,NeonArena,NeonArena Rush,gaming,rewarded_video,fr,fantasy,power-up,Claim reward,Level up today,Play with friends tonight,lime,excited,install,competitive,35-44,Android,2026-01-22,assets/creative_500472.png,fatigued,0.6977272727272728,not_top,Review,175.0,0.8070953436807096,4.0,0.4,49.0,0.6842105263157895,84.0,0.48125,19.0,0.5813953488372093,0.6567901234567901,1.3803580640758415,1.479409096316383,0.0079095786077616,0.1870401913528793,21613.45,3488555,29834.3,11.0,1,-0.8484420929534169,-0.098979111612012,True,False,0.8303769401330376,0.14966740576496673,0.950110864745011,0.9090909090909091,0.9445676274944568,-0.11656421300318742,0.12542843088439715,-0.004938271604938316
500312,20052,1016,FreshDash,FreshDash Eats,food_delivery,interstitial,fr,discount,watch now,Book now,Hungry? We got you,Free delivery over $15,purple,playful,order,urgency,45-54,Both,2026-01-25,assets/creative_500312.png,fatigued,0.6972283813747228,not_top,Review,176.0,0.8059866962305987,1.0,1.0,15.0,0.9119496855345912,38.0,0.8697183098591549,5.0,0.9069767441860465,0.645679012345679,2.1578676957609653,0.5776982740587072,0.0061858848001942,0.0933897563111046,21740.8,4431379,46913.77,12.0,1,-0.8521150487323912,-0.0900460688631252,True,False,0.8137472283813747,0.47560975609756095,0.7749445676274944,0.5875831485587583,0.7815964523281597,0.3753133197824212,0.1568198432115271,0.16543209876543213
500903,20150,1006,NeonArena,NeonArena Saga,gaming,playable,ja,fantasy,power-up,Start now,Unlock rare gear,Free rewards for new players,purple,adventurous,install,fantasy,45-54,iOS,2026-01-14,assets/creative_500903.png,fatigued,0.6956762749445677,not_top,Review,177.0,0.8048780487804879,1.0,1.0,50.0,0.6776315789473685,22.0,0.4473684210526316,20.0,0.4411764705882353,0.6552469135802469,1.146934406144233,1.965483278022095,0.0083217796626119,0.2361854504334715,30509.26,3188020,34992.12,14.0,1,-0.865472576925149,-0.0324743709993253,True,False,0.8281596452328159,0.07427937915742794,0.9900221729490022,0.9977827050997783,0.9611973392461197,0.2076885237010151,0.6115026125901091,-0.05200617283950615
500266,20044,1008,CoinBridge,CoinBridge Pay,fintech,interstitial,en,testimonial,earn more,Start now,Save with confidence,Built for peace of mind,blue,urgent,signup,feature-focus,18-24,Android,2026-01-17,assets/creative_500266.png,stable,0.6956762749445676,not_top,Review,178.0,0.8037694013303769,2.0,0.5,30.0,0.7943262411347518,39.0,0.8661971830985915,7.0,0.8125,0.6018518518518519,5.358474869434784,0.4629861605219116,0.0049737941816068,0.0930851063829787,21420.33,2494675,114780.3,,0,-0.7530443380831369,-0.2024159054661446,True,False,0.7361419068736141,0.7560975609756098,0.6396895787139689,0.5842572062084257,0.516629711751663,-1.3086216734574299,0.08024529346358211,0.06296296296296289
500793,20132,1024,GlitchWave,GlitchWave Rush,gaming,interstitial,ja,fantasy,competition,Try for free,Win epic rewards,Free rewards for new players,blue,adventurous,install,reward,25-34,Both,2026-01-22,assets/creative_500793.png,fatigued,0.6953991130820399,not_top,Review,179.0,0.802660753880266,2.0,0.5,51.0,0.6710526315789473,40.0,0.8626760563380281,11.0,0.8305084745762712,0.6509259259259259,1.4391120661306396,1.4159866210769765,0.0075240980570032,0.1881935363347655,19918.15,3557237,28664.45,12.0,1,-0.8228015811235807,0.0415293575706035,True,False,0.8215077605321508,0.1662971175166297,0.9390243902439024,0.9113082039911308,0.9257206208425721,-0.22069337041233417,0.06200595564499056,0.08734567901234569
500967,20161,1017,PulsePlay,PulsePlay Play,entertainment,interstitial,en,testimonial,new season,Learn more,Watch what’s trending,New hits every week,purple,premium,install,drama,18-24,Both,2026-01-25,assets/creative_500967.png,stable,0.6953436807095343,not_top,Review,180.0,0.8015521064301552,5.0,0.3333333333333333,29.0,0.8352941176470589,41.0,0.8591549295774648,6.0,0.9242424242424242,0.6478395061728395,2.191727755641052,0.5669644346020049,0.0062082474286364,0.0913243940611649,21846.55,3807999,47881.69,,0,-0.7742115170923843,-0.0918864100256318,True,False,0.8170731707317073,0.48558758314855877,0.7660753880266076,0.5465631929046563,0.7849223946784922,0.05131738348870085,0.12497745669708432,0.18148148148148147
500039,20006,1006,NeonArena,NeonArena Quest,gaming,interstitial,fr,ugc,fast,Get offer,Beat your rivals,Free rewards for new players,blue,adventurous,install,reward,25-34,iOS,2026-01-15,assets/creative_500039.png,fatigued,0.6946784922394679,not_top,Review,181.0,0.8004434589800443,4.0,0.5,52.0,0.6644736842105263,42.0,0.8556338028169014,12.0,0.8135593220338984,0.65,1.599214387565447,1.1597479330497755,0.0071193525463195,0.1629007589530487,19874.94,4867437,31784.29,11.0,1,-0.8496396541560501,-0.0211215787505577,True,False,0.8192904656319291,0.2328159645232816,0.8980044345898004,0.8414634146341463,0.9002217294900222,-0.08913607283438263,-0.1942327323822104,0.0864197530864198
500865,20144,1000,PixelForge,PixelForge Legends,gaming,native,ja,fantasy,competition,Install now,Beat your rivals,No ads in first week,lime,adventurous,install,fantasy,25-34,iOS,2026-01-12,assets/creative_500865.png,fatigued,0.6944567627494457,not_top,Review,182.0,0.7993348115299335,2.0,0.6666666666666666,53.0,0.6578947368421053,33.0,0.8740157480314961,2.0,0.8888888888888888,0.6432098765432098,1.560043650057893,1.2805255804838576,0.0069261380517994,0.1848830576155162,23569.27,5061984,36769.09,12.0,1,-0.844638158593223,-0.0199281505912022,True,False,0.8065410199556541,0.21286031042128603,0.9212860310421286,0.9046563192904656,0.8780487804878049,-0.02738687292221198,-0.07345508494812836,0.05154320987654315
500074,20012,1012,VoxelRealm,VoxelRealm Battle,gaming,rewarded_video,en,gameplay,free rewards,Watch now,Join the arena,Play with friends tonight,purple,calm,install,competitive,25-34,Android,2026-01-19,assets/creative_500074.png,fatigued,0.6940687361419068,not_top,Review,183.0,0.7982261640798226,1.0,1.0,54.0,0.6513157894736842,85.0,0.475,20.0,0.5581395348837209,0.645679012345679,1.2865844509643354,1.683189300558723,0.0075384703433178,0.2232799525504152,33190.74,4473056,42702.69,12.0,1,-0.8870154856227849,-0.025541773463351,True,False,0.8137472283813747,0.12195121951219512,0.9645232815964523,0.9878048780487805,0.9279379157427938,0.22403971582070192,0.32920863512673715,-0.016049382716049387
500502,20083,1011,FluxStream,FluxStream Stream,entertainment,native,it,gameplay,trending,Get offer,Stream the hype,Cancel anytime,purple,urgent,signup,celebrity,45-54,Both,2026-01-23,assets/creative_500502.png,stable,0.6910753880266076,not_top,Review,184.0,0.7971175166297118,1.0,1.0,30.0,0.8294117647058824,34.0,0.8700787401574803,5.0,0.9215686274509803,0.6191358024691357,2.8440330537232423,0.501168579070079,0.0054339119614719,0.0922297936778345,15535.92,3888911,44184.67,,0,-0.7230092100409753,0.0015962167166723,True,False,0.7671840354767184,0.6297117516629712,0.6940133037694013,0.5609756097560976,0.6374722838137472,0.5849116216002082,0.059181601165158415,0.2138888888888889
500439,20073,1001,VantaStyle,VantaStyle Club,ecommerce,rewarded_video,en,celebrity,free rewards,Install now,Your next favorite pick,Shop bestsellers now,blue,calm,purchase,discount,45-54,Android,2026-01-17,assets/creative_500439.png,fatigued,0.6906319290465632,not_top,Review,185.0,0.7960088691796009,1.0,1.0,4.0,0.9777777777777777,86.0,0.46875,2.0,0.9090909090909091,0.6722222222222222,2.4501101528629,0.4827876923108596,0.0069417458488236,0.0695484540668792,29309.27,3885766,71810.94,11.0,1,-0.7962064089468216,-0.0054489765585187,True,False,0.8536585365853658,0.565410199556541,0.6685144124168514,0.30155210643015523,0.8791574279379157,0.6519063528841749,0.17869463155894266,0.093827160493827
500935,20155,1011,FluxStream,FluxStream Now,entertainment,rewarded_video,fr,ugc,trending,Get offer,Exclusive tonight,Start free today,lime,urgent,signup,ugc,25-34,iOS,2026-01-31,assets/creative_500935.png,fatigued,0.6904656319290466,not_top,Review,186.0,0.79490022172949,1.0,1.0,31.0,0.8235294117647058,87.0,0.4625,20.0,0.5581395348837209,0.6367283950617284,1.904353805964364,0.6536204290733508,0.0063434906507118,0.1030379746835443,42693.91,5604170,81304.31,12.0,1,-0.7956689189798518,-0.0589765317506796,True,False,0.7971175166297118,0.3858093126385809,0.8059866962305987,0.7361419068736141,0.8070953436807096,0.4696015399241571,0.2116334511684303,0.0037037037037036535
500976,20162,1018,StormByte,StormByte Arena,gaming,playable,en,family,2-for-1,Book now,Join the arena,Play with friends tonight,orange,premium,install,gameplay,18-24,iOS,2026-01-04,assets/creative_500976.png,fatigued,0.6901330376940134,not_top,Review,187.0,0.7937915742793792,2.0,0.8333333333333334,55.0,0.6447368421052632,23.0,0.42105263157894735,21.0,0.4117647058823529,0.6580246913580247,1.0828364248610487,1.91360542083634,0.0090556409532473,0.2113163972286374,52266.5,5355336,56596.07,13.0,1,-0.8414141079341038,-0.0641639917671264,True,False,0.8342572062084257,0.052106430155210645,0.9878048780487805,0.9689578713968958,0.9789356984478935,0.07212125030085748,0.5596247554043541,-0.04922839506172838
500320,20053,1017,PulsePlay,PulsePlay Play,entertainment,rewarded_video,en,ugc,watch now,Shop now,Watch what’s trending,New hits every week,blue,excited,signup,ugc,35-44,iOS,2026-01-17,assets/creative_500320.png,fatigued,0.6895787139689579,not_top,Review,188.0,0.7926829268292683,1.0,1.0,32.0,0.8176470588235294,88.0,0.45625,21.0,0.5348837209302325,0.6330246913580247,1.8413110865592552,0.7056489783793732,0.0063575920227615,0.1109931206426889,30556.64,3406793,56264.28,14.0,1,-0.7987545586023688,-0.1547995680971088,True,False,0.7882483370288248,0.3492239467849224,0.8281596452328159,0.8082039911308204,0.8104212860310421,0.08841695831677288,0.2636620004744527,0.0
500649,20108,1000,PixelForge,PixelForge Battle,gaming,rewarded_video,en,product-focus,competition,Install now,Win epic rewards,No ads in first week,purple,excited,install,gameplay,25-34,Both,2026-01-15,assets/creative_500649.png,fatigued,0.6893015521064302,not_top,Review,189.0,0.7915742793791575,2.0,0.8333333333333334,56.0,0.6381578947368421,89.0,0.45,21.0,0.5348837209302325,0.6348765432098765,1.481188943316158,1.3967545483745654,0.0068535972720151,0.2037987487356235,41308.95,7789486,61186.36,10.0,1,-0.8645804895003362,0.0157495053093639,True,False,0.7937915742793792,0.18292682926829268,0.9368070953436807,0.9512195121951219,0.8713968957871396,0.39821772803276545,0.042773882942579444,-0.026851851851851904
500436,20072,1000,PixelForge,PixelForge Rush,gaming,playable,fr,fantasy,free rewards,Shop now,Join the arena,No ads in first week,orange,adventurous,install,reward,45-54,Android,2026-01-12,assets/creative_500436.png,fatigued,0.6888026607538803,not_top,Review,190.0,0.7904656319290465,2.0,0.8333333333333334,57.0,0.631578947368421,24.0,0.39473684210526316,22.0,0.38235294117647056,0.6438271604938272,1.3606762064759186,1.4593972820364869,0.0073719233694654,0.1979669631512071,29208.83,4804038,39743.76,13.0,1,-0.8889496071609841,-0.0968761037196852,True,False,0.8082039911308204,0.14523281596452328,0.9467849223946785,0.9401330376940134,0.9168514412416852,0.10806658377459821,0.10541661660450097,-0.06342592592592589
500481,20080,1008,CoinBridge,CoinBridge Wallet,fintech,interstitial,en,minimalist,earn more,Watch now,Track every euro,No hidden fees,orange,urgent,signup,testimonial,25-34,iOS,2026-01-15,assets/creative_500481.png,stable,0.6880820399113083,not_top,Review,191.0,0.7893569844789357,3.0,0.6666666666666666,31.0,0.7872340425531915,43.0,0.852112676056338,8.0,0.78125,0.5623456790123457,4.977515724588813,0.5139947431674664,0.0043268467096843,0.1187919927962873,33393.56,3336610,166216.97,,0,-0.7987849452831929,-0.1181531692635755,True,False,0.6629711751662971,0.7261640798226164,0.7073170731707317,0.8259423503325942,0.3458980044345898,-0.39288467809033367,0.1312538761091369,0.023456790123456694
500458,20076,1004,SnapMeal,SnapMeal Go,food_delivery,native,it,destination,free delivery,Order now,"Fast food, fast",Late-night deals available,orange,playful,order,combo,45-54,Android,2026-01-22,assets/creative_500458.png,fatigued,0.6880820399113082,not_top,Review,192.0,0.7882483370288248,2.0,0.8333333333333334,16.0,0.9056603773584906,35.0,0.8661417322834646,8.0,0.8627450980392157,0.6151234567901235,2.613177977542366,0.513998063690084,0.0054253102706815,0.0947407683700111,25185.2,6918314,65813.41,11.0,1,-0.8474229532866371,-0.1511549970709463,True,False,0.7577605321507761,0.6019955654101996,0.7084257206208425,0.6097560975609756,0.6363636363636364,0.6066444109160218,0.09311963284290392,0.13904320987654328
500348,20058,1022,CraveLoop,CraveLoop Bites,food_delivery,native,fr,urgency,late-night,Install now,"Your cravings, delivered",Fresh favorites nearby,orange,urgent,order,combo,35-44,Both,2026-02-01,assets/creative_500348.png,fatigued,0.6870288248337028,not_top,Review,193.0,0.7871396895787139,1.0,1.0,17.0,0.89937106918239,36.0,0.8622047244094488,9.0,0.8431372549019608,0.6194444444444445,2.168084048306802,0.5767056684040154,0.0057744472899601,0.0998720118905082,20691.91,4194514,44861.8,12.0,1,-0.8372393548998538,-0.1528704939919893,True,False,0.7688470066518847,0.48004434589800443,0.7727272727272727,0.6962305986696231,0.7062084257206208,0.34292865186802257,0.15582723755683525,0.14336419753086427
501015,20169,1025,LuxShelf,LuxShelf Shop,ecommerce,rewarded_video,it,discount,limited offer,Try for free,Up to 40% off,Shop bestsellers now,orange,calm,purchase,product-focus,35-44,Both,2026-01-19,assets/creative_501015.png,fatigued,0.6860864745011086,not_top,Review,194.0,0.7860310421286031,1.0,1.0,5.0,0.9703703703703703,90.0,0.44375,3.0,0.8181818181818182,0.6608024691358024,2.4973672058446845,0.4767081405656602,0.0066250655582729,0.0719552337063857,33652.46,4585615,84042.55,11.0,1,-0.8338570278555166,0.2643572829651395,True,False,0.8381374722838137,0.5809312638580931,0.6574279379157428,0.3181818181818182,0.8458980044345898,0.3918625173896193,0.17261507981374324,0.08240740740740726
500861,20143,1035,StarVault,StarVault Play,entertainment,interstitial,en,drama,new season,Try for free,A new season drops,Cancel anytime,blue,excited,install,celebrity,45-54,Android,2026-01-09,assets/creative_500861.png,fatigued,0.6858093126385809,not_top,Review,195.0,0.7849223946784922,3.0,0.6,33.0,0.8117647058823529,44.0,0.8485915492957746,7.0,0.9090909090909091,0.6265432098765432,2.5694416390265284,0.5075706912221136,0.0056863652915253,0.0892610068471281,21535.71,4956945,55334.75,13.0,1,-0.8207422966558273,-0.0464135555442984,True,False,0.782150776053215,0.5931263858093127,0.6984478935698448,0.5022172949002217,0.6951219512195121,-0.32874618235289477,0.06558371331719309,0.1601851851851852
500569,20094,1022,CraveLoop,CraveLoop Express,food_delivery,native,ja,combo,discover,Claim reward,Hungry? We got you,Late-night deals available,orange,calm,order,food-closeup,45-54,Android,2026-02-01,assets/creative_500569.png,fatigued,0.6854767184035476,not_top,Review,196.0,0.7838137472283814,3.0,0.6666666666666666,18.0,0.8930817610062893,37.0,0.8582677165354331,10.0,0.8235294117647058,0.6391975308641976,2.207796858409081,0.5525003763835187,0.00610695511977,0.0904706790123456,19240.57,4244341,42479.27,13.0,1,-0.8357278487146945,0.0408261872120108,True,False,0.8004434589800443,0.49445676274944567,0.753880266075388,0.5266075388026608,0.7649667405764967,0.16784485313537179,0.13162194553633855,0.16311728395061742
500247,20041,1005,MoonScreen,MoonScreen Stream,entertainment,interstitial,en,competitive,watch now,Start now,Stream the hype,Cancel anytime,red,adventurous,signup,trailer,18-24,Android,2026-01-21,assets/creative_500247.png,fatigued,0.6854212860310421,not_top,Review,197.0,0.7827050997782705,1.0,1.0,34.0,0.8058823529411765,45.0,0.8450704225352113,8.0,0.8939393939393939,0.6237654320987653,2.2557090500106654,0.5524057342328924,0.0058159217313885,0.0949816314156293,25784.5,4820732,58162.33,14.0,1,-0.7998842741128749,-0.0732340483672633,True,False,0.7782705099778271,0.5044345898004434,0.7527716186252772,0.6175166297117517,0.7139689578713969,0.18505445806590126,0.11041875632797188,0.15740740740740733
501043,20173,1029,BingeLayer,BingeLayer Play,entertainment,native,de,celebrity,new season,Learn more,Watch what’s trending,Start free today,blue,trustworthy,signup,celebrity,45-54,Both,2026-01-22,assets/creative_501043.png,stable,0.6853658536585366,not_top,Review,198.0,0.7815964523281597,1.0,1.0,35.0,0.8,38.0,0.8543307086614174,6.0,0.9019607843137255,0.6046296296296296,2.547486340266988,0.5227484115883555,0.0053125337568162,0.098399075755075,26407.91,5702552,67273.79,,0,-0.748166983918628,-0.0060038039089785,True,False,0.7427937915742794,0.5898004434589801,0.7172949002217295,0.6685144124168514,0.6097560975609756,0.7628598863746436,0.08076143368343497,0.19938271604938285
500860,20143,1035,StarVault,StarVault Play,entertainment,native,en,celebrity,cashback,Get offer,Exclusive tonight,Cancel anytime,lime,calm,install,celebrity,45-54,Android,2026-01-15,assets/creative_500860.png,stable,0.6848669623059868,not_top,Review,199.0,0.7804878048780488,4.0,0.4,36.0,0.7941176470588235,39.0,0.8503937007874016,7.0,0.8823529411764706,0.6228395061728396,3.071688655754347,0.477533787312381,0.0055264540465822,0.0864087140302389,15445.54,4452041,47443.89,,0,-0.7774048511228244,-0.1840536692487753,True,False,0.7771618625277162,0.6585365853658537,0.6585365853658537,0.44789356984478934,0.6574279379157428,0.17350083437492358,0.03554680940746047,0.21759259259259278
500020,20003,1003,CloudRoute,CloudRoute Getaway,travel,native,de,wanderlust,last-minute deal,Install now,Fly smarter,Special fares today,lime,adventurous,booking,family,35-44,Android,2026-01-12,assets/creative_500020.png,stable,0.6847560975609756,not_top,Review,200.0,0.779379157427938,2.0,0.75,53.0,0.6413793103448275,40.0,0.8464566929133859,4.0,0.926829268292683,0.645679012345679,9.194727717911022,0.3240981199529072,0.0059706796608622,0.0542816125402553,21792.84,4316594,200379.23,,0,-0.7234728906481067,-0.0344377197037292,True,False,0.8137472283813747,0.9722838137472284,0.33592017738359203,0.11751662971175167,0.7450110864745011,1.521950881036572,-0.008112798253514353,0.09660493827160499
500449,20074,1002,EarnPath,EarnPath Bank,fintech,interstitial,es,trust,new collection,Shop now,Track every euro,Built for peace of mind,orange,trustworthy,signup,trust,45-54,iOS,2026-01-18,assets/creative_500449.png,stable,0.6835920177383593,not_top,Review,201.0,0.7782705099778271,1.0,1.0,32.0,0.7801418439716312,46.0,0.8415492957746479,9.0,0.75,0.5638888888888889,7.752688581294339,0.4035913069783596,0.0043061881147095,0.0937235662324479,28638.71,5490703,222027.0,,0,-0.7878784070310099,-0.222036918066097,True,False,0.6674057649667405,0.9290465631929047,0.5399113082039911,0.5942350332594235,0.3392461197339246,0.3723759331886347,0.020850439920030106,0.02499999999999991
500937,20156,1012,VoxelRealm,VoxelRealm Quest,gaming,interstitial,es,competitive,competition,Claim reward,Win epic rewards,No ads in first week,purple,urgent,install,gameplay,45-54,iOS,2026-01-07,assets/creative_500937.png,fatigued,0.6827050997782707,not_top,Review,202.0,0.7771618625277162,1.0,1.0,58.0,0.625,47.0,0.8380281690140845,13.0,0.7966101694915254,0.6370370370370371,1.442452086045951,1.3260349042552524,0.0071170157720644,0.1863189497851298,25405.96,4773630,36646.88,10.0,1,-0.865431614852127,-0.2314013462715272,True,False,0.7982261640798226,0.16851441241685144,0.9279379157427938,0.9079822616407982,0.8980044345898004,-0.1837261495657676,-0.02794576117673353,0.07345679012345685
500963,20160,1016,FreshDash,FreshDash Eats,food_delivery,native,es,combo,free delivery,Watch now,2-for-1 tonight,Fresh favorites nearby,red,calm,order,combo,45-54,iOS,2026-02-03,assets/creative_500963.png,fatigued,0.682538802660754,not_top,Review,203.0,0.7760532150776053,2.0,0.8333333333333334,19.0,0.8867924528301887,41.0,0.84251968503937,11.0,0.803921568627451,0.595679012345679,3.2932979006112144,0.4855315901958008,0.0050731217767895,0.09570666969147,18815.0,6951144,61963.4,12.0,1,-0.8437180410083619,-0.1947490347490348,True,False,0.7261640798226164,0.6707317073170732,0.6707317073170732,0.6308203991130821,0.5432372505543237,0.5270680145751041,0.06465315934862065,0.1195987654320988
500887,20147,1003,CloudRoute,CloudRoute Getaway,travel,interstitial,en,destination,escape,Order now,Dream destinations await,Flexible booking options,teal,urgent,booking,destination,25-34,Both,2026-01-22,assets/creative_500887.png,fatigued,0.6820953436807096,not_top,Review,204.0,0.7749445676274944,1.0,1.0,54.0,0.6344827586206897,48.0,0.8345070422535211,13.0,0.7692307692307693,0.6555555555555556,7.355835223065019,0.3336770786643001,0.0063318858795895,0.0526978983844111,22604.62,3509381,166275.86000000002,11.0,1,-0.8303432616354086,0.0238019387430026,True,False,0.8292682926829268,0.9090909090909091,0.3713968957871397,0.08536585365853659,0.8059866962305987,-2.3038022889691545,0.001466160457878507,0.07808641975308639
500735,20122,1014,VaultRun,VaultRun Wallet,fintech,native,es,discount,earn more,Start now,Track every euro,Built for peace of mind,blue,playful,signup,feature-focus,18-24,Both,2026-01-19,assets/creative_500735.png,stable,0.6813747228381375,not_top,Review,205.0,0.7738359201773836,4.0,0.5,33.0,0.7730496453900709,42.0,0.8385826771653543,17.0,0.6862745098039216,0.5469135802469136,7.251026009159579,0.4263350292222505,0.0039929600590579,0.1067716738751533,22448.63,3879578,162775.6,,0,-0.7379744718282897,-0.0670834060724884,True,False,0.6219512195121951,0.8980044345898004,0.5809312638580931,0.7849223946784922,0.2682926829268293,-0.014028070399110248,0.04359416216392098,0.029320987654321118
500119,20019,1019,ZenDrop,ZenDrop Market,ecommerce,interstitial,en,discount,late-night,Try for free,Your next favorite pick,Only this weekend,red,urgent,purchase,product-focus,45-54,Both,2026-01-20,assets/creative_500119.png,stable,0.6802106430155211,not_top,Review,206.0,0.7727272727272727,2.0,0.5,6.0,0.9629629629629629,49.0,0.8309859154929577,1.0,1.0,0.6796296296296296,2.347871612598087,0.474960718440944,0.0078356463702186,0.0606153846153846,22538.66,2903398,52917.88,,0,-0.7566811643612659,-0.3667975014531939,True,False,0.8680709534368071,0.5343680709534369,0.6541019955654102,0.21618625277161863,0.9390243902439024,0.12966685511610843,0.17086765768902706,0.1777777777777777
500709,20118,1010,BiteRush,BiteRush Bites,food_delivery,rewarded_video,es,urgency,late-night,Claim reward,"Your cravings, delivered",Late-night deals available,lime,urgent,order,combo,25-34,Both,2026-01-17,assets/creative_500709.png,fatigued,0.6798780487804879,not_top,Review,207.0,0.7716186252771619,1.0,1.0,20.0,0.8805031446540881,91.0,0.4375,3.0,0.7777777777777778,0.6188271604938271,2.1162882777919125,0.5766427353437774,0.0058488327173061,0.0985910801718682,25508.59,5133161,53983.53,11.0,1,-0.8590590729360591,-0.0447990937981813,True,False,0.7649667405764967,0.46452328159645234,0.7716186252771619,0.6740576496674058,0.720620842572062,-0.0695700866841058,0.15576430449659728,0.03518518518518521
500822,20137,1029,BingeLayer,BingeLayer Plus,entertainment,native,en,drama,fast,Learn more,Stream the hype,Start free today,red,excited,signup,trailer,45-54,iOS,2026-01-21,assets/creative_500822.png,fatigued,0.6790465631929047,not_top,Review,208.0,0.770509977827051,2.0,0.8,37.0,0.788235294117647,43.0,0.8346456692913385,8.0,0.8627450980392157,0.6148148148148148,3.0214966501506195,0.481070348468771,0.0054121386454855,0.088887292063378,18224.7,5142699,55065.87,11.0,1,-0.8028043731000437,-0.0695437961648907,True,False,0.7560975609756098,0.6518847006651884,0.6651884700665188,0.4911308203991131,0.6297117516629712,-0.003440809837229608,0.03908337056385047,0.20956790123456803
500824,20137,1029,BingeLayer,BingeLayer Plus,entertainment,interstitial,en,celebrity,watch now,Claim reward,Stream the hype,Start free today,orange,trustworthy,signup,trailer,45-54,iOS,2026-01-14,assets/creative_500824.png,fatigued,0.6788248337028825,not_top,Review,209.0,0.7694013303769401,3.0,0.6,38.0,0.7823529411764706,50.0,0.8274647887323944,9.0,0.8787878787878788,0.6172839506172839,2.5282071744454018,0.5080329610310502,0.0055856685645708,0.0909529369954815,31051.32,7052692,78504.17,10.0,1,-0.7947244922326749,0.1663734501412226,True,False,0.7627494456762749,0.5853658536585366,0.6995565410199557,0.5354767184035477,0.6784922394678492,-0.49673028554244736,0.06604598312612969,0.1509259259259259
500361,20060,1024,GlitchWave,GlitchWave Saga,gaming,interstitial,pt,competitive,power-up,Shop now,Win epic rewards,Play with friends tonight,orange,playful,install,competitive,25-34,Both,2026-01-23,assets/creative_500361.png,fatigued,0.6783813747228381,not_top,Review,210.0,0.7682926829268293,1.0,1.0,59.0,0.618421052631579,51.0,0.823943661971831,14.0,0.7796610169491526,0.6453703703703703,1.3740055243669786,1.3086568766820514,0.0076545283005928,0.1709650582362728,21769.01,4082812,29910.74,13.0,1,-0.8777776222736439,0.1085860452090574,True,False,0.8093126385809313,0.14634146341463414,0.9257206208425721,0.8614190687361419,0.9356984478935698,0.11642717526465085,-0.04532378874993448,0.08179012345679004
500156,20026,1026,ClearLedger,ClearLedger Invest,fintech,native,es,minimalist,security,Get offer,Track every euro,Built for peace of mind,lime,playful,signup,minimalist,35-44,iOS,2026-01-19,assets/creative_500156.png,stable,0.6780487804878049,not_top,Review,211.0,0.7671840354767184,2.0,0.75,34.0,0.7659574468085106,44.0,0.8307086614173228,18.0,0.6666666666666666,0.5401234567901235,8.540124413390695,0.4044201993178125,0.0038449726415408,0.1051815544663399,23746.64,5200037,202799.26,,0,-0.7437816884348316,0.0667814090709189,True,False,0.6086474501108647,0.9545454545454546,0.5432372505543237,0.7638580931263859,0.21840354767184036,0.22565705786761647,0.021679332259482986,0.02253086419753103
500940,20156,1012,VoxelRealm,VoxelRealm Quest,gaming,rewarded_video,de,family,competition,Install now,Win epic rewards,No ads in first week,purple,calm,install,gameplay,45-54,iOS,2026-01-04,assets/creative_500940.png,fatigued,0.676718403547672,not_top,Review,212.0,0.7660753880266076,2.0,0.5,60.0,0.6118421052631579,92.0,0.43125,22.0,0.5116279069767442,0.6345679012345679,1.2815276739118198,1.4708256439691023,0.0073269436991884,0.2007420425698106,27358.98,4193563,35061.29,10.0,1,-0.8686090968963125,-0.2100201917159165,True,False,0.7926829268292683,0.11862527716186252,0.9490022172949002,0.9456762749445676,0.9124168514412417,-0.34465056169989894,0.1168449785371164,-0.02716049382716057
501074,20179,1035,StarVault,StarVault Now,entertainment,rewarded_video,en,ugc,exclusive,Install now,A new season drops,Start free today,red,trustworthy,signup,drama,25-34,Android,2026-01-07,assets/creative_501074.png,fatigued,0.6750554323725055,not_top,Review,213.0,0.7649667405764967,2.0,0.8333333333333334,39.0,0.7764705882352941,93.0,0.425,22.0,0.5116279069767442,0.6098765432098765,2.5738144501823146,0.500907624405894,0.0054889082162564,0.0912581527456343,29621.91,6927425,76241.3,10.0,1,-0.8337724596796023,-0.1118858287091244,True,False,0.7527716186252772,0.5942350332594235,0.6929046563192904,0.5432372505543237,0.6496674057649667,0.02240790042692664,0.05892064650097345,-0.02314814814814825
501010,20168,1024,GlitchWave,GlitchWave Rush,gaming,native,es,competitive,challenge,Get offer,Join the arena,No ads in first week,orange,premium,install,reward,18-24,Both,2026-01-22,assets/creative_501010.png,fatigued,0.6746674057649669,not_top,Review,214.0,0.7638580931263859,2.0,0.8,61.0,0.6052631578947368,45.0,0.8267716535433071,3.0,0.7777777777777778,0.5941358024691358,1.882988503247769,0.9496325449624632,0.0054518778813391,0.1741844857187451,16555.98,5875957,31174.72,13.0,1,-0.8397701221382419,0.0335292005539755,True,False,0.7239467849223947,0.37583148558758317,0.8592017738359202,0.8736141906873615,0.6385809312638581,0.1143625774311876,-0.40434812046952273,0.0024691358024691024
500545,20090,1018,StormByte,StormByte Arena,gaming,playable,it,gameplay,discover,Learn more,Unlock rare gear,Free rewards for new players,lime,excited,install,reward,45-54,Both,2026-01-06,assets/creative_500545.png,fatigued,0.6736141906873614,not_top,Review,215.0,0.7627494456762749,1.0,1.0,62.0,0.5986842105263158,25.0,0.3684210526315789,23.0,0.35294117647058826,0.6203703703703703,1.3529604415219223,1.4519624624998666,0.0067763481678708,0.2142691648259989,59082.91,9553966,79936.84,10.0,1,-0.8746167690997513,-0.0824672968400037,True,False,0.7727272727272727,0.13968957871396895,0.9445676274944568,0.9745011086474501,0.8647450110864745,0.13925610052173387,0.09798179706788068,-0.08688271604938269
500365,20060,1024,GlitchWave,GlitchWave Saga,gaming,interstitial,pt,competitive,last-minute deal,Try for free,Win epic rewards,Play with friends tonight,orange,urgent,install,competitive,25-34,Both,2026-01-19,assets/creative_500365.png,fatigued,0.6735033259423503,not_top,Review,216.0,0.761640798226164,2.0,0.8333333333333334,63.0,0.5921052631578947,52.0,0.8204225352112676,15.0,0.7627118644067796,0.6401234567901235,1.360609093235507,1.2826849137412897,0.007530298505761,0.1703365295226964,26689.51,4999669,36313.99,13.0,1,-0.8472895489725671,-0.0030308535354753,True,False,0.8015521064301552,0.14412416851441243,0.9235033259423503,0.8580931263858093,0.926829268292683,0.10303074413317925,-0.07129575169069624,0.07654320987654328
500145,20024,1024,GlitchWave,GlitchWave Quest,gaming,native,ja,family,competition,Book now,Join the arena,No ads in first week,blue,calm,install,reward,18-24,Android,2026-01-13,assets/creative_500145.png,fatigued,0.6733924611973392,not_top,Review,217.0,0.7605321507760532,2.0,0.6666666666666666,64.0,0.5855263157894737,46.0,0.8228346456692913,4.0,0.6666666666666666,0.6024691358024691,1.741360444895807,1.0681100165386077,0.0057922003696612,0.1844048804204385,24163.86,7457097,42077.99,10.0,1,-0.8403868909737482,-0.0689316980713327,True,False,0.7378048780487805,0.3070953436807095,0.8780487804878049,0.9035476718403548,0.7106430155210643,-0.1609277166082701,-0.2858706488933782,0.010802469135802406
500711,20118,1010,BiteRush,BiteRush Bites,food_delivery,native,es,discount,fast,Book now,Dinner in minutes,Free delivery over $15,purple,trustworthy,order,combo,25-34,Both,2026-01-26,assets/creative_500711.png,fatigued,0.671840354767184,not_top,Review,218.0,0.7594235033259423,2.0,0.8333333333333334,21.0,0.8742138364779874,47.0,0.8188976377952756,12.0,0.7843137254901961,0.5901234567901236,2.784619082622611,0.4952721565524997,0.0051444451011689,0.0962731930874256,20052.38,6107753,55838.24,12.0,1,-0.84283818965066,-0.1018054054054052,True,False,0.7150776053215078,0.6263858093126385,0.6873614190687362,0.6385809312638581,0.5576496674057649,0.5987607181465928,0.07439372570531955,0.11404320987654337
500708,20118,1010,BiteRush,BiteRush Bites,food_delivery,native,es,discount,late-night,Shop now,"Your cravings, delivered",Late-night deals available,yellow,trustworthy,order,combo,25-34,Both,2026-01-23,assets/creative_500708.png,fatigued,0.6715077605321508,not_top,Review,219.0,0.7583148558758315,3.0,0.6666666666666666,22.0,0.8679245283018868,48.0,0.8149606299212598,13.0,0.7647058823529411,0.5839506172839506,2.790607377086848,0.4980215682890215,0.005046268786626,0.0986910506251499,24371.68,7433413,68011.79,12.0,1,-0.8475412366672901,-0.0979483720884771,True,False,0.70509977827051,0.6274944567627494,0.6906873614190687,0.6773835920177383,0.5343680709534369,0.6047490126108297,0.07714313744184137,0.1078703703703704
500782,20130,1022,CraveLoop,CraveLoop Kitchen,food_delivery,interstitial,es,family,late-night,Shop now,2-for-1 tonight,Fresh favorites nearby,purple,calm,order,food-closeup,18-24,iOS,2026-02-04,assets/creative_500782.png,fatigued,0.6714523281596453,not_top,Review,220.0,0.7572062084257206,1.0,1.0,23.0,0.8616352201257862,53.0,0.8169014084507042,6.0,0.8837209302325582,0.6320987654320988,2.738569844318602,0.4663077638301199,0.005897857772955,0.0790639214747426,18133.83,5665786,49660.76,11.0,1,-0.85596897758217,-0.0299631184183616,True,False,0.7860310421286031,0.6208425720620843,0.6441241685144125,0.36363636363636365,0.7328159645232816,0.11260924328083588,0.045429332982939774,0.15185185185185185
500323,20053,1017,PulsePlay,PulsePlay Play,entertainment,native,en,ugc,watch now,Shop now,Watch what’s trending,Start free today,purple,premium,signup,ugc,35-44,iOS,2026-01-20,assets/creative_500323.png,fatigued,0.6708980044345899,not_top,Review,221.0,0.7560975609756098,2.0,0.8333333333333334,40.0,0.7705882352941177,49.0,0.8110236220472441,9.0,0.8431372549019608,0.5947530864197531,2.1564205842749256,0.5753255887720718,0.005474442488128,0.1050930007977495,25621.5,4350580,55250.73,13.0,1,-0.8111762149327862,-0.2209383539713624,True,False,0.7250554323725056,0.4745011086474501,0.7694013303769401,0.7627494456762749,0.6419068736141907,0.4035264560324432,0.13333861086715132,0.18950617283950633
500591,20098,1026,ClearLedger,ClearLedger Wallet,fintech,native,en,feature-focus,security,Shop now,"Your money, clearer",No hidden fees,blue,excited,signup,minimalist,45-54,Both,2026-01-12,assets/creative_500591.png,stable,0.6692904656319291,not_top,Review,222.0,0.7549889135254989,1.0,1.0,35.0,0.7588652482269503,50.0,0.8070866141732284,19.0,0.6470588235294118,0.5475308641975309,6.084210257874258,0.4458083828571212,0.0042134298203817,0.1058065286149072,28233.14,3977045,171776.36000000002,,0,-0.7016071140407429,-0.2007190523371022,True,False,0.6252771618625277,0.811529933481153,0.6164079822616408,0.7682926829268293,0.3237250554323725,0.1485894882346983,0.06306751579879172,0.02993827160493845
501013,20168,1024,GlitchWave,GlitchWave Rush,gaming,interstitial,es,competitive,security,Book now,Unlock rare gear,Free rewards for new players,purple,urgent,install,reward,18-24,Both,2026-01-20,assets/creative_501013.png,fatigued,0.6691241685144124,not_top,Review,223.0,0.753880266075388,3.0,0.6,65.0,0.5789473684210527,54.0,0.8133802816901409,16.0,0.7457627118644068,0.6089506172839506,1.6798741649314906,1.0717321284026229,0.0060489573987322,0.1771763392857142,20833.62,5924988,34997.86,10.0,1,-0.8530424951714229,-0.1273061628494772,True,False,0.7483370288248337,0.27161862527716185,0.8791574279379157,0.8824833702882483,0.7560975609756098,-0.08875176088509074,-0.28224853702936303,0.045370370370370394
501067,20177,1033,NomadLayer,NomadLayer Getaway,travel,rewarded_video,es,destination,discover,Install now,Last-minute savings,Hotels + flights in one tap,blue,playful,booking,wanderlust,18-24,Both,2026-02-01,assets/creative_501067.png,fatigued,0.6684589800443459,not_top,Review,224.0,0.7527716186252772,2.0,0.8333333333333334,55.0,0.6275862068965518,94.0,0.41875,38.0,0.1956521739130435,0.6354938271604939,7.179283735485921,0.3348513077349014,0.0060715337363374,0.0551510248112189,24585.61,3664313,176507.07,12.0,1,-0.8324787206196897,-0.2420324827872588,True,False,0.79490022172949,0.893569844789357,0.3780487804878049,0.1352549889135255,0.7594235033259423,-0.14296671045095088,0.002640389528479836,-0.11728395061728392
500486,20081,1009,DriftPass,DriftPass Travel,travel,interstitial,en,discount,free shipping,Try for free,Escape this weekend,Hotels + flights in one tap,teal,playful,booking,discount,18-24,Both,2026-01-26,assets/creative_500486.png,fatigued,0.6683481152993349,not_top,Review,225.0,0.7516629711751663,4.0,0.5,56.0,0.6206896551724138,55.0,0.8098591549295775,14.0,0.75,0.6339506172839506,6.24295608409436,0.3615715660808596,0.0060830616767687,0.0594390761253829,28869.95,3487553,180233.83,12.0,1,-0.8460800712269496,-0.2497257435397367,True,False,0.7915742793791575,0.8237250554323725,0.4401330376940133,0.1973392461197339,0.7605321507760532,0.06457650420370609,0.02936064787443804,0.056481481481481466
500396,20066,1030,IronQuest,IronQuest Battle,gaming,interstitial,es,food-closeup,power-up,Shop now,Join the arena,No ads in first week,orange,adventurous,install,competitive,35-44,Both,2026-01-08,assets/creative_500396.png,fatigued,0.6665742793791574,not_top,Review,226.0,0.7505543237250555,3.0,0.5,66.0,0.5723684210526315,56.0,0.8063380281690141,17.0,0.7288135593220338,0.641358024691358,1.2236355409927906,1.3659952363676515,0.0080679422264986,0.1693114796832741,23847.73,3803820,29180.93,13.0,1,-0.8549397122086924,-0.0718074300959016,True,False,0.8032150776053215,0.10199556541019955,0.9334811529933481,0.8536585365853658,0.9545454545454546,-0.2697860284696072,0.012014570935665603,0.07777777777777783
500722,20120,1012,VoxelRealm,VoxelRealm Arena,gaming,rewarded_video,en,combo,free rewards,Learn more,Unlock rare gear,Free rewards for new players,purple,trustworthy,install,gameplay,25-34,Android,2026-01-12,assets/creative_500722.png,fatigued,0.665410199556541,not_top,Review,227.0,0.7494456762749445,3.0,0.6666666666666666,67.0,0.5657894736842105,95.0,0.4125,23.0,0.4883720930232558,0.6314814814814814,1.2258823644489802,1.4179716410926448,0.0074771270953966,0.1896412382726026,24535.78,3806141,30077.98,12.0,1,-0.8905556372258764,-0.0617270573930107,True,False,0.7843680709534369,0.10310421286031042,0.9401330376940134,0.9168514412416852,0.9235033259423503,-0.012369850155834472,0.06399097566065892,-0.030246913580247003
500900,20150,1006,NeonArena,NeonArena Saga,gaming,rewarded_video,en,feature-focus,challenge,Install now,Join the arena,Free rewards for new players,lime,trustworthy,install,fantasy,45-54,iOS,2026-01-07,assets/creative_500900.png,fatigued,0.6633037694013304,not_top,Review,228.0,0.7477827050997783,2.0,0.8333333333333334,68.0,0.555921052631579,96.0,0.40625,24.0,0.46511627906976744,0.6327160493827161,1.0679155935397855,1.6843633893255614,0.0080061796347845,0.210382912470199,44515.55,5134284,47538.85,12.0,1,-0.8629561020914716,-0.1435271994758136,True,False,0.7871396895787139,0.04434589800443459,0.9656319290465631,0.967849223946785,0.9490022172949002,0.12866971109656755,0.3303827238935755,-0.02901234567901234
500037,20006,1006,NeonArena,NeonArena Quest,gaming,native,pt,gameplay,security,Watch now,Beat your rivals,Play with friends tonight,lime,calm,install,reward,25-34,iOS,2026-01-08,assets/creative_500037.png,fatigued,0.6633037694013304,not_top,Review,228.0,0.7477827050997783,5.0,0.3333333333333333,68.0,0.555921052631579,51.0,0.8031496062992126,5.0,0.5555555555555556,0.5916666666666667,1.7615166158630438,1.0285648126030016,0.0056219745087228,0.1829543714591946,30535.88,9293532,53789.46,10.0,1,-0.832870784939646,-0.0943852463171553,True,False,0.7189578713968958,0.31263858093126384,0.8691796008869179,0.893569844789357,0.6873614190687362,0.07316615546321414,-0.32541585282898433,0.0
500215,20035,1035,StarVault,StarVault Plus,entertainment,rewarded_video,en,drama,exclusive,Learn more,Exclusive tonight,New hits every week,purple,premium,install,ugc,25-34,Android,2026-01-18,assets/creative_500215.png,fatigued,0.6626385809312639,not_top,Review,230.0,0.746119733924612,2.0,0.8333333333333334,41.0,0.7647058823529411,97.0,0.4,23.0,0.4883720930232558,0.6123456790123457,1.7694353432542365,0.6678375782664754,0.0062492030623003,0.1068676392187272,27505.56,3301701,48669.31,15.0,1,-0.845131318169002,-0.0030926739676541,True,False,0.753880266075388,0.31929046563192903,0.8159645232815964,0.7860310421286031,0.7893569844789357,-0.07351174259645821,0.22585060036155485,-0.020679012345679038
500363,20060,1024,GlitchWave,GlitchWave Saga,gaming,interstitial,ja,discount,power-up,Try for free,Beat your rivals,No ads in first week,lime,adventurous,install,competitive,25-34,Both,2026-02-01,assets/creative_500363.png,fatigued,0.6623059866962306,not_top,Review,231.0,0.7450110864745011,3.0,0.6666666666666666,70.0,0.5460526315789473,57.0,0.8028169014084507,18.0,0.711864406779661,0.633641975308642,1.3288418863316949,1.2338475934753468,0.007554802739666,0.1633196307028775,21039.99,3928362,27958.82,12.0,1,-0.8419207250488968,-0.1805198217786902,True,False,0.7904656319290465,0.13082039911308205,0.9124168514412417,0.844789356984479,0.9290465631929047,0.07126353722936707,-0.12013307195663914,0.07006172839506175
500679,20113,1005,MoonScreen,MoonScreen Play,entertainment,interstitial,en,drama,trending,Try for free,Exclusive tonight,Cancel anytime,red,calm,install,celebrity,18-24,Android,2026-01-24,assets/creative_500679.png,fatigued,0.6600332594235033,not_top,Review,232.0,0.7439024390243902,4.0,0.5,42.0,0.7588235294117647,58.0,0.7992957746478874,10.0,0.8636363636363636,0.6092592592592593,2.611101737207523,0.4783012660969397,0.0055845494858898,0.0856472428627297,22402.62,5494445,58495.52,11.0,1,-0.791467927164744,-0.178218744279499,True,False,0.75,0.6008869179600886,0.6607538802660754,0.4379157427937916,0.6773835920177383,-0.020206352500119706,0.03631428819201915,0.14290123456790127
500972,20162,1018,StormByte,StormByte Arena,gaming,playable,en,celebrity,free rewards,Claim reward,Beat your rivals,No ads in first week,purple,adventurous,install,gameplay,18-24,iOS,2026-01-11,assets/creative_500972.png,fatigued,0.6595898004434589,not_top,Review,233.0,0.7427937915742794,3.0,0.6666666666666666,71.0,0.5394736842105263,26.0,0.34210526315789475,24.0,0.3235294117647059,0.6222222222222222,1.0281080078001716,1.743798695757269,0.0073832579730435,0.236182820934053,44834.91,4616932,46095.13,11.0,1,-0.8759714266891566,-0.1204676926246109,True,False,0.7760532150776053,0.038802660753880266,0.9689578713968958,0.9966740576496674,0.9201773835920177,0.01739283323998042,0.38981803032528317,-0.08503086419753081
500973,20162,1018,StormByte,StormByte Arena,gaming,playable,en,reward,challenge,Get offer,Join the arena,No ads in first week,orange,playful,install,gameplay,18-24,iOS,2026-01-05,assets/creative_500973.png,fatigued,0.6587028824833703,not_top,Review,234.0,0.7416851441241685,4.0,0.5,72.0,0.5328947368421053,27.0,0.3157894736842105,25.0,0.29411764705882354,0.6265432098765432,0.9875000672272582,1.7196984485531293,0.0078357404886309,0.2194685302618523,57640.31,5916735,56919.810000000005,11.0,1,-0.8902200441147774,-0.1502444250987744,True,False,0.782150776053215,0.02993348115299335,0.9667405764966741,0.9800443458980045,0.9401330376940134,-0.02321510733293297,0.36571778312114334,-0.08070987654320982
500307,20051,1015,HorizonHop,HorizonHop Flights,travel,native,ja,wanderlust,limited offer,Install now,Escape this weekend,Flexible booking options,orange,excited,booking,discount,18-24,iOS,2026-01-18,assets/creative_500307.png,stable,0.6584811529933481,not_top,Review,235.0,0.7405764966740577,1.0,1.0,57.0,0.6137931034482759,52.0,0.7992125984251969,5.0,0.9024390243902439,0.6333333333333334,7.034815929060022,0.3324293964206202,0.0061690764609135,0.0538864120953673,27994.37,4181339,196935.24,,0,-0.777302689535963,-0.1837355815510344,True,False,0.7893569844789357,0.8780487804878049,0.36585365853658536,0.11197339246119734,0.7771618625277162,0.3915058329560628,0.00021847821419862523,0.08425925925925937
500463,20077,1005,MoonScreen,MoonScreen Stream,entertainment,interstitial,ja,ugc,exclusive,Order now,Watch what’s trending,New hits every week,purple,premium,signup,drama,18-24,Both,2026-01-20,assets/creative_500463.png,stable,0.6575942350332595,not_top,Review,236.0,0.7394678492239468,1.0,1.0,43.0,0.7529411764705882,59.0,0.795774647887324,11.0,0.8484848484848485,0.6188271604938271,1.8764542872627887,0.5956928351068254,0.0062750167581641,0.0949308755760368,26108.15,3631066,48990.75,,0,-0.7615711606786765,-0.1087411386277754,True,False,0.7649667405764967,0.37028824833702884,0.7893569844789357,0.614190687361419,0.79490022172949,0.2527200264008347,0.15370585720190483,0.15246913580246912
501009,20168,1024,GlitchWave,GlitchWave Rush,gaming,interstitial,es,fantasy,fast,Try for free,Unlock rare gear,Play with friends tonight,orange,calm,install,reward,18-24,Both,2026-01-21,assets/creative_501009.png,fatigued,0.6572062084257206,not_top,Review,237.0,0.738359201773836,4.0,0.4,73.0,0.5263157894736842,60.0,0.7922535211267606,19.0,0.6949152542372882,0.6003086419753086,1.656483813200896,1.037361994971078,0.0059984315608579,0.1729388731781596,18969.47,5364569,31422.62,11.0,1,-0.8622986549215874,-0.1103601396283303,True,False,0.733370288248337,0.2616407982261641,0.8713968957871396,0.8669623059866962,0.7494456762749445,-0.11214211261568519,-0.31661867046090797,0.036728395061728425
500639,20106,1034,PlateSprint,PlateSprint Go,food_delivery,native,fr,urgency,late-night,Try for free,"Fast food, fast",Late-night deals available,black,adventurous,order,urgency,18-24,Both,2026-01-31,assets/creative_500639.png,fatigued,0.656818181818182,not_top,Review,238.0,0.7372505543237251,1.0,1.0,24.0,0.8553459119496856,53.0,0.7952755905511811,14.0,0.7450980392156863,0.5805555555555556,2.127564343640599,0.566949036235566,0.0053347029810877,0.1062756517552106,39619.3,8175338,84292.61,12.0,1,-0.8514449512476998,-0.0746753246753246,True,False,0.697339246119734,0.46674057649667405,0.7649667405764967,0.7760532150776053,0.6119733924611973,0.7670865623481387,0.1460706053883859,0.1044753086419754
500504,20084,1012,VoxelRealm,VoxelRealm Legends,gaming,interstitial,pt,gameplay,challenge,Start now,Beat your rivals,Free rewards for new players,lime,excited,install,competitive,45-54,Both,2026-01-22,assets/creative_500504.png,fatigued,0.6543237250554325,not_top,Review,239.0,0.7361419068736141,3.0,0.6,74.0,0.5197368421052632,61.0,0.7887323943661971,20.0,0.6779661016949152,0.6188271604938271,1.3120184424515202,1.2570285242385362,0.0070605319092922,0.1780359525865452,19125.44,3608510,25092.93,12.0,1,-0.8390402662886046,-0.1404521369787362,True,False,0.7649667405764967,0.12638580931263857,0.917960088691796,0.8869179600886918,0.8891352549889135,-0.040111054820026526,-0.09695214119344975,0.055246913580246915
500281,20046,1010,BiteRush,BiteRush Go,food_delivery,interstitial,ja,combo,free delivery,Watch now,"Your cravings, delivered",Free delivery over $15,orange,playful,order,discount,45-54,iOS,2026-01-19,assets/creative_500281.png,fatigued,0.6528824833702883,not_top,Review,240.0,0.7350332594235033,1.0,1.0,25.0,0.8490566037735849,62.0,0.7852112676056338,7.0,0.8604651162790697,0.5959876543209877,1.9584964160271985,0.579220953298412,0.0057854762264169,0.1001163829268952,34013.93,6386164,66616.16,10.0,1,-0.8318959017667671,-0.0250898492819702,True,False,0.7272727272727273,0.4057649667405765,0.7760532150776053,0.6995565410199557,0.7073170731707317,0.06380704515136193,0.15834252245123182,0.11574074074074076
500483,20080,1008,CoinBridge,CoinBridge Wallet,fintech,native,ja,trust,save smarter,Learn more,"Your money, clearer",No hidden fees,green,adventurous,signup,testimonial,25-34,iOS,2026-01-19,assets/creative_500483.png,stable,0.6526053215077606,not_top,Review,241.0,0.7339246119733924,4.0,0.5,36.0,0.75177304964539,54.0,0.7913385826771654,20.0,0.6274509803921569,0.5287037037037038,5.5415046400734935,0.4698914276783304,0.0039862117819947,0.1178791929221564,31872.34,3941336,176620.72,,0,-0.7622955213577547,0.0563646324162738,True,False,0.5886917960088692,0.7682926829268293,0.6463414634146342,0.8248337028824834,0.2660753880266075,0.17110423739434655,0.08715056062000093,0.011111111111111294
500886,20147,1003,CloudRoute,CloudRoute Getaway,travel,native,es,wanderlust,2-for-1,Order now,Book your next trip,Flexible booking options,lime,playful,booking,destination,25-34,Both,2026-01-22,assets/creative_500886.png,fatigued,0.6524390243902439,not_top,Review,242.0,0.7328159645232816,2.0,0.6666666666666666,58.0,0.6068965517241379,55.0,0.7874015748031497,6.0,0.8780487804878049,0.6092592592592593,8.9390385932267,0.3164715904574794,0.0055750688654859,0.0567655033674451,21130.91,4101474,188890.02,12.0,1,-0.79723576589418,-0.1910260499734183,True,False,0.75,0.9645232815964523,0.31042128603104213,0.15521064301552107,0.6740576496674058,-0.7205989188074735,-0.015739327748942156,0.06018518518518523
500866,20144,1000,PixelForge,PixelForge Legends,gaming,interstitial,en,fantasy,save smarter,Get offer,Unlock rare gear,No ads in first week,purple,excited,install,fantasy,25-34,iOS,2026-01-10,assets/creative_500866.png,fatigued,0.651829268292683,not_top,Review,243.0,0.7317073170731707,3.0,0.3333333333333333,75.0,0.5131578947368421,63.0,0.7816901408450704,21.0,0.6610169491525424,0.6166666666666667,1.241745669138557,1.3019470569557583,0.0070613590123434,0.1843762729921975,26387.36,4519385,32766.39,10.0,1,-0.8516544078233519,-0.0593746096514968,True,False,0.761640798226164,0.10975609756097561,0.9246119733924612,0.9024390243902439,0.8913525498891353,-0.3456848538415478,-0.05203360847622762,0.05308641975308648
501058,20176,1032,SwiftStack,SwiftStack Wallet,fintech,native,es,feature-focus,free shipping,Watch now,Save with confidence,"Fast signup, instant card",purple,playful,signup,minimalist,35-44,Android,2026-01-11,assets/creative_501058.png,stable,0.651330376940133,not_top,Review,244.0,0.7305986696230599,3.0,0.6666666666666666,37.0,0.7446808510638298,56.0,0.7834645669291339,21.0,0.6078431372549019,0.525,6.28051812142636,0.4293322445113524,0.0039682803141207,0.1081910073196235,24252.23,3614916,152316.57,,0,-0.6928293381129659,0.0077861952861952,True,False,0.5842572062084257,0.8270509977827051,0.5898004434589801,0.7982261640798226,0.2616407982261641,0.4526538176723305,0.046591377453022886,0.007407407407407529
500089,20014,1014,VaultRun,VaultRun Pay,fintech,interstitial,en,trust,trending,Get offer,Save with confidence,"Fast signup, instant card",purple,urgent,signup,feature-focus,25-34,Android,2026-01-21,assets/creative_500089.png,stable,0.6512195121951219,not_top,Review,245.0,0.729490022172949,4.0,0.4,38.0,0.7375886524822695,64.0,0.778169014084507,10.0,0.71875,0.5373456790123458,6.018475622423272,0.4327813155627082,0.0042177872735316,0.1026086161999177,35861.85,5189688,215833.67,,0,-0.7364826262632551,-0.0258444629564937,True,False,0.6053215077605322,0.8015521064301552,0.5964523281596452,0.7317073170731707,0.32483370288248337,-1.350127434978866,0.05004044850437872,-0.0015432098765432167
500044,20007,1007,ThreadMark,ThreadMark Shop,ecommerce,native,en,product-focus,free shipping,Claim reward,Flash sale live,Shop bestsellers now,purple,playful,purchase,ugc,45-54,Both,2026-01-01,assets/creative_500044.png,stable,0.6509977827050999,not_top,Review,246.0,0.7283813747228381,1.0,1.0,7.0,0.9555555555555556,57.0,0.7795275590551181,2.0,0.9803921568627451,0.649074074074074,2.467511005844395,0.4262597010428515,0.0071947564488793,0.0592458833139859,21663.49,3232771,53454.9,,0,-0.7239713551023332,0.0408334902403815,True,False,0.8181818181818182,0.5720620842572062,0.5798226164079823,0.1951219512195122,0.9046563192904656,0.06582461881942026,0.12216664029093455,0.2429012345679012
500415,20069,1033,NomadLayer,NomadLayer Trips,travel,native,en,urgency,last-minute deal,Shop now,Book your next trip,Hotels + flights in one tap,blue,calm,booking,wanderlust,45-54,iOS,2026-01-19,assets/creative_500415.png,fatigued,0.6504988913525499,not_top,Review,247.0,0.7272727272727273,3.0,0.6,59.0,0.6,58.0,0.7755905511811023,7.0,0.8536585365853658,0.6246913580246913,11.61530082626934,0.2949610522303524,0.0058616805470504,0.0503202195791399,18122.42,5034563,210497.36,14.0,1,-0.8508587531234397,-0.057682826622843,True,False,0.779379157427938,0.9966740576496674,0.24057649667405764,0.05321507760532151,0.7228381374722838,1.823677747274914,-0.03724986597606916,0.07561728395061729
500180,20030,1030,IronQuest,IronQuest Saga,gaming,playable,pt,competitive,free rewards,Claim reward,Level up today,No ads in first week,lime,trustworthy,install,competitive,35-44,Both,2026-01-18,assets/creative_500180.png,fatigued,0.6500554323725057,not_top,Review,248.0,0.7261640798226164,6.0,0.16666666666666666,76.0,0.506578947368421,28.0,0.2894736842105263,26.0,0.2647058823529412,0.6003086419753086,1.4669541602767808,1.1905167444804996,0.0063053217077727,0.1888114198856689,42280.36,9599193,62023.35,10.0,1,-0.8400617428698753,-0.0337174691549527,True,False,0.733370288248337,0.17849223946784923,0.9035476718403548,0.9124168514412417,0.802660753880266,-0.6534513207416939,-0.16346392095148632,-0.1069444444444444
500447,20074,1002,EarnPath,EarnPath Bank,fintech,native,es,minimalist,new collection,Claim reward,Track every euro,No hidden fees,orange,playful,signup,trust,45-54,iOS,2026-01-15,assets/creative_500447.png,stable,0.6498891352549889,not_top,Review,249.0,0.7250554323725056,2.0,0.8333333333333334,39.0,0.7304964539007093,59.0,0.7716535433070866,22.0,0.5882352941176471,0.5175925925925925,8.734314774755585,0.385445575084798,0.0037126166660069,0.1038204613511468,34365.78,8185332,300161.54,,0,-0.7411771291910705,0.0399022771741695,True,False,0.5676274944567627,0.9578713968957872,0.49667405764966743,0.7450110864745011,0.19068736141906872,1.3540021266498812,0.002704708026468494,0.0
501029,20171,1027,WayPoint,WayPoint Escapes,travel,interstitial,es,discount,limited offer,Shop now,Book your next trip,Hotels + flights in one tap,orange,trustworthy,booking,destination,35-44,iOS,2026-01-29,assets/creative_501029.png,fatigued,0.6487804878048781,not_top,Review,250.0,0.7239467849223947,4.0,0.5,60.0,0.593103448275862,65.0,0.7746478873239436,15.0,0.7307692307692307,0.620679012345679,5.941170061317327,0.3533381675471842,0.0060889066699053,0.0580298215595209,27900.76,3359388,165763.16,13.0,1,-0.8572853396383356,-0.0636314728788086,True,False,0.7738359201773836,0.7937915742793792,0.4268292682926829,0.1729490022172949,0.7627494456762749,-1.1795116795733938,0.021127249340762655,0.043209876543209846
501065,20177,1033,NomadLayer,NomadLayer Getaway,travel,interstitial,es,family,discover,Shop now,Book your next trip,Hotels + flights in one tap,blue,premium,booking,wanderlust,18-24,Both,2026-01-31,assets/creative_501065.png,fatigued,0.6484478935698448,not_top,Review,251.0,0.7228381374722838,3.0,0.6666666666666666,61.0,0.5862068965517241,66.0,0.7711267605633803,16.0,0.7115384615384616,0.619753086419753,7.939889254038408,0.3100315341129284,0.0059194866007992,0.0523747336586707,26753.12,4915629,212416.81,12.0,1,-0.8331915099201872,-0.1740455990286948,True,False,0.770509977827051,0.9445676274944568,0.2960088691796009,0.07982261640798226,0.738359201773836,0.6176388081015363,-0.022179384093493182,0.04228395061728385
500842,20140,1032,SwiftStack,SwiftStack Invest,fintech,interstitial,es,trust,late-night,Shop now,Earn cashback daily,Built for peace of mind,black,calm,signup,trust,25-34,iOS,2026-01-17,assets/creative_500842.png,stable,0.6481707317073171,not_top,Review,252.0,0.7217294900221729,4.0,0.25,40.0,0.723404255319149,67.0,0.7676056338028169,11.0,0.6875,0.5404320987654321,4.970910327243375,0.4621808626802474,0.0043612172893338,0.1059751972942502,21853.46,2440603,108631.59,,0,-0.7817012742323821,-0.0044784978147088,True,False,0.6103104212860311,0.7250554323725056,0.6385809312638581,0.7716186252771619,0.3580931263858093,-1.4581858354051134,0.07943999562191789,0.0015432098765431057
500516,20086,1014,VaultRun,VaultRun Pay,fintech,native,es,celebrity,save smarter,Order now,Secure & simple,Built for peace of mind,black,excited,signup,trust,18-24,Android,2026-01-08,assets/creative_500516.png,stable,0.6479490022172949,not_top,Review,253.0,0.720620842572062,2.0,0.8,41.0,0.7163120567375887,60.0,0.7677165354330708,23.0,0.5686274509803921,0.5185185185185185,10.13728367143949,0.3720210475362177,0.0037034722279403,0.1004519609272488,25878.46,7408183,262337.29,,0,-0.6926113486519265,-0.1103818177762546,True,False,0.5703991130820399,0.9855875831485588,0.4678492239467849,0.70509977827051,0.18625277161862527,0.3405461441291848,-0.010719819522111818,0.0009259259259259967
500775,20129,1021,RouteBloom,RouteBloom Travel,travel,rewarded_video,pt,reward,last-minute deal,Get offer,Last-minute savings,Hotels + flights in one tap,purple,calm,booking,destination,35-44,Both,2026-01-14,assets/creative_500775.png,fatigued,0.6477272727272727,not_top,Review,254.0,0.7195121951219512,3.0,0.6666666666666666,62.0,0.5793103448275863,98.0,0.39375,39.0,0.17391304347826086,0.6197530864197531,8.036655897322943,0.3082982266042829,0.0059370789407535,0.0519275943070333,33641.79,6094748,270367.49,10.0,1,-0.8442921288879209,-0.2943677259844419,True,False,0.7716186252771619,0.9490022172949002,0.28713968957871394,0.07317073170731707,0.7416851441241685,-0.9761934957847771,-0.023912691602138658,-0.13302469135802464
500987,20164,1020,NovaPay,NovaPay Wallet,fintech,rewarded_video,es,testimonial,free rewards,Claim reward,Secure & simple,Built for peace of mind,orange,calm,signup,minimalist,18-24,Both,2026-01-03,assets/creative_500987.png,stable,0.6476164079822616,not_top,Review,255.0,0.7184035476718403,1.0,1.0,42.0,0.7092198581560284,99.0,0.3875,7.0,0.25,0.5302469135802469,5.3241707073425,0.4599832857873924,0.0041051278420651,0.1120509040117948,52885.13,6278489,281569.46,,0,-0.7700343544490696,-0.3177930046128353,True,False,0.5898004434589801,0.7516629711751663,0.6363636363636364,0.8148558758314856,0.3004434589800443,-0.13170474638040464,0.0772424187290629,-0.19166666666666665
500975,20162,1018,StormByte,StormByte Arena,gaming,rewarded_video,en,product-focus,save smarter,Shop now,Join the arena,Free rewards for new players,orange,playful,install,gameplay,18-24,iOS,2026-01-08,assets/creative_500975.png,fatigued,0.6469512195121951,not_top,Review,256.0,0.7172949002217295,5.0,0.3333333333333333,77.0,0.5,100.0,0.38125,25.0,0.4418604651162791,0.6157407407407408,0.9933223413202108,1.5683172429379912,0.0073811698089004,0.2124754318816592,46694.51,5238736,46382.7,10.0,1,-0.8841855753994967,-0.1421845566807811,True,False,0.7605321507760532,0.03215077605321508,0.958980044345898,0.9700665188470067,0.917960088691796,-0.01739283323998042,0.21433657750600532,-0.045987654320987614
500498,20083,1011,FluxStream,FluxStream Stream,entertainment,native,ja,trailer,exclusive,Get offer,Watch what’s trending,New hits every week,red,urgent,signup,celebrity,45-54,Both,2026-01-16,assets/creative_500498.png,stable,0.6463968957871398,not_top,Review,257.0,0.7161862527716186,2.0,0.75,44.0,0.7470588235294118,61.0,0.7637795275590551,10.0,0.8235294117647058,0.5669753086419753,2.6932457078450254,0.4831460049892492,0.0050061393322851,0.0965106987481132,18028.24,4499675,48554.48,,0,-0.8070946175572971,-0.2731638027478537,True,False,0.6729490022172949,0.6108647450110865,0.6696230598669624,0.6430155210643016,0.5254988913525499,0.4341242757219912,0.04115902708432867,0.16172839506172854
501048,20174,1030,IronQuest,IronQuest Legends,gaming,interstitial,de,gameplay,watch now,Start now,Win epic rewards,No ads in first week,blue,playful,install,gameplay,18-24,Android,2026-01-13,assets/creative_501048.png,fatigued,0.6463968957871397,not_top,Review,258.0,0.7150776053215078,4.0,0.25,78.0,0.4934210526315789,68.0,0.7640845070422535,22.0,0.6440677966101694,0.6154320987654321,1.2203189167190795,1.271383022083805,0.0071366482290379,0.1781484782885521,25677.55,4401506,31334.8,12.0,1,-0.8493257762667621,-0.031720869603641,True,False,0.7594235033259423,0.09977827050997783,0.9190687361419069,0.8880266075388027,0.9013303769401331,-0.3913241910860179,-0.08259764334818098,0.05185185185185193
500464,20077,1005,MoonScreen,MoonScreen Stream,entertainment,native,en,drama,trending,Try for free,Stream the hype,New hits every week,lime,urgent,signup,drama,18-24,Both,2026-01-12,assets/creative_500464.png,stable,0.6461197339246121,not_top,Review,259.0,0.7139689578713969,2.0,0.8333333333333334,45.0,0.7411764705882353,62.0,0.7598425196850394,11.0,0.803921568627451,0.5691358024691359,2.127307575328052,0.5571062260212417,0.0052338897241836,0.1064421024094344,32911.71,5638063,70013.33,,0,-0.7979038485172515,0.0213039280962361,True,False,0.6762749445676275,0.4656319290465632,0.7594235033259423,0.7804878048780488,0.5853658536585366,0.5035733144660979,0.11511924811632118,0.16388888888888908
500198,20033,1033,NomadLayer,NomadLayer Getaway,travel,rewarded_video,fr,destination,last-minute deal,Learn more,Escape this weekend,Special fares today,purple,trustworthy,booking,destination,25-34,Both,2026-01-24,assets/creative_500198.png,fatigued,0.6435144124168515,not_top,Review,260.0,0.7128603104212861,1.0,1.0,63.0,0.5724137931034483,101.0,0.375,40.0,0.15217391304347827,0.6030864197530864,5.971331765849122,0.3610650270033261,0.0057083572732062,0.063252002235053,40174.78,4702754,239896.94,12.0,1,-0.8347016961371588,-0.1905159203132981,True,False,0.7416851441241685,0.7993348115299335,0.43902439024390244,0.24279379157427938,0.6984478935698448,-0.969717347099099,0.028854108796904532,-0.14969135802469136
500318,20053,1017,PulsePlay,PulsePlay Play,entertainment,interstitial,en,testimonial,save smarter,Shop now,Binge starts now,New hits every week,orange,urgent,signup,ugc,35-44,iOS,2026-01-20,assets/creative_500318.png,stable,0.6429046563192905,not_top,Review,261.0,0.7117516629711752,3.0,0.6666666666666666,46.0,0.7352941176470589,69.0,0.7605633802816901,12.0,0.8333333333333334,0.6046296296296297,1.816406839932576,0.593640563110477,0.0061938161609913,0.0958440721649484,22182.09,3006870,40291.7,,0,-0.7403237013451132,-0.098249103783138,True,False,0.7439024390243902,0.34146341463414637,0.7871396895787139,0.6341463414634146,0.7827050997782705,0.06351271169009354,0.15165358520555644,0.13827160493827173
500314,20052,1016,FreshDash,FreshDash Eats,food_delivery,rewarded_video,fr,discount,late-night,Try for free,2-for-1 tonight,Fresh favorites nearby,orange,trustworthy,order,urgency,45-54,Both,2026-01-25,assets/creative_500314.png,fatigued,0.6426829268292683,not_top,Review,262.0,0.7106430155210643,2.0,0.8333333333333334,26.0,0.8427672955974843,102.0,0.36875,4.0,0.6666666666666666,0.5836419753086419,1.852723005182142,0.611185868926561,0.0057393366936337,0.1064906802914183,22158.79,3683004,41054.1,11.0,1,-0.8608825924066299,0.0154490973932863,True,False,0.7039911308203991,0.3558758314855876,0.7937915742793792,0.7827050997782705,0.7017738359201774,0.0701686292035979,0.1903074380793809,0.0
500002,20000,1000,PixelForge,PixelForge Legends,gaming,rewarded_video,ja,feature-focus,competition,Claim reward,Win epic rewards,No ads in first week,blue,playful,install,fantasy,45-54,Both,2026-02-03,assets/creative_500002.png,fatigued,0.6419068736141909,not_top,Review,263.0,0.7095343680709535,1.0,1.0,79.0,0.4868421052631579,103.0,0.3625,26.0,0.4186046511627907,0.6074074074074074,1.1081073729861737,1.451757521958632,0.0070612608783598,0.2055946589379981,41177.21,5472677,45628.77,11.0,1,-0.883620876002164,0.0192595213269899,True,False,0.746119733924612,0.058758314855875834,0.9434589800443459,0.9556541019955654,0.8902439024390244,0.16623832282385664,0.09777685652664614,-0.05432098765432103
500484,20080,1008,CoinBridge,CoinBridge Wallet,fintech,interstitial,en,family,security,Install now,Save with confidence,No hidden fees,white,calm,signup,testimonial,25-34,iOS,2026-01-06,assets/creative_500484.png,stable,0.641518847006652,not_top,Review,264.0,0.7084257206208425,5.0,0.3333333333333333,43.0,0.7021276595744681,70.0,0.7570422535211268,12.0,0.65625,0.5339506172839507,4.371921705119743,0.4759812831097744,0.0043086038080754,0.1104722792607802,63736.99,6216631,278653.13,,0,-0.7348053783251094,0.0335111191857322,True,False,0.5942350332594235,0.6995565410199557,0.656319290465632,0.8059866962305987,0.34146341463414637,-0.9984786975594035,0.0932404160514449,-0.004938271604938316
500453,20075,1003,CloudRoute,CloudRoute Getaway,travel,interstitial,en,destination,last-minute deal,Try for free,Last-minute savings,Flexible booking options,lime,excited,booking,destination,18-24,Android,2026-01-16,assets/creative_500453.png,fatigued,0.6409645232815964,not_top,Review,265.0,0.7073170731707317,3.0,0.6666666666666666,64.0,0.5655172413793104,71.0,0.7535211267605634,17.0,0.6923076923076923,0.6314814814814814,5.969654477557767,0.3386106451816551,0.0064662248719033,0.052366048488812,27413.27,3310587,163647.75,14.0,1,-0.8453362169015963,0.1843879132231405,True,False,0.7843680709534369,0.7982261640798226,0.3924611973392461,0.0787139689578714,0.8259423503325942,-0.29490371508625035,0.006399726975233555,0.05401234567901225
500613,20102,1030,IronQuest,IronQuest Arena,gaming,interstitial,en,competitive,challenge,Watch now,Win epic rewards,Play with friends tonight,purple,calm,install,fantasy,25-34,Both,2026-01-30,assets/creative_500613.png,fatigued,0.6398004434589801,not_top,Review,266.0,0.7062084257206208,4.0,0.5,80.0,0.48026315789473684,72.0,0.75,23.0,0.6271186440677966,0.6083333333333333,1.1986383338830635,1.2769039743385946,0.0069757236089494,0.1830496799931119,30014.7,4994894,35976.77,13.0,1,-0.870506379163156,-0.1266788275986534,True,False,0.7472283813747228,0.09312638580931264,0.9201773835920177,0.8946784922394678,0.8824833702882483,-0.0661648693971515,-0.07707669109339133,0.04475308641975306
500001,20000,1000,PixelForge,PixelForge Legends,gaming,rewarded_video,en,gameplay,free rewards,Claim reward,Beat your rivals,No ads in first week,blue,excited,install,fantasy,45-54,Both,2026-01-30,assets/creative_500001.png,fatigued,0.6390243902439025,not_top,Review,267.0,0.70509977827051,2.0,0.8333333333333334,81.0,0.47368421052631576,104.0,0.35625,27.0,0.3953488372093023,0.5978395061728395,1.1266953986429848,1.4867974604611736,0.0066877354426202,0.2223170269245354,47396.67,6308862,53401.61,12.0,1,-0.8790466075977256,-0.0800892904071556,True,False,0.7283813747228381,0.06430155210643015,0.9512195121951219,0.9866962305986696,0.8536585365853658,0.1848263484806678,0.13281679502918764,-0.06388888888888888
500721,20120,1012,VoxelRealm,VoxelRealm Arena,gaming,interstitial,es,fantasy,power-up,Shop now,Level up today,No ads in first week,blue,adventurous,install,gameplay,25-34,Android,2026-01-09,assets/creative_500721.png,fatigued,0.6381374722838138,not_top,Review,268.0,0.7039911308203991,4.0,0.5,82.0,0.46710526315789475,73.0,0.7464788732394366,24.0,0.6101694915254238,0.6027777777777777,1.2506220647606492,1.2134967733087183,0.0067806233137941,0.1789653719356518,31556.2,5949748,39464.88,14.0,1,-0.8731306357173888,-0.0449868531570682,True,False,0.7400221729490022,0.11197339246119734,0.9090909090909091,0.8902439024390244,0.8658536585365854,0.012369850155834472,-0.14048389212326762,0.03919753086419753
500785,20130,1022,CraveLoop,CraveLoop Kitchen,food_delivery,native,en,combo,fast,Learn more,Hungry? We got you,Fresh favorites nearby,orange,adventurous,order,food-closeup,18-24,iOS,2026-02-05,assets/creative_500785.png,stable,0.6363636363636365,not_top,Review,269.0,0.7028824833702882,2.0,0.8333333333333334,27.0,0.8364779874213837,63.0,0.7559055118110236,15.0,0.7254901960784313,0.5796296296296296,3.202546402806385,0.4381536052401358,0.0051983738447632,0.0842866670086697,19016.63,7499653,60901.64,,0,-0.8462611670884729,-0.1378741892245828,True,False,0.6962305986696231,0.6651884700665188,0.6042128603104213,0.41685144124168516,0.5809312638580931,0.5765858017686187,0.017275174392955672,0.10354938271604941
500485,20080,1008,CoinBridge,CoinBridge Wallet,fintech,native,ja,trust,save smarter,Learn more,Earn cashback daily,"Fast signup, instant card",white,urgent,signup,testimonial,25-34,iOS,2026-01-12,assets/creative_500485.png,stable,0.6360864745011087,not_top,Review,270.0,0.7017738359201774,6.0,0.16666666666666666,44.0,0.6950354609929078,64.0,0.7519685039370079,24.0,0.5490196078431373,0.5086419753086419,5.521233104924245,0.4675384243408161,0.0037521891699316,0.124604171902488,43398.74,5302238,239614.56,,0,-0.7262576560172157,-0.1957446808510639,True,False,0.5565410199556541,0.7660753880266076,0.6452328159645233,0.8303769401330376,0.1973392461197339,0.15083270224509793,0.08479755728248661,-0.008950617283950635
500292,20048,1012,VoxelRealm,VoxelRealm Legends,gaming,rewarded_video,es,feature-focus,fast,Learn more,Level up today,Free rewards for new players,blue,playful,install,competitive,35-44,Android,2026-01-22,assets/creative_500292.png,fatigued,0.6346452328159646,not_top,Review,271.0,0.7006651884700665,4.0,0.5,83.0,0.4605263157894737,105.0,0.35,28.0,0.37209302325581395,0.5919753086419753,1.1891264917570674,1.3547728740317286,0.0065223126385901,0.207713574785734,34623.6,5545579,41171.84,10.0,1,-0.8623036161376172,-0.1291329203674872,True,False,0.720620842572062,0.08980044345898004,0.9301552106430155,0.9623059866962306,0.8337028824833703,-0.10988356265214128,0.0007922085997427164,-0.06975308641975309
500629,20104,1032,SwiftStack,SwiftStack Invest,fintech,interstitial,es,testimonial,security,Try for free,Earn cashback daily,"Fast signup, instant card",white,trustworthy,signup,feature-focus,45-54,iOS,2026-01-18,assets/creative_500629.png,stable,0.6344789356984479,not_top,Review,272.0,0.6995565410199557,2.0,0.8333333333333334,45.0,0.6879432624113475,74.0,0.7429577464788732,13.0,0.625,0.5141975308641976,6.589949786337766,0.4077609288324566,0.0039396536722525,0.1035017193781178,31278.34,5240816,206122.69,,0,-0.7668739835712779,-0.14127972887221,True,False,0.565410199556541,0.8458980044345898,0.5509977827050998,0.7405764966740577,0.2516629711751663,-0.2835394851487125,0.025020061774127134,-0.024691358024691357
500059,20009,1009,DriftPass,DriftPass Travel,travel,rewarded_video,en,food-closeup,escape,Try for free,Book your next trip,Flexible booking options,purple,premium,booking,discount,18-24,Android,2026-01-04,assets/creative_500059.png,fatigued,0.633259423503326,not_top,Review,273.0,0.6984478935698448,4.0,0.5,65.0,0.5586206896551724,106.0,0.34375,41.0,0.13043478260869565,0.6216049382716049,6.013565089664496,0.3338289797084671,0.0063573049684327,0.0525110847074506,42563.67,5427929,255959.4,13.0,1,-0.8218777293801526,-0.0338179657036833,True,False,0.7749445676274944,0.8004434589800443,0.37250554323725055,0.082039911308204,0.8093126385809313,-1.196840335363948,0.0016180615020455202,-0.13117283950617287
500575,20095,1023,NeonCast,NeonCast Stream,entertainment,interstitial,en,testimonial,watch now,Shop now,Watch what’s trending,New hits every week,blue,adventurous,signup,celebrity,45-54,iOS,2026-01-03,assets/creative_500575.png,fatigued,0.6312638580931265,not_top,Review,274.0,0.697339246119734,4.0,0.5,47.0,0.7294117647058823,75.0,0.7394366197183099,13.0,0.8181818181818182,0.582716049382716,2.349449929478138,0.4877543421255675,0.0054813716351798,0.0889839942606931,34918.25,7374614,82038.68,10.0,1,-0.8222115782968181,0.0294405469981189,True,False,0.7006651884700665,0.5376940133037694,0.6740576496674058,0.4955654101995565,0.6441241685144125,0.041661850786214316,0.04576736422064698,0.11635802469135803
500455,20075,1003,CloudRoute,CloudRoute Getaway,travel,native,en,destination,discover,Claim reward,Fly smarter,Flexible booking options,orange,adventurous,booking,destination,18-24,Android,2026-01-16,assets/creative_500455.png,stable,0.6310421286031042,not_top,Review,275.0,0.6962305986696231,4.0,0.5,66.0,0.5517241379310345,65.0,0.7480314960629921,8.0,0.8292682926829268,0.5793209876543209,7.235740316477087,0.3345223918077563,0.0052523205781859,0.0636903987157794,28877.92,4388346,208953.13,,0,-0.8201525961454104,-0.0697314348555883,True,False,0.6940133037694013,0.8957871396895787,0.37583148558758317,0.24611973392461198,0.5942350332594235,0.9711821238330698,0.0023114736013347126,0.030246913580246892
500905,20150,1006,NeonArena,NeonArena Saga,gaming,playable,en,reward,cashback,Start now,Level up today,No ads in first week,purple,premium,install,fantasy,45-54,iOS,2026-01-13,assets/creative_500905.png,fatigued,0.6306541019955655,not_top,Review,276.0,0.6951219512195121,3.0,0.6666666666666666,84.0,0.45394736842105265,29.0,0.2631578947368421,27.0,0.23529411764705882,0.5996913580246913,0.8913838233133204,1.5253084901702665,0.0070583129602036,0.2161010001639613,32802.02,3456350,29239.19,13.0,1,-0.8893688409213276,-0.0589589218981683,True,False,0.7317073170731707,0.017738359201773836,0.9578713968957872,0.975609756097561,0.8880266075388027,-0.047862059129897494,0.17132782473828057,-0.10756172839506173
500888,20148,1004,SnapMeal,SnapMeal Express,food_delivery,native,de,combo,fast,Get offer,Hungry? We got you,Fresh favorites nearby,blue,excited,order,discount,35-44,iOS,2026-01-26,assets/creative_500888.png,fatigued,0.6282705099778271,not_top,Review,277.0,0.6940133037694013,2.0,0.8333333333333334,28.0,0.8301886792452831,66.0,0.7440944881889764,16.0,0.7058823529411765,0.5820987654320988,2.04767326083233,0.5265422041582235,0.0056617075020747,0.0930006016674784,28432.71,6164748,58220.9,13.0,1,-0.8473358838772722,0.0822209935288817,True,False,0.6995565410199557,0.4445676274944568,0.7239467849223947,0.5798226164079823,0.6906873614190687,0.4567655326866964,0.10566377331104337,0.10601851851851862
500826,20137,1029,BingeLayer,BingeLayer Plus,entertainment,banner,en,drama,trending,Book now,Stream the hype,Cancel anytime,lime,urgent,signup,trailer,45-54,iOS,2026-01-27,assets/creative_500826.png,stable,0.6280487804878048,not_top,Review,278.0,0.6929046563192904,4.0,0.4,48.0,0.7235294117647059,2.0,0.9939759036144579,1.0,1.0,0.5817901234567903,3.0283782698250787,0.4285500682496732,0.0053567552706593,0.080001800828381,13195.66,4146540,39961.45,,0,-0.6827660879941193,-0.1163753868926924,True,False,0.6984478935698448,0.6541019955654102,0.5875831485587583,0.36807095343680707,0.6164079822616408,0.003440809837229608,-0.013436909655247353,0.3413580246913582
500542,20090,1018,StormByte,StormByte Arena,gaming,playable,en,drama,competition,Order now,Win epic rewards,No ads in first week,orange,excited,install,reward,45-54,Both,2026-01-09,assets/creative_500542.png,stable,0.6279933481152993,not_top,Review,279.0,0.6917960088691796,2.0,0.8333333333333334,85.0,0.4473684210526316,30.0,0.23684210526315788,28.0,0.20588235294117646,0.5774691358024692,1.2719106930253972,1.3655702557591676,0.0061090703695461,0.2235315969785776,49110.61,7931485,62464.31,,0,-0.864989900330015,-0.123639564335343,True,False,0.6879157427937915,0.1164079822616408,0.9323725055432373,0.9889135254988913,0.7671840354767184,0.05820635202520874,0.011589590327181654,-0.12978395061728387
500684,20114,1006,NeonArena,NeonArena Quest,gaming,interstitial,pt,gameplay,new collection,Order now,Unlock rare gear,Free rewards for new players,lime,trustworthy,install,fantasy,45-54,Both,2026-01-12,assets/creative_500684.png,stable,0.6277161862527717,not_top,Review,280.0,0.6906873614190687,6.0,0.16666666666666666,86.0,0.4407894736842105,76.0,0.7359154929577465,25.0,0.5932203389830508,0.5604938271604939,1.741797949257764,0.909103362312586,0.0053020363935313,0.1714630558593897,28860.77,10001063,50269.63,,0,-0.8271188964163014,-0.060215568451347,True,False,0.6585365853658537,0.3082039911308204,0.852549889135255,0.8636363636363636,0.6075388026607539,-0.5084347403744518,-0.4448773031193999,-0.0030864197530863224
500106,20017,1017,PulsePlay,PulsePlay Box,entertainment,rewarded_video,de,product-focus,trending,Start now,Exclusive tonight,New hits every week,red,trustworthy,install,trailer,25-34,iOS,2026-01-19,assets/creative_500106.png,stable,0.6275498891352549,not_top,Review,281.0,0.6895787139689579,1.0,1.0,49.0,0.7176470588235294,107.0,0.3375,24.0,0.46511627906976744,0.579320987654321,1.7124983774732303,0.6359339588118983,0.0059109876964614,0.1075850587868067,39521.69,4877865,67680.83,,0,-0.8267397790217412,-0.0296714358282353,True,False,0.6951219512195121,0.29379157427937913,0.7993348115299335,0.7937915742793792,0.7361419068736141,0.006684803730649724,0.19394698090697776,-0.0537037037037037
500788,20131,1023,NeonCast,NeonCast Stream,entertainment,rewarded_video,de,celebrity,new season,Order now,Stream the hype,New hits every week,black,adventurous,signup,drama,35-44,iOS,2026-01-19,assets/creative_500788.png,stable,0.6271064301552107,not_top,Review,282.0,0.688470066518847,1.0,1.0,50.0,0.711764705882353,108.0,0.33125,25.0,0.4418604651162791,0.5753086419753086,1.9265471088203632,0.5546074677907475,0.005607432456307,0.0989057776642397,27226.43,4188548,52453.0,,0,-0.8221562055052096,-0.076668128868743,True,False,0.6851441241685144,0.3968957871396896,0.7583148558758315,0.6807095343680709,0.6818181818181818,-0.01974030423549511,0.11262048988582701,-0.05771604938271613
500958,20159,1015,HorizonHop,HorizonHop Escapes,travel,rewarded_video,en,wanderlust,trending,Try for free,Book your next trip,Special fares today,orange,excited,booking,wanderlust,45-54,Android,2026-01-16,assets/creative_500958.png,fatigued,0.626219512195122,not_top,Review,283.0,0.6873614190687362,3.0,0.6666666666666666,67.0,0.5448275862068965,109.0,0.325,42.0,0.10869565217391304,0.6151234567901235,5.4496906523662245,0.3436712621993603,0.0063162318506188,0.0544108054180576,36455.75,4126036,198672.56,11.0,1,-0.8432180637004865,-0.0753531018387752,True,False,0.7577605321507761,0.7627494456762749,0.40022172949002216,0.12195121951219512,0.8037694013303769,-0.2592591858865285,0.011460343992938715,-0.1376543209876543
500445,20074,1002,EarnPath,EarnPath Bank,fintech,interstitial,es,testimonial,save smarter,Shop now,"Your money, clearer",Built for peace of mind,blue,excited,signup,trust,45-54,iOS,2026-01-13,assets/creative_500445.png,stable,0.6258314855875833,not_top,Review,284.0,0.6862527716186253,3.0,0.6666666666666666,46.0,0.6808510638297872,77.0,0.7323943661971831,14.0,0.59375,0.4966049382716049,7.246987692220824,0.3936255832930875,0.0036663299863656,0.1073622900166921,40379.34,7679887,292628.58,,0,-0.7665106080937764,-0.0875370029540499,True,False,0.5271618625277162,0.8968957871396895,0.5133037694013304,0.7926829268292683,0.1762749445676275,-0.13332495588488058,0.010884716234758007,-0.04228395061728407
500882,20147,1003,CloudRoute,CloudRoute Getaway,travel,banner,es,wanderlust,save smarter,Start now,Escape this weekend,Special fares today,blue,urgent,booking,destination,25-34,Both,2026-01-24,assets/creative_500882.png,stable,0.6251662971175167,not_top,Review,285.0,0.6851441241685144,3.0,0.3333333333333333,68.0,0.5379310344827586,3.0,0.9879518072289156,1.0,1.0,0.5938271604938271,9.042519577800476,0.2976847289372257,0.0055888435626964,0.0532641011682927,19824.75,4272977,179265.69,,0,-0.775591769896426,0.0088985784520922,True,False,0.7228381374722838,0.967849223946785,0.24944567627494457,0.10199556541019955,0.6796008869179601,-0.617117934233697,-0.03452618926919587,0.22206790123456782
501063,20177,1033,NomadLayer,NomadLayer Getaway,travel,native,it,destination,power-up,Start now,Fly smarter,Flexible booking options,blue,excited,booking,wanderlust,18-24,Both,2026-02-01,assets/creative_501063.png,fatigued,0.6251108647450111,not_top,Review,286.0,0.6840354767184036,4.0,0.5,69.0,0.5310344827586206,67.0,0.7401574803149606,9.0,0.8048780487804879,0.590432098765432,9.74655310697781,0.2970649064679149,0.0054901653987284,0.0541085531843387,23564.7,5419691,229674.6,14.0,1,-0.7961717150203373,-0.1043478260869564,True,False,0.7161862527716186,0.9822616407982262,0.24501108647450112,0.11529933481152993,0.6507760532150776,2.4243026610409384,-0.03514601173850668,0.041358024691357964
500617,20102,1030,IronQuest,IronQuest Arena,gaming,rewarded_video,en,reward,challenge,Install now,Beat your rivals,Free rewards for new players,purple,playful,install,fantasy,25-34,Both,2026-01-21,assets/creative_500617.png,fatigued,0.625110864745011,not_top,Review,287.0,0.6829268292682927,5.0,0.3333333333333333,87.0,0.4342105263157895,110.0,0.31875,29.0,0.3488372093023256,0.5904320987654321,1.0770036702501498,1.395403374903706,0.0067362937943321,0.207147048140594,38417.0,5313159,41375.25,10.0,1,-0.8834758315596857,-0.0615396327320046,True,False,0.7172949002217295,0.04767184035476718,0.9356984478935698,0.9611973392461197,0.8603104212860311,-0.18779953303006525,0.04142270947172011,-0.0712962962962963
500387,20064,1028,QuickFork,QuickFork Express,food_delivery,native,it,combo,late-night,Order now,2-for-1 tonight,Late-night deals available,yellow,premium,order,combo,45-54,Both,2026-01-01,assets/creative_500387.png,stable,0.6236141906873613,not_top,Review,288.0,0.6818181818181818,3.0,0.5,29.0,0.8238993710691824,68.0,0.7362204724409449,17.0,0.6862745098039216,0.5567901234567901,2.105776331461374,0.5330849820558247,0.0052286320691446,0.1019549616431576,33230.78,6955739,69976.59,,0,-0.8144885563398848,-0.1658915649139472,True,False,0.6524390243902439,0.46008869179600886,0.729490022172949,0.7250554323725056,0.5842572062084257,0.16963799915408972,0.11220655120864453,0.08070987654320994
500176,20029,1029,BingeLayer,BingeLayer Plus,entertainment,interstitial,pt,celebrity,exclusive,Book now,Binge starts now,New hits every week,red,playful,install,ugc,35-44,iOS,2026-01-14,assets/creative_500176.png,stable,0.6232815964523283,not_top,Review,289.0,0.6807095343680709,1.0,1.0,51.0,0.7058823529411765,78.0,0.7288732394366197,14.0,0.803030303030303,0.5765432098765432,2.0461741192468987,0.5246006726398835,0.0055935270032109,0.0937870993272655,26120.26,4517722,53446.6,,0,-0.820567937635804,-0.0463509800878388,True,False,0.6862527716186253,0.4434589800443459,0.7217294900221729,0.5953436807095344,0.6807095343680709,0.23582594156811565,0.082613694734963,0.11018518518518516
500506,20084,1012,VoxelRealm,VoxelRealm Legends,gaming,interstitial,en,food-closeup,save smarter,Get offer,Level up today,No ads in first week,purple,premium,install,competitive,45-54,Both,2026-01-16,assets/creative_500506.png,fatigued,0.622339246119734,not_top,Review,290.0,0.6796008869179601,4.0,0.4,88.0,0.4276315789473684,79.0,0.7253521126760564,26.0,0.576271186440678,0.5882716049382716,1.2306561741658963,1.1611239642419824,0.0065245449682633,0.1779624433412475,22738.78,4260527,27983.62,10.0,1,-0.8637097586801825,-0.2314514485126415,True,False,0.7139689578713969,0.10643015521064302,0.8991130820399114,0.885809312638581,0.8348115299334812,-0.1214733231056504,-0.19285670119000353,0.024691358024691357
500602,20100,1028,QuickFork,QuickFork Kitchen,food_delivery,rewarded_video,ja,gameplay,fast,Book now,Hungry? We got you,Fresh favorites nearby,red,excited,order,combo,45-54,iOS,2026-01-07,assets/creative_500602.png,fatigued,0.6221729490022174,not_top,Review,291.0,0.6784922394678492,1.0,1.0,30.0,0.8176100628930818,111.0,0.3125,5.0,0.5555555555555556,0.6015432098765432,1.5232592849757205,0.6814039455949854,0.0067941845362703,0.1002922340359385,39864.94,4734343,60724.64,10.0,1,-0.8494061577017884,-0.0711135524676915,True,False,0.7350332594235033,0.2006651884700665,0.8215077605321508,0.7028824833702882,0.8680709534368071,0.04117493037171216,0.2605255147478053,0.01790123456790127
500901,20150,1006,NeonArena,NeonArena Saga,gaming,rewarded_video,ja,reward,free rewards,Order now,Win epic rewards,Play with friends tonight,purple,calm,install,fantasy,45-54,iOS,2026-01-22,assets/creative_500901.png,fatigued,0.6218957871396896,not_top,Review,292.0,0.6773835920177383,4.0,0.5,89.0,0.42105263157894735,112.0,0.30625,30.0,0.32558139534883723,0.5854938271604938,0.9527779083345084,1.500623496481341,0.0066278490901183,0.2264118383019112,29999.73,3497213,28583.08,11.0,1,-0.8826633775687598,-0.0558854489836814,True,False,0.7084257206208425,0.025498891352549888,0.9534368070953437,0.991130820399113,0.8470066518847007,0.013532025891290433,0.14664283104935505,-0.07623456790123462
500098,20016,1016,FreshDash,FreshDash Bites,food_delivery,interstitial,es,discount,book now,Try for free,Hungry? We got you,Late-night deals available,yellow,excited,order,combo,25-34,Android,2026-01-22,assets/creative_500098.png,stable,0.6211751662971174,not_top,Review,293.0,0.6762749445676275,1.0,1.0,31.0,0.8113207547169812,80.0,0.721830985915493,8.0,0.8372093023255814,0.5608024691358025,2.7421905260314547,0.4521032407449171,0.0050837304808614,0.0889313944645449,26617.99,8535661,72991.6,,0,-0.858040867794128,-0.1895858194633448,True,False,0.6596452328159645,0.6219512195121951,0.6263858093126385,0.4933481152993348,0.5443458980044346,0.4533421572333305,0.03122480989773696,0.08055555555555555
500372,20062,1026,ClearLedger,ClearLedger Cash,fintech,native,es,urgency,save smarter,Try for free,Earn cashback daily,No hidden fees,green,calm,signup,minimalist,35-44,iOS,2026-01-25,assets/creative_500372.png,stable,0.6194567627494456,not_top,Review,294.0,0.6751662971175166,1.0,1.0,47.0,0.6737588652482269,69.0,0.7322834645669292,25.0,0.5294117647058824,0.4888888888888889,7.93796167438304,0.3732073285025685,0.0035332653871164,0.1056267468227601,24273.06,5366990,192678.62,,0,-0.7169312356727078,-0.2121058820312286,True,False,0.5127494456762749,0.9434589800443459,0.4722838137472284,0.7671840354767184,0.14634146341463414,0.3328622306923581,-0.009533538555761,-0.02870370370370362
500113,20018,1018,StormByte,StormByte Saga,gaming,playable,it,reward,competition,Book now,Join the arena,No ads in first week,orange,trustworthy,install,fantasy,25-34,Android,2026-01-15,assets/creative_500113.png,fatigued,0.6192350332594235,not_top,Review,295.0,0.6735033259423503,2.0,0.8333333333333334,90.0,0.41118421052631576,31.0,0.21052631578947367,29.0,0.17647058823529413,0.5830246913580247,1.1456034471882637,1.2811672644649803,0.0064700603061367,0.1980147330697687,34875.96,5434107,39954.02,12.0,1,-0.8847901600255557,-0.1513943057774639,True,False,0.7028824833702882,0.07206208425720621,0.9223946784922394,0.9412416851441242,0.8292682926829268,-0.026289221474149915,-0.07281340096700561,-0.12422839506172834
501011,20168,1024,GlitchWave,GlitchWave Rush,gaming,native,es,reward,free rewards,Get offer,Level up today,Free rewards for new players,orange,calm,install,reward,18-24,Both,2026-01-28,assets/creative_501011.png,stable,0.6192350332594235,not_top,Review,295.0,0.6735033259423503,5.0,0.2,90.0,0.41118421052631576,70.0,0.7283464566929134,6.0,0.4444444444444444,0.5530864197530865,1.7362223645695198,0.8975728186051866,0.0052515561092197,0.1709155914814239,14003.31,4899881,24312.86,,0,-0.85646445094239,-0.0775108285852614,True,False,0.6441241685144125,0.30376940133037694,0.8503325942350333,0.8603104212860311,0.5909090909090909,-0.03240356124706145,-0.45640784682679936,-0.038580246913580196
500880,20146,1002,EarnPath,EarnPath Saver,fintech,native,fr,trust,earn more,Book now,Track every euro,"Fast signup, instant card",blue,trustworthy,signup,testimonial,35-44,Android,2026-01-17,assets/creative_500880.png,stable,0.6175720620842573,not_top,Review,297.0,0.6718403547671841,3.0,0.6666666666666666,48.0,0.6666666666666666,71.0,0.7244094488188977,26.0,0.5098039215686274,0.4966049382716049,7.139657262795905,0.3909270264085377,0.003769670199532,0.103703243444762,22030.29,4269339,157288.72,,0,-0.7416416989347294,-0.0886583067160424,True,False,0.5271618625277162,0.885809312638581,0.5055432372505543,0.7416851441241685,0.19955654101995565,0.32248186683052715,0.008186159350208222,-0.020987654320987592
500759,20126,1018,StormByte,StormByte Arena,gaming,playable,fr,urgency,challenge,Learn more,Level up today,Free rewards for new players,purple,trustworthy,install,reward,18-24,Android,2026-01-14,assets/creative_500759.png,stable,0.6175166297117516,not_top,Review,298.0,0.6707317073170732,1.0,1.0,92.0,0.40131578947368424,32.0,0.18421052631578946,30.0,0.14705882352941177,0.5688271604938272,1.2840217636870246,1.2520713255347584,0.0060190543018575,0.2080179481265594,42492.8,7923670,54561.68,,0,-0.8842783891307606,-0.0231629687695466,True,False,0.6751662971175166,0.12084257206208426,0.9168514412416852,0.9634146341463414,0.7505543237250555,0.0528587500213169,-0.1019093398972275,-0.13842592592592584
500543,20090,1018,StormByte,StormByte Arena,gaming,rewarded_video,en,competitive,security,Shop now,Beat your rivals,Play with friends tonight,lime,trustworthy,install,reward,45-54,Both,2026-01-15,assets/creative_500543.png,stable,0.6172949002217296,not_top,Review,299.0,0.6696230598669624,3.0,0.6666666666666666,93.0,0.39473684210526316,113.0,0.3,31.0,0.3023255813953488,0.5790123456790123,1.226790225485861,1.2044415969093618,0.006295041424065,0.1913317984382046,37474.19,6692728,45972.97,,0,-0.883910244689407,-0.0677409601011896,True,False,0.6929046563192904,0.10421286031042129,0.9079822616407982,0.9246119733924612,0.8004434589800443,0.013085884485672494,-0.1495390685226241,-0.08271604938271615
500041,20006,1006,NeonArena,NeonArena Quest,gaming,rewarded_video,it,fantasy,fast,Shop now,Unlock rare gear,Play with friends tonight,blue,playful,install,reward,25-34,iOS,2026-01-05,assets/creative_500041.png,stable,0.6172949002217295,not_top,Review,300.0,0.6685144124168514,6.0,0.16666666666666666,94.0,0.3881578947368421,114.0,0.29375,32.0,0.27906976744186046,0.5780864197530864,1.316435287900001,1.1597162368229132,0.0062463700855267,0.1856624280892436,37748.35,7541500,49693.26,,0,-0.8302316134011848,0.0231964844920946,True,False,0.6901330376940134,0.12749445676274945,0.8968957871396895,0.9057649667405765,0.7882483370288248,-0.37191517249982864,-0.19426442860907267,-0.08364197530864204
500270,20045,1009,DriftPass,DriftPass Trips,travel,interstitial,es,feature-focus,escape,Get offer,Last-minute savings,Hotels + flights in one tap,orange,excited,booking,family,18-24,Android,2026-01-17,assets/creative_500270.png,fatigued,0.617239467849224,not_top,Review,301.0,0.6674057649667405,2.0,0.6666666666666666,70.0,0.5241379310344828,81.0,0.7183098591549296,18.0,0.6730769230769231,0.5993827160493828,9.10589099538748,0.2864177660688047,0.0058274494994339,0.0491497637339676,23917.52,5338356,217790.33,10.0,1,-0.8265978053046019,-0.1373321472444614,True,False,0.7305986696230599,0.9700665188470067,0.2139689578713969,0.038802660753880266,0.7161862527716186,-1.7043021693175167,-0.045793152137616866,0.02191358024691359
500300,20050,1014,VaultRun,VaultRun Cash,fintech,native,pt,feature-focus,cashback,Order now,Earn cashback daily,Built for peace of mind,white,trustworthy,signup,minimalist,35-44,Android,2026-01-29,assets/creative_500300.png,stable,0.6172394678492239,not_top,Review,302.0,0.6662971175166297,2.0,0.8333333333333334,49.0,0.6595744680851063,72.0,0.7204724409448819,27.0,0.49019607843137253,0.5021604938271605,6.966146869234955,0.3881782035588955,0.0039068460035346,0.0993584603047313,34138.94,6383666,237816.87,,0,-0.7488149636713405,-0.1134364573855019,True,False,0.5454545454545454,0.8725055432372506,0.5011086474501109,0.6873614190687362,0.2394678492239468,0.8652892711742597,0.005437336500565992,-0.015432098765431945
500454,20075,1003,CloudRoute,CloudRoute Getaway,travel,interstitial,ja,family,escape,Claim reward,Dream destinations await,Special fares today,orange,playful,booking,destination,18-24,Android,2026-01-18,assets/creative_500454.png,stable,0.6169068736141907,not_top,Review,303.0,0.6651884700665188,5.0,0.3333333333333333,71.0,0.5172413793103449,82.0,0.7147887323943662,19.0,0.6538461538461539,0.5774691358024692,6.021506006737846,0.3500450102961842,0.0054602602643044,0.064107751893173,26097.36,3168164,157145.41,,0,-0.8530124527855977,0.078232524447664,True,False,0.6879157427937915,0.802660753880266,0.41685144124168516,0.2572062084257206,0.6396895787139689,-0.24305218590617095,0.01783409208976261,0.0
500561,20093,1021,RouteBloom,RouteBloom Travel,travel,interstitial,it,discount,book now,Order now,Book your next trip,Special fares today,white,playful,booking,discount,18-24,Android,2026-01-25,assets/creative_500561.png,fatigued,0.6150776053215077,not_top,Review,304.0,0.664079822616408,5.0,0.2,72.0,0.5103448275862069,83.0,0.7112676056338029,20.0,0.6346153846153846,0.6024691358024691,8.890627927073199,0.2823543422534854,0.0059601902341027,0.047373377553945,18202.91,4097688,161835.30000000002,11.0,1,-0.8361536500901119,-0.1661459377677316,True,False,0.7378048780487805,0.9600886917960089,0.20288248337028825,0.022172949002217297,0.7427937915742794,-1.7763480104416995,-0.04985657595293619,0.02499999999999991
500274,20045,1009,DriftPass,DriftPass Trips,travel,native,es,family,escape,Order now,Dream destinations await,Special fares today,blue,premium,booking,family,18-24,Android,2026-01-21,assets/creative_500274.png,fatigued,0.6139135254988914,not_top,Review,305.0,0.6629711751662971,3.0,0.3333333333333333,73.0,0.503448275862069,73.0,0.7165354330708661,10.0,0.7804878048780488,0.6027777777777777,10.636166320649254,0.2684127903254039,0.0059112267316936,0.0454072906536101,17908.54,5044469,190478.21,12.0,1,-0.8444457851132735,-0.0897655263561593,True,False,0.7400221729490022,0.9933481152993349,0.15964523281596452,0.007760532150776054,0.7372505543237251,-0.1740268440557422,-0.06379812788101769,0.0537037037037037
500628,20104,1032,SwiftStack,SwiftStack Invest,fintech,native,fr,trust,cashback,Claim reward,"Your money, clearer",No hidden fees,orange,playful,signup,feature-focus,45-54,iOS,2026-01-17,assets/creative_500628.png,stable,0.6118070953436807,not_top,Review,306.0,0.6618625277161863,3.0,0.6666666666666666,50.0,0.6524822695035462,74.0,0.7125984251968503,28.0,0.47058823529411764,0.4922839506172839,7.579138989191723,0.3730319467679282,0.0037014129330588,0.1007809594644849,31111.34,6538314,235797.17,,0,-0.7552449197439595,-0.0127904981673687,True,False,0.5182926829268293,0.9201773835920177,0.4700665188470067,0.7117516629711752,0.18514412416851442,0.7056497177052439,-0.009708920290401268,-0.025308641975308577
500557,20092,1020,NovaPay,NovaPay Pay,fintech,native,fr,drama,earn more,Install now,Secure & simple,Built for peace of mind,orange,adventurous,signup,testimonial,18-24,Android,2026-01-21,assets/creative_500557.png,stable,0.6096452328159646,not_top,Review,307.0,0.6607538802660754,4.0,0.5,51.0,0.6453900709219859,75.0,0.7086614173228346,29.0,0.45098039215686275,0.4898148148148148,7.575162030537618,0.3719863815825234,0.0036749961704377,0.1012208895821007,23933.76,5059325,181302.11,,0,-0.712008981358646,-0.0479884286653518,True,False,0.5144124168514412,0.9190687361419069,0.46674057649667405,0.7172949002217295,0.18070953436807094,-0.1629963660058964,-0.010754485475806097,-0.02777777777777768
500155,20025,1025,LuxShelf,LuxShelf Market,ecommerce,interstitial,en,ugc,limited offer,Start now,Your next favorite pick,Shop bestsellers now,beige,calm,purchase,ugc,45-54,Both,2026-01-17,assets/creative_500155.png,stable,0.6095343680709535,not_top,Review,308.0,0.6596452328159645,1.0,1.0,8.0,0.9481481481481482,84.0,0.7077464788732394,2.0,0.96875,0.6126543209876544,2.088866582123336,0.4478016128919959,0.0069009819754354,0.0648895497026338,22584.08,2728887,47175.13,,0,-0.7287313095719402,-0.1130948392716326,True,False,0.7549889135254989,0.4523281596452328,0.6197339246119734,0.26718403547671843,0.8758314855875832,0.18523434322759513,0.14370855214007894,0.1108024691358025
500301,20050,1014,VaultRun,VaultRun Cash,fintech,interstitial,pt,trust,earn more,Try for free,Secure & simple,"Fast signup, instant card",white,calm,signup,minimalist,35-44,Android,2026-01-26,assets/creative_500301.png,stable,0.6090354767184035,not_top,Review,309.0,0.6585365853658537,3.0,0.6666666666666666,52.0,0.6382978723404256,85.0,0.704225352112676,15.0,0.5625,0.5132716049382716,5.767273184102584,0.4040563917819945,0.0042361829433585,0.0953821865544007,35979.18,5382912,207501.76,,0,-0.7598327974375568,-0.1139604159450926,True,False,0.5626385809312638,0.7860310421286031,0.541019955654102,0.6274944567627494,0.3303769401330377,-0.33358441395811145,0.02131552472366499,-0.025617283950617353
500127,20021,1021,RouteBloom,RouteBloom Getaway,travel,interstitial,es,destination,discover,Shop now,Book your next trip,Hotels + flights in one tap,teal,playful,booking,discount,35-44,iOS,2026-01-28,assets/creative_500127.png,fatigued,0.608980044345898,not_top,Review,310.0,0.6574279379157428,4.0,0.5,74.0,0.496551724137931,86.0,0.7007042253521126,21.0,0.6153846153846154,0.5916666666666667,6.155751719796082,0.3237679628119422,0.0059311041502933,0.0545881432205047,26049.6,3446913,160354.87,13.0,1,-0.8209709648828164,-0.3391304347826086,True,False,0.7189578713968958,0.8181818181818182,0.3348115299334812,0.1286031042128603,0.7405764966740577,-0.44874245449644246,-0.008442955394479368,0.014197530864197505
500787,20131,1023,NeonCast,NeonCast Stream,entertainment,native,de,drama,new season,Order now,Exclusive tonight,Start free today,blue,excited,signup,drama,35-44,iOS,2026-01-22,assets/creative_500787.png,stable,0.6083702882483372,not_top,Review,311.0,0.656319290465632,2.0,0.8333333333333334,52.0,0.7,76.0,0.7047244094488189,12.0,0.7843137254901961,0.537962962962963,2.533216771224504,0.4710867478368795,0.004861809167041,0.0968953596596197,26240.66,6187820,66473.28,,0,-0.8127211063423843,-0.1126879234174459,True,False,0.606430155210643,0.5886917960088692,0.6485587583148559,0.6463414634146342,0.48558758314855877,0.5869293581686459,0.029099769931958952,0.1327160493827162
500644,20107,1035,StarVault,StarVault Plus,entertainment,native,it,celebrity,2-for-1,Order now,A new season drops,Start free today,orange,calm,install,ugc,25-34,iOS,2026-01-11,assets/creative_500644.png,stable,0.6055986696230599,not_top,Review,312.0,0.655210643015521,2.0,0.8333333333333334,53.0,0.6941176470588235,77.0,0.7007874015748031,13.0,0.7647058823529411,0.5324074074074074,2.467031248927868,0.4794170426722843,0.0047963260788931,0.0999550561797752,30604.89,6958451,75503.22,,0,-0.7969285176313993,-0.3261141202646014,True,False,0.5920177383592018,0.5709534368070953,0.664079822616408,0.6984478935698448,0.4678492239467849,0.32016064478296524,0.03743006476736377,0.12716049382716066
500499,20083,1011,FluxStream,FluxStream Stream,entertainment,interstitial,it,trailer,late-night,Install now,Exclusive tonight,Cancel anytime,red,excited,signup,celebrity,45-54,Both,2026-01-10,assets/creative_500499.png,stable,0.6042128603104213,not_top,Review,313.0,0.6541019955654102,3.0,0.5,54.0,0.6882352941176471,87.0,0.6971830985915493,15.0,0.7878787878787878,0.5524691358024691,2.197441628362516,0.4943178964313147,0.005250468693404,0.0941473847948668,24688.36,4897658,54251.23,,0,-0.7963396094335596,-0.1554568625540403,True,False,0.6391352549889135,0.4878048780487805,0.6840354767184036,0.6031042128603105,0.5898004434589801,-0.06167980376051796,0.052330918526394155,0.08611111111111114
500580,20096,1024,GlitchWave,GlitchWave Legends,gaming,rewarded_video,en,reward,book now,Start now,Win epic rewards,No ads in first week,purple,playful,install,gameplay,45-54,Android,2026-02-06,assets/creative_500580.png,stable,0.6033813747228381,not_top,Review,314.0,0.6529933481152993,1.0,1.0,95.0,0.3815789473684211,115.0,0.2875,33.0,0.2558139534883721,0.571604938271605,0.9910828778088864,1.3531884568322432,0.0064629116644844,0.2093775262732417,42992.57,5741994,42609.2,,0,-0.882778045202941,-0.045967403259674,True,False,0.6801552106430155,0.031042128603104215,0.9290465631929047,0.9656319290465631,0.8237250554323725,0.009089768417187005,-0.0007922085997427164,-0.09012345679012346
500961,20160,1016,FreshDash,FreshDash Eats,food_delivery,native,it,discount,2-for-1,Claim reward,Dinner in minutes,Free delivery over $15,orange,calm,order,combo,45-54,iOS,2026-01-24,assets/creative_500961.png,stable,0.602549889135255,not_top,Review,315.0,0.6518847006651884,3.0,0.6666666666666666,32.0,0.8050314465408805,78.0,0.6968503937007874,18.0,0.6666666666666666,0.5243827160493827,2.924903078808902,0.4453735129039507,0.0045894065827925,0.097043812717276,24261.98,8837526,70963.94,,0,-0.8276251718674849,-0.1412994573821568,True,False,0.582039911308204,0.6430155210643016,0.614190687361419,0.6507760532150776,0.4212860310421286,0.1586731927727918,0.02449508205677059,0.048302469135802495
501030,20171,1027,WayPoint,WayPoint Escapes,travel,native,es,family,watch now,Watch now,Escape this weekend,Special fares today,blue,trustworthy,booking,destination,35-44,iOS,2026-01-19,assets/creative_501030.png,stable,0.6019401330376941,not_top,Review,316.0,0.6507760532150776,5.0,0.3333333333333333,75.0,0.4896551724137931,79.0,0.6929133858267716,11.0,0.7560975609756098,0.5524691358024691,7.252636732374346,0.3257184081111168,0.0050704886374486,0.0642380708055413,50819.53,7687622,368575.59,,0,-0.786411181027591,-0.2255756494286399,True,False,0.6391352549889135,0.8991130820399114,0.34146341463414637,0.2616407982261641,0.541019955654102,0.13195499148362533,-0.006492510095304771,0.003395061728395099
500064,20010,1010,BiteRush,BiteRush Delivery,food_delivery,interstitial,es,discount,2-for-1,Try for free,"Fast food, fast",Free delivery over $15,purple,excited,order,discount,25-34,Both,2026-01-20,assets/creative_500064.png,stable,0.6011640798226163,not_top,Review,317.0,0.6496674057649667,1.0,1.0,33.0,0.7987421383647799,88.0,0.6936619718309859,9.0,0.813953488372093,0.5638888888888888,2.439404085138611,0.4457099281673173,0.0054136547943896,0.0823306888036568,23819.51,7031479,58105.41,,0,-0.8585167754338938,0.0705917890334708,True,False,0.6662971175166297,0.5631929046563193,0.61529933481153,0.3924611973392461,0.6308203991130821,0.06111884962204561,0.024831497320137175,0.08364197530864187
500016,20002,1002,EarnPath,EarnPath Invest,fintech,interstitial,es,testimonial,earn more,Order now,Secure & simple,"Fast signup, instant card",blue,urgent,signup,trust,18-24,iOS,2026-01-03,assets/creative_500016.png,stable,0.599889135254989,not_top,Review,318.0,0.6485587583148559,1.0,1.0,53.0,0.6312056737588653,89.0,0.6901408450704225,16.0,0.53125,0.4858024691358024,6.453928537255652,0.3944508821936297,0.0037789865206851,0.1043800712266402,42744.79,7207488,275871.82,,0,-0.7855275280705257,-0.1495783477374587,True,False,0.503880266075388,0.8381374722838137,0.516629711751663,0.753880266075388,0.2017738359201774,0.32751516957571347,0.011710015135300234,-0.05308641975308659
500746,20124,1016,FreshDash,FreshDash Delivery,food_delivery,rewarded_video,fr,product-focus,fast,Try for free,2-for-1 tonight,Free delivery over $15,yellow,calm,order,discount,35-44,iOS,2026-01-13,assets/creative_500746.png,stable,0.5995565410199556,not_top,Review,319.0,0.647450110864745,1.0,1.0,34.0,0.7924528301886793,116.0,0.28125,6.0,0.4444444444444444,0.5537037037037037,1.6247997056702057,0.6674182236355881,0.0056673012955263,0.1177664974619289,41314.2,5387926,67127.3,,0,-0.8418603999093264,-0.0906262501733131,True,False,0.6452328159645233,0.24611973392461198,0.8148558758314856,0.8237250554323725,0.6917960088691796,0.2606955198546115,0.24653979278840799,-0.029938271604938227
500627,20104,1032,SwiftStack,SwiftStack Invest,fintech,interstitial,es,trust,cashback,Shop now,Secure & simple,No hidden fees,blue,premium,signup,feature-focus,45-54,iOS,2026-01-21,assets/creative_500627.png,stable,0.5988359201773836,not_top,Review,320.0,0.6463414634146342,4.0,0.5,54.0,0.624113475177305,90.0,0.6866197183098591,17.0,0.5,0.5037037037037037,6.276094059370347,0.3839172320933602,0.0041256320719113,0.0930565851247837,29207.51,4904703,183309.08,,0,-0.783039411991616,-0.1807652543029044,True,False,0.5509977827050998,0.8259423503325942,0.49223946784922396,0.5831485587583148,0.30376940133037694,-0.5973952121161314,0.001176365035030713,-0.03518518518518532
500430,20071,1035,StarVault,StarVault Play,entertainment,interstitial,fr,celebrity,save smarter,Claim reward,Stream the hype,Start free today,red,calm,install,celebrity,25-34,Android,2026-01-24,assets/creative_500430.png,stable,0.5984478935698447,not_top,Review,321.0,0.6452328159645233,2.0,0.8333333333333334,55.0,0.6823529411764706,91.0,0.6830985915492958,16.0,0.7727272727272727,0.554320987654321,2.580194926236929,0.4358509422403331,0.0051984753076871,0.0838420722314143,25348.05,6743131,65402.91,,0,-0.8321650399538384,-0.0693112796937932,True,False,0.6463414634146342,0.5953436807095344,0.6031042128603105,0.41352549889135254,0.582039911308204,0.053970215018974255,-0.006136035664587425,0.08796296296296302
500201,20033,1033,NomadLayer,NomadLayer Getaway,travel,native,fr,family,trending,Book now,Book your next trip,Special fares today,orange,calm,booking,destination,25-34,Both,2026-02-02,assets/creative_500201.png,stable,0.5981152993348116,not_top,Review,322.0,0.6441241685144125,2.0,0.8333333333333334,76.0,0.4827586206896552,80.0,0.6889763779527559,12.0,0.7317073170731707,0.5567901234567901,7.7845316615612,0.3063456210069469,0.0051856889661816,0.0590752015797268,26089.68,4687516,203095.94,,0,-0.7725632217594762,-0.036469113819248,True,False,0.6524390243902439,0.934589800443459,0.2793791574279379,0.18957871396895787,0.573170731707317,0.8434825486129789,-0.02586529719947467,0.007716049382716084
500375,20062,1026,ClearLedger,ClearLedger Cash,fintech,native,es,gameplay,cashback,Claim reward,"Your money, clearer","Fast signup, instant card",blue,excited,signup,minimalist,35-44,iOS,2026-01-22,assets/creative_500375.png,stable,0.5980598669623061,not_top,Review,323.0,0.6430155210643016,2.0,0.8,55.0,0.6170212765957447,81.0,0.6850393700787402,30.0,0.43137254901960786,0.4787037037037036,7.432276007105794,0.367978814760838,0.003593212817242,0.1024094128227226,34141.15,7427058,253746.45,,0,-0.6778063959181027,-0.0706894947539625,True,False,0.49223946784922396,0.9124168514412417,0.46008869179600886,0.729490022172949,0.16186252771618626,-0.17282343658488752,-0.014762052297491501,-0.03888888888888892
500577,20096,1024,GlitchWave,GlitchWave Legends,gaming,playable,en,minimalist,cashback,Learn more,Beat your rivals,Free rewards for new players,purple,adventurous,install,gameplay,45-54,Android,2026-01-26,assets/creative_500577.png,stable,0.5978935698447894,not_top,Review,324.0,0.6419068736141907,2.0,0.8333333333333334,96.0,0.375,33.0,0.15789473684210525,31.0,0.11764705882352941,0.5635802469135802,0.9867690469653896,1.380517260932652,0.0062780902257243,0.2198944601458584,67094.94,8059298,66207.21,,0,-0.8626108095121728,-0.068008037556014,True,False,0.6646341463414634,0.028824833702882482,0.934589800443459,0.9811529933481153,0.7960088691796009,0.004775937573690214,0.026536595500666005,-0.14367283950617282
500069,20011,1011,FluxStream,FluxStream Play,entertainment,rewarded_video,de,celebrity,watch now,Watch now,A new season drops,Start free today,red,excited,signup,trailer,45-54,Both,2026-01-22,assets/creative_500069.png,stable,0.5975055432372506,not_top,Review,325.0,0.6407982261640798,2.0,0.8333333333333334,56.0,0.6764705882352942,117.0,0.275,26.0,0.4186046511627907,0.5558641975308642,1.8132314882693672,0.5532433826360842,0.0056165182514081,0.0985029083627348,25726.66,3734342,46648.39,,0,-0.8072346962224349,-0.1942802889576883,True,False,0.6496674057649667,0.34035476718403546,0.7560975609756098,0.6718403547671841,0.6829268292682927,0.12379969275010083,0.11125640473116366,-0.0771604938271605
500773,20128,1020,NovaPay,NovaPay Pay,fintech,native,es,combo,late-night,Try for free,Save with confidence,No hidden fees,purple,premium,signup,minimalist,18-24,Android,2026-01-27,assets/creative_500773.png,stable,0.5972838137472284,not_top,Review,326.0,0.6396895787139689,1.0,1.0,56.0,0.6099290780141844,82.0,0.6811023622047244,31.0,0.4117647058823529,0.4864197530864197,5.537441885006229,0.4170887479791547,0.0038942003169325,0.1071051086318261,31555.97,4373170,174739.35,,0,-0.7516034067714888,-0.1147084350967846,True,False,0.5066518847006651,0.7671840354767184,0.5609756097560976,0.7904656319290465,0.23170731707317074,1.1399221814595508,0.03434788092082519,-0.031172839506172778
500579,20096,1024,GlitchWave,GlitchWave Legends,gaming,interstitial,fr,fantasy,free rewards,Start now,Unlock rare gear,No ads in first week,lime,adventurous,install,gameplay,45-54,Android,2026-02-02,assets/creative_500579.png,stable,0.5971729490022174,not_top,Review,327.0,0.6385809312638581,3.0,0.6666666666666666,97.0,0.3684210526315789,92.0,0.6795774647887324,27.0,0.559322033898305,0.5709876543209876,1.08918629609447,1.190528387354905,0.00645922638072,0.1843143926505614,56135.53,9100161,61142.05,,0,-0.8861379680906118,-0.2028270709575163,True,False,0.6784922394678492,0.05432372505543237,0.9046563192904656,0.9013303769401331,0.8226164079822617,0.10719318670277067,-0.16345227807708085,0.007407407407407418
500077,20012,1012,VoxelRealm,VoxelRealm Battle,gaming,interstitial,en,reward,challenge,Learn more,Win epic rewards,No ads in first week,purple,playful,install,competitive,25-34,Android,2026-01-23,assets/creative_500077.png,stable,0.5970620842572062,not_top,Review,328.0,0.6374722838137472,2.0,0.8333333333333334,98.0,0.3618421052631579,93.0,0.676056338028169,28.0,0.5423728813559322,0.5580246913580247,1.1582750687956958,1.228871964031522,0.006062972234343,0.2026847421584263,30354.37,4963902,35158.71,,0,-0.8698110617431237,-0.0666989004971115,True,False,0.656319290465632,0.0787139689578714,0.9101995565410199,0.9490022172949002,0.7583148558758315,0.0957303336520623,-0.12510870140046393,-0.005555555555555536
500879,20146,1002,EarnPath,EarnPath Saver,fintech,native,fr,testimonial,cashback,Book now,"Your money, clearer",No hidden fees,purple,calm,signup,testimonial,35-44,Android,2026-01-21,assets/creative_500879.png,stable,0.596840354767184,not_top,Review,329.0,0.6363636363636364,4.0,0.5,57.0,0.6028368794326241,83.0,0.6771653543307087,32.0,0.39215686274509803,0.4888888888888889,7.191847336157341,0.370029057047141,0.0038286070983184,0.0966484801247077,18869.17,3686197,135704.19,,0,-0.7263351233626327,-0.2444769505453137,True,False,0.5127494456762749,0.8946784922394678,0.46452328159645234,0.6441241685144125,0.21507760532150777,0.3746719401919636,-0.012711810011188485,-0.02870370370370362
500704,20117,1009,DriftPass,DriftPass Getaway,travel,interstitial,fr,testimonial,book now,Claim reward,Fly smarter,Special fares today,teal,trustworthy,booking,discount,18-24,Both,2026-01-17,assets/creative_500704.png,stable,0.5964523281596452,not_top,Review,330.0,0.6352549889135255,3.0,0.6666666666666666,77.0,0.47586206896551725,94.0,0.6725352112676056,22.0,0.5961538461538461,0.5666666666666668,7.284566964121787,0.3057281496881122,0.0054733235831248,0.0558578613240992,26960.93,4432042,196398.7,,0,-0.8452177762646202,0.030602310714914,True,False,0.6718403547671841,0.9024390243902439,0.27605321507760533,0.14855875831485588,0.6407982261640798,-0.14309883116669475,-0.026482768518309385,-0.010802469135802406
500756,20126,1018,StormByte,StormByte Arena,gaming,rewarded_video,fr,drama,last-minute deal,Watch now,Join the arena,Play with friends tonight,blue,excited,install,reward,18-24,Android,2026-01-19,assets/creative_500756.png,stable,0.5962305986696231,not_top,Review,331.0,0.6341463414634146,2.0,0.8333333333333334,99.0,0.35526315789473684,118.0,0.26875,34.0,0.23255813953488372,0.5518518518518519,1.3322435166603328,1.146983035606925,0.0057975393697192,0.1978396285840935,35996.88,7393309,47956.61,,0,-0.8840478282017177,-0.0950773797706496,True,False,0.6374722838137472,0.13303769401330376,0.893569844789357,0.9368070953436807,0.7117516629711752,0.10108050299462512,-0.20699762982506087,-0.1098765432098765
500364,20060,1024,GlitchWave,GlitchWave Saga,gaming,interstitial,ja,fantasy,challenge,Watch now,Join the arena,Free rewards for new players,purple,adventurous,install,competitive,25-34,Both,2026-01-17,assets/creative_500364.png,stable,0.5945121951219512,not_top,Review,332.0,0.6330376940133038,4.0,0.5,100.0,0.34868421052631576,95.0,0.6690140845070423,29.0,0.5254237288135594,0.5577160493827161,1.1863148118729607,1.1636911234570342,0.0060562025082873,0.1921486479133794,32733.2,6069480,38831.88,,0,-0.862879076027045,-0.0161262851480241,True,False,0.6546563192904656,0.08869179600886919,0.9002217294900222,0.9257206208425721,0.7572062084257206,-0.07126353722936707,-0.19028954197495174,-0.00586419753086409
500105,20017,1017,PulsePlay,PulsePlay Box,entertainment,interstitial,ja,drama,trending,Learn more,Binge starts now,Cancel anytime,blue,premium,install,trailer,25-34,iOS,2026-01-28,assets/creative_500105.png,stable,0.5942350332594235,not_top,Review,333.0,0.6319290465631929,2.0,0.8333333333333334,57.0,0.6705882352941176,96.0,0.6654929577464789,17.0,0.7575757575757576,0.5509259259259259,1.847842274068944,0.5501571505677726,0.0055300834805832,0.0994844205335126,26913.52,4033393,49731.94,,0,-0.7939047597265427,0.0621478135332744,True,False,0.63470066518847,0.35476718403547675,0.7483370288248337,0.6895787139689579,0.6607538802660754,0.1420287003263634,0.10817017266285206,0.08456790123456792
500895,20149,1005,MoonScreen,MoonScreen Box,entertainment,native,pt,ugc,exclusive,Book now,A new season drops,New hits every week,orange,premium,signup,trailer,35-44,Both,2026-01-23,assets/creative_500895.png,stable,0.5939578713968959,not_top,Review,334.0,0.6308203991130821,2.0,0.5,58.0,0.6647058823529411,84.0,0.6732283464566929,14.0,0.7450980392156863,0.54320987654321,2.6594474764782743,0.4418121245796108,0.0050095375933114,0.0881941928471611,14502.55,3856843,38568.77,,0,-0.7960600902238255,-0.1316731092400103,True,False,0.61529933481153,0.6075388026607539,0.6097560975609756,0.47671840354767187,0.5266075388026608,-0.22717032612209032,-0.00017485332530975395,0.13796296296296318
500277,20046,1010,BiteRush,BiteRush Go,food_delivery,banner,fr,reward,free delivery,Shop now,2-for-1 tonight,Late-night deals available,purple,urgent,order,discount,45-54,iOS,2026-02-01,assets/creative_500277.png,stable,0.5934589800443459,not_top,Review,335.0,0.6297117516629712,2.0,0.8333333333333334,35.0,0.7861635220125787,4.0,0.9819277108433735,2.0,0.9818181818181818,0.5450617283950617,2.324903623906544,0.473524457713332,0.0051601325868481,0.0917659478208415,19343.49,5140178,44971.75,,0,-0.8041498134874115,-0.0437640384726142,True,False,0.6186252771618626,0.5266075388026608,0.6529933481152993,0.5554323725055432,0.5643015521064302,0.4302142530307076,0.052646026866151885,0.3070987654320988
500488,20081,1009,DriftPass,DriftPass Travel,travel,interstitial,de,family,last-minute deal,Learn more,Fly smarter,Hotels + flights in one tap,purple,premium,booking,discount,18-24,Both,2026-01-16,assets/creative_500488.png,stable,0.5929046563192905,not_top,Review,336.0,0.6286031042128604,5.0,0.3333333333333333,78.0,0.4689655172413793,97.0,0.6619718309859155,23.0,0.5769230769230769,0.571604938271605,5.733582806522088,0.3316646351112997,0.0057017617435252,0.0581687994044876,40947.62,4947769,234776.57,,0,-0.8344660840561149,-0.238545825570047,True,False,0.6801552106430155,0.7838137472283814,0.3614190687361419,0.17738359201773837,0.697339246119734,-0.4447967733685658,-0.0005462830951218911,-0.005864197530864201
500279,20046,1010,BiteRush,BiteRush Go,food_delivery,interstitial,ja,competitive,fast,Install now,Hungry? We got you,Free delivery over $15,purple,premium,order,discount,45-54,iOS,2026-01-27,assets/creative_500279.png,stable,0.5917960088691796,not_top,Review,337.0,0.6274944567627494,3.0,0.6666666666666666,36.0,0.779874213836478,98.0,0.6584507042253521,10.0,0.7906976744186046,0.5740740740740741,1.871310778171396,0.5225639566600803,0.0059833834058536,0.0873358635431662,20208.53,3831110,37816.44,,0,-0.851657639375546,-0.0993835415375584,True,False,0.6840354767184036,0.36585365853658536,0.7161862527716186,0.4611973392461197,0.7472283813747228,-0.023378592704440537,0.10168552581290013,0.09382716049382717
500298,20049,1013,BoltCart,BoltCart Market,ecommerce,native,ja,ugc,discover,Book now,New collection drop,Shop bestsellers now,beige,playful,purchase,discount,45-54,iOS,2026-01-15,assets/creative_500298.png,stable,0.5913525498891352,not_top,Review,338.0,0.6263858093126385,1.0,1.0,9.0,0.9407407407407408,85.0,0.6692913385826772,3.0,0.9607843137254902,0.5737654320987654,2.3625016779590364,0.4229395849675464,0.0058679238069982,0.0720765297707405,28308.2,4132978,66878.17,,0,-0.8120783260237999,-0.0913457250544215,True,False,0.6829268292682927,0.541019955654102,0.573170731707317,0.3203991130820399,0.7250554323725056,0.5798845118303435,0.11884652421562947,0.16759259259259257
500310,20051,1015,HorizonHop,HorizonHop Flights,travel,native,pt,family,trending,Start now,Book your next trip,Special fares today,blue,urgent,booking,discount,18-24,iOS,2026-01-13,assets/creative_500310.png,stable,0.5910753880266075,not_top,Review,339.0,0.6252771618625277,2.0,0.8333333333333334,79.0,0.46206896551724136,86.0,0.6653543307086615,13.0,0.7073170731707317,0.5478395061728395,6.986778382323749,0.3267159727073188,0.0051082735492072,0.0639581983149708,32443.08,4832944,226672.61,,0,-0.8154448267578397,0.0406957429642638,True,False,0.626940133037694,0.8736141906873615,0.34700665188470065,0.25055432372505543,0.5487804878048781,0.34346828621978975,-0.005494945499102788,-0.0012345679012345512
500661,20110,1002,EarnPath,EarnPath Invest,fintech,native,en,fantasy,save smarter,Watch now,Secure & simple,"Fast signup, instant card",white,trustworthy,signup,testimonial,25-34,Both,2026-01-24,assets/creative_500661.png,stable,0.5909645232815964,not_top,Review,340.0,0.6241685144124168,1.0,1.0,58.0,0.5957446808510638,87.0,0.6614173228346457,33.0,0.37254901960784315,0.4861111111111111,7.31186198337702,0.3639468028187593,0.0038251418456543,0.0951459625561941,22142.84,4594078,161905.39,,0,-0.7052258919554032,-0.1519309969523065,True,False,0.5055432372505543,0.9035476718403548,0.4490022172949002,0.6241685144124168,0.21286031042128603,-0.0829685904826789,-0.018794064239570196,-0.03148148148148139
501054,20175,1031,CrispBox,CrispBox Shop,ecommerce,native,ja,testimonial,2-for-1,Claim reward,Up to 40% off,Only this weekend,purple,adventurous,purchase,ugc,45-54,Both,2026-01-16,assets/creative_501054.png,stable,0.5899113082039913,not_top,Review,341.0,0.623059866962306,1.0,1.0,10.0,0.9333333333333333,88.0,0.65748031496063,4.0,0.9411764705882353,0.5598765432098766,2.7641656358905484,0.4000729081497521,0.0054823240951639,0.0729750560538116,29581.27,5206551,81767.53,,0,-0.7904663120451593,0.0424133106709678,True,False,0.6574279379157428,0.6241685144124168,0.5288248337028825,0.328159645232816,0.6463414634146342,0.377711449039019,0.09597984739783516,0.15370370370370373
500308,20051,1015,HorizonHop,HorizonHop Flights,travel,native,ja,wanderlust,discover,Shop now,Fly smarter,Special fares today,orange,playful,booking,discount,18-24,iOS,2026-01-19,assets/creative_500308.png,stable,0.5892461197339245,not_top,Review,342.0,0.6219512195121951,3.0,0.6666666666666666,80.0,0.45517241379310347,89.0,0.6535433070866141,14.0,0.6829268292682927,0.5660493827160494,6.786131486772004,0.3091107936360815,0.0055696401446939,0.0554992397364419,28492.6,4250903,193354.53,,0,-0.83311313911711,-0.1796110096587534,True,False,0.6707317073170732,0.8580931263858093,0.29379157427937913,0.14079822616407983,0.6718403547671841,0.1428213906680451,-0.023100124570340053,0.016975308641975384
500053,20008,1008,CoinBridge,CoinBridge Invest,fintech,interstitial,en,fantasy,earn more,Install now,Secure & simple,Built for peace of mind,blue,excited,signup,trust,45-54,Both,2026-01-18,assets/creative_500053.png,stable,0.5885809312638582,not_top,Review,343.0,0.6208425720620843,2.0,0.8333333333333334,59.0,0.5886524822695035,99.0,0.6549295774647887,18.0,0.46875,0.4805555555555555,5.730642006482579,0.4032181619150001,0.0038648908449641,0.1043284734523322,39974.83,5696668,229081.44,,0,-0.756344855084509,0.0028297260699199,True,False,0.49667405764966743,0.7827050997782705,0.5388026607538803,0.7527716186252772,0.22394678492239467,0.21907630741146722,0.020477294856670603,-0.05833333333333346
500521,20086,1014,VaultRun,VaultRun Pay,fintech,banner,pt,trust,earn more,Install now,Secure & simple,Built for peace of mind,purple,calm,signup,trust,18-24,Android,2026-01-19,assets/creative_500521.png,stable,0.5880820399113083,not_top,Review,344.0,0.6197339246119734,3.0,0.6,60.0,0.5815602836879432,5.0,0.9759036144578314,1.0,1.0,0.4987654320987654,10.328374744648883,0.3306691399353526,0.0039050556774734,0.084677189583452,13990.54,4493918,144499.54,,0,-0.6932874653897554,0.1383431479840879,True,False,0.5376940133037694,0.9889135254988913,0.3580931263858093,0.4223946784922395,0.23835920177383593,0.5316372173385773,-0.05207172712297692,0.14567901234567898
500739,20123,1015,HorizonHop,HorizonHop Flights,travel,native,en,destination,escape,Book now,Last-minute savings,Flexible booking options,purple,calm,booking,destination,35-44,iOS,2026-01-30,assets/creative_500739.png,stable,0.5852549889135256,not_top,Review,345.0,0.6186252771618626,4.0,0.4,81.0,0.4482758620689655,90.0,0.6496062992125984,15.0,0.6585365853658537,0.5719135802469136,6.99884247413023,0.2992084790998798,0.0057431185997148,0.0520986070381231,23057.8,3800026,161377.91,,0,-0.7822738487421078,-0.2180258105922439,True,False,0.6818181818181818,0.8758314855875832,0.25388026607538805,0.07649667405764966,0.7028824833702882,-0.1322305968462949,-0.03300243910654177,0.022839506172839585
500904,20150,1006,NeonArena,NeonArena Saga,gaming,interstitial,ja,competitive,competition,Book now,Join the arena,No ads in first week,blue,calm,install,fantasy,45-54,iOS,2026-01-10,assets/creative_500904.png,stable,0.5851441241685145,not_top,Review,346.0,0.6175166297117517,5.0,0.3333333333333333,101.0,0.34210526315789475,100.0,0.6514084507042254,30.0,0.5084745762711864,0.5645061728395062,0.9257138565519274,1.1989063893812386,0.0065086022075083,0.1842033590558329,36083.58,5077127,33403.07,,0,-0.8626054922697545,-0.0818327401564189,True,False,0.6685144124168514,0.019955654101995565,0.9057649667405765,0.9002217294900222,0.8314855875831486,-0.013532025891290544,-0.1550742760507473,0.0009259259259259967
500434,20072,1000,PixelForge,PixelForge Rush,gaming,interstitial,pt,fantasy,free rewards,Claim reward,Beat your rivals,Play with friends tonight,blue,trustworthy,install,reward,45-54,Android,2026-01-13,assets/creative_500434.png,stable,0.5849778270509978,not_top,Review,347.0,0.6164079822616408,3.0,0.6666666666666666,102.0,0.3355263157894737,101.0,0.647887323943662,31.0,0.4915254237288136,0.5577160493827161,1.2326257845172386,1.0002481270957069,0.006129877461637,0.1631758764111705,29607.38,6589365,36494.82,,0,-0.8675980520122349,-0.1452941354533872,True,False,0.6546563192904656,0.10864745011086474,0.8647450110864745,0.843680709534368,0.7727272727272727,-0.01998383818408178,-0.35373253833627905,-0.00586419753086409
500178,20029,1029,BingeLayer,BingeLayer Plus,entertainment,native,pt,ugc,exclusive,Order now,Binge starts now,Cancel anytime,red,adventurous,install,ugc,35-44,iOS,2026-01-18,assets/creative_500178.png,stable,0.5848115299334812,not_top,Review,348.0,0.61529933481153,2.0,0.8333333333333334,59.0,0.6588235294117647,91.0,0.6456692913385826,15.0,0.7254901960784313,0.5179012345679012,2.33959209260014,0.4782596910891767,0.0048014990463337,0.0996063284557676,25810.76,5607832,60386.65,,0,-0.7947450311812181,-0.1168443107036392,True,False,0.5687361419068736,0.5310421286031042,0.6596452328159645,0.6917960088691796,0.46895787139689576,0.529243914921357,0.03627271318425618,0.11265432098765438
500816,20136,1028,QuickFork,QuickFork Eats,food_delivery,interstitial,ja,discount,2-for-1,Install now,2-for-1 tonight,Free delivery over $15,lime,premium,order,food-closeup,45-54,iOS,2026-01-31,assets/creative_500816.png,stable,0.5844235033259424,not_top,Review,349.0,0.614190687361419,1.0,1.0,37.0,0.7735849056603774,102.0,0.6443661971830986,11.0,0.7674418604651163,0.5478395061728395,1.6890133567463552,0.5821950117432086,0.0056273058149985,0.1034589252625077,25786.22,4027860,43553.27,,0,-0.8519064418860702,-0.0981073720799748,True,False,0.626940133037694,0.27827050997782704,0.7782705099778271,0.7394678492239468,0.6895787139689579,0.07985065049876616,0.16131658089602852,0.06759259259259259
500075,20012,1012,VoxelRealm,VoxelRealm Battle,gaming,interstitial,en,food-closeup,watch now,Start now,Unlock rare gear,No ads in first week,blue,calm,install,competitive,25-34,Android,2026-01-17,assets/creative_500075.png,stable,0.5843680709534369,not_top,Review,350.0,0.6130820399113082,3.0,0.6666666666666666,103.0,0.32894736842105265,103.0,0.6408450704225352,32.0,0.4745762711864407,0.5635802469135802,1.0444223763637257,1.1456365569879254,0.0064486253886917,0.1776559325336079,33824.62,5571575,35327.19,,0,-0.8560168460368685,-0.0616378428789422,True,False,0.6646341463414634,0.04212860310421286,0.8924611973392461,0.88470066518847,0.8203991130820399,-0.018122358779907755,-0.20834410844406048,0.0
500189,20031,1031,CrispBox,CrispBox Shop,ecommerce,rewarded_video,es,product-focus,limited offer,Get offer,Your next favorite pick,Only this weekend,orange,excited,purchase,discount,25-34,Android,2026-01-20,assets/creative_500189.png,stable,0.5837583148558759,not_top,Review,351.0,0.6119733924611973,1.0,1.0,11.0,0.9259259259259259,119.0,0.2625,4.0,0.7272727272727273,0.5780864197530864,2.1585557543205,0.4317851729233657,0.0061756442211947,0.0699174300620301,30963.43,3941775,66836.29,,0,-0.8144853889138464,-0.0563939970407947,True,False,0.6901330376940134,0.47671840354767187,0.5953436807095344,0.3048780487804878,0.779379157427938,0.3582467525794877,0.12769211217144877,-0.00030864197530877657
500360,20060,1024,GlitchWave,GlitchWave Saga,gaming,interstitial,ja,fantasy,free rewards,Start now,Join the arena,Free rewards for new players,blue,excited,install,competitive,25-34,Both,2026-01-19,assets/creative_500360.png,stable,0.5815410199556541,not_top,Review,352.0,0.6108647450110865,5.0,0.3333333333333333,104.0,0.3223684210526316,104.0,0.6373239436619719,33.0,0.4576271186440678,0.5555555555555556,1.1436634855354535,1.1030652261995433,0.00618394163979,0.1783757497163235,26629.94,4987919,30455.69,,0,-0.8726538763913131,-0.1034206998370893,True,False,0.6480044345898004,0.06984478935698447,0.88470066518847,0.8891352549889135,0.7804878048780488,-0.1139148635668743,-0.25091543923244264,-0.008024691358024638
500985,20164,1020,NovaPay,NovaPay Wallet,fintech,interstitial,ja,feature-focus,security,Learn more,Save with confidence,Built for peace of mind,purple,calm,signup,minimalist,18-24,Both,2026-01-10,assets/creative_500985.png,stable,0.5809312638580931,not_top,Review,353.0,0.6097560975609756,2.0,0.8333333333333334,61.0,0.574468085106383,105.0,0.6338028169014085,19.0,0.4375,0.4814814814814814,5.541934946521404,0.3991409237342545,0.0039528800645443,0.1009747114045726,38900.61,5632096,215584.65,,0,-0.7879518132263201,-0.1711823486017033,True,False,0.4977827050997783,0.7694013303769401,0.5266075388026608,0.7128603104212861,0.2572062084257206,0.08605949279849945,0.016400056675925034,-0.057407407407407574
500072,20012,1012,VoxelRealm,VoxelRealm Battle,gaming,interstitial,fr,gameplay,challenge,Get offer,Level up today,Play with friends tonight,lime,calm,install,competitive,25-34,Android,2026-01-19,assets/creative_500072.png,stable,0.5807095343680709,not_top,Review,354.0,0.6086474501108647,4.0,0.5,105.0,0.3157894736842105,106.0,0.6302816901408451,34.0,0.4406779661016949,0.5530864197530864,1.0806670939235414,1.1736276352458637,0.0061479348560741,0.1908978645221529,32798.38,5400350,35444.13,,0,-0.864961728403803,-0.0814129887565027,True,False,0.6424611973392461,0.04988913525498891,0.9013303769401331,0.9223946784922394,0.7749445676274944,0.018122358779907977,-0.18035303018612225,-0.010493827160493852
500479,20079,1007,ThreadMark,ThreadMark Store,ecommerce,native,pt,minimalist,new collection,Get offer,Your next favorite pick,Free shipping over $25,black,adventurous,purchase,product-focus,45-54,Android,2026-01-05,assets/creative_500479.png,stable,0.5802106430155212,not_top,Review,355.0,0.6075388026607539,1.0,1.0,12.0,0.9185185185185185,92.0,0.6417322834645669,5.0,0.9215686274509803,0.5657407407407408,3.365332786527991,0.3565410751823404,0.0057868060671625,0.0616127568548648,21750.58,5331784,73197.94,,0,-0.7889862545341502,0.0591342677892576,True,False,0.6696230598669624,0.6729490022172949,0.4312638580931264,0.22394678492239467,0.7095343680709535,0.5864858900960441,0.05244801443042346,0.15956790123456793
500302,20050,1014,VaultRun,VaultRun Cash,fintech,native,pt,wanderlust,save smarter,Try for free,Save with confidence,"Fast signup, instant card",green,premium,signup,minimalist,35-44,Android,2026-01-29,assets/creative_500302.png,stable,0.5798226164079823,not_top,Review,356.0,0.606430155210643,4.0,0.5,62.0,0.5673758865248227,93.0,0.6377952755905512,34.0,0.35294117647058826,0.4654320987654321,6.824046083669385,0.3760626509955329,0.0035482490357667,0.105985416244683,29950.74,5565562,204385.23,,0,-0.7177629531331935,-0.2119175073621927,True,False,0.46008869179600886,0.8625277161862528,0.47671840354767187,0.7727272727272727,0.15077605321507762,0.7231884856086896,-0.006678216062796616,-0.05216049382716037
500957,20159,1015,HorizonHop,HorizonHop Escapes,travel,interstitial,de,wanderlust,last-minute deal,Order now,Fly smarter,Special fares today,teal,calm,booking,wanderlust,45-54,Android,2026-01-14,assets/creative_500957.png,fatigued,0.5786031042128604,not_top,Review,357.0,0.6053215077605322,4.0,0.5,82.0,0.4413793103448276,107.0,0.6267605633802817,24.0,0.5576923076923077,0.5873456790123456,5.968209024139282,0.3000630614845615,0.0063777390643898,0.0470485008017911,37164.32,5182244,221804.43,13.0,1,-0.795446087423837,-0.2479511997834885,True,False,0.7128603104212861,0.7971175166297118,0.25942350332594233,0.01662971175166297,0.8126385809312638,0.2592591858865285,-0.032147856721860046,0.00987654320987641
500199,20033,1033,NomadLayer,NomadLayer Getaway,travel,native,fr,feature-focus,escape,Get offer,Dream destinations await,Flexible booking options,orange,excited,booking,destination,25-34,Both,2026-01-27,assets/creative_500199.png,stable,0.5777161862527715,not_top,Review,358.0,0.6042128603104213,3.0,0.6666666666666666,83.0,0.43448275862068964,94.0,0.6338582677165354,16.0,0.6341463414634146,0.55,7.658294930468276,0.2968951955033515,0.0052557674929647,0.0564894082359557,33942.78,6089691,259943.82,,0,-0.8221853059847245,-0.0427490148877752,True,False,0.6330376940133038,0.9223946784922394,0.24390243902439024,0.15299334811529933,0.5964523281596452,0.7172458175200553,-0.03531572270307004,0.0009259259259259967
500253,20042,1006,NeonArena,NeonArena Arena,gaming,native,es,competitive,free rewards,Install now,Beat your rivals,No ads in first week,lime,urgent,install,competitive,45-54,Both,2026-01-09,assets/creative_500253.png,stable,0.5774390243902441,not_top,Review,359.0,0.6031042128603105,4.0,0.5,106.0,0.3092105263157895,95.0,0.6299212598425197,7.0,0.3333333333333333,0.5030864197530864,1.7898034268527854,0.78527878542021,0.0045980892790121,0.1707837185773212,34339.38,13972108,61460.74,,0,-0.8175061877354981,-0.0967746596423722,True,False,0.5487804878048781,0.32926829268292684,0.8425720620842572,0.8592017738359202,0.42350332594235035,-0.05428159170767932,-0.5687018800117759,-0.08858024691358024
500952,20158,1014,VaultRun,VaultRun Pay,fintech,interstitial,en,testimonial,security,Start now,Earn cashback daily,"Fast signup, instant card",blue,calm,signup,feature-focus,25-34,Both,2026-01-12,assets/creative_500952.png,stable,0.576940133037694,not_top,Review,360.0,0.6019955654101996,1.0,1.0,63.0,0.5602836879432624,108.0,0.6232394366197183,20.0,0.40625,0.4719135802469136,5.396882226984274,0.4047735871985556,0.0038030138424038,0.1064349497457253,48317.18,6566634,260762.13,,0,-0.7824354414732564,-0.1518246682336572,True,False,0.4745011086474501,0.7594235033259423,0.5443458980044346,0.779379157427938,0.20953436807095344,0.7978249778033328,0.022032720140226114,-0.06697530864197537
500211,20035,1035,StarVault,StarVault Plus,entertainment,interstitial,fr,drama,exclusive,Watch now,A new season drops,Cancel anytime,blue,playful,install,ugc,25-34,Android,2026-01-30,assets/creative_500211.png,stable,0.5768292682926829,not_top,Review,361.0,0.6008869179600886,3.0,0.6666666666666666,60.0,0.6529411764705882,109.0,0.6197183098591549,18.0,0.7424242424242424,0.5518518518518518,1.7690147659480944,0.5414895720241859,0.005755983544115,0.094074204325655,20338.01,2964046,35978.24,,0,-0.7973177726816582,-0.1468230694037146,True,False,0.6363636363636364,0.3181818181818182,0.7372505543237251,0.6008869179600886,0.7039911308203991,-0.0739323199026003,0.09950259411926538,0.08549382716049381
500261,20043,1007,ThreadMark,ThreadMark Store,ecommerce,rewarded_video,en,ugc,free shipping,Learn more,Up to 40% off,Free shipping over $25,orange,adventurous,purchase,product-focus,35-44,Both,2026-01-20,assets/creative_500261.png,stable,0.576330376940133,not_top,Review,362.0,0.5997782705099778,1.0,1.0,13.0,0.9111111111111111,120.0,0.25625,5.0,0.6363636363636364,0.5783950617283952,2.0133340356372607,0.4382236287309256,0.0063877417707447,0.0686038422432707,24300.97,2925447,48925.97,,0,-0.8379121649682929,0.0207927040749607,True,False,0.6917960088691796,0.43237250554323725,0.6053215077605322,0.29711751662971175,0.8148558758314856,-0.045114064058318526,0.13413056797900863,0.0
500351,20058,1022,CraveLoop,CraveLoop Bites,food_delivery,native,en,reward,discover,Try for free,Dinner in minutes,Fresh favorites nearby,blue,excited,order,combo,35-44,Both,2026-01-17,assets/creative_500351.png,stable,0.5750000000000001,not_top,Review,363.0,0.5986696230598669,2.0,0.8333333333333334,38.0,0.7672955974842768,96.0,0.6259842519685039,19.0,0.6470588235294118,0.524074074074074,1.943731613988204,0.52173803295194,0.005159974896319,0.1011125138077954,24165.79,4912427,46971.81,,0,-0.8330399596052288,-0.0700052886375656,True,False,0.5798226164079823,0.4024390243902439,0.7139689578713969,0.7150776053215078,0.5631929046563193,0.11857621754942449,0.10085960210475986,0.04799382716049383
500397,20066,1030,IronQuest,IronQuest Battle,gaming,interstitial,en,testimonial,competition,Shop now,Level up today,Play with friends tonight,blue,calm,install,competitive,35-44,Both,2026-01-08,assets/creative_500397.png,stable,0.5748337028824834,not_top,Review,364.0,0.5975609756097561,4.0,0.25,107.0,0.3026315789473684,110.0,0.6161971830985915,35.0,0.423728813559322,0.561111111111111,0.98467742199281,1.1013591902006246,0.0065177872076488,0.1689774696707105,24456.72,3895187,24081.98,,0,-0.8774806509793902,-0.1591248275279475,True,False,0.6607538802660754,0.02771618625277162,0.8835920177383592,0.852549889135255,0.8325942350332595,-0.5087441474695877,-0.25262147523136136,-0.0024691358024692134
501042,20173,1029,BingeLayer,BingeLayer Play,entertainment,rewarded_video,de,trailer,fast,Book now,A new season drops,New hits every week,black,trustworthy,signup,celebrity,45-54,Both,2026-01-13,assets/creative_501042.png,stable,0.5747782705099779,not_top,Review,365.0,0.5964523281596452,2.0,0.8,61.0,0.6470588235294118,121.0,0.25,27.0,0.3953488372093023,0.5388888888888889,1.7913795193829607,0.5443579218808969,0.0055022707301457,0.0989333220007649,30105.05,4276598,53929.57,,0,-0.8053315669024177,0.0026885932591242,True,False,0.6075388026607539,0.3303769401330377,0.7416851441241685,0.6818181818181818,0.6529933481152993,0.006753065490616272,0.1023709439759764,-0.09413580246913589
500461,20076,1004,SnapMeal,SnapMeal Go,food_delivery,native,it,food-closeup,late-night,Learn more,Dinner in minutes,Fresh favorites nearby,orange,calm,order,combo,45-54,Android,2026-01-13,assets/creative_500461.png,stable,0.5745011086474502,not_top,Review,366.0,0.5953436807095344,3.0,0.6666666666666666,39.0,0.7610062893081762,97.0,0.6220472440944882,20.0,0.6274509803921569,0.4969135802469135,2.395910559369954,0.4714388240396133,0.0045018832374643,0.1047203579418344,36200.55,9929178,86733.28,,0,-0.8052829253305834,-0.1448106044442022,True,False,0.5288248337028825,0.549889135254989,0.6496674057649667,0.7572062084257206,0.3968957871396896,0.38937699274360993,0.05056039319243316,0.020833333333333315
500902,20150,1006,NeonArena,NeonArena Saga,gaming,rewarded_video,en,competitive,fast,Get offer,Win epic rewards,Play with friends tonight,lime,playful,install,fantasy,45-54,iOS,2026-01-12,assets/creative_500902.png,stable,0.5738359201773836,not_top,Review,367.0,0.5942350332594235,6.0,0.16666666666666666,108.0,0.29605263157894735,122.0,0.24375,35.0,0.20930232558139536,0.5472222222222222,0.8668918902237298,1.3246640982679316,0.0061110636799248,0.2167648984937786,32403.36,3748120,28090.21,,0,-0.8555844306508159,-0.0858029803197529,True,False,0.623059866962306,0.012195121951219513,0.926829268292683,0.9778270509977827,0.7682926829268293,-0.07235399221948813,-0.029316567164054286,-0.11450617283950626
500767,20127,1019,ZenDrop,ZenDrop Club,ecommerce,interstitial,en,discount,limited offer,Shop now,Your next favorite pick,Free shipping over $25,purple,excited,purchase,ugc,25-34,Both,2026-01-31,assets/creative_500767.png,fatigued,0.5737804878048781,not_top,Review,368.0,0.5931263858093127,1.0,1.0,14.0,0.9037037037037037,111.0,0.6126760563380281,3.0,0.9375,0.5827160493827162,2.170208721970705,0.4043525502447575,0.0065696801419655,0.0615482856862167,22150.04,3098781,48070.21,13.0,1,-0.7986800610685432,-0.0002215859320632,True,False,0.7017738359201774,0.4811529933481153,0.5421286031042128,0.22283813747228381,0.8414634146341463,0.032076575783742456,0.10025948949284058,0.08086419753086427
500848,20141,1033,NomadLayer,NomadLayer Travel,travel,native,en,discount,trending,Start now,Escape this weekend,Special fares today,orange,urgent,booking,destination,45-54,iOS,2026-01-09,assets/creative_500848.png,stable,0.5735587583148559,not_top,Review,369.0,0.5920177383592018,4.0,0.25,84.0,0.42758620689655175,98.0,0.6181102362204725,17.0,0.6097560975609756,0.5481481481481482,6.092162807774837,0.323280409658387,0.0053726125224179,0.0601719197707736,27985.15,3767627,170490.09,,0,-0.8095818383035137,-0.0525045895620247,True,False,0.6291574279379157,0.8137472283813747,0.3325942350332594,0.20953436807095344,0.6197339246119734,-1.3344707854487563,-0.008930508548034566,-0.0009259259259258856
500109,20018,1018,StormByte,StormByte Saga,gaming,interstitial,de,combo,free rewards,Order now,Join the arena,No ads in first week,blue,calm,install,fantasy,25-34,Android,2026-01-17,assets/creative_500109.png,stable,0.5735033259423503,not_top,Review,370.0,0.5909090909090909,3.0,0.6666666666666666,109.0,0.2894736842105263,112.0,0.6091549295774648,36.0,0.4067796610169492,0.5509259259259259,1.1981818901365635,1.0180538804806425,0.0060944750643942,0.1670453762996626,34112.35,7148934,40872.8,,0,-0.8760184383160037,-0.0622412008281573,True,False,0.63470066518847,0.09201773835920177,0.8669623059866962,0.8503325942350333,0.7638580931263859,0.026289221474149915,-0.3359267849513434,-0.012654320987654288
500993,20165,1021,RouteBloom,RouteBloom Getaway,travel,native,ja,destination,escape,Install now,Last-minute savings,Hotels + flights in one tap,blue,excited,booking,wanderlust,45-54,Both,2026-01-30,assets/creative_500993.png,stable,0.5733924611973393,not_top,Review,371.0,0.5898004434589801,1.0,1.0,85.0,0.4206896551724138,99.0,0.6141732283464567,18.0,0.5853658536585366,0.5564814814814815,6.819616977294032,0.3011512029019231,0.0055455442121003,0.054305076541417,37858.33,5960461,258179.31,,0,-0.8041805946085714,0.0636964845109642,True,False,0.6507760532150776,0.8614190687361419,0.26274944567627495,0.11862527716186252,0.6662971175166297,1.6301960297610698,-0.03105971530449847,0.007407407407407418
500948,20158,1014,VaultRun,VaultRun Pay,fintech,interstitial,en,testimonial,cashback,Start now,Earn cashback daily,No hidden fees,blue,premium,signup,feature-focus,25-34,Both,2026-01-13,assets/creative_500948.png,stable,0.5716186252771619,not_top,Review,372.0,0.5886917960088692,2.0,0.8333333333333334,64.0,0.5531914893617021,113.0,0.6056338028169014,21.0,0.375,0.4669753086419754,5.283983111337292,0.4048550141158246,0.0037829147577316,0.107021976450398,41147.13,5545195,217420.74,,0,-0.775964169875377,-0.0216229162674841,True,False,0.46674057649667405,0.7472283813747228,0.5454545454545454,0.7882483370288248,0.2039911308203991,0.6849258621563514,0.022114147057495093,-0.07191358024691358
500241,20040,1004,SnapMeal,SnapMeal Kitchen,food_delivery,interstitial,en,family,2-for-1,Get offer,"Fast food, fast",Fresh favorites nearby,orange,calm,order,discount,35-44,Android,2026-01-15,assets/creative_500241.png,stable,0.5686807095343682,not_top,Review,373.0,0.5875831485587583,2.0,0.8333333333333334,40.0,0.7547169811320755,114.0,0.602112676056338,12.0,0.7441860465116279,0.5484567901234568,1.6443111113909288,0.5637694327879375,0.005863113411519,0.0961553006428841,42885.09,6765177,70516.43000000001,,0,-0.8500857583313636,-0.1275654744110816,True,False,0.6308203991130821,0.2549889135254989,0.7638580931263859,0.6363636363636364,0.7239467849223947,0.2232247360880244,0.14289100194075732,0.06820987654320992
500288,20048,1012,VoxelRealm,VoxelRealm Legends,gaming,rewarded_video,fr,product-focus,limited offer,Start now,Join the arena,No ads in first week,lime,calm,install,competitive,35-44,Android,2026-02-01,assets/creative_500288.png,stable,0.5684589800443459,not_top,Review,374.0,0.5864745011086474,5.0,0.3333333333333333,110.0,0.28289473684210525,123.0,0.2375,36.0,0.18604651162790697,0.5367283950617284,1.104957649984749,1.199257258231997,0.0058287625499878,0.2057481751824817,23441.55,3760661,25901.92,,0,-0.8836140761557343,-0.162200282087447,True,False,0.602549889135255,0.057649667405764965,0.9068736141906873,0.9578713968957872,0.7172949002217295,-0.1940524044244596,-0.154723407199989,-0.125
500725,20120,1012,VoxelRealm,VoxelRealm Arena,gaming,interstitial,en,gameplay,challenge,Book now,Unlock rare gear,Free rewards for new players,blue,urgent,install,gameplay,25-34,Android,2026-01-05,assets/creative_500725.png,stable,0.5682372505543237,not_top,Review,375.0,0.5853658536585366,5.0,0.3333333333333333,111.0,0.27631578947368424,115.0,0.5985915492957746,37.0,0.3898305084745763,0.5481481481481482,1.1278961630323876,1.0547310410668695,0.006119420596158,0.1723579911681615,31430.81,5957917,35450.69,,0,-0.8696108577973148,-0.0105493974239442,True,False,0.6291574279379157,0.06541019955654102,0.8758314855875832,0.8658536585365854,0.7694013303769401,-0.11035605157242712,-0.2992496243651164,-0.015432098765432056
500878,20146,1002,EarnPath,EarnPath Saver,fintech,native,it,trust,security,Watch now,Save with confidence,No hidden fees,green,playful,signup,testimonial,35-44,Android,2026-01-07,assets/creative_500878.png,stable,0.5679046563192905,not_top,Review,376.0,0.5842572062084257,5.0,0.3333333333333333,65.0,0.5460992907801419,100.0,0.610236220472441,35.0,0.3333333333333333,0.462037037037037,6.9428132780331575,0.3643714050670581,0.0036193669732033,0.1006726888333653,36723.21,7187721,254962.39,,0,-0.723605234166155,-0.1215961477444521,True,False,0.4534368070953437,0.8691796008869179,0.4501108647450111,0.7084257206208425,0.1674057649667406,0.12563788206777993,-0.018369461991271374,-0.05555555555555547
500213,20035,1035,StarVault,StarVault Plus,entertainment,interstitial,en,drama,new season,Try for free,Exclusive tonight,New hits every week,lime,premium,install,ugc,25-34,Android,2026-01-18,assets/creative_500213.png,stable,0.5672949002217296,not_top,Review,377.0,0.5831485587583148,4.0,0.5,62.0,0.6411764705882353,116.0,0.5950704225352113,19.0,0.7272727272727273,0.5373456790123456,1.7616765693488856,0.5428525968009135,0.005550433814101,0.0978036339108806,29724.27,4273720,52364.55,,0,-0.8155935932529729,-0.2849863286104896,True,False,0.6042128603104213,0.3137472283813747,0.7394678492239468,0.6585365853658537,0.6685144124168514,-0.08127051650180905,0.10086561889599294,0.07098765432098764
500854,20142,1034,PlateSprint,PlateSprint Go,food_delivery,interstitial,en,urgency,free delivery,Watch now,Dinner in minutes,Late-night deals available,black,playful,order,combo,45-54,Android,2026-01-25,assets/creative_500854.png,stable,0.5663525498891353,not_top,Review,378.0,0.582039911308204,2.0,0.8333333333333334,41.0,0.7484276729559748,117.0,0.5915492957746479,13.0,0.7209302325581395,0.5040123456790123,2.662303905191625,0.4265374226360414,0.0046611799519998,0.0915084650299837,19066.67,6475399,50761.27,,0,-0.8567261184657746,-0.1778114988793315,True,False,0.5521064301552107,0.6086474501108647,0.582039911308204,0.5521064301552107,0.43458980044345896,0.21225837650111012,0.005658991788861256,0.023765432098765416
500005,20000,1000,PixelForge,PixelForge Legends,gaming,rewarded_video,ja,ugc,competition,Shop now,Beat your rivals,Free rewards for new players,blue,calm,install,fantasy,45-54,Both,2026-01-28,assets/creative_500005.png,stable,0.5660753880266075,not_top,Review,379.0,0.5809312638580931,3.0,0.6666666666666666,112.0,0.26973684210526316,124.0,0.23125,37.0,0.16279069767441862,0.5419753086419753,0.9345498333374836,1.2332530504548382,0.0060482250792686,0.2039032996113239,44977.12,5997958,42033.36,,0,-0.8753519788836597,-0.0635857312273568,True,False,0.6125277161862528,0.02328159645232816,0.9113082039911308,0.9523281596452328,0.7549889135254989,-0.0073192168248333855,-0.12072761497714768,-0.11975308641975313
500374,20062,1026,ClearLedger,ClearLedger Cash,fintech,banner,it,minimalist,2-for-1,Start now,Secure & simple,No hidden fees,lime,trustworthy,signup,minimalist,35-44,iOS,2026-02-03,assets/creative_500374.png,stable,0.5657982261640799,not_top,Review,380.0,0.5798226164079823,3.0,0.6,66.0,0.5390070921985816,6.0,0.9698795180722891,2.0,0.9795918367346939,0.4814814814814815,7.777922880275569,0.3360944873821163,0.003897804999482,0.0862266038005429,14794.14,3591252,115067.68,,0,-0.6678407076901904,0.0954137147639972,True,False,0.49889135254988914,0.9334811529933481,0.3835920177383592,0.4434589800443459,0.2361419068736142,0.17282343658488752,-0.04664637967621321,0.1283950617283951
500817,20136,1028,QuickFork,QuickFork Eats,food_delivery,interstitial,en,reward,security,Shop now,2-for-1 tonight,Fresh favorites nearby,blue,playful,order,food-closeup,45-54,iOS,2026-02-01,assets/creative_500817.png,stable,0.5656319290465632,not_top,Review,381.0,0.5787139689578714,2.0,0.8333333333333334,42.0,0.7421383647798742,118.0,0.5880281690140845,14.0,0.6976744186046512,0.5231481481481481,1.6788624471697673,0.5830928863527883,0.005358205082999,0.108822427906479,22345.16,3488295,37514.45,,0,-0.8441591642894466,-0.1377096530842125,True,False,0.5781596452328159,0.26940133037694014,0.7804878048780488,0.8004434589800443,0.6175166297117517,0.06969974092217823,0.1622144555056082,0.042901234567901236
500144,20024,1024,GlitchWave,GlitchWave Quest,gaming,interstitial,pt,fantasy,power-up,Claim reward,Beat your rivals,Play with friends tonight,purple,trustworthy,install,reward,18-24,Android,2026-01-09,assets/creative_500144.png,stable,0.5653547671840355,not_top,Review,382.0,0.5776053215077606,3.0,0.3333333333333333,113.0,0.2631578947368421,119.0,0.5845070422535211,38.0,0.3728813559322034,0.5317901234567901,1.3586099464292778,0.971114387835218,0.0055831473748596,0.1739367282705189,35903.94,8877430,48779.45,,0,-0.8210815163331886,-0.0715223118122488,True,False,0.5909090909090909,0.14301552106430154,0.8614190687361419,0.8713968957871396,0.6762749445676275,-0.5436782150747994,-0.38286627759676795,-0.03179012345679011
500544,20090,1018,StormByte,StormByte Arena,gaming,rewarded_video,en,minimalist,power-up,Shop now,Win epic rewards,Free rewards for new players,lime,excited,install,reward,45-54,Both,2026-01-14,assets/creative_500544.png,stable,0.5645787139689579,not_top,Review,383.0,0.5764966740576497,4.0,0.5,114.0,0.2565789473684211,125.0,0.225,38.0,0.13953488372093023,0.5342592592592593,1.16294301400637,1.1356494944361963,0.0057865811018642,0.19625569476082,40863.55,7283057,47521.98,,0,-0.8803943727698724,-0.0924920389604621,True,False,0.5958980044345898,0.07982261640798226,0.8880266075388027,0.9323725055432373,0.7084257206208425,-0.05076132699381852,-0.21833117099578958,-0.1274691358024691
500256,20042,1006,NeonArena,NeonArena Arena,gaming,rewarded_video,es,competitive,challenge,Start now,Level up today,No ads in first week,blue,calm,install,competitive,45-54,Both,2026-01-03,assets/creative_500256.png,stable,0.5644678492239468,not_top,Review,384.0,0.5753880266075388,5.0,0.3333333333333333,115.0,0.25,126.0,0.21875,39.0,0.11627906976744186,0.5212962962962963,1.4577996545518466,0.940480015931134,0.0053435678800578,0.1760022586109542,49720.92,13257060,72483.14,,0,-0.7971319314417611,-0.0623429636957828,True,False,0.5764966740576497,0.1762749445676275,0.8569844789356984,0.876940133037694,0.614190687361419,-0.3862853640086181,-0.41350064950085197,-0.14043209876543217
500329,20054,1018,StormByte,StormByte Saga,gaming,rewarded_video,en,competitive,free rewards,Order now,Join the arena,No ads in first week,purple,trustworthy,install,gameplay,18-24,iOS,2026-01-07,assets/creative_500329.png,stable,0.5638026607538803,not_top,Review,385.0,0.5742793791574279,2.0,0.8333333333333334,116.0,0.24342105263157895,127.0,0.2125,40.0,0.09302325581395349,0.5444444444444444,0.7856854493649545,1.234713785145332,0.0061723631505458,0.2000390701308849,35173.86,4146710,27635.59,,0,-0.8664292645816805,-0.1221347990921035,True,False,0.6175166297117517,0.0033259423503325942,0.9135254988913526,0.9434589800443459,0.7782705099778271,-0.11821244945787868,-0.11926688028665389,-0.11728395061728403
500309,20051,1015,HorizonHop,HorizonHop Flights,travel,interstitial,ja,destination,security,Try for free,Escape this weekend,Hotels + flights in one tap,purple,trustworthy,booking,discount,18-24,iOS,2026-01-13,assets/creative_500309.png,stable,0.5632483370288248,not_top,Review,386.0,0.573170731707317,4.0,0.5,86.0,0.41379310344827586,120.0,0.5809859154929577,25.0,0.5384615384615384,0.5697530864197531,5.33970512478544,0.3108035778207839,0.0061294215644272,0.0507068366164542,29467.38,3519908,157347.12,,0,-0.8296219443081116,0.1242734522844011,True,False,0.6773835920177383,0.753880266075388,0.2982261640798226,0.0565410199556541,0.770509977827051,-1.303604971318519,-0.021407340385637685,-0.007716049382716084
500354,20059,1023,NeonCast,NeonCast Now,entertainment,rewarded_video,es,ugc,save smarter,Book now,Binge starts now,Cancel anytime,red,playful,signup,drama,25-34,iOS,2026-01-18,assets/creative_500354.png,stable,0.5623059866962306,not_top,Review,387.0,0.5720620842572062,1.0,1.0,63.0,0.6352941176470588,128.0,0.20625,28.0,0.37209302325581395,0.5271604938271605,1.787188331965676,0.5366947320408708,0.0054084569220679,0.0992325056433408,26931.7,4095438,48132.02,,0,-0.8371542817712123,0.0726664966237531,True,False,0.5875831485587583,0.32483370288248337,0.7305986696230599,0.6851441241685144,0.6286031042128604,-0.00051714220132415,0.09470775413595028,-0.10586419753086429
500959,20159,1015,HorizonHop,HorizonHop Escapes,travel,rewarded_video,en,family,book now,Claim reward,Book your next trip,Special fares today,blue,premium,booking,wanderlust,45-54,Android,2026-01-15,assets/creative_500959.png,stable,0.5610864745011087,not_top,Review,388.0,0.5709534368070953,5.0,0.3333333333333333,87.0,0.4068965517241379,129.0,0.2,43.0,0.08695652173913043,0.546604938271605,5.40255272523247,0.3275574386051478,0.0055124057163988,0.0594218668685243,34042.05,3834442,183913.97,,0,-0.8376205861668058,-0.0691667471335615,True,False,0.6208425720620843,0.7605321507760532,0.3514412416851441,0.19623059866962306,0.6541019955654102,-0.3063971130202834,-0.004653479601273769,-0.20617283950617282
501075,20179,1035,StarVault,StarVault Now,entertainment,interstitial,pt,drama,trending,Try for free,A new season drops,Start free today,red,playful,signup,drama,25-34,Android,2026-01-07,assets/creative_501075.png,stable,0.5607538802660754,not_top,Review,389.0,0.5698447893569845,3.0,0.6666666666666666,64.0,0.6294117647058823,121.0,0.5774647887323944,20.0,0.7121212121212122,0.5138888888888888,2.709718244325404,0.4184851922388439,0.0048394366346789,0.0864739480707355,29164.63,8284642,79027.93000000001,,0,-0.8402985141687038,-0.0851511360435118,True,False,0.5643015521064302,0.614190687361419,0.5631929046563193,0.4490022172949002,0.4789356984478936,0.15831169457001604,-0.023501785666076636,0.04753086419753083
500325,20054,1018,StormByte,StormByte Saga,gaming,interstitial,en,competitive,power-up,Try for free,Beat your rivals,Play with friends tonight,lime,playful,install,gameplay,18-24,iOS,2026-01-20,assets/creative_500325.png,stable,0.5605321507760532,not_top,Review,390.0,0.5687361419068736,3.0,0.6666666666666666,117.0,0.23684210526315788,122.0,0.573943661971831,39.0,0.3559322033898305,0.5459876543209877,0.9299153656421766,1.145300990715028,0.0062341074652033,0.1837153108296111,30435.63,4381381,28302.56,,0,-0.8765621982269473,-0.1998525889073154,True,False,0.6197339246119734,0.02106430155210643,0.8913525498891353,0.8980044345898004,0.7860310421286031,0.02601746681934336,-0.20867967471695792,-0.017592592592592493
500983,20163,1019,ZenDrop,ZenDrop Store,ecommerce,interstitial,fr,competitive,free shipping,Book now,Flash sale live,Only this weekend,pink,trustworthy,purchase,ugc,18-24,iOS,2026-01-07,assets/creative_500983.png,stable,0.5601995565410199,not_top,Review,391.0,0.5676274944567627,1.0,1.0,15.0,0.8962962962962963,123.0,0.5704225352112676,4.0,0.90625,0.5527777777777777,2.384418920075016,0.3925706115187001,0.0058591887687575,0.0670008472182999,31209.39,4834799,74416.26,,0,-0.8398473502797609,-0.2938855610840056,True,False,0.6407982261640798,0.5465631929046563,0.5121951219512195,0.28713968957871394,0.7217294900221729,-0.033765060549893366,0.08847755076678315,0.05092592592592582
500665,20110,1002,EarnPath,EarnPath Invest,fintech,banner,pt,trust,security,Try for free,Save with confidence,Built for peace of mind,purple,excited,signup,testimonial,25-34,Both,2026-02-02,assets/creative_500665.png,stable,0.5601441241685144,not_top,Review,392.0,0.5665188470066519,2.0,0.75,67.0,0.5319148936170213,7.0,0.963855421686747,3.0,0.9591836734693877,0.482716049382716,7.477799164342378,0.3355846604424821,0.003969395272485,0.0845430191265341,17492.81,4043689,130807.72,,0,-0.7419771319227286,-0.0184486962797473,True,False,0.5,0.9146341463414634,0.38137472283813745,0.42017738359201773,0.2638580931263858,0.0829685904826789,-0.04715620661584741,0.1296296296296296
500319,20053,1017,PulsePlay,PulsePlay Play,entertainment,interstitial,en,drama,trending,Learn more,Binge starts now,New hits every week,red,calm,signup,ugc,35-44,iOS,2026-01-20,assets/creative_500319.png,stable,0.5594235033259423,not_top,Review,393.0,0.565410199556541,4.0,0.5,65.0,0.6235294117647059,124.0,0.5669014084507042,21.0,0.696969696969697,0.5231481481481481,1.6893814165523886,0.5609341156559011,0.0054057226776828,0.1037667207701348,24282.9,3305201,41023.08,,0,-0.8223112097561045,-0.0317093311312964,True,False,0.5781596452328159,0.2793791574279379,0.7627494456762749,0.7439024390243902,0.6274944567627494,-0.06351271169009376,0.11894713775098059,0.05679012345679013
500821,20136,1028,QuickFork,QuickFork Eats,food_delivery,native,fr,feature-focus,limited offer,Get offer,2-for-1 tonight,Late-night deals available,orange,urgent,order,food-closeup,45-54,iOS,2026-01-26,assets/creative_500821.png,stable,0.5592017738359202,not_top,Review,394.0,0.5643015521064302,3.0,0.6666666666666666,43.0,0.7358490566037735,101.0,0.6062992125984252,21.0,0.6078431372549019,0.5132716049382716,1.8608128929530283,0.523326932900155,0.0051725717507021,0.1011734506784011,26992.73,5272039,50228.42,,0,-0.816393243572299,-0.090307018953639,True,False,0.5626385809312638,0.3614190687361419,0.7184035476718403,0.7161862527716186,0.5698447893569845,0.25165018670543926,0.10244850205297484,0.03719135802469142
500362,20060,1024,GlitchWave,GlitchWave Saga,gaming,interstitial,ja,fantasy,security,Get offer,Beat your rivals,Play with friends tonight,purple,urgent,install,competitive,25-34,Both,2026-01-17,assets/creative_500362.png,stable,0.5586474501108648,not_top,Review,395.0,0.5631929046563193,6.0,0.16666666666666666,118.0,0.23026315789473684,125.0,0.5633802816901409,40.0,0.3389830508474576,0.5404320987654321,1.0910478250378732,1.061087894129323,0.0060406111672803,0.1756590293175659,28720.73,5375615,31335.69,,0,-0.8489296193579763,-0.1293958821116968,True,False,0.6103104212860311,0.05543237250554324,0.876940133037694,0.8758314855875832,0.753880266075388,-0.16653052406445457,-0.292892771302663,-0.02314814814814814
500515,20085,1013,BoltCart,BoltCart Drops,ecommerce,native,es,product-focus,before/after,Install now,Flash sale live,Only this weekend,blue,urgent,purchase,product-focus,45-54,Android,2026-01-21,assets/creative_500515.png,stable,0.5577050997782705,not_top,Review,396.0,0.5620842572062085,1.0,1.0,16.0,0.8888888888888888,102.0,0.6023622047244095,6.0,0.9019607843137255,0.5345679012345679,5.124723496209135,0.3395374471874537,0.0052850392747174,0.0642450187289496,15650.78,6011119,80205.92,,0,-0.8250465159842785,-0.0281989648691397,True,False,0.5975609756097561,0.7339246119733924,0.3946784922394678,0.26274944567627495,0.5997782705099778,1.270086606603221,0.03544438643553677,0.12839506172839504
500236,20039,1003,CloudRoute,CloudRoute Trips,travel,interstitial,fr,trust,book now,Install now,Escape this weekend,Hotels + flights in one tap,orange,excited,booking,family,35-44,Android,2026-01-19,assets/creative_500236.png,stable,0.557538802660754,not_top,Review,397.0,0.5609756097560976,3.0,0.6666666666666666,88.0,0.4,126.0,0.5598591549295775,26.0,0.5192307692307693,0.5530864197530864,6.360943402823702,0.2974887206278914,0.0056824856016047,0.0523518652724574,32889.45,5099353,209207.93,,0,-0.8378505725939893,-0.1376581444385872,True,False,0.6424611973392461,0.8348115299334812,0.24722838137472283,0.07760532150776053,0.6929046563192904,-0.2467487363262535,-0.03472219757853018,-0.024382716049382802
500066,20011,1011,FluxStream,FluxStream Play,entertainment,rewarded_video,de,trailer,watch now,Start now,Watch what’s trending,Cancel anytime,blue,excited,signup,trailer,45-54,Both,2026-01-12,assets/creative_500066.png,stable,0.5558758314855876,not_top,Review,398.0,0.5598669623059866,3.0,0.6666666666666666,66.0,0.6176470588235294,130.0,0.19375,29.0,0.3488372093023256,0.5151234567901234,1.7640644780150223,0.5414256534181832,0.0052647974655153,0.1028388379542693,35547.0,5158603,62707.2,,0,-0.8410982296289506,-0.0715323559828581,True,False,0.5665188470066519,0.3148558758314856,0.7361419068736141,0.7339246119733924,0.5986696230598669,0.07463268249575594,0.09943867551326263,-0.11790123456790136
500419,20069,1033,NomadLayer,NomadLayer Trips,travel,interstitial,es,trust,escape,Install now,Book your next trip,Hotels + flights in one tap,purple,premium,booking,wanderlust,45-54,iOS,2026-01-13,assets/creative_500419.png,stable,0.5553215077605322,not_top,Review,399.0,0.5587583148558758,4.0,0.4,89.0,0.3931034482758621,127.0,0.5563380281690141,27.0,0.5,0.5496913580246914,8.384198017653333,0.2629990660161374,0.005490849278726,0.0478977026441265,22855.74,5041843,191627.05,,0,-0.8476421087057344,-0.0652470652470652,True,False,0.6319290465631929,0.9534368070953437,0.14523281596452328,0.025498891352549888,0.6518847006651884,-1.407425061341094,-0.0692118521902842,-0.02777777777777779
500306,20051,1015,HorizonHop,HorizonHop Flights,travel,native,ja,celebrity,discover,Book now,Book your next trip,Special fares today,blue,playful,booking,discount,18-24,iOS,2026-01-16,assets/creative_500306.png,stable,0.5547671840354766,not_top,Review,400.0,0.5576496674057649,5.0,0.3333333333333333,90.0,0.38620689655172413,103.0,0.5984251968503937,19.0,0.5609756097560976,0.5367283950617284,6.500488705435914,0.3067240786399139,0.0052959299314245,0.0579169442593826,28892.66,4251378,187816.41,,0,-0.8194038218420787,-0.0559086714016291,True,False,0.602549889135255,0.8392461197339246,0.2827050997782705,0.17184035476718404,0.6042128603104213,-0.1428213906680451,-0.025486839566507657,-0.012345679012345623
500212,20035,1035,StarVault,StarVault Plus,entertainment,native,fr,ugc,free shipping,Learn more,Exclusive tonight,Start free today,blue,adventurous,install,ugc,25-34,Android,2026-01-28,assets/creative_500212.png,stable,0.5536031042128603,not_top,Review,401.0,0.5565410199556541,5.0,0.3333333333333333,67.0,0.611764705882353,104.0,0.594488188976378,16.0,0.7058823529411765,0.4987654320987655,1.9976412605716063,0.4929663845473502,0.0049118457833814,0.1003627569528416,21418.22,3872475,42785.92,,0,-0.769073371450321,-0.1510723994938675,True,False,0.5388026607538803,0.4268292682926829,0.6796008869179601,0.7039911308203991,0.5011086474501109,0.15469417472091163,0.05097940664242967,0.09351851851851872
500076,20012,1012,VoxelRealm,VoxelRealm Battle,gaming,playable,ja,celebrity,challenge,Get offer,Unlock rare gear,No ads in first week,purple,premium,install,competitive,25-34,Android,2026-01-10,assets/creative_500076.png,stable,0.5534922394678493,not_top,Review,402.0,0.5554323725055432,5.0,0.3333333333333333,119.0,0.2236842105263158,34.0,0.13157894736842105,32.0,0.08823529411764706,0.5188271604938272,0.8868538675813281,1.3552126358547034,0.0056173154454298,0.2412562814070351,58286.04,7085235,51691.2,,0,-0.8024473623547645,-0.023866165137384,True,False,0.5720620842572062,0.01662971175166297,0.9312638580931264,1.0,0.6851441241685144,-0.17569086756230534,0.0012319704227174988,-0.18842592592592589
500104,20017,1017,PulsePlay,PulsePlay Box,entertainment,native,en,drama,watch now,Shop now,Exclusive tonight,New hits every week,red,excited,install,trailer,25-34,iOS,2026-01-30,assets/creative_500104.png,stable,0.5534368070953437,not_top,Review,403.0,0.5543237250554324,3.0,0.6666666666666666,68.0,0.6058823529411764,105.0,0.5905511811023622,17.0,0.6862745098039216,0.4858024691358024,2.090932548306793,0.495780174739842,0.0045874955003362,0.1080720786981704,25307.0,4742021,52915.23,,0,-0.8029156726188783,-0.1018997821532955,True,False,0.503880266075388,0.45454545454545453,0.688470066518847,0.7960088691796009,0.4190687361419069,0.3851189745642123,0.05379319683492145,0.0805555555555556
500553,20092,1020,NovaPay,NovaPay Pay,fintech,native,it,minimalist,security,Watch now,Secure & simple,Built for peace of mind,white,urgent,signup,testimonial,18-24,Android,2026-01-22,assets/creative_500553.png,stable,0.5531042128603105,not_top,Review,404.0,0.5532150776053215,5.0,0.3333333333333333,68.0,0.524822695035461,106.0,0.5866141732283464,36.0,0.3137254901960784,0.45,7.134724667677001,0.3491569088156859,0.003540474436434,0.0986186781134775,24467.16,5132363,174566.45,,0,-0.7278392180473348,-0.1609512936043547,True,False,0.4351441241685144,0.88470066518847,0.4146341463414634,0.6751662971175166,0.14855875831485588,-0.6034337288665137,-0.0335839582426436,-0.06759259259259248
500555,20092,1020,NovaPay,NovaPay Pay,fintech,interstitial,es,fantasy,2-for-1,Install now,"Your money, clearer",Built for peace of mind,blue,excited,signup,testimonial,18-24,Android,2026-01-14,assets/creative_500555.png,stable,0.5528824833702882,not_top,Review,405.0,0.5521064301552107,6.0,0.16666666666666666,69.0,0.5177304964539007,128.0,0.5528169014084507,22.0,0.34375,0.4641975308641975,5.943934938639875,0.3740074202966721,0.0038666329352489,0.09672690078418,45193.03,7585411,268624.43,,0,-0.6990047345318608,0.0291712051183923,True,False,0.458980044345898,0.79490022172949,0.47339246119733924,0.6452328159645233,0.22727272727272727,-1.79422345790364,-0.008733446761657382,-0.07469135802469146
500607,20101,1029,BingeLayer,BingeLayer Plus,entertainment,interstitial,en,ugc,trending,Claim reward,Stream the hype,Cancel anytime,lime,adventurous,signup,trailer,18-24,iOS,2026-01-27,assets/creative_500607.png,stable,0.5523835920177383,not_top,Review,406.0,0.5509977827050998,4.0,0.5,69.0,0.6,129.0,0.5492957746478874,22.0,0.6818181818181818,0.5342592592592593,1.6581119827430282,0.5490516954036113,0.0056909451171812,0.0964781216648879,29854.6,4116188,49502.27,,0,-0.8168112552854903,0.0364603083997621,True,False,0.5958980044345898,0.26274944567627495,0.7472283813747228,0.6407982261640798,0.6962305986696231,-0.1335803824824655,0.10706471749869079,0.06790123456790131
500324,20054,1018,StormByte,StormByte Saga,gaming,interstitial,en,competitive,free rewards,Shop now,Win epic rewards,Free rewards for new players,orange,calm,install,gameplay,18-24,iOS,2026-01-07,assets/creative_500324.png,stable,0.551829268292683,not_top,Review,407.0,0.549889135254989,4.0,0.5,120.0,0.21710526315789475,130.0,0.545774647887324,41.0,0.3220338983050847,0.542283950617284,0.8778804320034898,1.0881205034419303,0.0062498807881334,0.1741026013660805,38329.32,5504905,33648.56,,0,-0.8836666500102437,-0.0932833206949823,True,False,0.614190687361419,0.013303769401330377,0.8802660753880266,0.8725055432372506,0.7904656319290465,-0.02601746681934347,-0.2658601619900556,-0.021296296296296258
500512,20085,1013,BoltCart,BoltCart Drops,ecommerce,native,es,ugc,free rewards,Book now,Flash sale live,Only this weekend,blue,excited,purchase,product-focus,45-54,Android,2026-01-28,assets/creative_500512.png,stable,0.5503325942350333,not_top,Review,408.0,0.5487804878048781,2.0,0.8333333333333334,17.0,0.8814814814814815,107.0,0.5826771653543307,7.0,0.8823529411764706,0.5419753086419753,4.854554422911934,0.3312897550172442,0.0055683908137829,0.0594947025264873,13299.27,5068071,64562.03,,0,-0.8071760453092345,-0.1986801173421187,True,False,0.6125277161862528,0.7195121951219512,0.360310421286031,0.1984478935698448,0.6707317073170732,0.9999175333060206,0.02719669426532728,0.13580246913580246
500974,20162,1018,StormByte,StormByte Arena,gaming,interstitial,en,fantasy,competition,Install now,Unlock rare gear,No ads in first week,blue,excited,install,gameplay,18-24,iOS,2026-01-03,assets/creative_500974.png,stable,0.5487250554323726,not_top,Review,409.0,0.5476718403547672,6.0,0.16666666666666666,121.0,0.21052631578947367,131.0,0.5422535211267606,42.0,0.3050847457627119,0.5348765432098765,0.8852294380788709,1.119905021040167,0.0060831106770983,0.1841007143362331,66864.01,9297217,59189.99,,0,-0.8574864753402198,-0.1451099384565054,True,False,0.5986696230598669,0.015521064301552107,0.8869179600886918,0.8991130820399114,0.761640798226164,-0.12548573648132033,-0.23407564439181883,-0.028703703703703676
500875,20145,1001,VantaStyle,VantaStyle Shop,ecommerce,interstitial,fr,discount,watch now,Install now,Limited stock,Free shipping over $25,orange,urgent,purchase,testimonial,18-24,Android,2026-01-23,assets/creative_500875.png,stable,0.5480598669623059,not_top,Review,410.0,0.5465631929046563,1.0,1.0,18.0,0.8740740740740741,132.0,0.5387323943661971,5.0,0.875,0.5475308641975308,2.434740228335202,0.3770906021052134,0.0058703634828707,0.0642363293526084,24088.27,4065336,58648.68,,0,-0.8391739623339161,-0.1429503916449086,True,False,0.6241685144124168,0.5609756097560976,0.4789356984478936,0.26053215077605324,0.7261640798226164,0.24255642380986853,0.07299754135329645,0.04567901234567895
500601,20100,1028,QuickFork,QuickFork Kitchen,food_delivery,interstitial,en,discount,2-for-1,Shop now,2-for-1 tonight,Fresh favorites nearby,purple,adventurous,order,combo,45-54,iOS,2026-01-21,assets/creative_500601.png,stable,0.5476164079822617,not_top,Review,411.0,0.5454545454545454,2.0,0.8,44.0,0.7295597484276729,133.0,0.5352112676056338,15.0,0.6744186046511628,0.5333333333333333,1.5155916158296268,0.5832132861315433,0.0058475273236904,0.0997367355204536,23406.49,3377838,35474.68,,0,-0.859114757884236,0.0422413793103446,True,False,0.5931263858093127,0.1951219512195122,0.7815964523281597,0.6929046563192904,0.7195121951219512,0.03350726122561842,0.1623348552843632,0.05308641975308642
500763,20127,1019,ZenDrop,ZenDrop Club,ecommerce,interstitial,ja,product-focus,limited offer,Claim reward,Flash sale live,Free shipping over $25,pink,playful,purchase,ugc,25-34,Both,2026-02-02,assets/creative_500763.png,stable,0.5467849223946786,not_top,Review,412.0,0.5443458980044346,2.0,0.8333333333333334,19.0,0.8666666666666667,134.0,0.5316901408450704,6.0,0.84375,0.5675925925925926,2.10605557040322,0.3913947762450677,0.0067314050097231,0.0581445887864007,21814.13,3076178,45941.77,,0,-0.7315982007748528,-0.0879088740090818,True,False,0.6740576496674058,0.4611973392461197,0.5066518847006651,0.1762749445676275,0.8580931263858093,-0.0320765757837429,0.08730171549315074,0.06574074074074077
500131,20021,1021,RouteBloom,RouteBloom Getaway,travel,interstitial,es,wanderlust,escape,Book now,Book your next trip,Hotels + flights in one tap,orange,premium,booking,discount,35-44,iOS,2026-01-25,assets/creative_500131.png,stable,0.5464523281596452,not_top,Review,413.0,0.5432372505543237,5.0,0.3333333333333333,91.0,0.3793103448275862,135.0,0.528169014084507,28.0,0.4807692307692308,0.5555555555555556,5.560026288791998,0.3000635790452321,0.0059835629106659,0.0501479776389345,31192.0,4065805,173428.34,,0,-0.8378241209536075,0.036532285576482,True,False,0.6480044345898004,0.770509977827051,0.26053215077605324,0.050997782705099776,0.7483370288248337,-1.0444678855005263,-0.03214733916118945,-0.02191358024691359
500764,20127,1019,ZenDrop,ZenDrop Club,ecommerce,native,es,testimonial,limited offer,Start now,Limited stock,Only this weekend,red,playful,purchase,ugc,25-34,Both,2026-01-26,assets/creative_500764.png,stable,0.5448447893569845,not_top,Review,414.0,0.5421286031042128,3.0,0.6666666666666666,20.0,0.8592592592592593,108.0,0.5787401574803149,8.0,0.8627450980392157,0.5354938271604938,2.55964764434252,0.3730419476525986,0.0055726213561303,0.0669419154492201,28953.7,5085219,74111.27,,0,-0.7796264758592706,-0.0607992484718045,True,False,0.6008869179600886,0.5920177383592018,0.47117516629711753,0.2860310421286031,0.6729490022172949,0.4215154981555571,0.06894888690068168,0.12932098765432093
501076,20179,1035,StarVault,StarVault Now,entertainment,interstitial,en,drama,watch now,Book now,A new season drops,Cancel anytime,purple,calm,signup,drama,25-34,Android,2026-01-09,assets/creative_501076.png,stable,0.5441241685144124,not_top,Review,415.0,0.541019955654102,4.0,0.5,70.0,0.5941176470588235,136.0,0.5246478873239436,23.0,0.6666666666666666,0.5185185185185185,2.500248916161878,0.4021681834215541,0.0051505354601029,0.0780827909130669,26595.3,7546594,66494.87,,0,-0.836277808655559,-0.1271470123945702,True,False,0.5703991130820399,0.582039911308204,0.5332594235033259,0.3580931263858093,0.5598669623059866,-0.05115763359351,-0.03981879448336645,0.05216049382716048
500539,20089,1017,PulsePlay,PulsePlay Stream,entertainment,rewarded_video,es,drama,exclusive,Try for free,Watch what’s trending,New hits every week,blue,premium,install,ugc,25-34,Android,2026-01-19,assets/creative_500539.png,stable,0.543458980044346,not_top,Review,416.0,0.5399113082039911,1.0,1.0,71.0,0.5882352941176471,131.0,0.1875,30.0,0.32558139534883723,0.4774691358024691,2.2658354753730467,0.4599410328459093,0.0044990318670463,0.1022311124788429,32546.86,7222665,73745.83,,0,-0.8403870708106891,-0.0519667180927515,True,False,0.49002217294900224,0.5110864745011087,0.6352549889135255,0.7283813747228381,0.39578713968957874,0.1767856350916457,0.017954054940988784,-0.15555555555555567
500406,20067,1031,CrispBox,CrispBox Club,ecommerce,interstitial,en,product-focus,new collection,Watch now,Limited stock,Free shipping over $25,red,premium,purchase,ugc,18-24,iOS,2026-01-21,assets/creative_500406.png,stable,0.5430155210643015,not_top,Review,417.0,0.5388026607538803,1.0,1.0,21.0,0.8518518518518519,137.0,0.5211267605633803,7.0,0.8125,0.5614197530864198,2.624910844130048,0.3373167629958189,0.0063699901111193,0.0529540481400437,19810.81,3945846,52001.61,,0,-0.8284938153010459,-0.1364131585333741,True,False,0.6618625277161863,0.6031042128603105,0.38802660753880264,0.09312638580931264,0.811529933481153,-0.42891846556440916,0.033223702243901976,0.0595679012345679
500289,20048,1012,VoxelRealm,VoxelRealm Legends,gaming,interstitial,en,food-closeup,challenge,Shop now,Unlock rare gear,No ads in first week,purple,trustworthy,install,competitive,35-44,Android,2026-01-22,assets/creative_500289.png,stable,0.5415742793791575,not_top,Review,418.0,0.5376940133037694,6.0,0.16666666666666666,122.0,0.20394736842105263,138.0,0.5176056338028169,43.0,0.288135593220339,0.5040123456790124,1.1777295972557889,1.0534253802112157,0.0053993067355399,0.1951038219920395,39448.86,7724325,46460.09,,0,-0.8419302575224566,-0.0026438024173791,True,False,0.5532150776053215,0.08425720620842572,0.8747228381374723,0.9301552106430155,0.6252771618625277,-0.12128045715341984,-0.30055528522077024,-0.05956790123456779
500914,20152,1008,CoinBridge,CoinBridge Pay,fintech,native,en,minimalist,limited offer,Try for free,Save with confidence,No hidden fees,black,premium,signup,minimalist,18-24,Both,2026-01-02,assets/creative_500914.png,stable,0.5408536585365853,not_top,Review,419.0,0.5365853658536586,3.0,0.6666666666666666,70.0,0.5106382978723404,109.0,0.5748031496062992,37.0,0.29411764705882354,0.437037037037037,5.755644891208582,0.3750272243504767,0.0035314926854919,0.1061951015476135,38817.4,6092891,223419.17,,0,-0.6899937420884716,0.0238541524696753,True,False,0.4124168514412417,0.7849223946784922,0.4745011086474501,0.7749445676274944,0.14523281596452328,0.35062596708603255,-0.007713642707852797,-0.08055555555555549
500004,20000,1000,PixelForge,PixelForge Legends,gaming,rewarded_video,en,reward,limited offer,Get offer,Level up today,Free rewards for new players,purple,urgent,install,fantasy,45-54,Both,2026-01-20,assets/creative_500004.png,stable,0.54029933481153,not_top,Review,420.0,0.5354767184035477,4.0,0.5,123.0,0.19736842105263158,132.0,0.18125,41.0,0.06976744186046512,0.5191358024691358,0.8619217377295777,1.149609148947077,0.005819811395916,0.1975337464980049,60708.18,8095795,52325.7,,0,-0.8639709189124348,-0.0659199901627248,True,False,0.573170731707317,0.011086474501108648,0.8946784922394678,0.9356984478935698,0.7150776053215078,-0.07994731243273934,-0.20437151648490892,-0.1425925925925926
500989,20164,1020,NovaPay,NovaPay Wallet,fintech,interstitial,en,ugc,cashback,Book now,"Your money, clearer",No hidden fees,orange,urgent,signup,minimalist,18-24,Both,2026-01-18,assets/creative_500989.png,stable,0.5394124168514411,not_top,Review,421.0,0.5343680709534369,3.0,0.6666666666666666,71.0,0.5035460992907801,139.0,0.5140845070422535,23.0,0.3125,0.4447530864197531,5.369815960924405,0.3815645020232988,0.0036786057900169,0.1037253034991668,31643.28,4568035,169918.59,,0,-0.7747821343268888,-0.0764411027568922,True,False,0.4223946784922395,0.7572062084257206,0.48891352549889133,0.7427937915742794,0.18181818181818182,-0.08605949279849945,-0.001176365035030713,-0.09413580246913589
500581,20096,1024,GlitchWave,GlitchWave Legends,gaming,interstitial,en,reward,competition,Claim reward,Beat your rivals,Free rewards for new players,lime,trustworthy,install,gameplay,45-54,Android,2026-02-05,assets/creative_500581.png,stable,0.5386917960088692,not_top,Review,422.0,0.5332594235033259,4.0,0.5,124.0,0.19078947368421054,140.0,0.5105633802816901,44.0,0.2711864406779661,0.5243827160493827,0.977217171818009,1.0414841045167529,0.0059087174828424,0.1762622950819672,47581.45,7742797,46497.41,,0,-0.8657543314872982,-0.066378966292265,True,False,0.582039911308204,0.026607538802660754,0.8736141906873615,0.8780487804878049,0.7339246119733924,-0.004775937573690325,-0.31249656091523303,-0.03919753086419753
500541,20090,1018,StormByte,StormByte Arena,gaming,interstitial,de,reward,competition,Install now,Level up today,No ads in first week,orange,urgent,install,reward,45-54,Both,2026-01-19,assets/creative_500541.png,stable,0.537028824833703,not_top,Review,423.0,0.532150776053215,5.0,0.3333333333333333,125.0,0.18421052631578946,141.0,0.5070422535211268,45.0,0.2542372881355932,0.5033950617283951,1.2006184565145157,0.9907948923684798,0.0054032202538272,0.1833711834468836,33586.840000000004,7334515,40324.98,,0,-0.8700103437697365,-0.1605596416523806,True,False,0.549889135254989,0.0942350332594235,0.8625277161862528,0.8968957871396895,0.6263858093126385,-0.013085884485672716,-0.3631857730635061,-0.06018518518518512
500664,20110,1002,EarnPath,EarnPath Invest,fintech,native,de,trust,new collection,Book now,Earn cashback daily,No hidden fees,blue,adventurous,signup,testimonial,25-34,Both,2026-01-20,assets/creative_500664.png,stable,0.5347006651884701,not_top,Review,424.0,0.5310421286031042,3.0,0.5,72.0,0.49645390070921985,110.0,0.5708661417322834,38.0,0.27450980392156865,0.4407407407407407,6.868481174291663,0.34369998481884,0.0035616626583725,0.096499870365569,26078.7,5414606,179121.06,,0,-0.708462641817831,-0.0989015061669829,True,False,0.4157427937915743,0.8647450110864745,0.401330376940133,0.6419068736141907,0.15521064301552107,-0.5263493995680362,-0.03904088223948948,-0.07685185185185178
500111,20018,1018,StormByte,StormByte Saga,gaming,playable,it,competitive,competition,Get offer,Win epic rewards,No ads in first week,blue,trustworthy,install,fantasy,25-34,Android,2026-01-08,assets/creative_500111.png,stable,0.5320399113082039,not_top,Review,425.0,0.5299334811529933,4.0,0.5,126.0,0.17763157894736842,35.0,0.10526315789473684,33.0,0.058823529411764705,0.4972222222222222,1.0348318977675073,1.1737616918712326,0.0053795765000896,0.2181884934346924,55165.24,8607369,57086.75,,0,-0.8171069073334485,0.0376151975393019,True,False,0.5315964523281597,0.03991130820399113,0.9024390243902439,0.9789356984478935,0.6208425720620843,-0.13706077089490631,-0.18021897356075334,-0.21003086419753086
500645,20107,1035,StarVault,StarVault Plus,entertainment,native,es,trailer,exclusive,Shop now,A new season drops,New hits every week,blue,playful,install,ugc,25-34,iOS,2026-01-21,assets/creative_500645.png,stable,0.5312084257206209,not_top,Review,426.0,0.5288248337028825,3.0,0.6666666666666666,72.0,0.5823529411764706,111.0,0.5669291338582677,18.0,0.6666666666666666,0.4870370370370371,2.277794158392116,0.4351478522082629,0.004761089528504,0.0913966959879854,21366.72,4894888,48668.99,,0,-0.8064708125823628,0.0177143284251437,True,False,0.5077605321507761,0.5188470066518847,0.6019955654101996,0.549889135254989,0.46008869179600886,0.13092355424721314,-0.006839125696657622,0.08179012345679032
500404,20067,1031,CrispBox,CrispBox Club,ecommerce,native,en,product-focus,limited offer,Order now,Flash sale live,Only this weekend,beige,adventurous,purchase,ugc,18-24,iOS,2026-01-17,assets/creative_500404.png,stable,0.5298226164079822,not_top,Review,427.0,0.5277161862527716,2.0,0.8,22.0,0.8444444444444444,112.0,0.562992125984252,9.0,0.8431372549019608,0.5256172839506172,3.2074515959007543,0.3342111606878891,0.0055280381695707,0.060457462563765,22254.83,5496525,71381.29,,0,-0.8514612848723889,-0.1178893628073649,True,False,0.5853658536585366,0.6662971175166297,0.3736141906873614,0.2139689578713969,0.6596452328159645,0.15362228620629725,0.030118099935972142,0.11944444444444441
500523,20087,1015,HorizonHop,HorizonHop Flights,travel,native,de,reward,escape,Claim reward,Fly smarter,Hotels + flights in one tap,purple,playful,booking,destination,25-34,Android,2026-01-11,assets/creative_500523.png,stable,0.5297671840354767,not_top,Review,428.0,0.5266075388026608,4.0,0.5,92.0,0.3724137931034483,113.0,0.5590551181102362,20.0,0.5365853658536586,0.5114197530864197,6.692202074348175,0.2952357543803942,0.0051254509222701,0.0576019083701676,34937.24,5561657,233807.07,,0,-0.8029854547445613,-0.065032258064516,True,False,0.5609756097560976,0.852549889135255,0.24168514412416853,0.1629711751662971,0.5521064301552107,0.3336916618106871,-0.03697516382602739,-0.03765432098765431
501023,20170,1026,ClearLedger,ClearLedger Pay,fintech,banner,pt,trust,earn more,Book now,Earn cashback daily,No hidden fees,lime,adventurous,signup,feature-focus,18-24,iOS,2026-01-11,assets/creative_501023.png,stable,0.5293791574279378,not_top,Review,429.0,0.5254988913525499,1.0,1.0,73.0,0.48936170212765956,8.0,0.9578313253012049,4.0,0.9387755102040817,0.4364197530864198,5.2361118540132985,0.3783752734393732,0.0036620191854181,0.1033242193121312,26734.49,3795174,139984.78,,0,-0.7154858752654039,0.0161241912892682,True,False,0.4107538802660754,0.7416851441241685,0.48558758314855877,0.738359201773836,0.17405764966740578,0.6592964991898409,-0.004365593618956276,0.08333333333333337
500779,20129,1021,RouteBloom,RouteBloom Travel,travel,native,pt,discount,last-minute deal,Try for free,Last-minute savings,Hotels + flights in one tap,orange,trustworthy,booking,destination,35-44,Both,2026-01-24,assets/creative_500779.png,stable,0.5293237250554325,not_top,Review,430.0,0.524390243902439,4.0,0.5,93.0,0.36551724137931035,114.0,0.5551181102362205,21.0,0.5121951219512195,0.5055555555555555,10.19201733992346,0.2580053778177122,0.0048467324850947,0.0532328488545965,25098.15,6899081,255800.78,,0,-0.8171955775312303,-0.1325492610837438,True,False,0.5543237250554324,0.9866962305986696,0.13414634146341464,0.09977827050997783,0.48226164079822614,1.17916794681574,-0.07420554038870936,-0.04351851851851851
500921,20153,1009,DriftPass,DriftPass Trips,travel,interstitial,ja,testimonial,challenge,Book now,Escape this weekend,Special fares today,white,premium,booking,discount,25-34,iOS,2026-01-17,assets/creative_500921.png,stable,0.5293237250554323,not_top,Review,431.0,0.5232815964523282,2.0,0.8333333333333334,94.0,0.3586206896551724,142.0,0.5035211267605634,29.0,0.46153846153846156,0.5441358024691358,5.779365802503479,0.2896160988059622,0.0058838940545198,0.0492218412028488,44646.66,6443012,258029.38,,0,-0.8288631780214806,-0.1007103677726822,True,False,0.6164079822616408,0.7871396895787139,0.22727272727272727,0.041019955654102,0.7283813747228381,0.09342370783389065,-0.042594819400459394,-0.033333333333333326
501060,20176,1032,SwiftStack,SwiftStack Wallet,fintech,native,es,testimonial,security,Start now,"Your money, clearer",No hidden fees,purple,adventurous,signup,minimalist,35-44,Android,2026-01-06,assets/creative_501060.png,stable,0.5281042128603104,not_top,Review,432.0,0.5221729490022173,4.0,0.5,74.0,0.48226950354609927,115.0,0.5511811023622047,39.0,0.2549019607843137,0.441358024691358,5.3752104860817,0.3719596869717013,0.0037445466530801,0.0993337034980566,32323.99,4809661,173748.25,,0,-0.730256078204842,-0.0075426920497342,True,False,0.4174057649667406,0.7583148558758315,0.4656319290465632,0.6862527716186253,0.19623059866962306,-0.4526538176723296,-0.010781180086628206,-0.0762345679012345
500250,20041,1005,MoonScreen,MoonScreen Stream,entertainment,interstitial,fr,celebrity,watch now,Book now,Stream the hype,New hits every week,lime,excited,signup,trailer,18-24,Android,2026-01-21,assets/creative_500250.png,stable,0.5276053215077606,not_top,Review,433.0,0.5210643015521065,2.0,0.8,73.0,0.5764705882352941,143.0,0.5,24.0,0.6515151515151515,0.4969135802469136,1.967041430747388,0.4700437105540174,0.0050980651183897,0.0922004132231405,24383.34,4557023,47963.04,,0,-0.8168938817377149,0.1435257054150305,True,False,0.5299334811529933,0.4113082039911308,0.647450110864745,0.5598669623059866,0.5465631929046563,-0.10361316119737607,0.02805673264909686,0.030555555555555614
500234,20039,1003,CloudRoute,CloudRoute Trips,travel,interstitial,it,family,discover,Claim reward,Escape this weekend,Flexible booking options,orange,calm,booking,family,35-44,Android,2026-02-02,assets/creative_500234.png,stable,0.5275498891352549,not_top,Review,434.0,0.5199556541019955,4.0,0.5,95.0,0.35172413793103446,144.0,0.4964788732394366,30.0,0.4423076923076923,0.5351851851851852,6.3151350412941065,0.2821303979829915,0.0056166980251511,0.0502306509482316,20333.41,3126214,128408.23,,0,-0.8304009164508035,-0.1958826879442669,True,False,0.5997782705099778,0.8314855875831486,0.2017738359201774,0.052106430155210645,0.6840354767184036,-0.29255709785584916,-0.05008052022343007,-0.04228395061728396
500757,20126,1018,StormByte,StormByte Arena,gaming,playable,fr,minimalist,free rewards,Learn more,Unlock rare gear,Play with friends tonight,purple,trustworthy,install,reward,18-24,Android,2026-01-11,assets/creative_500757.png,stable,0.5273835920177384,not_top,Review,435.0,0.5188470066518847,3.0,0.6666666666666666,127.0,0.17105263157894737,36.0,0.07894736842105263,34.0,0.029411764705882353,0.4938271604938271,1.124095243013132,1.0935499423975634,0.0053006271636296,0.2063057650802127,45702.88,8478808,51374.39,,0,-0.8781854187727693,-0.0416773650105799,True,False,0.5221729490022173,0.06319290465631928,0.8824833702882483,0.958980044345898,0.606430155210643,-0.10706777065257578,-0.2604307230344225,-0.21342592592592596
500437,20072,1000,PixelForge,PixelForge Rush,gaming,interstitial,fr,competitive,challenge,Watch now,Beat your rivals,Play with friends tonight,blue,urgent,install,reward,45-54,Android,2026-01-10,assets/creative_500437.png,stable,0.5258869179600887,not_top,Review,436.0,0.5177383592017738,4.0,0.5,128.0,0.16447368421052633,145.0,0.49295774647887325,46.0,0.23728813559322035,0.5018518518518519,1.146804746179421,0.9381532617709016,0.0054873187846321,0.1709675159384414,34833.07,7803629,39946.73,,0,-0.8633157936011882,-0.0599956958817289,True,False,0.5443458980044346,0.07317073170731707,0.8558758314855875,0.8625277161862528,0.6485587583148559,-0.1058048765218993,-0.4158274036610843,-0.061728395061728336
500203,20033,1033,NomadLayer,NomadLayer Getaway,travel,native,en,destination,book now,Learn more,Escape this weekend,Flexible booking options,blue,urgent,booking,destination,25-34,Both,2026-02-02,assets/creative_500203.png,stable,0.5255543237250554,not_top,Review,437.0,0.516629711751663,4.0,0.5,96.0,0.3448275862068966,116.0,0.547244094488189,22.0,0.4878048780487805,0.5015432098765432,7.176573388942586,0.2865450828410151,0.0049498961935623,0.0578891095158087,29268.51,5290616,210047.61,,0,-0.818088857167751,-0.1175670244856654,True,False,0.5421286031042128,0.8924611973392461,0.21507760532150777,0.17073170731707318,0.5099778270509978,0.23552427599436498,-0.04566583536540647,-0.04753086419753083
500349,20058,1022,CraveLoop,CraveLoop Bites,food_delivery,native,ja,product-focus,limited offer,Install now,2-for-1 tonight,Free delivery over $15,yellow,premium,order,combo,35-44,Both,2026-01-16,assets/creative_500349.png,stable,0.5245011086474501,not_top,Review,438.0,0.5155210643015521,3.0,0.6666666666666666,45.0,0.7232704402515723,117.0,0.5433070866141733,22.0,0.5882352941176471,0.4929012345679012,1.8428334424583148,0.4946714016106539,0.0051277903827499,0.0964687252573238,30469.65,6157623,56150.49,,0,-0.8387490456232217,0.1429836839902076,True,False,0.5199556541019955,0.35033259423503327,0.6862527716186253,0.6396895787139689,0.5543237250554324,0.017678046019535376,0.0737929707634738,0.016820987654320996
500647,20107,1035,StarVault,StarVault Plus,entertainment,native,it,gameplay,watch now,Get offer,Stream the hype,New hits every week,purple,playful,install,ugc,25-34,iOS,2026-01-20,assets/creative_500647.png,stable,0.5197893569844789,not_top,Review,439.0,0.5144124168514412,4.0,0.5,74.0,0.5705882352941176,118.0,0.5393700787401575,19.0,0.6470588235294118,0.4848765432098765,2.2308606995824136,0.4332187348983429,0.0048315007672954,0.089665459194545,21377.61,4856669,47690.47,,0,-0.7954286014220371,-0.0876511128686025,True,False,0.5022172949002217,0.49889135254988914,0.5975609756097561,0.5077605321507761,0.4778270509977827,0.08399009543751079,-0.008768243006577636,0.07962962962962972
500418,20069,1033,NomadLayer,NomadLayer Trips,travel,interstitial,en,discount,new collection,Shop now,Book your next trip,Special fares today,blue,excited,booking,wanderlust,45-54,iOS,2026-01-16,assets/creative_500418.png,stable,0.5197339246119734,not_top,Review,440.0,0.5133037694013304,5.0,0.2,97.0,0.33793103448275863,146.0,0.4894366197183099,31.0,0.4230769230769231,0.5268518518518518,7.7289341227894655,0.2425840543896219,0.0054857274970996,0.044220945083014,20640.37,4567489,159528.06,,0,-0.8390338373560358,0.0741136802304549,True,False,0.5864745011086474,0.926829268292683,0.10310421286031042,0.004434589800443459,0.647450110864745,-2.062688956204961,-0.08962686381679966,-0.050617283950617376
500724,20120,1012,VoxelRealm,VoxelRealm Arena,gaming,interstitial,es,fantasy,free rewards,Shop now,Win epic rewards,No ads in first week,orange,trustworthy,install,gameplay,25-34,Android,2026-01-11,assets/creative_500724.png,stable,0.5189578713968958,not_top,Review,441.0,0.5121951219512195,6.0,0.16666666666666666,129.0,0.15789473684210525,147.0,0.4859154929577465,47.0,0.22033898305084745,0.4978395061728395,1.0589038082219084,0.9984650875715642,0.0055133325969554,0.1811001005313801,26591.15,5051754,28157.47,,0,-0.8754916820984243,-0.1076815693099821,True,False,0.5338137472283814,0.043237250554323724,0.8636363636363636,0.8913525498891353,0.655210643015521,-0.17934840638290628,-0.35551557786042176,-0.06574074074074071
500062,20010,1010,BiteRush,BiteRush Delivery,food_delivery,interstitial,en,combo,late-night,Install now,"Fast food, fast",Free delivery over $15,purple,trustworthy,order,discount,25-34,Both,2026-01-07,assets/creative_500062.png,stable,0.5172949002217295,not_top,Review,442.0,0.5110864745011087,2.0,0.8333333333333334,46.0,0.7169811320754716,148.0,0.4823943661971831,16.0,0.6511627906976745,0.4802469135802469,2.3493449299389786,0.4214638237640654,0.0047436013801139,0.088848912459407,30786.02,9023313,72326.98,,0,-0.8474579900575909,-0.2167054308073223,True,False,0.4950110864745011,0.5365853658536586,0.5676274944567627,0.48891352549889133,0.45454545454545453,-0.028940305577586756,0.0005853929168852523,0.0
500355,20059,1023,NeonCast,NeonCast Now,entertainment,rewarded_video,es,trailer,save smarter,Shop now,A new season drops,Start free today,orange,premium,signup,drama,25-34,iOS,2026-01-05,assets/creative_500355.png,stable,0.5165742793791575,not_top,Review,443.0,0.5099778270509978,2.0,0.8333333333333334,75.0,0.5647058823529412,133.0,0.175,31.0,0.3023255813953488,0.4746913580246913,1.7978005909226171,0.5133483007438937,0.004893725184809,0.1048992906952383,44862.05,6827723,80653.02,,0,-0.8132316539788892,-0.1447667332373932,True,False,0.4789356984478936,0.3325942350332594,0.7062084257206208,0.7594235033259423,0.4933481152993348,0.010095116755616917,0.07136132283897317,-0.15833333333333344
500462,20077,1005,MoonScreen,MoonScreen Stream,entertainment,interstitial,ja,drama,new season,Start now,Binge starts now,Cancel anytime,black,premium,signup,drama,18-24,Both,2026-01-11,assets/creative_500462.png,stable,0.5150221729490022,not_top,Review,444.0,0.508869179600887,3.0,0.6666666666666666,76.0,0.5588235294117647,149.0,0.4788732394366197,25.0,0.6363636363636364,0.5015432098765432,1.604645315423453,0.5243540920071994,0.0055152425623931,0.0950736229776404,36231.77,4987088,58139.14,,0,-0.8181291417440826,-0.1375928944288473,True,False,0.5421286031042128,0.2361419068736142,0.720620842572062,0.6219512195121951,0.656319290465632,-0.019088945438501037,0.08236711410227887,0.03518518518518521
500086,20014,1014,VaultRun,VaultRun Pay,fintech,interstitial,de,family,free shipping,Install now,Earn cashback daily,Built for peace of mind,purple,playful,signup,feature-focus,25-34,Android,2026-01-26,assets/creative_500086.png,stable,0.5144124168514412,not_top,Review,445.0,0.5077605321507761,5.0,0.2,75.0,0.475177304964539,150.0,0.4753521126760563,24.0,0.28125,0.4450617283950617,5.1322460689446325,0.3658683868401048,0.0039417605291675,0.0928185221128518,25361.51,3659786,130161.51,,0,-0.7474151581477502,-0.0618213069459616,True,False,0.4240576496674058,0.7350332594235033,0.4556541019955654,0.5720620842572062,0.25388026607538805,-2.236356988457505,-0.016872480218224684,-0.09382716049382728
500702,20117,1009,DriftPass,DriftPass Getaway,travel,native,en,gameplay,book now,Try for free,Book your next trip,Flexible booking options,purple,calm,booking,discount,18-24,Both,2026-01-06,assets/creative_500702.png,stable,0.5139689578713968,not_top,Review,446.0,0.5066518847006651,4.0,0.5,98.0,0.3310344827586207,119.0,0.5354330708661418,23.0,0.4634146341463415,0.4885802469135802,8.062740804322308,0.2719793486557723,0.004722448442862,0.057592867756315,34496.37,7125541,278135.29,,0,-0.8264504837240163,0.0715741420070106,True,False,0.5105321507760532,0.9512195121951219,0.1662971175166297,0.16186252771618626,0.4501108647450111,0.6350750090338266,-0.06023156955064929,-0.06049382716049384
500130,20021,1021,RouteBloom,RouteBloom Getaway,travel,native,es,discount,last-minute deal,Learn more,Escape this weekend,Flexible booking options,purple,calm,booking,discount,35-44,iOS,2026-01-24,assets/creative_500130.png,stable,0.5125277161862528,not_top,Review,447.0,0.5055432372505543,6.0,0.16666666666666666,99.0,0.32413793103448274,120.0,0.531496062992126,24.0,0.43902439024390244,0.5108024691358025,6.561437789538839,0.2796311361998918,0.0052876461207723,0.0528838598145528,29339.76,4813484,192511.01,,0,-0.8131559140225995,0.0486053814420295,True,False,0.5598669623059866,0.8425720620842572,0.19401330376940132,0.09090909090909091,0.6008869179600886,-0.043056384753684895,-0.05257978200652974,-0.03827160493827153
500761,20126,1018,StormByte,StormByte Arena,gaming,rewarded_video,es,wanderlust,free rewards,Install now,Unlock rare gear,No ads in first week,lime,adventurous,install,reward,18-24,Android,2026-01-10,assets/creative_500761.png,stable,0.5123059866962306,not_top,Review,448.0,0.5044345898004434,4.0,0.5,130.0,0.1513157894736842,134.0,0.16875,42.0,0.046511627906976744,0.4771604938271605,1.178304263644391,1.0259728065804812,0.0051121427734319,0.2006933006473359,49375.6,10213721,58179.48,,0,-0.8616454289651572,-0.0669814890139139,True,False,0.4883592017738359,0.08536585365853659,0.8680709534368071,0.9445676274944568,0.5509977827050998,-0.05285875002131668,-0.32800785885150474,-0.1845679012345679
500429,20071,1035,StarVault,StarVault Play,entertainment,native,pt,product-focus,new season,Install now,Binge starts now,Cancel anytime,blue,adventurous,install,celebrity,25-34,Android,2026-01-19,assets/creative_500429.png,stable,0.5109756097560976,not_top,Review,449.0,0.5033259423503326,3.0,0.6666666666666666,77.0,0.5529411764705883,121.0,0.5275590551181102,20.0,0.6274509803921569,0.4567901234567901,2.849579173817719,0.3943364293378807,0.004291737547111,0.0918826990255561,31079.34,10138551,88563.04,,0,-0.7790043456592507,-0.0514111101501917,True,False,0.44401330376940135,0.6308203991130821,0.5155210643015521,0.5576496674057649,0.33592017738359203,0.3233544625997644,-0.04765054856703982,0.05154320987654332
500003,20000,1000,PixelForge,PixelForge Legends,gaming,interstitial,en,testimonial,free shipping,Order now,Level up today,No ads in first week,orange,trustworthy,install,fantasy,45-54,Both,2026-01-22,assets/creative_500003.png,stable,0.5105321507760533,not_top,Review,450.0,0.5022172949002217,5.0,0.3333333333333333,131.0,0.14473684210526316,151.0,0.47183098591549294,48.0,0.2033898305084746,0.4916666666666667,0.9491882669871504,1.0368117358799032,0.0054818306750161,0.1891360381861575,58977.52,9554290,55980.77,,0,-0.8583884136533985,-0.0872846037719718,True,False,0.516629711751663,0.024390243902439025,0.8702882483370288,0.9146341463414634,0.6452328159645233,0.0073192168248333855,-0.31716892955208276,-0.07191358024691352
500960,20160,1016,FreshDash,FreshDash Eats,food_delivery,native,es,combo,last-minute deal,Order now,"Your cravings, delivered",Free delivery over $15,purple,excited,order,combo,45-54,iOS,2026-01-23,assets/creative_500960.png,stable,0.5097006651884701,not_top,Review,451.0,0.5011086474501109,4.0,0.5,47.0,0.710691823899371,122.0,0.5236220472440944,23.0,0.5686274509803921,0.4756172839506172,2.6075566932633185,0.3936693465968358,0.0046353774001429,0.0849271402550091,22974.07,8527461,59906.19,,0,-0.8237782365503292,-0.0549834117393737,True,False,0.4817073170731707,0.5997782705099778,0.5144124168514412,0.4279379157427938,0.4279379157427938,-0.1586731927727918,-0.02720908425034435,-0.0004629629629629983
500988,20164,1020,NovaPay,NovaPay Wallet,fintech,native,es,product-focus,security,Claim reward,"Your money, clearer",Built for peace of mind,white,trustworthy,signup,minimalist,18-24,Both,2026-01-15,assets/creative_500988.png,stable,0.5090909090909091,not_top,Review,452.0,0.5,4.0,0.5,76.0,0.46808510638297873,123.0,0.5196850393700787,40.0,0.23529411764705882,0.4055555555555556,6.084554595333982,0.3438146999263338,0.0033075415864861,0.1039487156657614,37328.19,6791449,227125.41,,0,-0.7543094014044427,-0.0472463142122142,True,False,0.36585365853658536,0.8126385809312638,0.4024390243902439,0.7472283813747228,0.08758314855875832,0.6286791416110775,-0.038926167131995704,-0.11203703703703688
500107,20017,1017,PulsePlay,PulsePlay Box,entertainment,interstitial,de,destination,cashback,Claim reward,Stream the hype,Start free today,black,premium,install,trailer,25-34,iOS,2026-01-21,assets/creative_500107.png,stable,0.5077050997782705,not_top,Review,453.0,0.49889135254988914,4.0,0.5,78.0,0.5470588235294118,152.0,0.46830985915492956,26.0,0.6212121212121212,0.4981481481481482,1.6991287700119309,0.4935726825777869,0.0054204783839371,0.0910570336449305,32436.9,4874662,55114.47,,0,-0.82457592590452,-0.1460183514882398,True,False,0.5360310421286031,0.2860310421286031,0.6807095343680709,0.5388026607538803,0.6352549889135255,-0.006684803730649724,0.051585704672866384,0.031790123456790165
500600,20100,1028,QuickFork,QuickFork Kitchen,food_delivery,interstitial,en,discount,late-night,Learn more,Hungry? We got you,Free delivery over $15,orange,premium,order,combo,45-54,iOS,2026-01-20,assets/creative_500600.png,stable,0.5069844789356984,not_top,Review,454.0,0.4977827050997783,3.0,0.6,48.0,0.7044025157232704,153.0,0.4647887323943662,17.0,0.627906976744186,0.5209876543209876,1.44857709337839,0.5372670866446864,0.00603467763025,0.0890299564555899,21839.1,3158578,31635.62,,0,-0.8432672109374766,-0.0488462143692114,True,False,0.5753880266075388,0.17184035476718404,0.7328159645232816,0.49667405764966743,0.7527716186252772,-0.03350726122561842,0.11638865579750624,0.04074074074074069
500838,20139,1031,CrispBox,CrispBox Outlet,ecommerce,native,en,competitive,power-up,Get offer,Up to 40% off,Free shipping over $25,white,urgent,purchase,product-focus,18-24,Both,2026-02-04,assets/creative_500838.png,stable,0.506430155210643,not_top,Review,455.0,0.49667405764966743,2.0,0.8333333333333334,23.0,0.837037037037037,124.0,0.515748031496063,10.0,0.8235294117647058,0.5074074074074074,2.4785113247824464,0.3489412309109174,0.0055333186119826,0.0630618360119858,21487.83,3980613,53257.83,,0,-0.7577224409405843,0.0548823785418146,True,False,0.5554323725055432,0.5776053215077606,0.41352549889135254,0.24057649667405764,0.6618625277161863,0.10548960715451638,0.044848170159000444,0.10123456790123458
500621,20103,1031,CrispBox,CrispBox Club,ecommerce,interstitial,es,ugc,new collection,Order now,Your next favorite pick,Shop bestsellers now,orange,excited,purchase,ugc,25-34,Android,2026-01-22,assets/creative_500621.png,stable,0.5062638580931265,not_top,Review,456.0,0.4955654101995565,1.0,1.0,24.0,0.8296296296296296,154.0,0.4612676056338028,8.0,0.78125,0.5243827160493827,3.3076399975168,0.3107160616658687,0.0058140529388527,0.0534422484510747,17557.99,4969167,58075.51,,0,-0.8513359596749878,-0.1531964025279534,True,False,0.582039911308204,0.6718403547671841,0.29711751662971175,0.10421286031042129,0.7128603104212861,0.22992487467641265,0.006623000913951738,0.02253086419753081
500262,20043,1007,ThreadMark,ThreadMark Store,ecommerce,interstitial,en,product-focus,limited offer,Claim reward,New collection drop,Free shipping over $25,red,excited,purchase,product-focus,35-44,Both,2026-01-24,assets/creative_500262.png,stable,0.5061529933481154,not_top,Review,457.0,0.49445676274944567,2.0,0.8,25.0,0.8222222222222222,155.0,0.45774647887323944,9.0,0.75,0.5203703703703704,2.1403006073840323,0.3780109096056939,0.0058975725976728,0.0640960163432073,22531.05,3320010,48223.22,,0,-0.8433552553924706,-0.0001525524515799,True,False,0.5742793791574279,0.47117516629711753,0.48226164079822614,0.25609756097560976,0.7317073170731707,0.08185250768845309,0.07391784885377695,0.01851851851851849
500818,20136,1028,QuickFork,QuickFork Eats,food_delivery,interstitial,en,discount,watch now,Get offer,Dinner in minutes,Free delivery over $15,blue,adventurous,order,food-closeup,45-54,iOS,2026-01-22,assets/creative_500818.png,stable,0.5060975609756098,not_top,Review,458.0,0.4933481152993348,4.0,0.5,49.0,0.6981132075471698,156.0,0.45422535211267606,18.0,0.6046511627906976,0.4938271604938271,1.5394629653254108,0.5378641008052643,0.0054756607983877,0.0982281628846751,33941.57,5287581,52251.79,,0,-0.8401779761867638,-0.0215126575684967,True,False,0.5221729490022173,0.20620842572062084,0.7339246119733924,0.6674057649667405,0.6430155210643016,-0.06969974092217823,0.11698566995808413,0.013580246913580174
500682,20113,1005,MoonScreen,MoonScreen Play,entertainment,interstitial,en,drama,exclusive,Order now,Stream the hype,New hits every week,orange,excited,install,celebrity,18-24,Android,2026-01-17,assets/creative_500682.png,stable,0.5048226164079822,not_top,Review,459.0,0.49223946784922396,5.0,0.3333333333333333,79.0,0.5411764705882353,157.0,0.4507042253521127,27.0,0.6060606060606061,0.4712962962962963,2.2666893412857645,0.4226713527402538,0.0047216475778765,0.0895177680606023,28195.99,6877684,63911.55,,0,-0.8060559950447077,-0.0913605327013148,True,False,0.47339246119733924,0.5133037694013304,0.5709534368070953,0.5055432372505543,0.44789356984478934,-0.36461874842187836,-0.019315625164666728,0.004938271604938316
500322,20053,1017,PulsePlay,PulsePlay Play,entertainment,interstitial,en,trailer,new season,Learn more,Stream the hype,New hits every week,orange,trustworthy,signup,ugc,35-44,iOS,2026-01-19,assets/creative_500322.png,stable,0.503880266075388,not_top,Review,460.0,0.4911308203991131,5.0,0.3333333333333333,80.0,0.5352941176470588,158.0,0.4471830985915493,28.0,0.5909090909090909,0.5024691358024692,1.590758052858573,0.5118859572426372,0.0056235195844792,0.0910259046052631,25291.64,3459755,40232.88,,0,-0.809018663018861,-0.0329699133601116,True,False,0.5465631929046563,0.22505543237250555,0.7039911308203991,0.5376940133037694,0.688470066518847,-0.1621360753839094,0.06989897933771666,0.036111111111111205
500102,20017,1017,PulsePlay,PulsePlay Box,entertainment,rewarded_video,en,drama,new season,Learn more,A new season drops,New hits every week,red,excited,install,trailer,25-34,iOS,2026-01-21,assets/creative_500102.png,stable,0.5036585365853659,not_top,Review,461.0,0.49002217294900224,5.0,0.3333333333333333,81.0,0.5294117647058824,135.0,0.1625,32.0,0.27906976744186046,0.475,1.5453653059383363,0.5575695317589477,0.0051373905363829,0.1085316617084573,29817.61,3664117,46079.1,,0,-0.8172440006045115,-0.0001270501270501,True,False,0.48004434589800443,0.2073170731707317,0.7605321507760532,0.7993348115299335,0.5554323725055432,-0.16044826780424426,0.11558255385402721,-0.15802469135802477
500465,20077,1005,MoonScreen,MoonScreen Stream,entertainment,interstitial,en,celebrity,trending,Shop now,Binge starts now,Cancel anytime,orange,adventurous,signup,drama,18-24,Both,2026-01-20,assets/creative_500465.png,stable,0.5036031042128603,not_top,Review,462.0,0.48891352549889133,4.0,0.5,82.0,0.5235294117647059,159.0,0.44366197183098594,29.0,0.5757575757575758,0.4978395061728395,1.5927500451103829,0.5158383130347122,0.0055448408871745,0.0930303183681733,25825.54,3563132,41133.63,,0,-0.7826338255021354,0.0249321008243197,True,False,0.5338137472283814,0.22727272727272727,0.7095343680709535,0.5809312638580931,0.6651884700665188,-0.030984215751571176,0.07385133512979164,0.0314814814814815
500356,20059,1023,NeonCast,NeonCast Now,entertainment,rewarded_video,es,drama,watch now,Try for free,Binge starts now,New hits every week,purple,premium,signup,drama,25-34,iOS,2026-01-11,assets/creative_500356.png,stable,0.5027716186252772,not_top,Review,463.0,0.4878048780487805,3.0,0.6666666666666666,83.0,0.5176470588235295,136.0,0.15625,33.0,0.2558139534883721,0.4632716049382716,1.7882226163683246,0.5033907992513615,0.0048257155014652,0.1043142305215711,33546.5,5149081,59988.61,,0,-0.8075049368980477,0.0013028608653167,True,False,0.4573170731707317,0.3270509977827051,0.6962305986696231,0.7505543237250555,0.47560975609756095,0.000517142201324372,0.06140382134644101,-0.16975308641975317
500766,20127,1019,ZenDrop,ZenDrop Club,ecommerce,native,es,drama,before/after,Order now,Up to 40% off,Shop bestsellers now,red,playful,purchase,ugc,25-34,Both,2026-01-31,assets/creative_500766.png,stable,0.5026607538802661,not_top,Review,464.0,0.4866962305986696,4.0,0.5,26.0,0.8148148148148148,125.0,0.5118110236220472,11.0,0.803921568627451,0.4962962962962963,2.4715487410902006,0.3638821021988876,0.0052557335059804,0.0692352650271995,24376.25,4232140,60247.09,,0,-0.7851428534413035,-0.0970375269790433,True,False,0.5249445676274944,0.573170731707317,0.44789356984478934,0.3004434589800443,0.5953436807095344,0.33341659490323794,0.05978904144697067,0.09012345679012346
500433,20072,1000,PixelForge,PixelForge Rush,gaming,interstitial,es,competitive,power-up,Claim reward,Win epic rewards,Free rewards for new players,lime,premium,install,reward,45-54,Android,2026-01-08,assets/creative_500433.png,stable,0.501940133037694,not_top,Review,465.0,0.48558758314855877,5.0,0.3333333333333333,132.0,0.13815789473684212,160.0,0.44014084507042256,49.0,0.1864406779661017,0.4780864197530864,1.1422331493797462,0.922287438872915,0.00519741857429,0.1774510606929314,42402.0,9396203,48432.97,,0,-0.8320526354280324,-0.0351199943029411,True,False,0.4911308203991131,0.06873614190687362,0.8547671840354767,0.8835920177383592,0.5798226164079823,-0.11037647332157419,-0.43169322655907094,-0.08549382716049381
500226,20037,1001,VantaStyle,VantaStyle Market,ecommerce,rewarded_video,en,product-focus,new collection,Watch now,New collection drop,Free shipping over $25,red,urgent,purchase,testimonial,45-54,Both,2026-01-24,assets/creative_500226.png,stable,0.5012749445676274,not_top,Review,466.0,0.4844789356984479,1.0,1.0,27.0,0.8074074074074075,137.0,0.15,6.0,0.5454545454545454,0.5092592592592592,1.860413921101728,0.4304818174012289,0.0057236136932194,0.0752115429996966,46552.35,5182565,86606.64,,0,-0.8510460326013433,-0.0853844437334825,True,False,0.5576496674057649,0.360310421286031,0.5931263858093127,0.34478935698447893,0.7006651884700665,0.38654333678177477,0.12638875664931193,-0.06913580246913598
500514,20085,1013,BoltCart,BoltCart Drops,ecommerce,interstitial,es,product-focus,security,Book now,New collection drop,Shop bestsellers now,beige,calm,purchase,product-focus,45-54,Android,2026-01-19,assets/creative_500514.png,stable,0.49988913525498896,not_top,Review,467.0,0.48337028824833705,3.0,0.6666666666666666,28.0,0.8,161.0,0.43661971830985913,10.0,0.71875,0.5030864197530863,3.694492077010553,0.3157224063244145,0.0054185368562306,0.0582670958418183,18352.29,5618860,67802.39,,0,-0.8405551874122213,0.0362156137001206,True,False,0.5476718403547672,0.6796008869179601,0.3070953436807095,0.17849223946784923,0.6330376940133038,-0.16014481259536062,0.011629345572497563,0.0012345679012344402
500625,20104,1032,SwiftStack,SwiftStack Invest,fintech,banner,es,feature-focus,save smarter,Order now,Track every euro,No hidden fees,blue,adventurous,signup,feature-focus,45-54,iOS,2026-01-22,assets/creative_500625.png,stable,0.49900221729490024,not_top,Review,468.0,0.48226164079822614,5.0,0.3333333333333333,77.0,0.46099290780141844,9.0,0.9518072289156626,5.0,0.9183673469387755,0.4108024691358025,7.157028756635192,0.3188179221601122,0.0034290075397903,0.0929767340726244,29027.04,6706022,207747.36,,0,-0.7373393430209931,-0.109580791285905,True,False,0.37416851441241683,0.8891352549889135,0.3181818181818182,0.5787139689578714,0.11086474501108648,0.2835394851487134,-0.06392294489821732,0.05771604938271607
500670,20111,1003,CloudRoute,CloudRoute Travel,travel,native,en,discount,discover,Learn more,Fly smarter,Special fares today,blue,trustworthy,booking,destination,25-34,Android,2026-01-15,assets/creative_500670.png,stable,0.49844789356984476,not_top,Review,469.0,0.4811529933481153,3.0,0.6666666666666666,100.0,0.31724137931034485,126.0,0.5078740157480315,25.0,0.4146341463414634,0.4916666666666666,9.00714214833112,0.2443790474913465,0.0048944962322259,0.0499293565458942,33657.94,8531828,303161.85,,0,-0.8355708405992277,0.0529609756582369,True,False,0.5155210643015521,0.9667405764966741,0.10532150776053215,0.04767184035476718,0.49445676274944567,1.0821827259389067,-0.08783187071507506,-0.05740740740740746
500747,20124,1016,FreshDash,FreshDash Delivery,food_delivery,interstitial,it,food-closeup,late-night,Order now,Dinner in minutes,Fresh favorites nearby,black,urgent,order,discount,35-44,iOS,2026-01-20,assets/creative_500747.png,stable,0.49783813747228384,not_top,Review,470.0,0.48004434589800443,2.0,0.8333333333333334,50.0,0.6918238993710691,162.0,0.43309859154929575,19.0,0.5813953488372093,0.5104938271604939,1.5067355322392513,0.5185994707869295,0.0058873120454434,0.0880876479425451,29045.96,4635562,43764.58,,0,-0.8588065934754003,-0.0314819659684924,True,False,0.5587583148558758,0.1917960088691796,0.7117516629711752,0.47560975609756095,0.729490022172949,0.14263134642365705,0.09772103993974934,0.030246913580246948
500726,20121,1013,BoltCart,BoltCart Market,ecommerce,native,es,product-focus,free shipping,Learn more,Up to 40% off,Only this weekend,blue,adventurous,purchase,discount,18-24,Android,2026-01-18,assets/creative_500726.png,stable,0.4973392461197339,not_top,Review,471.0,0.4789356984478936,1.0,1.0,29.0,0.7925925925925926,127.0,0.5039370078740157,12.0,0.7843137254901961,0.4981481481481482,3.021946788728365,0.3245237160212337,0.0053809197248288,0.06031008314876,20973.0,5118270,63379.29,,0,-0.8388352513806134,0.0996942082638352,True,False,0.5360310421286031,0.6529933481152993,0.3370288248337029,0.21175166297117518,0.6219512195121951,0.7177083669295867,0.020430655269316755,0.09197530864197534
500249,20041,1005,MoonScreen,MoonScreen Stream,entertainment,native,en,ugc,trending,Shop now,A new season drops,New hits every week,black,trustworthy,signup,trailer,18-24,Android,2026-01-23,assets/creative_500249.png,stable,0.49706208425720616,not_top,Review,472.0,0.4778270509977827,3.0,0.6,84.0,0.5117647058823529,128.0,0.5,21.0,0.6078431372549019,0.4469135802469136,2.17426775314214,0.4333617738406477,0.0044159455227376,0.0981356702906039,23574.7,5478102,51257.71,,0,-0.7940602383332408,-0.1525414442478984,True,False,0.4279379157427938,0.48337028824833705,0.5997782705099778,0.664079822616408,0.3736141906873614,0.10361316119737607,-0.008625204064272807,0.041666666666666796
501020,20170,1026,ClearLedger,ClearLedger Pay,fintech,banner,pt,feature-focus,cashback,Watch now,"Your money, clearer","Fast signup, instant card",purple,playful,signup,feature-focus,18-24,iOS,2026-01-14,assets/creative_501020.png,stable,0.49684035476718413,not_top,Review,473.0,0.47671840354767187,2.0,0.8,78.0,0.45390070921985815,10.0,0.9457831325301205,6.0,0.8979591836734694,0.4043209876543209,4.968786148135311,0.3645374546570941,0.0034853198203855,0.104592253636215,24811.1,3511299,123281.05,,0,-0.705761508765729,-0.0573850523699626,True,False,0.35920177383592017,0.7239467849223947,0.45121951219512196,0.7560975609756098,0.12638580931263857,0.39197079331185325,-0.018203412401235408,0.051234567901234485
500777,20129,1021,RouteBloom,RouteBloom Travel,travel,native,pt,destination,discover,Learn more,Book your next trip,Special fares today,purple,premium,booking,destination,35-44,Both,2026-01-23,assets/creative_500777.png,stable,0.4967849223946786,not_top,Review,474.0,0.47560975609756095,5.0,0.3333333333333333,101.0,0.3103448275862069,129.0,0.49606299212598426,26.0,0.3902439024390244,0.4938271604938271,9.08503316887239,0.2337568773818714,0.0049525526702091,0.0471992713551493,22588.95,6207304,205221.36,,0,-0.8173365077804485,0.0594117797892252,True,False,0.5221729490022173,0.9689578713968958,0.09090909090909091,0.018847006651884702,0.5121951219512195,0.07218377576467105,-0.09845404082455017,-0.05524691358024697
500014,20002,1002,EarnPath,EarnPath Invest,fintech,native,pt,feature-focus,new collection,Order now,Secure & simple,Built for peace of mind,white,playful,signup,trust,18-24,iOS,2026-01-16,assets/creative_500014.png,stable,0.4966740576496674,not_top,Review,475.0,0.4745011086474501,2.0,0.8333333333333334,79.0,0.44680851063829785,130.0,0.4921259842519685,41.0,0.21568627450980393,0.3932098765432099,6.586175894670943,0.3273258424698658,0.0031248896300145,0.1047479691205408,29998.18,6342304,197573.29,,0,-0.7330371745652744,-0.0484703719018764,True,False,0.34146341463414637,0.844789356984479,0.3492239467849224,0.7583148558758315,0.06430155210643015,0.45976252699100506,-0.0554150245884637,-0.12438271604938261
500245,20040,1004,SnapMeal,SnapMeal Kitchen,food_delivery,interstitial,en,celebrity,free delivery,Claim reward,"Your cravings, delivered",Fresh favorites nearby,lime,urgent,order,discount,35-44,Android,2026-01-27,assets/creative_500245.png,stable,0.49545454545454537,not_top,Review,476.0,0.47339246119733924,3.0,0.6666666666666666,51.0,0.6855345911949685,163.0,0.4295774647887324,20.0,0.5581395348837209,0.4962962962962963,1.5052569698269818,0.525738810097259,0.0056180385649556,0.0935804914862506,24240.2,3773737,36487.73,,0,-0.8476251567318749,-0.0642393505189034,True,False,0.5249445676274944,0.18957871396895787,0.7228381374722838,0.5920177383592018,0.6862527716186253,0.08417059452407738,0.10486037925007885,0.016049382716049387
500519,20086,1014,VaultRun,VaultRun Pay,fintech,banner,es,minimalist,earn more,Get offer,Secure & simple,"Fast signup, instant card",blue,adventurous,signup,trust,18-24,Android,2026-01-18,assets/creative_500519.png,stable,0.4952328159645233,not_top,Review,477.0,0.4722838137472284,4.0,0.4,80.0,0.4397163120567376,11.0,0.9397590361445783,7.0,0.8775510204081632,0.4364197530864198,8.931140374239748,0.2888904412695798,0.0037811430438503,0.0764029389841337,15581.99,4967281,139164.94,,0,-0.7260811138843981,0.0120238409877948,True,False,0.4107538802660754,0.9634146341463414,0.22394678492239467,0.3514412416851441,0.20288248337028825,-0.8655971530705582,-0.09385042578874969,0.08333333333333337
500706,20117,1009,DriftPass,DriftPass Getaway,travel,native,it,wanderlust,last-minute deal,Start now,Escape this weekend,Hotels + flights in one tap,blue,calm,booking,discount,18-24,Both,2026-01-03,assets/creative_500706.png,stable,0.4951773835920177,not_top,Review,478.0,0.47117516629711753,5.0,0.3333333333333333,102.0,0.30344827586206896,131.0,0.4881889763779528,27.0,0.36585365853658536,0.4839506172839506,7.570764626455176,0.2635709808467074,0.0048826728928535,0.0539808802740973,41569.71,8547982,314714.49,,0,-0.8160681590691929,0.0137918950714626,True,False,0.5011086474501109,0.917960088691796,0.14745011086474502,0.1130820399113082,0.48891352549889133,0.14309883116669475,-0.06863993735971419,-0.06512345679012344
500352,20058,1022,CraveLoop,CraveLoop Bites,food_delivery,native,ja,combo,fast,Get offer,2-for-1 tonight,Free delivery over $15,red,excited,order,combo,35-44,Both,2026-01-24,assets/creative_500352.png,stable,0.49484478935698445,not_top,Review,479.0,0.4700665188470067,4.0,0.5,52.0,0.6792452830188679,132.0,0.484251968503937,24.0,0.5490196078431373,0.4558641975308642,1.807477350419244,0.4940909685578474,0.0047505560158737,0.1040069766374443,22668.19,4586200,40972.24,,0,-0.829770345836002,0.0157303370786516,True,False,0.44124168514412415,0.3370288248337029,0.6818181818181818,0.7483370288248337,0.45787139689578715,-0.017678046019535376,0.07321253771066727,-0.020216049382715984
500934,20155,1011,FluxStream,FluxStream Now,entertainment,rewarded_video,de,discount,exclusive,Get offer,Exclusive tonight,New hits every week,red,urgent,signup,ugc,25-34,iOS,2026-01-28,assets/creative_500934.png,stable,0.4909090909090909,not_top,Review,480.0,0.46895787139689576,2.0,0.8333333333333334,85.0,0.5058823529411764,138.0,0.14375,34.0,0.23255813953488372,0.4709876543209876,1.572510466282856,0.5325674226727141,0.005164573013507,0.1031193520315951,44325.67,5785183,69702.58,,0,-0.8338922050642483,-0.0357093173699053,True,False,0.4722838137472284,0.21729490022172948,0.7283813747228381,0.7372505543237251,0.565410199556541,0.13775820024264895,0.09058044476779353,-0.16203703703703715
500373,20062,1026,ClearLedger,ClearLedger Cash,fintech,banner,es,ugc,security,Get offer,Secure & simple,No hidden fees,green,premium,signup,minimalist,35-44,iOS,2026-02-01,assets/creative_500373.png,stable,0.4901330376940133,not_top,Review,481.0,0.4678492239467849,4.0,0.4,81.0,0.4326241134751773,12.0,0.9337349397590361,8.0,0.8571428571428571,0.4037037037037037,7.342658014350647,0.3090762591353294,0.0033278845891026,0.0928746928746928,17490.5,4280497,128426.76,,0,-0.7108208137173048,0.0917442167786448,True,False,0.3575388026607539,0.9068736141906873,0.2926829268292683,0.573170731707317,0.09090909090909091,-0.26244142934003456,-0.07366460792300011,0.050617283950617264
500032,20005,1005,MoonScreen,MoonScreen TV,entertainment,interstitial,es,drama,exclusive,Book now,Watch what’s trending,Start free today,purple,excited,signup,celebrity,35-44,iOS,2026-01-24,assets/creative_500032.png,stable,0.4874722838137472,not_top,Review,482.0,0.46674057649667405,3.0,0.6666666666666666,86.0,0.5,164.0,0.426056338028169,30.0,0.5606060606060606,0.4759259259259258,1.977986707824744,0.4310566781137342,0.0050553605242328,0.0852672477160558,28028.52,5651229,55440.04,,0,-0.8225532723943887,-0.1896431913065841,True,False,0.48337028824833705,0.42017738359201773,0.5942350332594235,0.4334811529933481,0.5376940133037694,-0.02995837519763822,-0.010930299791186315,0.0095679012345678
500568,20094,1022,CraveLoop,CraveLoop Express,food_delivery,native,ja,discount,2-for-1,Install now,"Fast food, fast",Fresh favorites nearby,purple,trustworthy,order,food-closeup,45-54,Android,2026-01-28,assets/creative_500568.png,stable,0.48636363636363633,not_top,Review,483.0,0.4656319290465632,4.0,0.5,53.0,0.6729559748427673,133.0,0.48031496062992124,25.0,0.5294117647058824,0.4765432098765432,1.843610899822319,0.4590332310688287,0.0051550566637918,0.0890452348066298,20154.09,4494228,37156.3,,0,-0.8277452367081967,-0.1735794426348172,True,False,0.48503325942350334,0.3514412416851441,0.6330376940133038,0.4977827050997783,0.5620842572062085,-0.19634110545138994,0.03815480022164858,0.0004629629629629983
500497,20082,1010,BiteRush,BiteRush Eats,food_delivery,rewarded_video,es,food-closeup,2-for-1,Order now,Dinner in minutes,Fresh favorites nearby,lime,calm,order,discount,18-24,Android,2026-01-20,assets/creative_500497.png,stable,0.48558758314855877,not_top,Review,484.0,0.46452328159645234,1.0,1.0,54.0,0.6666666666666666,139.0,0.1375,7.0,0.3333333333333333,0.4660493827160494,2.2912207127678257,0.3996250345408947,0.0048139732347416,0.0830135555505097,29095.87,9148576,66665.06,,0,-0.8583429902765639,-0.1059763740821531,True,False,0.4634146341463415,0.5221729490022173,0.5277161862527716,0.40465631929046564,0.47339246119733924,0.15331787927665141,-0.02125339630628542,-0.11759259259259253
500918,20153,1009,DriftPass,DriftPass Trips,travel,native,ja,destination,last-minute deal,Watch now,Book your next trip,Special fares today,orange,trustworthy,booking,discount,25-34,iOS,2026-01-23,assets/creative_500918.png,stable,0.48503325942350334,not_top,Review,485.0,0.4634146341463415,3.0,0.6666666666666666,103.0,0.296551724137931,134.0,0.4763779527559055,28.0,0.34146341463414637,0.4972222222222222,6.686947897811643,0.2566680975977727,0.0053020960245756,0.0484087984087984,35059.18,6448016,234438.91,,0,-0.8381945513382265,0.0072393150494223,True,False,0.5315964523281597,0.8503325942350333,0.1319290465631929,0.02993348115299335,0.6086474501108647,1.0010058031420543,-0.07554282060864886,-0.05185185185185187
500992,20165,1021,RouteBloom,RouteBloom Getaway,travel,interstitial,en,urgency,challenge,Watch now,Escape this weekend,Hotels + flights in one tap,purple,premium,booking,wanderlust,45-54,Both,2026-02-02,assets/creative_500992.png,stable,0.48486696230598675,not_top,Review,486.0,0.4623059866962306,2.0,0.8333333333333334,104.0,0.2896551724137931,165.0,0.4225352112676056,32.0,0.40384615384615385,0.4922839506172839,5.317206917450033,0.2917271455679999,0.0052922930193155,0.0551230146371846,28809.46,3640388,153185.86,,0,-0.846826316543279,0.0211055900942773,True,False,0.5182926829268293,0.7505543237250555,0.23170731707317074,0.13414634146341464,0.6031042128603105,0.12778596991707047,-0.04048377263842168,-0.08518518518518525
500394,20065,1029,BingeLayer,BingeLayer Now,entertainment,native,es,wanderlust,fast,Try for free,Exclusive tonight,Cancel anytime,purple,excited,install,trailer,45-54,Android,2026-01-30,assets/creative_500394.png,stable,0.48470066518847005,not_top,Review,487.0,0.4611973392461197,5.0,0.3333333333333333,87.0,0.49411764705882355,135.0,0.47244094488188976,22.0,0.5882352941176471,0.4503086419753086,3.0128529116516884,0.3633838461682138,0.0044055545946645,0.0824831104370605,17711.94,6585323,53363.47,,0,-0.7997535662937407,-0.028564250722271,True,False,0.43680709534368073,0.6496674057649667,0.4467849223946785,0.3968957871396896,0.37028824833702884,0.046239087377197396,-0.07860313173670674,0.04506172839506184
500835,20139,1031,CrispBox,CrispBox Outlet,ecommerce,native,fr,discount,free shipping,Book now,Limited stock,Only this weekend,pink,premium,purchase,product-focus,18-24,Both,2026-01-30,assets/creative_500835.png,stable,0.4840909090909091,not_top,Review,488.0,0.46008869179600886,3.0,0.6666666666666666,30.0,0.7851851851851852,136.0,0.468503937007874,13.0,0.7647058823529411,0.4802469135802469,2.4972994857646387,0.3507207738642959,0.0051677227325018,0.067867567982793,27292.95,5038196,68158.67,,0,-0.826220561043608,-0.1427641387969344,True,False,0.4950110864745011,0.5798226164079823,0.417960088691796,0.2915742793791574,0.5676274944567627,0.12427776813670866,0.046627713112378955,0.07407407407407407
500343,20057,1021,RouteBloom,RouteBloom Deals,travel,rewarded_video,it,discount,last-minute deal,Get offer,Book your next trip,Flexible booking options,white,urgent,booking,destination,45-54,Both,2026-01-07,assets/creative_500343.png,stable,0.4835920177383592,not_top,Review,489.0,0.458980044345898,1.0,1.0,105.0,0.2827586206896552,140.0,0.13125,44.0,0.06521739130434782,0.4882716049382716,5.87722328430835,0.2829331692666951,0.0051877896172491,0.0545382889710786,42861.14,6358392,251904.49,,0,-0.8729242794100391,-0.1669707639778062,True,False,0.508869179600887,0.7915742793791575,0.2039911308203991,0.12638580931263857,0.5742793791574279,-0.0888232548065595,-0.04927774893972647,-0.26450617283950617
500328,20054,1018,StormByte,StormByte Saga,gaming,interstitial,en,reward,power-up,Install now,Win epic rewards,Free rewards for new players,purple,premium,install,gameplay,18-24,iOS,2026-01-11,assets/creative_500328.png,stable,0.4834257206208426,not_top,Review,490.0,0.45787139689578715,5.0,0.3333333333333333,133.0,0.13157894736842105,166.0,0.41901408450704225,50.0,0.1694915254237288,0.4679012345679012,0.8175861103502293,1.0020641295690258,0.0052515935207036,0.1908114414450658,32966.13,4733230,26952.65,,0,-0.8739387304789628,-0.0970361586712493,True,False,0.4678492239467849,0.005543237250554324,0.8658536585365854,0.9212860310421286,0.5920177383592018,-0.0863117884726039,-0.3519165358629601,-0.095679012345679
500588,20098,1026,ClearLedger,ClearLedger Wallet,fintech,banner,en,testimonial,earn more,Claim reward,Secure & simple,"Fast signup, instant card",orange,adventurous,signup,minimalist,45-54,Both,2026-01-15,assets/creative_500588.png,stable,0.4833702882483371,not_top,Review,491.0,0.4567627494456763,2.0,0.6666666666666666,82.0,0.425531914893617,13.0,0.927710843373494,9.0,0.8367346938775511,0.4030864197530864,5.291175563698956,0.3450973988419641,0.0035416028794404,0.0974410205179436,23610.12,3674325,124925.29,,0,-0.7087635484774453,-0.1153920171062009,True,False,0.3558758314855876,0.7483370288248337,0.4057649667405765,0.6529933481152993,0.14966740576496673,-0.6444452059406034,-0.03764346821636538,0.04999999999999999
500626,20104,1032,SwiftStack,SwiftStack Invest,fintech,interstitial,fr,feature-focus,fast,Learn more,Earn cashback daily,Built for peace of mind,white,adventurous,signup,feature-focus,45-54,iOS,2026-01-09,assets/creative_500626.png,stable,0.48298226164079827,not_top,Review,492.0,0.4556541019955654,6.0,0.16666666666666666,83.0,0.41843971631205673,167.0,0.4154929577464789,25.0,0.25,0.3950617283950617,5.620306585210449,0.3379202109282034,0.0034177612704495,0.0988718006286484,61366.3,10425538,344897.42,,0,-0.668494787213098,-0.0895752994433758,True,False,0.3436807095343681,0.7760532150776053,0.3902439024390244,0.6796008869179601,0.10975609756097561,-1.2531826862760296,-0.04482065613012609,-0.14382716049382727
500576,20096,1024,GlitchWave,GlitchWave Legends,gaming,interstitial,fr,fantasy,free rewards,Claim reward,Beat your rivals,Play with friends tonight,lime,premium,install,gameplay,45-54,Android,2026-01-28,assets/creative_500576.png,stable,0.48292682926829267,not_top,Review,493.0,0.45454545454545453,5.0,0.3333333333333333,134.0,0.125,168.0,0.4119718309859155,51.0,0.15254237288135594,0.4725308641975309,0.8444973277899612,0.942984257062892,0.0053299430203234,0.1769220146382844,58640.6,9510233,49521.83,,0,-0.851512905414628,-0.0701160785570761,True,False,0.47671840354767187,0.007760532150776054,0.8580931263858093,0.8813747228381374,0.6108647450110865,-0.13749578160173814,-0.4109964083690939,-0.09104938271604934
500790,20131,1023,NeonCast,NeonCast Stream,entertainment,native,pt,celebrity,exclusive,Claim reward,Watch what’s trending,Start free today,purple,calm,signup,drama,35-44,iOS,2026-01-31,assets/creative_500790.png,stable,0.47937915742793785,not_top,Review,494.0,0.4534368070953437,3.0,0.6666666666666666,88.0,0.48823529411764705,137.0,0.4645669291338583,23.0,0.5686274509803921,0.45,2.199396098515955,0.4123037045087839,0.0045878299576008,0.089869003062266,21821.44,5124863,47993.99,,0,-0.7974327748526692,-0.0557321309778994,True,False,0.4351441241685144,0.48891352549889133,0.5543237250554324,0.5121951219512195,0.42017738359201773,0.2531086854600968,-0.029683273396136634,0.04475308641975323
500257,20042,1006,NeonArena,NeonArena Arena,gaming,native,pt,competitive,free shipping,Install now,Unlock rare gear,Free rewards for new players,blue,excited,install,competitive,45-54,Both,2026-01-08,assets/creative_500257.png,stable,0.4788248337028825,not_top,Review,495.0,0.4523281596452328,6.0,0.16666666666666666,135.0,0.11842105263157894,138.0,0.46062992125984253,8.0,0.2222222222222222,0.4219135802469135,1.5953955269261444,0.68416160270194,0.0040697537632634,0.1681088445393622,32724.7,13346262,52208.84,,0,-0.7933298250215056,-0.0840792238812561,True,False,0.3924611973392461,0.229490022172949,0.8248337028824834,0.8514412416851441,0.28713968957871394,-0.2486894916343203,-0.6698190627300459,-0.16975308641975317
500202,20033,1033,NomadLayer,NomadLayer Getaway,travel,native,fr,wanderlust,discover,Shop now,Escape this weekend,Flexible booking options,blue,premium,booking,destination,25-34,Both,2026-02-03,assets/creative_500202.png,stable,0.4786031042128603,not_top,Review,496.0,0.45121951219512196,5.0,0.3333333333333333,106.0,0.27586206896551724,139.0,0.4566929133858268,29.0,0.3170731707317073,0.4799382716049383,6.705524836953856,0.2672953072773038,0.0050192365894808,0.053254175712197,25491.25,4496899,170932.21,,0,-0.8204415256740907,0.0969282838611331,True,False,0.4933481152993348,0.8536585365853658,0.15631929046563192,0.1008869179600887,0.5299334811529933,-0.23552427599436498,-0.0649156109291178,-0.06913580246913575
500132,20022,1022,CraveLoop,CraveLoop Express,food_delivery,native,en,drama,save smarter,Start now,Hungry? We got you,Fresh favorites nearby,orange,playful,order,food-closeup,18-24,iOS,2026-01-18,assets/creative_500132.png,stable,0.47849223946784925,not_top,Review,497.0,0.4501108647450111,2.0,0.5,55.0,0.660377358490566,140.0,0.452755905511811,26.0,0.5098039215686274,0.4768518518518518,1.6148164348377885,0.4942706271062328,0.0053415098304103,0.0925338795207766,37127.96,6672458,59954.84,,0,-0.7861376513571795,-0.2020570319113696,True,False,0.4866962305986696,0.24057649667405764,0.6829268292682927,0.5643015521064302,0.6130820399113082,-0.15128144647896868,0.07339219625905269,0.0007716049382716084
500984,20164,1020,NovaPay,NovaPay Wallet,fintech,native,es,trust,save smarter,Shop now,Earn cashback daily,Built for peace of mind,purple,adventurous,signup,minimalist,18-24,Both,2026-01-08,assets/creative_500984.png,stable,0.47793791574279376,not_top,Review,498.0,0.4490022172949002,5.0,0.3333333333333333,84.0,0.41134751773049644,141.0,0.44881889763779526,42.0,0.19607843137254902,0.3864197530864197,5.823644480086635,0.3322538755132732,0.0033128711199017,0.100291820444597,39004.96,7033778,227151.02,,0,-0.7498601558179667,-0.050032358958769,True,False,0.3325942350332594,0.7893569844789357,0.3647450110864745,0.7017738359201774,0.08869179600886919,0.36776902636373077,-0.050486991545056314,-0.1311728395061728
500344,20057,1021,RouteBloom,RouteBloom Deals,travel,rewarded_video,es,destination,escape,Book now,Fly smarter,Hotels + flights in one tap,orange,adventurous,booking,destination,45-54,Both,2026-01-14,assets/creative_500344.png,stable,0.4764966740576497,not_top,Review,499.0,0.44789356984478934,2.0,0.8333333333333334,107.0,0.2689655172413793,141.0,0.125,45.0,0.043478260869565216,0.4740740740740741,6.05486979392147,0.2850242295908139,0.004956620291025,0.0575037450633256,39614.51,5925812,239860.7,,0,-0.8609939088877665,-0.0413151326260535,True,False,0.4778270509977827,0.8059866962305987,0.2106430155210643,0.1607538802660754,0.5133037694013304,0.08882325480656039,-0.04718668861560765,-0.2787037037037037
500671,20111,1003,CloudRoute,CloudRoute Travel,travel,interstitial,ja,discount,book now,Order now,Dream destinations await,Flexible booking options,purple,excited,booking,destination,25-34,Android,2026-01-15,assets/creative_500671.png,stable,0.4761086474501109,not_top,Review,500.0,0.4467849223946785,4.0,0.5,108.0,0.2620689655172414,169.0,0.4084507042253521,33.0,0.38461538461538464,0.4765432098765432,7.335839102385426,0.2510813314225079,0.0049194732892483,0.0510382548414793,31642.98,6392351,232127.81,,0,-0.8447340524247257,-0.0246153067056363,True,False,0.48503325942350334,0.9057649667405765,0.12195121951219512,0.06097560975609756,0.5033259423503326,-0.5891203200067867,-0.08112958678391369,-0.10092592592592597
500402,20067,1031,CrispBox,CrispBox Club,ecommerce,native,es,product-focus,free shipping,Install now,Up to 40% off,Only this weekend,red,adventurous,purchase,ugc,18-24,iOS,2026-01-17,assets/creative_500402.png,stable,0.47594235033259424,not_top,Review,501.0,0.44567627494456763,3.0,0.6,31.0,0.7777777777777778,142.0,0.4448818897637795,14.0,0.7450980392156863,0.4885802469135802,2.991397644922845,0.313361744798195,0.0053903917591558,0.0581333897051051,21238.37,5265480,63532.41,,0,-0.8258961844952009,-0.0093100645669894,True,False,0.5105321507760532,0.647450110864745,0.30598669623059865,0.17516629711751663,0.623059866962306,-0.062431664771612105,0.009268684046278064,0.08240740740740737
500380,20063,1027,WayPoint,WayPoint Travel,travel,rewarded_video,en,wanderlust,escape,Order now,Escape this weekend,Flexible booking options,lime,playful,booking,family,35-44,Android,2026-01-29,assets/creative_500380.png,stable,0.47583148558758315,not_top,Review,502.0,0.4445676274944568,2.0,0.8333333333333334,109.0,0.25517241379310346,142.0,0.11875,46.0,0.021739130434782608,0.4722222222222222,5.088572252867344,0.3049339541706778,0.0049960051605467,0.0610355562837948,42252.51,4886304,215004.95,,0,-0.8377558134206474,-0.1816483590538445,True,False,0.47560975609756095,0.7328159645232816,0.2727272727272727,0.21729490022172948,0.5221729490022173,-0.05994924078698727,-0.027276964035743756,-0.28055555555555556
500769,20128,1020,NovaPay,NovaPay Pay,fintech,native,ja,feature-focus,earn more,Watch now,Save with confidence,"Fast signup, instant card",white,trustworthy,signup,minimalist,18-24,Android,2026-01-18,assets/creative_500769.png,stable,0.4744456762749446,not_top,Review,503.0,0.4434589800443459,2.0,0.8333333333333334,85.0,0.40425531914893614,143.0,0.4409448818897638,43.0,0.17647058823529413,0.3802469135802469,4.618790720758896,0.3556586410782673,0.0033004578383156,0.1077603952243721,42714.7,5887668,197290.26,,0,-0.7448644515021179,-0.0387035973173423,True,False,0.3215077605321508,0.70509977827051,0.42904656319290463,0.79490022172949,0.08536585365853659,0.2212710172122181,-0.027082225980062213,-0.13734567901234557
500432,20072,1000,PixelForge,PixelForge Rush,gaming,banner,pt,reward,free rewards,Watch now,Unlock rare gear,Free rewards for new players,lime,premium,install,reward,45-54,Android,2026-01-14,assets/creative_500432.png,stable,0.474279379157428,not_top,Review,504.0,0.442350332594235,6.0,0.16666666666666666,136.0,0.1118421052631579,14.0,0.9216867469879518,1.0,1.0,0.4462962962962963,1.2725934608854022,0.7568913172397446,0.0047724855138298,0.158594785682722,30660.42,9483528,39018.25,,0,-0.846475487699069,-0.0001676245210727,True,False,0.4268292682926829,0.11751662971175167,0.8370288248337029,0.8348115299334812,0.4656319290465632,0.01998383818408178,-0.5970893481922414,0.02839506172839512
500311,20051,1015,HorizonHop,HorizonHop Flights,travel,native,pt,discount,free rewards,Learn more,Dream destinations await,Special fares today,teal,adventurous,booking,discount,18-24,iOS,2026-01-13,assets/creative_500311.png,stable,0.4740022172949003,not_top,Review,505.0,0.44124168514412415,6.0,0.16666666666666666,110.0,0.2482758620689655,144.0,0.43700787401574803,30.0,0.2926829268292683,0.4657407407407408,6.094292933385115,0.2861186897677011,0.004830332240773,0.0592337494619027,32212.17,4809193,196310.4,,0,-0.8130281833097049,0.039530727570042,True,False,0.4611973392461197,0.8148558758314856,0.21286031042128603,0.19401330376940132,0.47671840354767187,-0.5490171627188438,-0.04609222843872046,-0.08333333333333326
501037,20172,1028,QuickFork,QuickFork Kitchen,food_delivery,native,pt,family,fast,Try for free,"Your cravings, delivered",Free delivery over $15,orange,trustworthy,order,food-closeup,25-34,iOS,2026-01-11,assets/creative_501037.png,stable,0.4738913525498891,not_top,Review,506.0,0.4401330376940133,1.0,1.0,56.0,0.6540880503144654,145.0,0.4330708661417323,27.0,0.49019607843137253,0.4478395061728394,2.462717908068494,0.3827641531056612,0.004521719199992,0.0846501377410468,28473.59,10034900,70122.42,,0,-0.7815329857657972,-0.009765506493229,True,False,0.42904656319290463,0.5676274944567627,0.49002217294900224,0.4212860310421286,0.40465631929046564,0.5477474513803435,-0.03811427774151893,-0.02824074074074079
500760,20126,1018,StormByte,StormByte Arena,gaming,banner,es,competitive,cashback,Claim reward,Join the arena,Play with friends tonight,orange,urgent,install,reward,18-24,Android,2026-01-28,assets/creative_500760.png,stable,0.4731152993348116,not_top,Review,507.0,0.43902439024390244,5.0,0.3333333333333333,137.0,0.10526315789473684,15.0,0.9156626506024096,2.0,0.8571428571428571,0.4354938271604938,1.4065382798818282,0.720020893407213,0.004519280075641,0.159322033898305,27397.42,9530279,38535.52,,0,-0.8371976879966732,0.0153322530035919,True,False,0.4090909090909091,0.15853658536585366,0.8303769401330376,0.835920177383592,0.4035476718403548,0.17537526621612054,-0.6339597720247729,0.017592592592592604
500669,20111,1003,CloudRoute,CloudRoute Travel,travel,native,en,family,discover,Order now,Dream destinations await,Flexible booking options,blue,premium,booking,destination,25-34,Android,2026-01-20,assets/creative_500669.png,stable,0.47283813747228376,not_top,Review,508.0,0.4379157427937916,5.0,0.3333333333333333,111.0,0.2413793103448276,146.0,0.42913385826771655,31.0,0.2682926829268293,0.4580246913580246,8.831730943541412,0.2446424601070652,0.0044940053703672,0.0544375095143857,28408.61,7308625,250897.2,,0,-0.8291548954664658,-0.0573100254854804,True,False,0.4490022172949002,0.958980044345898,0.10753880266075388,0.12305986696230599,0.39356984478935697,0.9067715211491993,-0.08756845809935637,-0.09104938271604945
500057,20009,1009,DriftPass,DriftPass Travel,travel,interstitial,it,celebrity,cashback,Learn more,Dream destinations await,Flexible booking options,lime,trustworthy,booking,discount,18-24,Android,2026-01-11,assets/creative_500057.png,stable,0.4715631929046563,not_top,Review,509.0,0.43680709534368073,5.0,0.3333333333333333,112.0,0.23448275862068965,170.0,0.40492957746478875,34.0,0.36538461538461536,0.4993827160493827,5.679441634512126,0.2527981973697044,0.0056856371476666,0.0444625977360252,29016.12,4521393,164795.36,,0,-0.8197105425273157,-0.1514929474262686,True,False,0.5399113082039911,0.779379157427938,0.12749445676274945,0.005543237250554324,0.6940133037694013,-1.530963790516318,-0.07941272083671719,-0.07808641975308644
500648,20108,1000,PixelForge,PixelForge Battle,gaming,rewarded_video,pt,gameplay,competition,Learn more,Beat your rivals,Free rewards for new players,lime,premium,install,gameplay,25-34,Both,2026-01-08,assets/creative_500648.png,stable,0.4714523281596453,not_top,Review,510.0,0.4356984478935698,3.0,0.6666666666666666,138.0,0.09868421052631579,143.0,0.1125,43.0,0.023255813953488372,0.4487654320987654,0.9963946398189304,0.9509427405122436,0.0049715222998452,0.1912779794916809,80715.93,15123939,80424.92,,0,-0.7760538781767493,-0.1015114087463593,True,False,0.43237250554323725,0.03325942350332594,0.8603104212860311,0.9235033259423503,0.5155210643015521,-0.08657657546446218,-0.40303792491974233,-0.21296296296296302
500781,20130,1022,CraveLoop,CraveLoop Kitchen,food_delivery,banner,en,testimonial,discover,Shop now,2-for-1 tonight,Free delivery over $15,yellow,trustworthy,order,food-closeup,18-24,iOS,2026-02-01,assets/creative_500781.png,stable,0.47062084257206216,not_top,Review,511.0,0.43458980044345896,3.0,0.6666666666666666,57.0,0.6477987421383647,16.0,0.9096385542168675,3.0,0.9636363636363636,0.4632716049382716,2.7197577436688345,0.3381248680158921,0.0049220864047774,0.068695435270641,18725.62,8144920,50929.15,,0,-0.8318224737080269,-0.1211874831713382,True,False,0.4573170731707317,0.6175166297117517,0.39135254988913526,0.2982261640798226,0.5044345898004434,0.0937971426310682,-0.08275356283128804,0.22530864197530867
500403,20067,1031,CrispBox,CrispBox Club,ecommerce,native,en,discount,limited offer,Claim reward,New collection drop,Only this weekend,white,adventurous,purchase,ugc,18-24,iOS,2026-01-13,assets/creative_500403.png,stable,0.4695676274944568,not_top,Review,512.0,0.4334811529933481,4.0,0.4,32.0,0.7703703703703704,147.0,0.4251968503937008,15.0,0.7254901960784313,0.4632716049382715,3.1162609744660688,0.3258196014255223,0.0049132544333975,0.0663144166137176,24354.26,6086190,75894.23,,0,-0.8222737306225678,-0.029596461743978,True,False,0.4556541019955654,0.6629711751662971,0.3425720620842572,0.2793791574279379,0.5022172949002217,0.06243166477161166,0.021726540673605355,0.057098765432098686
500428,20071,1035,StarVault,StarVault Play,entertainment,interstitial,pt,gameplay,watch now,Shop now,A new season drops,New hits every week,red,excited,install,celebrity,25-34,Android,2026-01-26,assets/creative_500428.png,stable,0.46779379157427936,not_top,Review,513.0,0.43237250554323725,4.0,0.5,89.0,0.4823529411764706,171.0,0.4014084507042254,31.0,0.5454545454545454,0.4589506172839506,2.288894745131166,0.3792361982564645,0.0048959342245129,0.0774594144581656,22350.32,5888151,51157.53,,0,-0.8263861182369727,-0.0160150209851999,True,False,0.4501108647450111,0.5210643015521065,0.4866962305986696,0.35365853658536583,0.4955654101995565,-0.2373299660867887,-0.06275077964845605,-0.007407407407407418
500713,20118,1010,BiteRush,BiteRush Bites,food_delivery,native,es,food-closeup,fast,Book now,Hungry? We got you,Late-night deals available,black,trustworthy,order,combo,25-34,Both,2026-01-12,assets/creative_500713.png,stable,0.46568736141906875,not_top,Review,514.0,0.4312638580931264,4.0,0.5,58.0,0.6415094339622641,148.0,0.421259842519685,28.0,0.47058823529411764,0.4046296296296297,2.255428451160124,0.406104648817908,0.0039950748888085,0.101651323221883,34446.75,10413572,77692.18,,0,-0.8003506580148314,-0.0791613692402528,True,False,0.3614190687361419,0.5033259423503326,0.5476718403547672,0.7217294900221729,0.27161862527716185,0.0695700866841058,-0.014773782029272153,-0.07145061728395052
500295,20049,1013,BoltCart,BoltCart Market,ecommerce,interstitial,ja,food-closeup,new collection,Book now,New collection drop,Only this weekend,orange,premium,purchase,discount,45-54,iOS,2026-01-20,assets/creative_500295.png,stable,0.4656319290465632,not_top,Review,515.0,0.43015521064301554,2.0,0.8,33.0,0.762962962962963,172.0,0.397887323943662,11.0,0.6875,0.5015432098765432,1.7761958845214507,0.3953524292565307,0.0061986149887426,0.0637807687643991,22777.91,2660917,40458.03,,0,-0.8365990894406281,-0.0152750798670756,True,False,0.5421286031042128,0.32261640798226165,0.5210643015521065,0.24722838137472283,0.7838137472283814,-0.006421281607242202,0.09125936850461375,-0.00030864197530866555
500377,20062,1026,ClearLedger,ClearLedger Cash,fintech,banner,es,discount,earn more,Claim reward,Secure & simple,No hidden fees,blue,trustworthy,signup,minimalist,35-44,iOS,2026-01-30,assets/creative_500377.png,stable,0.46524390243902436,not_top,Review,516.0,0.42904656319290463,5.0,0.2,86.0,0.3971631205673759,17.0,0.9036144578313253,10.0,0.8163265306122449,0.4015432098765432,7.066241427666965,0.3026178079108883,0.0035239133617233,0.085875496031746,18590.33,4576730,131363.76,,0,-0.7122720229956283,0.0647920127778458,True,False,0.3514412416851441,0.8791574279379157,0.2682926829268293,0.44124168514412415,0.1419068736141907,-0.5388580160237169,-0.08012305914744117,0.04845679012345677
500058,20009,1009,DriftPass,DriftPass Travel,travel,native,en,family,last-minute deal,Try for free,Book your next trip,Special fares today,teal,playful,booking,discount,18-24,Android,2026-01-06,assets/creative_500058.png,stable,0.4649113082039912,not_top,Review,517.0,0.4279379157427938,6.0,0.16666666666666666,113.0,0.22758620689655173,149.0,0.41732283464566927,32.0,0.24390243902439024,0.4598765432098765,7.2703720416047775,0.2540885065848578,0.0047215213586624,0.0538149649834132,41176.04,8044441,299365.13,,0,-0.8210533586280566,-0.1202829314280569,True,False,0.45121951219512196,0.9002217294900222,0.12971175166297116,0.11086474501108648,0.4467849223946785,0.05996661657633329,-0.07812241162156375,-0.08919753086419757
500321,20053,1017,PulsePlay,PulsePlay Play,entertainment,interstitial,en,urgency,trending,Learn more,Exclusive tonight,Start free today,lime,trustworthy,signup,ugc,35-44,iOS,2026-01-15,assets/creative_500321.png,stable,0.46269401330376936,not_top,Review,518.0,0.4268292682926829,6.0,0.16666666666666666,90.0,0.4764705882352941,173.0,0.39436619718309857,32.0,0.5303030303030303,0.4614197530864197,1.5544220197813956,0.4982277871385798,0.0052493621089456,0.0949120629894304,32784.34,4451779,50960.7,,0,-0.8086186161053818,-0.0218031556301022,True,False,0.4523281596452328,0.2106430155210643,0.6917960088691796,0.6130820399113082,0.5886917960088692,-0.19847210846108676,0.05624080923365926,-0.004938271604938316
501028,20171,1027,WayPoint,WayPoint Escapes,travel,native,fr,destination,escape,Start now,Dream destinations await,Hotels + flights in one tap,lime,calm,booking,destination,35-44,iOS,2026-01-24,assets/creative_501028.png,stable,0.4626385809312639,not_top,Review,519.0,0.42572062084257206,6.0,0.16666666666666666,114.0,0.2206896551724138,150.0,0.41338582677165353,33.0,0.21951219512195122,0.4679012345679013,6.056819440412946,0.2734899099904922,0.0050127644640702,0.0545586994862357,34760.99,5203117,210541.04,,0,-0.7946047439540252,0.1007869960650198,True,False,0.46895787139689576,0.8070953436807096,0.17073170731707318,0.12749445676274945,0.5277161862527716,-1.0638623004777745,-0.05872100821592935,-0.08117283950617277
501022,20170,1026,ClearLedger,ClearLedger Pay,fintech,banner,ja,testimonial,free shipping,Get offer,Secure & simple,"Fast signup, instant card",black,excited,signup,feature-focus,18-24,iOS,2026-01-23,assets/creative_501022.png,stable,0.46263858093126387,not_top,Review,520.0,0.4246119733924612,3.0,0.6,87.0,0.3900709219858156,18.0,0.8975903614457831,11.0,0.7959183673469388,0.3833333333333333,4.733405883265015,0.3434021477624011,0.0034878484015788,0.0984567298300449,20831.63,2935334,98604.56,,0,-0.7444079687702372,0.0522088726300347,True,False,0.32926829268292684,0.7106430155210643,0.3991130820399113,0.6707317073170732,0.12749445676274945,0.15659052844155763,-0.039338719295928415,0.030246913580246892
500650,20108,1000,PixelForge,PixelForge Battle,gaming,interstitial,fr,product-focus,book now,Try for free,Win epic rewards,Play with friends tonight,purple,adventurous,install,gameplay,25-34,Both,2026-01-19,assets/creative_500650.png,stable,0.46141906873614197,not_top,Review,521.0,0.42350332594235035,4.0,0.5,139.0,0.09210526315789473,174.0,0.3908450704225352,52.0,0.13559322033898305,0.4432098765432098,1.086176445282251,0.8302698445363472,0.0048972520556767,0.1695379031132207,31961.75,7313285,34716.1,,0,-0.8503318451347788,-0.098042270183429,True,False,0.42017738359201773,0.05321507760532151,0.8481152993348116,0.8558758314855875,0.49667405764966743,0.0032052299988585276,-0.5237108208956387,-0.1203703703703704
500448,20074,1002,EarnPath,EarnPath Bank,fintech,banner,en,feature-focus,trending,Shop now,Earn cashback daily,Built for peace of mind,black,trustworthy,signup,trust,45-54,iOS,2026-01-17,assets/creative_500448.png,stable,0.46125277161862527,not_top,Review,522.0,0.4223946784922395,4.0,0.5,88.0,0.3829787234042553,19.0,0.891566265060241,12.0,0.7755102040816326,0.3867283950617284,7.513637603990586,0.2909631919586031,0.0032834015707221,0.0886163893424115,32578.67,8767432,244784.32,,0,-0.7260367150447941,0.0943778801843318,True,False,0.33370288248337027,0.9168514412416852,0.23059866962305986,0.48337028824833705,0.082039911308204,0.13332495588488147,-0.0917776750997264,0.03364197530864199
500161,20026,1026,ClearLedger,ClearLedger Invest,fintech,banner,fr,trust,earn more,Install now,Earn cashback daily,Built for peace of mind,green,excited,signup,minimalist,35-44,iOS,2026-01-23,assets/creative_500161.png,stable,0.4606430155210643,not_top,Review,523.0,0.4212860310421286,3.0,0.5,89.0,0.375886524822695,20.0,0.8855421686746988,13.0,0.7551020408163265,0.382716049382716,7.091985114722904,0.2998659289612327,0.0032996582132673,0.0908778757010415,21567.62,5295700,152957.24,,0,-0.7155979426204266,-0.0292696997937585,True,False,0.328159645232816,0.8802660753880266,0.2583148558758315,0.5343680709534369,0.08425720620842572,-1.2224822408001739,-0.08287493809709678,0.02962962962962956
500110,20018,1018,StormByte,StormByte Saga,gaming,interstitial,de,competitive,power-up,Shop now,Win epic rewards,Free rewards for new players,lime,playful,install,fantasy,25-34,Android,2026-01-17,assets/creative_500110.png,stable,0.4598669623059868,not_top,Review,524.0,0.42017738359201773,5.0,0.3333333333333333,140.0,0.08552631578947369,175.0,0.3873239436619718,53.0,0.11864406779661017,0.441358024691358,1.0410351395649533,0.8660634103830958,0.004901901382942,0.1766790766939687,32366.65,6849383,33694.82,,0,-0.856493313521555,-0.1231226828297993,True,False,0.4174057649667406,0.041019955654102,0.8492239467849224,0.8791574279379157,0.4977827050997783,-0.1308575290974603,-0.48791725504889016,-0.12222222222222223
500012,20002,1002,EarnPath,EarnPath Invest,fintech,native,es,trust,last-minute deal,Book now,"Your money, clearer",Built for peace of mind,blue,excited,signup,trust,18-24,iOS,2026-01-03,assets/creative_500012.png,stable,0.45881374722838136,not_top,Review,525.0,0.4190687361419069,3.0,0.6666666666666666,90.0,0.36879432624113473,151.0,0.4094488188976378,44.0,0.1568627450980392,0.3620370370370371,6.185969994816537,0.3087574245943081,0.0030010188172911,0.1028842014636246,40744.96,8514775,252047.1,,0,-0.7127321967981208,-0.0394352838173063,True,False,0.29933481152993346,0.8203991130820399,0.2915742793791574,0.7350332594235033,0.043237250554323724,0.05955662713659837,-0.07398344246402139,-0.1555555555555554
500210,20035,1035,StarVault,StarVault Plus,entertainment,banner,fr,ugc,new season,Learn more,Stream the hype,Start free today,blue,calm,install,ugc,25-34,Android,2026-02-02,assets/creative_500210.png,stable,0.45692904656319294,not_top,Review,526.0,0.417960088691796,6.0,0.16666666666666666,91.0,0.47058823529411764,21.0,0.8795180722891566,2.0,0.9,0.4459876543209876,1.916458828447153,0.4277163497464665,0.0048614889868544,0.087980524259752,17870.47,3633249,34248.02,,0,-0.7784449447725091,-0.1593878228761518,True,False,0.42572062084257206,0.3924611973392461,0.5864745011086474,0.4700665188470067,0.4844789356984479,0.07351174259645843,-0.014270628158454035,0.2055555555555555
501040,20173,1029,BingeLayer,BingeLayer Play,entertainment,interstitial,fr,celebrity,exclusive,Start now,Stream the hype,New hits every week,red,trustworthy,signup,celebrity,45-54,Both,2026-01-14,assets/creative_501040.png,stable,0.4556541019955654,not_top,Review,527.0,0.41685144124168516,3.0,0.6,92.0,0.4647058823529412,176.0,0.38380281690140844,33.0,0.5151515151515151,0.4484567901234568,1.7778733884017284,0.4492228873072636,0.0049838177867594,0.0901362984218077,32086.16,5594105,57045.13,,0,-0.8101704782074701,-0.0505160138800254,True,False,0.4312638580931264,0.3237250554323725,0.6219512195121951,0.5188470066518847,0.5188470066518847,-0.00675306549061605,0.007235909402343088,-0.017901234567901214
500139,20023,1023,NeonCast,NeonCast Stream,entertainment,rewarded_video,en,drama,exclusive,Order now,A new season drops,New hits every week,purple,trustworthy,install,drama,18-24,Android,2026-02-04,assets/creative_500139.png,stable,0.454490022172949,not_top,Review,528.0,0.4157427937915743,1.0,1.0,93.0,0.4588235294117647,144.0,0.10625,35.0,0.20930232558139536,0.4126543209876543,1.9724866596207489,0.4261677881029455,0.0043928391887843,0.0970142019291357,46409.85,9393014,91542.81,,0,-0.8285553902936893,-0.0920798454603992,True,False,0.37915742793791574,0.4157427937915743,0.5787139689578714,0.6496674057649667,0.36363636363636365,0.3809571806534031,-0.015819189801975053,-0.22037037037037044
500572,20095,1023,NeonCast,NeonCast Stream,entertainment,interstitial,es,celebrity,watch now,Shop now,A new season drops,Start free today,red,urgent,signup,celebrity,45-54,iOS,2026-01-04,assets/creative_500572.png,stable,0.4544345898004435,not_top,Review,529.0,0.4146341463414634,5.0,0.3333333333333333,94.0,0.45294117647058824,177.0,0.38028169014084506,34.0,0.5,0.4567901234567901,1.9317392645873217,0.41433631815023,0.0050485214575065,0.0820708244260619,30140.9,6393357,58224.36,,0,-0.8001628797505245,-0.1151522263148264,True,False,0.44401330376940135,0.39800443458980045,0.5587583148558758,0.38802660753880264,0.5354767184035477,-0.3760488141046019,-0.027650659754690554,-0.00956790123456791
500469,20078,1006,NeonArena,NeonArena Rush,gaming,banner,en,testimonial,power-up,Book now,Join the arena,Free rewards for new players,blue,urgent,install,competitive,35-44,Android,2026-01-18,assets/creative_500469.png,stable,0.45443458980044343,not_top,Review,530.0,0.41352549889135254,5.0,0.2,141.0,0.07894736842105263,22.0,0.8734939759036144,3.0,0.7142857142857143,0.4179012345679012,1.2195981449805735,0.775610047133226,0.0044826563341627,0.1730246508576249,26319.94,7140186,32099.75,,0,-0.8011468486008514,-0.0039327969016788,True,False,0.38913525498891355,0.09866962305986696,0.8392461197339246,0.8680709534368071,0.38913525498891355,-0.2773241320984554,-0.5783706182987599,0.0
500771,20128,1020,NovaPay,NovaPay Pay,fintech,interstitial,ja,feature-focus,free rewards,Claim reward,Save with confidence,Built for peace of mind,white,calm,signup,minimalist,18-24,Android,2026-01-16,assets/creative_500771.png,stable,0.4532150776053215,not_top,Review,531.0,0.4124168514412417,3.0,0.6666666666666666,91.0,0.3617021276595745,178.0,0.3767605633802817,26.0,0.21875,0.3712962962962963,3.582660313747307,0.3458510692208902,0.0034007678983985,0.1016979339824269,44613.61,4952999,159835.41,,0,-0.705187167969215,-0.09787035416302,True,False,0.311529933481153,0.6773835920177383,0.4079822616407982,0.7228381374722838,0.10753880266075388,-0.8148593897993708,-0.03688979783743929,-0.16759259259259268
500803,20133,1025,LuxShelf,LuxShelf Outlet,ecommerce,native,de,wanderlust,security,Order now,Your next favorite pick,Free shipping over $25,orange,premium,purchase,ugc,18-24,iOS,2026-01-19,assets/creative_500803.png,stable,0.45299334811529934,not_top,Review,532.0,0.4113082039911308,1.0,1.0,34.0,0.7555555555555555,152.0,0.40551181102362205,16.0,0.7058823529411765,0.4537037037037036,2.9604524905847582,0.3194009749961721,0.0049362634073864,0.0647050103765194,22899.04,5466483,67791.52,,0,-0.8225154321200648,-0.0227968632668246,True,False,0.4379157427937916,0.6452328159645233,0.32261640798226165,0.2660753880266075,0.5077605321507761,0.5148598907817958,0.01530791424425515,0.047530864197530776
500327,20054,1018,StormByte,StormByte Saga,gaming,native,en,celebrity,competition,Learn more,Join the arena,No ads in first week,blue,urgent,install,gameplay,18-24,iOS,2026-01-15,assets/creative_500327.png,stable,0.4528824833702883,not_top,Review,533.0,0.41019955654101997,6.0,0.16666666666666666,142.0,0.07236842105263158,153.0,0.4015748031496063,9.0,0.1111111111111111,0.4299382716049383,0.931399856205351,0.9170830434507622,0.0048191251132613,0.1903007334105344,32685.5,5913314,30443.27,,0,-0.8578680106499768,-0.0366508722502063,True,False,0.4024390243902439,0.022172949002217297,0.8536585365853658,0.9190687361419069,0.4745011086474501,0.027501957382517817,-0.4368976219812237,-0.16172839506172837
500578,20096,1024,GlitchWave,GlitchWave Legends,gaming,interstitial,en,fantasy,free rewards,Learn more,Win epic rewards,Play with friends tonight,purple,urgent,install,gameplay,45-54,Android,2026-01-20,assets/creative_500578.png,stable,0.45177383592017734,not_top,Review,534.0,0.4090909090909091,6.0,0.16666666666666666,143.0,0.06578947368421052,179.0,0.3732394366197183,54.0,0.1016949152542373,0.4373456790123457,0.8078741315323686,0.9002661836173474,0.0049631412467088,0.1813904015353843,106633.22,17427068,86146.22,,0,-0.8075339045359725,-0.0753355910101911,True,False,0.41352549889135254,0.004434589800443459,0.8514412416851441,0.8924611973392461,0.5144124168514412,-0.17411897785933073,-0.45371448181463847,-0.1262345679012345
500503,20083,1011,FluxStream,FluxStream Stream,entertainment,interstitial,it,testimonial,exclusive,Claim reward,Exclusive tonight,Cancel anytime,blue,playful,signup,celebrity,45-54,Both,2026-01-05,assets/creative_500503.png,stable,0.45144124168514427,not_top,Review,535.0,0.4079822616407982,4.0,0.25,95.0,0.4470588235294118,180.0,0.36971830985915494,35.0,0.48484848484848486,0.4117283950617283,1.920121270111239,0.4294373871665729,0.0043990719732749,0.0976199957117039,37582.22,7421338,72162.42,,0,-0.7746786285008609,-0.0130880038688246,True,False,0.37583148558758317,0.39578713968957874,0.5909090909090909,0.656319290465632,0.3669623059866962,-0.3390001620117953,-0.012549590738347605,-0.054629629629629695
500230,20038,1002,EarnPath,EarnPath Invest,fintech,interstitial,es,feature-focus,earn more,Shop now,Earn cashback daily,"Fast signup, instant card",orange,calm,signup,testimonial,25-34,Android,2026-01-15,assets/creative_500230.png,stable,0.4505543237250554,not_top,Review,536.0,0.40687361419068735,1.0,1.0,92.0,0.3546099290780142,181.0,0.36619718309859156,27.0,0.1875,0.3709876543209876,4.947479651618547,0.3329220192759186,0.0033819550406124,0.0984406993227279,49177.13,7509266,243302.85,,0,-0.7498967607503351,-0.0790588399636255,True,False,0.31042128603104213,0.7217294900221729,0.369179600886918,0.6696230598669624,0.10310421286031042,0.14170198658138133,-0.04981884778241091,-0.16790123456790135
500620,20103,1031,CrispBox,CrispBox Club,ecommerce,native,es,discount,free shipping,Start now,Flash sale live,Only this weekend,purple,playful,purchase,ugc,25-34,Android,2026-01-22,assets/creative_500620.png,stable,0.4504988913525499,not_top,Review,537.0,0.4057649667405765,2.0,0.8333333333333334,35.0,0.7481481481481481,154.0,0.39763779527559057,17.0,0.6862745098039216,0.4669753086419753,4.145574223293451,0.2937450055575604,0.0051926654469359,0.0565692145121521,15234.84,5467327,63157.16,,0,-0.8302673336568753,-0.1691338365560265,True,False,0.4656319290465632,0.6917960088691796,0.23503325942350334,0.1541019955654102,0.5776053215077606,1.067859100453064,-0.010348055194356554,0.06080246913580245
500662,20110,1002,EarnPath,EarnPath Invest,fintech,banner,pt,feature-focus,cashback,Shop now,Earn cashback daily,"Fast signup, instant card",black,playful,signup,testimonial,25-34,Both,2026-01-19,assets/creative_500662.png,stable,0.45038802660753885,not_top,Review,538.0,0.40465631929046564,4.0,0.25,93.0,0.3475177304964539,23.0,0.8674698795180723,14.0,0.7346938775510204,0.3799382716049382,6.6753140313658,0.3032124709009587,0.0033619555715324,0.0901893152510484,32675.08,7588738,218116.42,,0,-0.7044303147813957,-0.0694486215538846,True,False,0.3181818181818182,0.8492239467849224,0.26940133037694014,0.5210643015521065,0.09645232815964523,-0.7195165424938992,-0.07952839615737078,0.026851851851851793
500467,20077,1005,MoonScreen,MoonScreen Stream,entertainment,interstitial,ja,trailer,new season,Watch now,Binge starts now,Cancel anytime,purple,calm,signup,drama,18-24,Both,2026-01-06,assets/creative_500467.png,stable,0.4498337028824835,not_top,Review,539.0,0.4035476718403548,5.0,0.3333333333333333,96.0,0.4411764705882353,182.0,0.3626760563380282,36.0,0.4696969696969697,0.4481481481481482,1.5202714968991895,0.4945298791527949,0.0051690570021214,0.0956711986247851,45168.84,6189717,68668.9,,0,-0.8041111059534309,0.0282478568754962,True,False,0.43015521064301554,0.1973392461197339,0.6851441241685144,0.6297117516629712,0.5687361419068736,-0.10346276396276455,0.05254290124787436,-0.018209876543209824
500526,20087,1015,HorizonHop,HorizonHop Flights,travel,interstitial,ja,wanderlust,discover,Shop now,Book your next trip,Flexible booking options,white,premium,booking,destination,25-34,Android,2026-01-12,assets/creative_500526.png,stable,0.44950110864745013,not_top,Review,540.0,0.4024390243902439,5.0,0.3333333333333333,115.0,0.21379310344827587,183.0,0.3591549295774648,35.0,0.34615384615384615,0.4756172839506172,5.047410831555157,0.2778214668890889,0.0053555970292505,0.0518749759124368,38030.55,4844838,191955.81,,0,-0.8207046208415608,0.0159048310868377,True,False,0.4817073170731707,0.7272727272727273,0.18514412416851442,0.07206208425720621,0.61529933481153,-1.3110995809823303,-0.05438945131733269,-0.10185185185185197
500994,20165,1021,RouteBloom,RouteBloom Getaway,travel,interstitial,fr,wanderlust,trending,Book now,Last-minute savings,Flexible booking options,lime,trustworthy,booking,wanderlust,45-54,Both,2026-02-02,assets/creative_500994.png,stable,0.4483370288248337,not_top,Review,541.0,0.401330376940133,3.0,0.6666666666666666,116.0,0.20689655172413793,184.0,0.35563380281690143,36.0,0.3269230769230769,0.4771604938271605,4.950395467704185,0.2746661997088589,0.005419287934826,0.0506830792185387,31493.09,3957531,155903.25,,0,-0.8018279208280514,-0.0512173497919934,True,False,0.4883592017738359,0.7228381374722838,0.17516629711751663,0.05543237250554324,0.6341463414634146,-0.23902547982877742,-0.05754471849756265,-0.10030864197530864
500160,20026,1026,ClearLedger,ClearLedger Invest,fintech,banner,fr,minimalist,watch now,Try for free,Save with confidence,Built for peace of mind,blue,premium,signup,minimalist,35-44,iOS,2026-01-14,assets/creative_500160.png,stable,0.4481152993348116,not_top,Review,542.0,0.40022172949002216,4.0,0.25,94.0,0.3404255319148936,24.0,0.8614457831325302,15.0,0.7142857142857143,0.3675925925925926,6.751417742240131,0.29571778776855,0.0031758424390636,0.0931147540983606,39707.5,9603751,268081.92,,0,-0.642782807867137,-0.0195481759684492,True,False,0.3082039911308204,0.8558758314855875,0.24279379157427938,0.5864745011086474,0.07317073170731707,-1.5630496132829474,-0.08702307928977948,0.01450617283950617
500239,20039,1003,CloudRoute,CloudRoute Trips,travel,native,it,destination,escape,Install now,Escape this weekend,Flexible booking options,teal,adventurous,booking,family,35-44,Android,2026-01-19,assets/creative_500239.png,stable,0.44778270509977824,not_top,Review,543.0,0.3991130820399113,5.0,0.3333333333333333,117.0,0.2,155.0,0.3937007874015748,34.0,0.1951219512195122,0.4574074074074074,6.854440875476209,0.2482398718887563,0.0048877574775337,0.0507880910683012,30790.1,5957947,211048.92,,0,-0.8192800496122605,0.0563985714285713,True,False,0.44623059866962306,0.8636363636363636,0.11529933481152993,0.057649667405764965,0.4911308203991131,0.2467487363262535,-0.08397104631766528,-0.09166666666666667
500990,20165,1021,RouteBloom,RouteBloom Getaway,travel,interstitial,en,wanderlust,discover,Claim reward,Escape this weekend,Hotels + flights in one tap,blue,premium,booking,wanderlust,45-54,Both,2026-01-27,assets/creative_500990.png,stable,0.44733924611973397,not_top,Review,544.0,0.39800443458980045,4.0,0.5,118.0,0.19310344827586207,185.0,0.352112676056338,37.0,0.3076923076923077,0.4694444444444445,5.061634977615891,0.2784390839835865,0.0052516437379949,0.0530194159914386,49378.78,6227574,249937.36,,0,-0.8103469062360367,-0.2511341117431533,True,False,0.47117516629711753,0.7283813747228381,0.188470066518847,0.0942350332594235,0.5931263858093127,-0.12778596991707136,-0.05377183422283505,-0.10802469135802467
500564,20094,1022,CraveLoop,CraveLoop Express,food_delivery,banner,de,food-closeup,fast,Learn more,"Fast food, fast",Fresh favorites nearby,yellow,playful,order,food-closeup,45-54,Android,2026-02-03,assets/creative_500564.png,stable,0.44628603104212855,not_top,Review,545.0,0.3968957871396896,5.0,0.3333333333333333,59.0,0.6352201257861635,25.0,0.8554216867469879,4.0,0.9454545454545454,0.4564814814814815,1.8721071521383368,0.4162529367870175,0.0051653673437316,0.0805853502930738,19932.78,4855221,37316.3,,0,-0.8199959976121204,-0.0054803611472364,True,False,0.442350332594235,0.36807095343680707,0.5598669623059866,0.37028824833702884,0.5665188470066519,-0.16784485313537223,-0.004625494060162605,0.21851851851851858
500317,20052,1016,FreshDash,FreshDash Eats,food_delivery,interstitial,fr,discount,2-for-1,Start now,2-for-1 tonight,Late-night deals available,orange,urgent,order,urgency,45-54,Both,2026-01-13,assets/creative_500317.png,stable,0.44623059866962306,not_top,Review,546.0,0.39578713968957874,3.0,0.6666666666666666,60.0,0.6289308176100629,186.0,0.3485915492957746,21.0,0.5348837209302325,0.4175925925925925,1.712385746774946,0.4620548806305034,0.0046424163307145,0.099528962444303,41596.2,8460034,71228.74,,0,-0.8262379201245181,-0.0310605563003975,True,False,0.3874722838137472,0.2926829268292683,0.6374722838137472,0.6906873614190687,0.43015521064301554,-0.07016862920359812,0.04117644978332324,-0.06265432098765439
500336,20056,1020,NovaPay,NovaPay Bank,fintech,banner,en,trust,power-up,Watch now,Track every euro,"Fast signup, instant card",blue,excited,signup,testimonial,35-44,Both,2026-01-19,assets/creative_500336.png,stable,0.4460088691796009,not_top,Review,547.0,0.3946784922394678,1.0,1.0,95.0,0.3333333333333333,26.0,0.8493975903614458,16.0,0.6938775510204082,0.3802469135802469,4.745056741225114,0.332086430230436,0.0035522278212637,0.0934868051656372,20458.67,3008253,97077.55,,0,-0.6757356414042603,0.0417904941485109,True,False,0.3215077605321508,0.7117516629711752,0.36363636363636365,0.5909090909090909,0.15299334811529933,-1.4279472486550224,-0.0506544368278935,0.027160493827160515
500585,20097,1025,LuxShelf,LuxShelf Outlet,ecommerce,rewarded_video,en,testimonial,free shipping,Book now,New collection drop,Shop bestsellers now,teal,adventurous,purchase,product-focus,25-34,Android,2026-01-10,assets/creative_500585.png,stable,0.4456762749445677,not_top,Review,548.0,0.39356984478935697,1.0,1.0,36.0,0.7407407407407407,145.0,0.1,7.0,0.45454545454545453,0.457716049382716,2.108017974997003,0.3655723766197423,0.0052485388848884,0.0696522183863956,39704.04,5960516,83696.83,,0,-0.8379949621730696,-0.2046801990667267,True,False,0.44789356984478934,0.4634146341463415,0.45454545454545453,0.30376940133037694,0.5875831485587583,-0.029559013263175782,0.061479315867825346,-0.12067901234567918
500778,20129,1021,RouteBloom,RouteBloom Travel,travel,interstitial,it,wanderlust,discover,Learn more,Last-minute savings,Hotels + flights in one tap,blue,playful,booking,destination,35-44,Both,2026-01-18,assets/creative_500778.png,stable,0.4447339246119734,not_top,Review,549.0,0.3924611973392461,6.0,0.16666666666666666,119.0,0.18620689655172415,187.0,0.34507042253521125,38.0,0.28846153846153844,0.4629629629629629,7.117531938620996,0.2261661474510495,0.0050021862727586,0.0452134596991566,31097.93,6897584,221340.51,,0,-0.8233996628323503,0.0860588030092608,True,False,0.45454545454545453,0.8813747228381374,0.0787139689578714,0.0066518847006651885,0.5232815964523282,-1.8953174544867242,-0.10604477075537208,-0.11450617283950626
500451,20075,1003,CloudRoute,CloudRoute Getaway,travel,interstitial,en,urgency,new collection,Order now,Escape this weekend,Flexible booking options,teal,urgent,booking,destination,18-24,Android,2026-01-17,assets/creative_500451.png,stable,0.44390243902439025,not_top,Review,550.0,0.39135254988913526,6.0,0.16666666666666666,120.0,0.1793103448275862,188.0,0.3415492957746479,39.0,0.2692307692307692,0.4694444444444444,4.779267943273542,0.2789294525129377,0.0052882255964561,0.0527453769559032,27398.15,3323421,130943.1,,0,-0.8513359210563558,0.3293108969693441,True,False,0.4700665188470067,0.7150776053215078,0.1917960088691796,0.08647450110864745,0.6019955654101996,-1.4852902493704754,-0.053281465693483854,-0.10802469135802478
500179,20029,1029,BingeLayer,BingeLayer Plus,entertainment,native,it,discount,fast,Shop now,Binge starts now,Start free today,orange,excited,install,ugc,35-44,iOS,2026-01-14,assets/creative_500179.png,stable,0.4433481152993349,not_top,Review,551.0,0.3902439024390244,3.0,0.6666666666666666,97.0,0.43529411764705883,156.0,0.38976377952755903,24.0,0.5490196078431373,0.4052469135802468,1.9918976878777224,0.412806043817466,0.0043407819199377,0.0950994662785055,26001.22,5697591,51791.77,,0,-0.7897187901680192,-0.2204246987951807,True,False,0.3641906873614191,0.42572062084257206,0.5565410199556541,0.623059866962306,0.352549889135255,0.18154951019893928,-0.029180934087454535,0.0
500551,20091,1019,ZenDrop,ZenDrop Market,ecommerce,native,en,ugc,before/after,Learn more,New collection drop,Shop bestsellers now,beige,urgent,purchase,discount,45-54,iOS,2026-02-08,assets/creative_500551.png,stable,0.4431263858093127,not_top,Review,552.0,0.38913525498891355,1.0,1.0,37.0,0.7333333333333333,157.0,0.3858267716535433,18.0,0.6666666666666666,0.4342592592592593,2.766092044775869,0.3303013625290451,0.0046718448778346,0.0707004130415678,22671.14,4871309,62710.46,,0,-0.8118513396304758,-0.0213347375811832,True,False,0.40687361419068735,0.6252771618625277,0.3558758314855876,0.31042128603104213,0.43680709534368073,0.4314442455634593,0.02620830177712813,0.028086419753086456
500758,20126,1018,StormByte,StormByte Arena,gaming,interstitial,fr,reward,challenge,Shop now,Win epic rewards,Free rewards for new players,lime,calm,install,reward,18-24,Android,2026-01-11,assets/creative_500758.png,stable,0.44262749445676286,not_top,Review,553.0,0.38802660753880264,6.0,0.16666666666666666,144.0,0.05921052631578947,189.0,0.3380281690140845,55.0,0.0847457627118644,0.4225308641975309,1.0722381324993626,0.7555401702660084,0.0047370888684461,0.1594946160496738,43029.49,10743307,46137.86,,0,-0.8592404043572852,-0.101000785202875,True,False,0.39356984478935697,0.04656319290465632,0.835920177383592,0.8370288248337029,0.4534368070953437,-0.15892488116634507,-0.5984404951659775,-0.14104938271604933
500808,20134,1026,ClearLedger,ClearLedger Cash,fintech,banner,it,feature-focus,earn more,Book now,Track every euro,Built for peace of mind,green,urgent,signup,testimonial,25-34,Android,2026-01-14,assets/creative_500808.png,stable,0.44251662971175165,not_top,Review,554.0,0.3869179600886918,1.0,1.0,96.0,0.3262411347517731,27.0,0.8433734939759037,17.0,0.673469387755102,0.3808641975308642,6.553746205093265,0.2996850315757069,0.0034754761375113,0.0862284820031299,24598.76,5515791,161214.03,,0,-0.6665260273412618,0.1576921365315295,True,False,0.3253880266075388,0.8414634146341463,0.2572062084257206,0.4445676274944568,0.12195121951219512,-2.1732537798405254,-0.08305583548262258,0.02777777777777779
500229,20038,1002,EarnPath,EarnPath Invest,fintech,rewarded_video,es,drama,save smarter,Claim reward,"Your money, clearer",No hidden fees,white,playful,signup,testimonial,25-34,Android,2026-01-06,assets/creative_500229.png,stable,0.4424611973392462,not_top,Review,555.0,0.3858093126385809,2.0,0.8333333333333334,97.0,0.3191489361702128,146.0,0.09375,8.0,0.125,0.3540123456790123,4.057664376405147,0.3342476187389344,0.0031775047301102,0.1051918556002709,64085.84,7898336,260038.83,,0,-0.7555440806499363,-0.1521287366121383,True,False,0.2893569844789357,0.6862527716186253,0.37472283813747226,0.7649667405764967,0.07427937915742794,-0.7481132886320188,-0.04849324831939511,-0.36790123456790125
500549,20091,1019,ZenDrop,ZenDrop Market,ecommerce,interstitial,it,trust,late-night,Learn more,New collection drop,Only this weekend,white,urgent,purchase,discount,45-54,iOS,2026-02-02,assets/creative_500549.png,stable,0.4422949002217295,not_top,Review,556.0,0.38470066518847007,2.0,0.8333333333333334,38.0,0.725925925925926,190.0,0.3345070422535211,12.0,0.65625,0.4558641975308641,2.2639405961119854,0.3461679908528799,0.0051918588163434,0.066675154910449,26530.25,4538259,60062.91,,0,-0.8320150654561989,0.0915307576413413,True,False,0.4401330376940133,0.508869179600887,0.4090909090909091,0.2838137472283814,0.5764966740576497,-0.07070720310042411,0.04207493010096297,-0.04598765432098778
500676,20112,1004,SnapMeal,SnapMeal Express,food_delivery,interstitial,en,urgency,challenge,Order now,Hungry? We got you,Free delivery over $15,yellow,excited,order,combo,45-54,Both,2026-02-06,assets/creative_500676.png,stable,0.4419068736141907,not_top,Review,557.0,0.3835920177383592,1.0,1.0,61.0,0.6226415094339622,191.0,0.33098591549295775,22.0,0.5116279069767442,0.4246913580246914,1.711787776995159,0.4537993902154359,0.0048115787115209,0.0943140323422013,28778.03,5976209,49261.88,,0,-0.8479335253278258,0.1155726139536201,True,False,0.39800443458980045,0.2915742793791574,0.6274944567627494,0.6075388026607539,0.47117516629711753,0.14411247493937074,0.03292095936825579,-0.055555555555555525
500444,20074,1002,EarnPath,EarnPath Bank,fintech,native,en,drama,save smarter,Start now,Track every euro,Built for peace of mind,lime,excited,signup,trust,45-54,iOS,2026-01-07,assets/creative_500444.png,stable,0.441629711751663,not_top,Review,558.0,0.38248337028824836,5.0,0.3333333333333333,98.0,0.3120567375886525,158.0,0.38188976377952755,45.0,0.13725490196078433,0.3469135802469136,6.573162155996352,0.2906903664333903,0.0028581705186597,0.1017050468247416,52118.27,12291429,342581.84,,0,-0.6432038078717939,-0.0216251778366433,True,False,0.2777161862527716,0.843680709534368,0.229490022172949,0.7239467849223947,0.026607538802660754,-0.8071504921093524,-0.09205050062493919,-0.1706790123456789
500508,20084,1012,VoxelRealm,VoxelRealm Legends,gaming,interstitial,en,competitive,competition,Start now,Join the arena,No ads in first week,blue,excited,install,competitive,45-54,Both,2026-01-17,assets/creative_500508.png,stable,0.4414079822616409,not_top,Review,559.0,0.38137472283813745,5.0,0.2,145.0,0.05263157894736842,192.0,0.3274647887323944,56.0,0.06779661016949153,0.4280864197530865,0.8586314662055392,0.8271274218281087,0.0048814761768638,0.1694420687226442,21605.02,4071924,18550.75,,0,-0.8476962759111507,-0.0796881995101782,True,False,0.3991130820399113,0.009977827050997782,0.8470066518847007,0.8547671840354767,0.4878048780487805,-0.49349803106600754,-0.5268532436038772,-0.13549382716049374
500677,20112,1004,SnapMeal,SnapMeal Express,food_delivery,interstitial,fr,product-focus,fast,Order now,"Your cravings, delivered",Late-night deals available,yellow,playful,order,combo,45-54,Both,2026-01-27,assets/creative_500677.png,stable,0.4409645232815964,not_top,Review,560.0,0.3802660753880266,2.0,0.8333333333333334,62.0,0.6163522012578616,193.0,0.323943661971831,23.0,0.4883720930232558,0.4450617283950617,1.7333101021234294,0.4429525465851495,0.0050618326040078,0.0875083356637339,44021.24,9183828,76302.46,,0,-0.8247637963026293,-0.0562020390966738,True,False,0.4240576496674058,0.3026607538802661,0.6119733924611973,0.4634146341463415,0.5388026607538803,0.16563480006764109,0.022074115737969358,-0.03518518518518521
500783,20130,1022,CraveLoop,CraveLoop Kitchen,food_delivery,native,es,discount,cashback,Book now,Hungry? We got you,Late-night deals available,red,trustworthy,order,food-closeup,18-24,iOS,2026-01-30,assets/creative_500783.png,stable,0.44085365853658537,not_top,Review,561.0,0.37915742793791574,4.0,0.5,63.0,0.610062893081761,159.0,0.3779527559055118,29.0,0.45098039215686275,0.4175925925925925,2.5321634584066977,0.351246143813815,0.0043939815452775,0.0799380107072414,20570.86,8076957,52088.78,,0,-0.8189759161560531,-0.06863771961603,True,False,0.3874722838137472,0.5875831485587583,0.42017738359201773,0.3669623059866962,0.3647450110864745,-0.09379714263106864,-0.0696322870333651,-0.05848765432098768
500315,20052,1016,FreshDash,FreshDash Eats,food_delivery,banner,fr,combo,2-for-1,Get offer,2-for-1 tonight,Late-night deals available,red,urgent,order,urgency,45-54,Both,2026-01-26,assets/creative_500315.png,stable,0.44079822616407976,not_top,Review,562.0,0.3780487804878049,4.0,0.5,64.0,0.6037735849056604,28.0,0.8373493975903614,5.0,0.9272727272727272,0.4305555555555556,2.0664289326246674,0.394552062655806,0.0047354527729875,0.0833187620213324,25866.44,7246192,53451.16,,0,-0.8262200859207787,-0.0770236069874052,True,False,0.40465631929046564,0.44789356984478934,0.5177383592017738,0.4079822616407982,0.4523281596452328,0.2838745566461234,-0.026326368191374128,0.19259259259259268
500915,20152,1008,CoinBridge,CoinBridge Pay,fintech,banner,it,testimonial,cashback,Order now,Secure & simple,Built for peace of mind,lime,premium,signup,minimalist,18-24,Both,2026-01-19,assets/creative_500915.png,stable,0.4401330376940134,not_top,Review,563.0,0.376940133037694,4.0,0.5,99.0,0.3049645390070922,29.0,0.8313253012048193,18.0,0.6530612244897959,0.3700617283950617,5.350093933178584,0.319333833012813,0.0034348726783464,0.0929681717246484,22505.36,3933188,120405.79,,0,-0.7263283876832631,-0.0810453378354614,True,False,0.3093126385809313,0.7549889135254989,0.3215077605321508,0.5764966740576497,0.11419068736141907,-0.05492499094396486,-0.06340703404551651,0.016975308641975273
500606,20101,1029,BingeLayer,BingeLayer Plus,entertainment,native,en,discount,trending,Install now,A new season drops,New hits every week,purple,trustworthy,signup,trailer,18-24,iOS,2026-01-17,assets/creative_500606.png,stable,0.4391352549889136,not_top,Review,564.0,0.37583148558758317,5.0,0.3333333333333333,98.0,0.4294117647058823,160.0,0.37401574803149606,25.0,0.5294117647058824,0.4206790123456789,1.7280272440752604,0.4479624161058928,0.0047502883523945,0.0943021523904091,41688.33,7208194,72038.57,,0,-0.8121198831592614,-0.0209056145687285,True,False,0.3902439024390244,0.30155210643015523,0.6208425720620843,0.606430155210643,0.4567627494456763,-0.06366512115023326,0.005975438200972294,0.015432098765432112
500206,20034,1034,PlateSprint,PlateSprint Delivery,food_delivery,banner,en,combo,free delivery,Get offer,Hungry? We got you,Late-night deals available,orange,playful,order,food-closeup,25-34,iOS,2026-01-05,assets/creative_500206.png,stable,0.43891352549889134,not_top,Review,565.0,0.37472283813747226,1.0,1.0,65.0,0.5974842767295597,30.0,0.8253012048192772,6.0,0.9090909090909091,0.4160493827160494,1.6895629558401266,0.4594254501665519,0.0046917165889135,0.0979226774379688,17959.97,3693744,30344.5,,0,-0.7910090732062605,-0.305125,True,False,0.38470066518847007,0.2804878048780488,0.6341463414634146,0.6596452328159645,0.442350332594235,0.038421617931085894,0.03854701931937177,0.1780864197530865
500511,20085,1013,BoltCart,BoltCart Drops,ecommerce,native,es,ugc,before/after,Install now,Up to 40% off,Shop bestsellers now,red,adventurous,purchase,product-focus,45-54,Android,2026-01-19,assets/creative_500511.png,stable,0.43874722838137475,not_top,Review,566.0,0.3736141906873614,4.0,0.5,39.0,0.7185185185185186,161.0,0.3700787401574803,19.0,0.6470588235294118,0.4660493827160493,4.014781702201274,0.283918627444729,0.0052959549650018,0.0536104686163302,15549.63,5959454,62428.37,,0,-0.7993097673206603,0.0800996433221989,True,False,0.4623059866962306,0.6840354767184036,0.20842572062084258,0.10864745011086474,0.6053215077605322,0.16014481259536062,-0.020174433307187933,0.059876543209876454
500065,20010,1010,BiteRush,BiteRush Delivery,food_delivery,native,es,food-closeup,2-for-1,Get offer,"Your cravings, delivered",Late-night deals available,yellow,trustworthy,order,discount,25-34,Both,2026-01-14,assets/creative_500065.png,stable,0.43774944567627494,not_top,Review,567.0,0.37250554323725055,3.0,0.6666666666666666,66.0,0.5911949685534591,162.0,0.3661417322834646,30.0,0.43137254901960786,0.4037037037037037,2.4721365954941814,0.3627800905572831,0.0041343651838926,0.0877474713580365,27587.44,10091513,68199.92,,0,-0.8314685408923801,-0.0834320906231241,True,False,0.3575388026607539,0.5742793791574279,0.44567627494456763,0.4656319290465632,0.3093126385809313,0.09385135997761607,-0.05809834028989702,-0.07237654320987652
500653,20108,1000,PixelForge,PixelForge Battle,gaming,interstitial,en,fantasy,limited offer,Start now,Join the arena,Play with friends tonight,lime,adventurous,install,gameplay,25-34,Both,2026-01-17,assets/creative_500653.png,stable,0.43713968957871396,not_top,Review,568.0,0.3713968957871397,5.0,0.3333333333333333,146.0,0.046052631578947366,194.0,0.3204225352112676,57.0,0.05084745762711865,0.4166666666666667,1.0074700879327156,0.7646966198949021,0.0046865197282423,0.1631694016535571,37205.72,8490949,37483.65,,0,-0.8301681230251021,-0.0843839989793859,True,False,0.3858093126385809,0.03547671840354767,0.8381374722838137,0.8425720620842572,0.44124168514412415,-0.07550112735067693,-0.5892840455370838,-0.14691358024691353
500278,20046,1010,BiteRush,BiteRush Go,food_delivery,banner,ja,combo,fast,Learn more,Hungry? We got you,Free delivery over $15,orange,trustworthy,order,discount,45-54,iOS,2026-01-24,assets/creative_500278.png,stable,0.4343680709534369,not_top,Review,569.0,0.37028824833702884,4.0,0.5,67.0,0.5849056603773585,31.0,0.8192771084337349,7.0,0.8909090909090909,0.4141975308641974,1.918067963580277,0.4113403559841703,0.0045677858380475,0.0900524609884051,25123.75,6551752,48189.06,,0,-0.8035948549749132,-0.0315512476268453,True,False,0.38137472283813745,0.3946784922394678,0.5532150776053215,0.516629711751663,0.41685144124168516,0.023378592704440537,-0.009538074863009838,0.1762345679012345
500536,20089,1017,PulsePlay,PulsePlay Stream,entertainment,rewarded_video,es,celebrity,watch now,Shop now,Binge starts now,Start free today,purple,trustworthy,install,ugc,25-34,Android,2026-01-05,assets/creative_500536.png,stable,0.4339246119733925,not_top,Review,570.0,0.369179600886918,2.0,0.8333333333333334,99.0,0.4235294117647059,147.0,0.0875,36.0,0.18604651162790697,0.4018518518518518,2.086874126945085,0.4005323949117551,0.0043212789015852,0.0926883924952916,43095.8,9707080,89935.51,,0,-0.8338170535856084,-0.0607819186849521,True,False,0.352549889135255,0.45121951219512196,0.5299334811529933,0.5687361419068736,0.34478935698447893,-0.002175713336316054,-0.041454582993165456,-0.23117283950617296
500082,20013,1013,BoltCart,BoltCart Drops,ecommerce,rewarded_video,pt,discount,new collection,Get offer,Your next favorite pick,Free shipping over $25,teal,calm,purchase,ugc,18-24,Android,2026-01-31,assets/creative_500082.png,stable,0.4324833702882484,not_top,Review,571.0,0.36807095343680707,1.0,1.0,40.0,0.7111111111111111,148.0,0.08125,8.0,0.36363636363636365,0.4302469135802469,2.707077403785389,0.3211503505717994,0.0047698315021454,0.0673294959009244,21916.37,4807717,59329.31,,0,-0.851031845075714,-0.1010976999005683,True,False,0.4035476718403548,0.6130820399113082,0.328159645232816,0.2893569844789357,0.46452328159645234,-0.1034955972994096,0.01705728981988247,-0.14814814814814825
500666,20111,1003,CloudRoute,CloudRoute Travel,travel,interstitial,en,family,escape,Watch now,Book your next trip,Hotels + flights in one tap,orange,calm,booking,destination,25-34,Android,2026-01-08,assets/creative_500666.png,stable,0.43209534368070956,not_top,Review,572.0,0.3669623059866962,6.0,0.16666666666666666,121.0,0.1724137931034483,195.0,0.31690140845070425,40.0,0.25,0.4490740740740741,6.673003948593352,0.2365224949668146,0.0049047588681493,0.0482230628100296,44438.61,9001258,296539.02,,0,-0.8165898261860972,-0.0109464877619476,True,False,0.4334811529933481,0.8481152993348116,0.0942350332594235,0.028824833702882482,0.49889135254988914,-1.2519554737988612,-0.09568842323960697,-0.12839506172839504
501064,20177,1033,NomadLayer,NomadLayer Getaway,travel,interstitial,es,discount,last-minute deal,Learn more,Book your next trip,Special fares today,lime,calm,booking,wanderlust,18-24,Both,2026-01-22,assets/creative_501064.png,stable,0.4309866962305987,not_top,Review,573.0,0.36585365853658536,5.0,0.3333333333333333,122.0,0.16551724137931034,196.0,0.31338028169014087,41.0,0.23076923076923078,0.455246913580247,6.2637925123644695,0.2404884300370891,0.005023317836749,0.04787442042344,38649.05,7127162,242089.63,,0,-0.8018071105421845,0.0606901385826312,True,False,0.43902439024390244,0.8248337028824834,0.1008869179600887,0.024390243902439025,0.5310421286031042,-1.0584579335724023,-0.09172248816933246,-0.12222222222222218
500678,20113,1005,MoonScreen,MoonScreen Play,entertainment,interstitial,es,celebrity,cashback,Start now,Exclusive tonight,Cancel anytime,blue,calm,install,celebrity,18-24,Android,2026-01-16,assets/creative_500678.png,stable,0.4291574279379157,not_top,Review,574.0,0.3647450110864745,6.0,0.16666666666666666,100.0,0.4176470588235294,197.0,0.30985915492957744,37.0,0.45454545454545453,0.4212962962962963,2.106999706561969,0.3810611999190537,0.0046807114798339,0.0814109567660371,28523.91,6844045,60099.87,,0,-0.7976079055001228,0.0233334772782887,True,False,0.39135254988913526,0.4623059866962306,0.4878048780487805,0.37583148558758317,0.4379157427937916,-0.5243083831456739,-0.06092577798586685,-0.04506172839506173
500893,20148,1004,SnapMeal,SnapMeal Express,food_delivery,interstitial,en,food-closeup,discover,Book now,Hungry? We got you,Late-night deals available,orange,calm,order,discount,35-44,iOS,2026-01-27,assets/creative_500893.png,stable,0.4268292682926829,not_top,Review,575.0,0.36363636363636365,3.0,0.6666666666666666,68.0,0.5786163522012578,198.0,0.30633802816901406,24.0,0.46511627906976744,0.4574074074074074,1.4831711055693542,0.4633167957669517,0.0055336309352165,0.0837274478892976,23851.24,4126766,35375.47,,0,-0.8584992137440253,-0.1851383782679738,True,False,0.44623059866962306,0.18403547671840353,0.6407982261640798,0.41019955654101997,0.6629711751662971,-0.10773662257627947,0.04243836491977154,-0.02283950617283953
500768,20128,1020,NovaPay,NovaPay Pay,fintech,native,es,trust,exclusive,Claim reward,Secure & simple,"Fast signup, instant card",blue,playful,signup,minimalist,18-24,Android,2026-01-24,assets/creative_500768.png,stable,0.42655210643015523,not_top,Review,576.0,0.3625277161862528,4.0,0.5,100.0,0.2978723404255319,163.0,0.36220472440944884,46.0,0.11764705882352941,0.3416666666666667,4.46452878236279,0.3227227847137396,0.0031010917521969,0.1040674738130866,34258.48,4740911,152947.97,,0,-0.7286829172633955,0.0086444213285545,True,False,0.26718403547671843,0.7017738359201774,0.33148558758314856,0.7494456762749445,0.0598669623059867,0.0670090788161124,-0.060018082344589885,-0.17592592592592582
500699,20116,1008,CoinBridge,CoinBridge Cash,fintech,banner,ja,trust,earn more,Install now,Track every euro,Built for peace of mind,purple,urgent,signup,feature-focus,18-24,Android,2026-01-26,assets/creative_500699.png,stable,0.4254434589800444,not_top,Review,577.0,0.3614190687361419,2.0,0.5,101.0,0.2907801418439716,32.0,0.8132530120481928,19.0,0.6326530612244898,0.3530864197530864,4.404523256964335,0.3232849632830458,0.0033777999958911,0.0957087345835445,25168.59,3504648,110855.64,,0,-0.64464001041717,-0.107290305722498,True,False,0.28824833702882485,0.7006651884700665,0.33370288248337027,0.6319290465631929,0.1008869179600887,-1.2658678650411197,-0.0594559037752837,0.0
500049,20008,1008,CoinBridge,CoinBridge Invest,fintech,banner,es,trust,cashback,Get offer,Track every euro,No hidden fees,green,trustworthy,signup,trust,45-54,Both,2026-01-31,assets/creative_500049.png,stable,0.4251662971175167,not_top,Review,578.0,0.360310421286031,3.0,0.6666666666666666,102.0,0.28368794326241137,33.0,0.8072289156626506,20.0,0.6122448979591837,0.3657407407407407,5.789343806789043,0.3021470211858382,0.0034801663729575,0.0868197059582151,27981.85,5570136,161996.55,,0,-0.7299402789012658,-0.1985083085926301,True,False,0.3070953436807095,0.7882483370288248,0.26718403547671843,0.4567627494456763,0.12305986696230599,0.2777781077179311,-0.0805938458724913,0.012654320987654288
500335,20055,1019,ZenDrop,ZenDrop Shop,ecommerce,native,en,product-focus,new collection,Claim reward,Up to 40% off,Free shipping over $25,black,premium,purchase,testimonial,18-24,iOS,2026-01-17,assets/creative_500335.png,stable,0.42477827050997785,not_top,Review,579.0,0.35920177383592017,1.0,1.0,41.0,0.7037037037037037,164.0,0.35826771653543305,20.0,0.6274509803921569,0.4283950617283951,2.59953901929028,0.3185380868906748,0.0048721114910962,0.0653798845680764,30291.94,6507856,78745.08,,0,-0.8035401376767101,-0.0183553751290421,True,False,0.40022172949002216,0.5986696230598669,0.3170731707317073,0.2727272727272727,0.4866962305986696,0.692818124197693,0.014445026138757866,0.022222222222222254
500692,20115,1007,ThreadMark,ThreadMark Market,ecommerce,playable,de,discount,limited offer,Try for free,Your next favorite pick,Shop bestsellers now,pink,urgent,purchase,discount,45-54,Android,2026-01-22,assets/creative_500692.png,stable,0.42184035476718407,not_top,Review,580.0,0.3580931263858093,1.0,1.0,42.0,0.6962962962962963,37.0,0.05263157894736842,2.0,0.5,0.4351851851851852,2.2623649435527424,0.3364853764167548,0.0050686447971349,0.0663856691253951,32664.12,5616886,73898.16,,0,-0.8560341584206672,-0.0652876463687274,True,False,0.4079822616407982,0.5066518847006651,0.38470066518847007,0.2804878048780488,0.5399113082039911,-0.0373274853386274,0.032392315664837856,-0.16929012345679012
500353,20058,1022,CraveLoop,CraveLoop Bites,food_delivery,native,en,combo,free delivery,Claim reward,"Your cravings, delivered",Late-night deals available,orange,excited,order,combo,35-44,Both,2026-01-15,assets/creative_500353.png,stable,0.4211751662971176,not_top,Review,581.0,0.35698447893569846,5.0,0.3333333333333333,69.0,0.5723270440251572,165.0,0.3543307086614173,31.0,0.4117647058823529,0.3925925925925926,1.6743192270762972,0.4574623104542749,0.0044793909315489,0.1021260071837685,34212.95,6898929,57283.4,,0,-0.8206220867596818,-0.0271897810218977,True,False,0.3392461197339246,0.2682926829268293,0.6319290465631929,0.7261640798226164,0.38802660753880264,-0.15083616936248223,0.03658387960709475,-0.08348765432098759
500413,20068,1032,SwiftStack,SwiftStack Invest,fintech,banner,en,minimalist,earn more,Shop now,"Your money, clearer",Built for peace of mind,white,excited,signup,feature-focus,18-24,Both,2026-01-30,assets/creative_500413.png,stable,0.4203436807095344,not_top,Review,582.0,0.3558758314855876,2.0,0.6666666666666666,103.0,0.2765957446808511,34.0,0.8012048192771084,21.0,0.5918367346938775,0.3641975308641975,5.711673409811875,0.3006142376733723,0.0035034072822355,0.0858062490186842,18772.15,3635889,107220.39,,0,-0.717187271723142,0.1175971635537009,True,False,0.3054323725055432,0.7804878048780488,0.2616407982261641,0.4401330376940133,0.13414634146341464,-0.2521634930174548,-0.08212662938495718,0.011111111111111072
500345,20057,1021,RouteBloom,RouteBloom Deals,travel,interstitial,es,discount,book now,Start now,Dream destinations await,Flexible booking options,orange,urgent,booking,destination,45-54,Both,2026-01-05,assets/creative_500345.png,stable,0.4193458980044346,not_top,Review,583.0,0.35476718403547675,3.0,0.6666666666666666,123.0,0.15862068965517243,199.0,0.3028169014084507,42.0,0.21153846153846154,0.4317901234567902,6.240355919153888,0.2446628024600504,0.0047477183233025,0.051532712305026,42718.69,7778052,266579.83,,0,-0.8575283291995015,0.0448022517480968,True,False,0.4057649667405765,0.8226164079822617,0.10864745011086474,0.06873614190687362,0.4556541019955654,0.27430938003897865,-0.08754811574637117,-0.14567901234567898
500108,20018,1018,StormByte,StormByte Saga,gaming,banner,de,competitive,book now,Try for free,Unlock rare gear,Play with friends tonight,purple,playful,install,fantasy,25-34,Android,2026-01-15,assets/creative_500108.png,stable,0.4189578713968958,not_top,Review,584.0,0.35365853658536583,6.0,0.16666666666666666,147.0,0.039473684210526314,35.0,0.7951807228915663,4.0,0.5714285714285714,0.3802469135802469,1.2016122548344184,0.7017929900790336,0.0040489612857009,0.1733266733266733,33457.49,9888956,40202.93,,0,-0.8245769417266171,-0.04569454979928,True,False,0.3215077605321508,0.09534368070953436,0.8270509977827051,0.8691796008869179,0.2838137472283814,0.029719586172004764,-0.6521876753529523,-0.037654320987654255
500099,20016,1016,FreshDash,FreshDash Bites,food_delivery,interstitial,en,food-closeup,fast,Learn more,Hungry? We got you,Fresh favorites nearby,orange,playful,order,combo,25-34,Android,2026-01-16,assets/creative_500099.png,stable,0.4180155210643016,not_top,Review,585.0,0.352549889135255,2.0,0.8333333333333334,70.0,0.5660377358490566,200.0,0.2992957746478873,25.0,0.4418604651162791,0.407716049382716,2.190700643398236,0.3670979271249204,0.0045229271955911,0.0811637931034482,31770.37,10258843,69599.37,,0,-0.8343697902764547,-0.1131924821482165,True,False,0.37028824833702884,0.4844789356984479,0.4567627494456763,0.3713968957871397,0.4057649667405765,-0.09814772539988814,-0.05378050372225973,-0.07253086419753091
501035,20172,1028,QuickFork,QuickFork Kitchen,food_delivery,interstitial,pt,ugc,free delivery,Start now,2-for-1 tonight,Late-night deals available,red,playful,order,food-closeup,25-34,iOS,2026-01-17,assets/creative_501035.png,stable,0.4169623059866962,not_top,Review,586.0,0.3514412416851441,2.0,0.8333333333333334,71.0,0.559748427672956,201.0,0.29577464788732394,26.0,0.4186046511627907,0.412037037037037,2.002058600346453,0.3835972745380518,0.0046863131631172,0.081854810207111,21572.91,6037582,43190.23,,0,-0.8478861281734522,-0.0633602823772472,True,False,0.37749445676274945,0.42904656319290463,0.4911308203991131,0.38470066518847007,0.4401330376940133,0.0870881436583022,-0.037281156309128316,-0.06820987654320992
500431,20071,1035,StarVault,StarVault Play,entertainment,native,pt,celebrity,exclusive,Start now,Binge starts now,New hits every week,blue,excited,install,celebrity,25-34,Android,2026-01-23,assets/creative_500431.png,stable,0.4157982261640799,not_top,Review,587.0,0.35033259423503327,5.0,0.3333333333333333,101.0,0.4117647058823529,166.0,0.35039370078740156,26.0,0.5098039215686274,0.3929012345679012,2.4722544961989805,0.3445498920033387,0.0041906602437305,0.0822185221335476,25536.57,8312294,63132.9,,0,-0.7944535891596298,-0.2023724904981755,True,False,0.34035476718403546,0.5753880266075388,0.40465631929046564,0.3902439024390244,0.3170731707317073,-0.053970215018974255,-0.09743708590158184,-0.012345679012345567
500923,20153,1009,DriftPass,DriftPass Trips,travel,interstitial,ja,family,book now,Shop now,Dream destinations await,Hotels + flights in one tap,blue,playful,booking,discount,25-34,iOS,2026-01-21,assets/creative_500923.png,stable,0.41546563192904656,not_top,Review,588.0,0.3492239467849224,4.0,0.5,124.0,0.15172413793103448,202.0,0.29225352112676056,43.0,0.19230769230769232,0.4290123456790123,5.436830369256175,0.2624313076882036,0.0048441418129434,0.054174984511599,41092.61,5997760,223413.55,,0,-0.8396292692185833,-0.0992576694582426,True,False,0.401330376940133,0.761640798226164,0.14412416851441243,0.1164079822616408,0.4811529933481153,-0.24911172541341386,-0.06977961051821796,-0.14845679012345686
500913,20152,1008,CoinBridge,CoinBridge Pay,fintech,banner,en,discount,security,Claim reward,"Your money, clearer",No hidden fees,black,playful,signup,minimalist,18-24,Both,2026-01-17,assets/creative_500913.png,stable,0.41474501108647455,not_top,Review,589.0,0.34811529933481156,5.0,0.3333333333333333,104.0,0.2695035460992908,36.0,0.7891566265060241,22.0,0.5714285714285714,0.3506172839506172,5.200824217447956,0.3084101908989595,0.0033756751483923,0.0913625207822025,21450.65,3741770,111561.06,,0,-0.7164645136527881,-0.1467490817389397,True,False,0.28159645232815966,0.738359201773836,0.28824833702882485,0.5487804878048781,0.09977827050997783,-0.20419470667459283,-0.07433067615937,-0.0024691358024692134
501007,20167,1023,NeonCast,NeonCast Now,entertainment,native,de,celebrity,watch now,Learn more,Stream the hype,New hits every week,blue,excited,signup,trailer,35-44,Both,2026-01-12,assets/creative_501007.png,stable,0.4145787139689579,not_top,Review,590.0,0.34700665188470065,1.0,1.0,102.0,0.40588235294117647,167.0,0.3464566929133858,27.0,0.49019607843137253,0.3873456790123457,2.2157085501873763,0.3694481442925613,0.0041982227091373,0.0880010828126057,39575.39,10558992,87687.53,,0,-0.8105102116360509,-0.0253580937241192,True,False,0.33647450110864746,0.49667405764966743,0.4623059866962306,0.47339246119733924,0.3203991130820399,0.2714865558240569,-0.07253883361235924,-0.017901234567901103
500951,20158,1014,VaultRun,VaultRun Pay,fintech,interstitial,es,gameplay,exclusive,Order now,Secure & simple,No hidden fees,lime,playful,signup,feature-focus,25-34,Both,2026-01-11,assets/creative_500951.png,stable,0.4140243902439025,not_top,Review,591.0,0.34534368070953436,3.0,0.6666666666666666,105.0,0.2624113475177305,203.0,0.2869718309859155,28.0,0.15625,0.3561728395061728,4.077950072292063,0.3196833639205391,0.0035101831555193,0.0910731291664578,42438.96,5683749,173063.96,,0,-0.7449789705255415,0.0503513416348007,True,False,0.2915742793791574,0.6873614190687362,0.3237250554323725,0.5399113082039911,0.13636363636363635,-0.5211071768888775,-0.0630575031377904,-0.18271604938271618
501004,20167,1023,NeonCast,NeonCast Now,entertainment,interstitial,fr,trust,watch now,Order now,Stream the hype,Cancel anytime,blue,calm,signup,trailer,35-44,Both,2026-01-19,assets/creative_501004.png,stable,0.4140243902439025,not_top,Review,591.0,0.34534368070953436,2.0,0.8333333333333334,103.0,0.4,203.0,0.2869718309859155,38.0,0.4393939393939394,0.4108024691358025,1.9009591845752751,0.3965468347667598,0.0047324297467091,0.0837934963625208,33945.5,7232437,64529.01,,0,-0.8335666240947508,-0.0818678485449546,True,False,0.37416851441241683,0.3835920177383592,0.5232815964523282,0.4124168514412417,0.45121951219512196,-0.04326280978804431,-0.04544014313816075,-0.055555555555555525
500080,20013,1013,BoltCart,BoltCart Drops,ecommerce,interstitial,de,testimonial,free shipping,Claim reward,Limited stock,Free shipping over $25,white,calm,purchase,ugc,18-24,Android,2026-01-27,assets/creative_500080.png,stable,0.41247228381374723,not_top,Review,593.0,0.3436807095343681,2.0,0.8333333333333334,43.0,0.6888888888888889,205.0,0.28169014084507044,13.0,0.625,0.4435185185185185,2.9140685983842083,0.2848611617347323,0.0052132897948488,0.0546413441309547,24942.57,6655874,72684.36,,0,-0.8409377999993689,-0.0721201524087895,True,False,0.4212860310421286,0.6396895787139689,0.20953436807095344,0.12971175166297116,0.5831485587583148,0.1034955972994096,-0.01923189901718464,-0.058333333333333404
500060,20010,1010,BiteRush,BiteRush Delivery,food_delivery,native,es,celebrity,free delivery,Try for free,Dinner in minutes,Late-night deals available,red,trustworthy,order,discount,25-34,Both,2026-01-03,assets/creative_500060.png,stable,0.4121951219512195,not_top,Review,594.0,0.3425720620842572,4.0,0.5,72.0,0.5534591194968553,168.0,0.3425196850393701,32.0,0.39215686274509803,0.3824074074074073,2.407225541094152,0.351214828172271,0.0040668510635389,0.0863603861279942,37373.81,13755114,89967.19,,0,-0.8146374994212803,-0.0917969633159702,True,False,0.3270509977827051,0.5543237250554324,0.4190687361419069,0.4467849223946785,0.2860310421286031,0.028940305577586756,-0.06966360267490912,-0.09367283950617289
500007,20001,1001,VantaStyle,VantaStyle Drops,ecommerce,interstitial,es,feature-focus,before/after,Watch now,Limited stock,Only this weekend,lime,adventurous,purchase,testimonial,45-54,Android,2026-01-23,assets/creative_500007.png,stable,0.4119179600886918,not_top,Review,595.0,0.34146341463414637,1.0,1.0,44.0,0.6814814814814815,206.0,0.27816901408450706,14.0,0.59375,0.4419753086419752,3.050351291416699,0.2814197634306966,0.0051818604612763,0.0543086340386281,24391.43,6904277,74402.43000000001,,0,-0.8437435554275438,0.1346531413612566,True,False,0.4190687361419069,0.656319290465632,0.1984478935698448,0.1197339246119734,0.5709534368070953,0.5418365172173139,-0.022673297321220365,-0.059876543209876676
500063,20010,1010,BiteRush,BiteRush Delivery,food_delivery,interstitial,en,drama,book now,Book now,2-for-1 tonight,Fresh favorites nearby,purple,calm,order,discount,25-34,Both,2026-01-11,assets/creative_500063.png,stable,0.411419068736142,not_top,Review,596.0,0.34035476718403546,5.0,0.3333333333333333,73.0,0.5471698113207547,207.0,0.2746478873239437,27.0,0.3953488372093023,0.412037037037037,2.003405443334677,0.3723044456035121,0.0047667113524771,0.0781050955414012,26792.4,7904821,53676.04,,0,-0.8552961642896842,-0.0323687817782236,True,False,0.37749445676274945,0.43015521064301554,0.46895787139689576,0.35920177383592017,0.4634146341463415,-0.3748797921818885,-0.048573985243668016,-0.06820987654320992
500174,20029,1029,BingeLayer,BingeLayer Plus,entertainment,interstitial,de,drama,watch now,Get offer,A new season drops,Start free today,purple,urgent,install,ugc,35-44,iOS,2026-01-10,assets/creative_500174.png,stable,0.41014412416851437,not_top,Review,597.0,0.3392461197339246,4.0,0.5,104.0,0.3941176470588235,208.0,0.2711267605633803,39.0,0.42424242424242425,0.4052469135802468,1.625960376142718,0.4452359750667853,0.0048090441551833,0.0925830499158335,35290.86,6052970,57381.54,,0,-0.8100208971175856,-0.0950181406371242,True,False,0.3641906873614191,0.24722838137472283,0.6130820399113082,0.565410199556541,0.4700665188470067,-0.18438780153606515,0.003248997161864775,-0.06111111111111123
500232,20038,1002,EarnPath,EarnPath Invest,fintech,native,es,testimonial,earn more,Order now,"Your money, clearer",No hidden fees,white,premium,signup,testimonial,25-34,Android,2026-01-15,assets/creative_500232.png,stable,0.4099223946784923,not_top,Review,598.0,0.33813747228381374,3.0,0.6666666666666666,106.0,0.2553191489361702,169.0,0.33858267716535434,47.0,0.09803921568627451,0.3382716049382716,5.569657959506507,0.2972394379967008,0.0031343189146581,0.0948338207087381,54062.02,10146702,301106.96,,0,-0.7541686650688685,-0.0936197871662231,True,False,0.2583148558758315,0.7716186252771619,0.24611973392461198,0.6119733924611973,0.06541019955654102,0.7638802944693417,-0.08550142906162872,-0.17932098765432092
500881,20146,1002,EarnPath,EarnPath Saver,fintech,banner,fr,trust,cashback,Install now,Track every euro,No hidden fees,black,playful,signup,testimonial,35-44,Android,2026-01-07,assets/creative_500881.png,stable,0.4098115299334812,not_top,Review,599.0,0.3370288248337029,6.0,0.16666666666666666,107.0,0.24822695035460993,37.0,0.7831325301204819,23.0,0.5510204081632653,0.3398148148148148,5.963406705597531,0.2893909063449404,0.0031087133657275,0.0930902506275978,36084.48,7816417,215186.43,,0,-0.6952741066844386,-0.0924082718738387,True,False,0.26053215077605324,0.7960088691796009,0.22505543237250555,0.5853658536585366,0.06097560975609756,-0.853768690367847,-0.09334996071338908,-0.01327160493827162
500330,20055,1019,ZenDrop,ZenDrop Shop,ecommerce,rewarded_video,de,discount,new collection,Watch now,New collection drop,Shop bestsellers now,black,trustworthy,purchase,testimonial,18-24,iOS,2026-01-26,assets/creative_500330.png,stable,0.407039911308204,not_top,Review,600.0,0.33592017738359203,2.0,0.8333333333333334,45.0,0.674074074074074,149.0,0.075,9.0,0.2727272727272727,0.4145061728395061,1.9685499134905544,0.367678004012856,0.0049338741745097,0.0745211553858471,23378.95,3290923,46022.63,,0,-0.8519492882494223,-0.2643386665096754,True,False,0.38248337028824836,0.4124168514412417,0.458980044345898,0.33813747228381374,0.5066518847006651,0.061829018397967284,0.06358494326093905,-0.16388888888888908
500124,20020,1020,NovaPay,NovaPay Wallet,fintech,native,pt,discount,cashback,Book now,Secure & simple,Built for peace of mind,green,trustworthy,signup,minimalist,25-34,Android,2026-01-18,assets/creative_500124.png,stable,0.40565410199556545,not_top,Review,601.0,0.3348115299334812,1.0,1.0,108.0,0.24113475177304963,170.0,0.3346456692913386,48.0,0.0784313725490196,0.3327160493827161,7.413085775008813,0.2474115384655317,0.0027165188396466,0.091076687875177,54269.77,16373529,402306.46,,0,-0.7198134058992616,-0.0768157805735262,True,False,0.25055432372505543,0.9113082039911308,0.1130820399113082,0.541019955654102,0.017738359201773836,0.9025932301055422,-0.13532932859279778,-0.1848765432098764
500950,20158,1014,VaultRun,VaultRun Pay,fintech,interstitial,de,trust,save smarter,Start now,Secure & simple,"Fast signup, instant card",white,trustworthy,signup,feature-focus,25-34,Both,2026-01-04,assets/creative_500950.png,stable,0.4055986696230598,not_top,Review,602.0,0.33370288248337027,4.0,0.5,109.0,0.23404255319148937,209.0,0.2676056338028169,29.0,0.125,0.3358024691358025,4.025480224690498,0.3171204203848486,0.0032346856506786,0.0980374770940474,77464.78,10459749,311832.94,,0,-0.6706057020687323,-0.0675918295267247,True,False,0.25388026607538805,0.6851441241685144,0.31263858093126384,0.6629711751662971,0.0787139689578714,-0.5735770244904428,-0.06562044667348088,-0.2030864197530865
500590,20098,1026,ClearLedger,ClearLedger Wallet,fintech,banner,en,discount,security,Try for free,Track every euro,No hidden fees,green,calm,signup,minimalist,45-54,Both,2026-01-15,assets/creative_500590.png,stable,0.40221729490022173,not_top,Review,603.0,0.3325942350332594,3.0,0.3333333333333333,110.0,0.22695035460992907,38.0,0.7771084337349398,24.0,0.5306122448979592,0.3509259259259258,4.529101931606313,0.3091859975917946,0.0035019923304947,0.0882885992923103,21277.11,3308688,96366.2,,0,-0.7112747397726654,-0.0249683810009671,True,False,0.2827050997782705,0.7028824833702882,0.29490022172949004,0.4778270509977827,0.13303769401330376,-1.4065188380332465,-0.07355486946653489,-0.0021604938271606033
500956,20159,1015,HorizonHop,HorizonHop Escapes,travel,interstitial,en,discount,challenge,Watch now,Escape this weekend,Hotels + flights in one tap,blue,trustworthy,booking,wanderlust,45-54,Android,2026-01-11,assets/creative_500956.png,stable,0.4006651884700665,not_top,Review,604.0,0.33148558758314856,6.0,0.16666666666666666,125.0,0.14482758620689656,210.0,0.2640845070422535,44.0,0.17307692307692307,0.4401234567901235,4.829113094752334,0.2501189371542945,0.0051888853415967,0.0482028259806037,48157.23,6696814,232556.71,,0,-0.7978578190178951,-0.0584975120352765,True,False,0.4146341463414634,0.7172949002217295,0.1197339246119734,0.02771618625277162,0.5753880266075388,-0.8798367435004186,-0.08209198105212706,-0.13734567901234568
501041,20173,1029,BingeLayer,BingeLayer Play,entertainment,interstitial,de,trailer,trending,Learn more,A new season drops,Start free today,red,calm,signup,celebrity,45-54,Both,2026-01-11,assets/creative_501041.png,stable,0.4003880266075388,not_top,Review,605.0,0.3303769401330377,4.0,0.4,105.0,0.38823529411764707,211.0,0.2605633802816901,40.0,0.4090909090909091,0.4021604938271605,1.6902537626468728,0.4258354939770695,0.0047806710311694,0.089074418884017,39869.54,6965131,67389.64,,0,-0.788320389188475,0.0304570370639272,True,False,0.35365853658536583,0.28159645232815966,0.5764966740576497,0.49889135254988914,0.46674057649667405,-0.09437269124547165,-0.01615148392785104,-0.0641975308641975
500970,20161,1017,PulsePlay,PulsePlay Play,entertainment,interstitial,it,minimalist,exclusive,Install now,Watch what’s trending,New hits every week,purple,adventurous,install,drama,18-24,Both,2026-01-23,assets/creative_500970.png,stable,0.40033259423503326,not_top,Review,606.0,0.32926829268292684,6.0,0.16666666666666666,106.0,0.38235294117647056,212.0,0.25704225352112675,41.0,0.3939393939393939,0.4003086419753086,1.6685509437150905,0.4304461152989871,0.0047589641370081,0.0904495396280917,26745.89,4655635,44626.88,,0,-0.8005834724523873,-0.1823009990129325,True,False,0.34977827050997784,0.2660753880266075,0.5920177383592018,0.5254988913525499,0.458980044345898,-0.4718594284372608,-0.011540862605933455,-0.06604938271604943
500945,20157,1013,BoltCart,BoltCart Club,ecommerce,native,en,urgency,free shipping,Order now,New collection drop,Free shipping over $25,pink,calm,purchase,discount,45-54,Android,2026-01-23,assets/creative_500945.png,stable,0.3994456762749446,not_top,Review,607.0,0.328159645232816,1.0,1.0,46.0,0.6666666666666666,171.0,0.33070866141732286,21.0,0.6078431372549019,0.4228395061728395,2.263694369159086,0.3191019287782614,0.0051504581994435,0.061956027293404,34841.51,6402343,78870.53,,0,-0.8294029196976628,-0.2156310154179196,True,False,0.3946784922394678,0.5077605321507761,0.3203991130820399,0.2261640798226164,0.5587583148558758,0.6291228516013712,0.015008868026344435,0.016666666666666663
500258,20043,1007,ThreadMark,ThreadMark Store,ecommerce,interstitial,fr,celebrity,free shipping,Get offer,Limited stock,Free shipping over $25,purple,playful,purchase,product-focus,35-44,Both,2026-01-20,assets/creative_500258.png,stable,0.39905764966740576,not_top,Review,608.0,0.3270509977827051,3.0,0.6,47.0,0.6592592592592592,213.0,0.2535211267605634,15.0,0.5625,0.466358024691358,1.8822311411936503,0.330442474214584,0.0062540851020765,0.052836261231058,24282.82,3577022,45705.88,,0,-0.8340337821703309,-0.1671139738772589,True,False,0.46452328159645234,0.3736141906873614,0.35698447893569846,0.08869179600886919,0.7915742793791575,-0.17621695850192887,0.02634941346266706,-0.035493827160493874
500550,20091,1019,ZenDrop,ZenDrop Market,ecommerce,native,it,feature-focus,limited offer,Start now,Your next favorite pick,Free shipping over $25,red,playful,purchase,discount,45-54,iOS,2026-01-27,assets/creative_500550.png,stable,0.39772727272727276,not_top,Review,609.0,0.3259423503325942,3.0,0.6666666666666666,48.0,0.6518518518518519,172.0,0.32677165354330706,22.0,0.5882352941176471,0.3839506172839506,2.711567224629677,0.3159219072984054,0.0042897929487533,0.0736450246136514,44133.75,9518175,119671.63,,0,-0.7503322525613438,-0.137035290227845,True,False,0.3303769401330377,0.61529933481153,0.3093126385809313,0.33148558758314856,0.3348115299334812,0.37691942541726764,0.01182884654648847,-0.022222222222222254
500246,20041,1005,MoonScreen,MoonScreen Stream,entertainment,interstitial,en,ugc,watch now,Book now,Binge starts now,Cancel anytime,purple,adventurous,signup,trailer,18-24,Android,2026-01-25,assets/creative_500246.png,stable,0.3956208425720621,not_top,Review,610.0,0.32483370288248337,4.0,0.4,107.0,0.3764705882352941,214.0,0.25,42.0,0.3787878787878788,0.4003086419753086,1.7367365002082449,0.4124531231161996,0.0047619828207986,0.0866137360501915,20144.57,3782248,34985.81,,0,-0.8136456043673344,-0.1504297149595228,True,False,0.34977827050997784,0.3048780487804878,0.5554323725055432,0.4534368070953437,0.4611973392461197,-0.3339180917365192,-0.029533854788720948,-0.06604938271604943
500305,20050,1014,VaultRun,VaultRun Cash,fintech,interstitial,es,drama,cashback,Try for free,Earn cashback daily,No hidden fees,green,trustworthy,signup,minimalist,35-44,Android,2026-01-16,assets/creative_500305.png,stable,0.39445676274944563,not_top,Review,611.0,0.3237250554323725,5.0,0.3333333333333333,111.0,0.2198581560283688,215.0,0.24647887323943662,30.0,0.09375,0.3265432098765432,4.347341576072958,0.3057354267106802,0.0031497529824665,0.0970664774071445,90456.98,13420100,393247.39,,0,-0.6253337774144541,-0.1240204071445804,True,False,0.2394678492239468,0.6984478935698448,0.2771618625277162,0.6518847006651884,0.06873614190687362,-1.7535160219877373,-0.07700544034764928,-0.2123456790123458
500839,20139,1031,CrispBox,CrispBox Outlet,ecommerce,native,en,testimonial,new collection,Learn more,Up to 40% off,Free shipping over $25,lime,adventurous,purchase,product-focus,18-24,Both,2026-01-30,assets/creative_500839.png,stable,0.3931263858093127,not_top,Review,612.0,0.32261640798226165,4.0,0.5,49.0,0.6444444444444445,173.0,0.3228346456692913,23.0,0.5686274509803921,0.4074074074074074,2.2675321104734136,0.319834684587369,0.0049247071409236,0.0649449145776784,27642.85,5087003,62681.05,,0,-0.8053512730000973,-0.0545181722073581,True,False,0.36862527716186255,0.5144124168514412,0.32483370288248337,0.2682926829268293,0.5055432372505543,-0.10548960715451638,0.01574162383545208,0.0012345679012345512
500513,20085,1013,BoltCart,BoltCart Drops,ecommerce,interstitial,es,ugc,new collection,Get offer,New collection drop,Only this weekend,lime,excited,purchase,product-focus,45-54,Android,2026-01-16,assets/creative_500513.png,stable,0.39179600886917965,not_top,Review,613.0,0.3215077605321508,5.0,0.3333333333333333,50.0,0.6370370370370371,216.0,0.24295774647887325,16.0,0.53125,0.4234567901234567,3.088576072716223,0.2685239287669391,0.0050965314858639,0.0526875836069561,20929.58,6453801,64642.6,,0,-0.8316418066410195,-0.1299634096761079,True,False,0.3968957871396896,0.6607538802660754,0.1607538802660754,0.08425720620842572,0.5454545454545454,-0.7660608168896905,-0.03556913198497785,-0.07839506172839517
500891,20148,1004,SnapMeal,SnapMeal Express,food_delivery,native,es,urgency,free delivery,Claim reward,2-for-1 tonight,Free delivery over $15,black,premium,order,discount,35-44,iOS,2026-02-04,assets/creative_500891.png,stable,0.391629711751663,not_top,Review,614.0,0.3203991130820399,4.0,0.5,74.0,0.5408805031446541,174.0,0.3188976377952756,33.0,0.37254901960784315,0.3808641975308642,1.6986443507219129,0.4202930379302948,0.0045359396620966,0.0926584278539585,18031.95,3906798,30629.87,,0,-0.8165200984278252,-0.2049440979830328,True,False,0.3253880266075388,0.28492239467849223,0.5643015521064302,0.5676274944567627,0.4124168514412417,0.10773662257627925,-0.0005853929168853078,-0.095216049382716
500477,20079,1007,ThreadMark,ThreadMark Store,ecommerce,banner,fr,testimonial,limited offer,Learn more,Up to 40% off,Only this weekend,lime,calm,purchase,product-focus,45-54,Android,2026-01-18,assets/creative_500477.png,stable,0.39052106430155215,not_top,Review,615.0,0.31929046563192903,2.0,0.5,51.0,0.6296296296296297,39.0,0.7710843373493976,1.0,1.0,0.4148148148148148,2.906737580523143,0.2778205818935216,0.0049853047534314,0.0557279034350499,13086.3,3556252,38038.44,,0,-0.7972856832183872,-0.319068255687974,True,False,0.3835920177383592,0.6385809312638581,0.18403547671840353,0.14634146341463414,0.5199556541019955,0.12789068409119597,-0.026272478858395343,0.2285493827160494
500703,20117,1009,DriftPass,DriftPass Getaway,travel,interstitial,en,family,book now,Try for free,Escape this weekend,Flexible booking options,teal,premium,booking,discount,18-24,Both,2026-01-05,assets/creative_500703.png,stable,0.3898558758314856,not_top,Review,616.0,0.3181818181818182,6.0,0.16666666666666666,126.0,0.13793103448275862,217.0,0.23943661971830985,45.0,0.15384615384615385,0.4074074074074074,5.640176638448799,0.2401379995277902,0.0046815986905841,0.0512940162963494,36010.28,5950745,203104.34,,0,-0.8359481164048301,0.016290261101582,True,False,0.36862527716186255,0.7771618625277162,0.09866962305986696,0.06430155210643015,0.43902439024390244,-1.7874891568396825,-0.09207291867863138,-0.17006172839506178
500440,20073,1001,VantaStyle,VantaStyle Club,ecommerce,rewarded_video,en,testimonial,free shipping,Claim reward,Up to 40% off,Only this weekend,pink,calm,purchase,discount,45-54,Android,2026-01-05,assets/creative_500440.png,stable,0.38952328159645233,not_top,Review,617.0,0.3170731707317073,2.0,0.8333333333333334,52.0,0.6222222222222222,150.0,0.06875,10.0,0.18181818181818182,0.4231481481481481,1.837101932843012,0.3533620769882745,0.0053947443207547,0.0655011722481113,47521.19,6404196,87301.27,,0,-0.8322123916807387,-0.1086514105089957,True,False,0.39578713968957874,0.34811529933481156,0.4279379157427938,0.2738359201773836,0.6241685144124168,0.03889813286428678,0.04926901623635754,-0.15524691358024706
500786,20131,1023,NeonCast,NeonCast Stream,entertainment,native,en,drama,watch now,Start now,Stream the hype,Start free today,purple,urgent,signup,drama,35-44,iOS,2026-01-23,assets/creative_500786.png,stable,0.3889135254988914,not_top,Review,618.0,0.31596452328159647,4.0,0.5,108.0,0.37058823529411766,175.0,0.31496062992125984,28.0,0.47058823529411764,0.3734567901234567,1.9660277172913536,0.3781073176393422,0.0043393680646368,0.0871341891278325,23816.18,5583071,46823.27,,0,-0.7985204960632065,-0.0941684708827284,True,False,0.3148558758314856,0.41019955654101997,0.4844789356984479,0.46008869179600886,0.35033259423503327,0.019740304235495332,-0.06387966026557834,-0.03179012345679011
500780,20130,1022,CraveLoop,CraveLoop Kitchen,food_delivery,interstitial,es,competitive,late-night,Install now,Dinner in minutes,Late-night deals available,orange,urgent,order,food-closeup,18-24,iOS,2026-01-26,assets/creative_500780.png,stable,0.3888580931263858,not_top,Review,619.0,0.3148558758314856,5.0,0.3333333333333333,75.0,0.5345911949685535,218.0,0.23591549295774647,28.0,0.37209302325581395,0.402469135802469,2.0100044830464303,0.349805710531831,0.004889393081293,0.0715437897333712,27436.7,8621929,55147.89,,0,-0.8154694628773577,-0.0084823915048255,True,False,0.35476718403547675,0.4312638580931264,0.4157427937915743,0.3137472283813747,0.49223946784922396,-0.615956117991336,-0.07107272031534911,-0.07777777777777789
501066,20177,1033,NomadLayer,NomadLayer Getaway,travel,native,it,destination,book now,Claim reward,Book your next trip,Flexible booking options,teal,trustworthy,booking,wanderlust,18-24,Both,2026-01-21,assets/creative_501066.png,stable,0.38741685144124166,not_top,Review,620.0,0.3137472283813747,6.0,0.16666666666666666,127.0,0.1310344827586207,176.0,0.3110236220472441,35.0,0.17073170731707318,0.3981481481481481,6.908900459726729,0.2123524294768236,0.0043566049459425,0.048742640682762,44454.67,10058750,307132.89,,0,-0.7828813302993852,-0.0112721390878357,True,False,0.34478935698447893,0.8669623059866962,0.057649667405764965,0.03436807095343681,0.3558758314855876,-0.41334998621014307,-0.11985848872959798,-0.15092592592592596
500673,20112,1004,SnapMeal,SnapMeal Express,food_delivery,rewarded_video,pt,urgency,late-night,Shop now,Dinner in minutes,Free delivery over $15,purple,premium,order,combo,45-54,Both,2026-01-31,assets/creative_500673.png,stable,0.38702882483370293,not_top,Review,621.0,0.31263858093126384,3.0,0.6666666666666666,76.0,0.5283018867924528,151.0,0.0625,8.0,0.2222222222222222,0.3999999999999999,1.4235628271164174,0.4567185071829365,0.0049749694532427,0.0918032786885245,31785.32,5395008,45248.4,,0,-0.8430122780602205,0.0709128782209158,True,False,0.3464523281596452,0.1629711751662971,0.6308203991130821,0.5565410199556541,0.5177383592017738,-0.14411247493937096,0.035840076335756366,-0.183641975308642
500612,20102,1030,IronQuest,IronQuest Arena,gaming,banner,en,gameplay,free rewards,Claim reward,Join the arena,Play with friends tonight,purple,excited,install,fantasy,25-34,Both,2026-01-27,assets/creative_500612.png,stable,0.38686252771618634,not_top,Review,622.0,0.311529933481153,6.0,0.16666666666666666,148.0,0.03289473684210526,40.0,0.7650602409638554,5.0,0.42857142857142855,0.3598765432098765,0.8953269632778265,0.6780173223739905,0.0040922443312163,0.1656834899133347,28668.51,6710743,25667.69,,0,-0.8240680083328795,-0.2237439158331494,True,False,0.2960088691796009,0.018847006651884702,0.8203991130820399,0.8492239467849224,0.29490022172949004,-0.36947624000238855,-0.6759633430579954,-0.05802469135802468
500920,20153,1009,DriftPass,DriftPass Trips,travel,interstitial,pt,family,limited offer,Get offer,Fly smarter,Special fares today,blue,playful,booking,discount,25-34,iOS,2026-01-18,assets/creative_500920.png,stable,0.3856430155210643,not_top,Review,623.0,0.31042128603104213,5.0,0.3333333333333333,128.0,0.12413793103448276,219.0,0.2323943661971831,46.0,0.1346153846153846,0.4046296296296296,5.2555944761974045,0.2498576383769284,0.0046951849767334,0.053215717722534,45908.23,6639781,241275.04,,0,-0.8180879041754516,-0.0914905526430756,True,False,0.360310421286031,0.7439024390243902,0.11751662971175167,0.09866962305986696,0.4434589800443459,-0.43034761847218395,-0.08235327982949317,-0.17283950617283955
500517,20086,1014,VaultRun,VaultRun Pay,fintech,banner,es,testimonial,earn more,Watch now,"Your money, clearer",Built for peace of mind,purple,calm,signup,trust,18-24,Android,2026-01-18,assets/creative_500517.png,stable,0.38442350332594233,not_top,Review,624.0,0.3093126385809313,5.0,0.2,112.0,0.2127659574468085,41.0,0.7590361445783133,25.0,0.5102040816326531,0.3410493827160494,7.167327651185714,0.2399600772754352,0.0033299642201562,0.0720608575380359,13797.6,4342389,98891.92,,0,-0.711506429892806,-0.0121199298797073,True,False,0.26441241685144123,0.8913525498891353,0.09645232815964523,0.31929046563192903,0.09201773835920177,-2.6294098761245923,-0.1427807897828943,-0.012037037037037013
500991,20165,1021,RouteBloom,RouteBloom Getaway,travel,native,ja,destination,last-minute deal,Install now,Escape this weekend,Special fares today,orange,urgent,booking,wanderlust,45-54,Both,2026-02-02,assets/creative_500991.png,stable,0.38398004434589805,not_top,Review,625.0,0.3082039911308204,5.0,0.3333333333333333,129.0,0.11724137931034483,177.0,0.30708661417322836,36.0,0.14634146341463414,0.391358024691358,5.520809966724327,0.2490279069860713,0.0044564327864381,0.0558805481693597,34923.41,5485329,192805.51,,0,-0.8132734350589402,0.1255456919060051,True,False,0.33813747228381374,0.7649667405764967,0.1164079822616408,0.14966740576496673,0.38470066518847007,0.33138901919136465,-0.08318301122035027,-0.15771604938271605
500073,20012,1012,VoxelRealm,VoxelRealm Battle,gaming,banner,fr,drama,competition,Claim reward,Join the arena,Play with friends tonight,lime,calm,install,competitive,25-34,Android,2026-01-17,assets/creative_500073.png,stable,0.38353658536585367,not_top,Review,626.0,0.3070953436807095,6.0,0.16666666666666666,149.0,0.02631578947368421,42.0,0.7530120481927711,6.0,0.2857142857142857,0.3601851851851851,0.821152500920901,0.670240959142561,0.0041567652408613,0.1612409939714748,35753.03,8180640,29358.69,,0,-0.8092260059913434,-0.0316538927128638,True,False,0.29711751662971175,0.0066518847006651885,0.8170731707317073,0.8403547671840355,0.311529933481153,-0.24139223422273248,-0.6837397062894249,-0.05771604938271607
501021,20170,1026,ClearLedger,ClearLedger Pay,fintech,banner,pt,testimonial,free shipping,Get offer,"Your money, clearer",No hidden fees,blue,calm,signup,feature-focus,18-24,iOS,2026-01-11,assets/creative_501021.png,stable,0.38342572062084257,not_top,Review,627.0,0.30598669623059865,4.0,0.4,113.0,0.20567375886524822,43.0,0.7469879518072289,26.0,0.4897959183673469,0.317283950617284,4.20391339302574,0.3019227283425903,0.0030741469194953,0.0982134999559975,26108.29,3696310,109756.99,,0,-0.6649261421932982,-0.1410138603068345,True,False,0.21840354767184036,0.6940133037694013,0.2660753880266075,0.6662971175166297,0.05432372505543237,-0.3729019617977176,-0.08081813871573917,-0.03580246913580243
500395,20065,1029,BingeLayer,BingeLayer Now,entertainment,native,es,drama,trending,Try for free,Exclusive tonight,Start free today,orange,trustworthy,install,trailer,45-54,Android,2026-01-24,assets/creative_500395.png,stable,0.3833702882483371,not_top,Review,628.0,0.3048780487804878,6.0,0.16666666666666666,109.0,0.36470588235294116,178.0,0.3031496062992126,29.0,0.45098039215686275,0.3490740740740741,2.729000925016187,0.3189406497456849,0.0037629827453625,0.0847574042529809,26086.03,9672646,71188.8,,0,-0.741499440487159,-0.1253712116494112,True,False,0.2804878048780488,0.6197339246119734,0.31929046563192903,0.4246119733924612,0.1984478935698448,-0.2376128992583042,-0.12304632815923561,-0.05617283950617269
500740,20123,1015,HorizonHop,HorizonHop Flights,travel,banner,en,discount,book now,Try for free,Fly smarter,Special fares today,white,premium,booking,destination,35-44,iOS,2026-01-25,assets/creative_500740.png,stable,0.383259423503326,not_top,Review,629.0,0.30376940133037694,5.0,0.2,130.0,0.1103448275862069,44.0,0.7409638554216867,2.0,0.8333333333333334,0.4000000000000001,6.076139655747338,0.2271095354246723,0.004509657964674,0.0503607007901064,35177.07,6455035,213740.79,,0,-0.7689416770581916,0.0371490113432095,True,False,0.34811529933481156,0.8104212860310421,0.07982261640798226,0.05432372505543237,0.40022172949002216,-1.0549334152291872,-0.10510138278174927,0.02824074074074079
500728,20121,1013,BoltCart,BoltCart Market,ecommerce,interstitial,en,drama,before/after,Install now,Your next favorite pick,Only this weekend,beige,playful,purchase,discount,18-24,Android,2026-01-06,assets/creative_500728.png,stable,0.3830376940133038,not_top,Review,630.0,0.3026607538802661,2.0,0.8333333333333334,53.0,0.6148148148148148,220.0,0.22887323943661972,17.0,0.5,0.4104938271604939,2.276464393313248,0.3067536850397516,0.0051106710584858,0.0600221930797942,30005.6,5819001,68306.68,,0,-0.8393842775664234,-0.0875691535912982,True,False,0.3719512195121951,0.516629711751663,0.2838137472283814,0.20842572062084258,0.549889135254989,-0.027774028485530344,0.0026606242878346453,-0.09135802469135801
500540,20090,1018,StormByte,StormByte Arena,gaming,interstitial,it,gameplay,power-up,Try for free,Unlock rare gear,No ads in first week,purple,playful,install,reward,45-54,Both,2026-01-18,assets/creative_500540.png,stable,0.38237250554323726,not_top,Review,631.0,0.30155210643015523,6.0,0.16666666666666666,150.0,0.019736842105263157,221.0,0.22535211267605634,58.0,0.03389830508474576,0.3515432098765432,0.8533569215832197,0.6984522499515774,0.0039950355837044,0.174830044768695,34627.41,7548118,29549.54,,0,-0.8490670698242543,0.027654569087762,True,False,0.28492239467849223,0.008869179600886918,0.8259423503325942,0.8747228381374723,0.270509977827051,-0.3603474194169687,-0.6555284154804085,-0.21203703703703702
500294,20049,1013,BoltCart,BoltCart Market,ecommerce,native,en,testimonial,new collection,Try for free,New collection drop,Free shipping over $25,blue,calm,purchase,discount,45-54,iOS,2026-01-17,assets/creative_500294.png,stable,0.3814855875831486,not_top,Review,632.0,0.3004434589800443,3.0,0.6,54.0,0.6074074074074074,179.0,0.2992125984251969,24.0,0.5490196078431373,0.4049382716049383,1.94744856674512,0.3422998378679486,0.0051079584983111,0.0670130420952179,25420.81,3692669,49505.72,,0,-0.8272135016232316,-0.1847245989304813,True,False,0.3625277161862528,0.4035476718403548,0.3968957871396896,0.28824833702882485,0.5476718403547672,0.1648314006164271,0.038206777116031654,-0.0012345679012345512
500125,20020,1020,NovaPay,NovaPay Wallet,fintech,interstitial,pt,feature-focus,earn more,Shop now,"Your money, clearer",Built for peace of mind,green,excited,signup,minimalist,25-34,Android,2026-01-19,assets/creative_500125.png,stable,0.380820399113082,not_top,Review,633.0,0.29933481152993346,2.0,0.8333333333333334,114.0,0.19858156028368795,222.0,0.22183098591549297,31.0,0.0625,0.3225308641975309,6.303279137829585,0.2659287407302949,0.0029895664816719,0.0889522753083485,52175.3,12665047,328875.48,,0,-0.7498312820918899,-0.1340309626663233,True,False,0.229490022172949,0.8281596452328159,0.15299334811529933,0.49445676274944567,0.038802660753880266,-0.20721340707368618,-0.11681212632803462,-0.21635802469135806
500019,20003,1003,CloudRoute,CloudRoute Getaway,travel,interstitial,pt,food-closeup,exclusive,Install now,Last-minute savings,Special fares today,purple,adventurous,booking,family,35-44,Android,2026-01-07,assets/creative_500019.png,stable,0.379490022172949,not_top,Review,634.0,0.2982261640798226,3.0,0.5,131.0,0.10344827586206896,223.0,0.21830985915492956,47.0,0.11538461538461539,0.4132716049382716,5.191783577837914,0.2283971883471889,0.0049521380502049,0.0461209251502458,28084.0,4435256,145806.05,,0,-0.7872599920878198,-0.1284753594651887,True,False,0.3802660753880266,0.7372505543237251,0.082039911308204,0.011086474501108648,0.5110864745011087,-2.480993259036535,-0.10381372985923268,-0.16419753086419758
500097,20016,1016,FreshDash,FreshDash Bites,food_delivery,banner,en,food-closeup,2-for-1,Book now,"Fast food, fast",Free delivery over $15,red,adventurous,order,combo,25-34,Android,2026-01-21,assets/creative_500097.png,stable,0.37915742793791574,not_top,Review,635.0,0.29711751662971175,3.0,0.6666666666666666,77.0,0.5220125786163522,45.0,0.7349397590361446,8.0,0.8727272727272727,0.362962962962963,2.55851435046144,0.3118879701148707,0.0041220366472642,0.0756635607113951,26494.27,11690095,67785.97,,0,-0.8131152001934173,-0.076149549682719,True,False,0.3026607538802661,0.5909090909090909,0.3026607538802661,0.34700665188470065,0.3026607538802661,0.2696659816633158,-0.10899046073230945,0.12500000000000008
500531,20088,1016,FreshDash,FreshDash Go,food_delivery,rewarded_video,en,fantasy,free delivery,Try for free,"Your cravings, delivered",Fresh favorites nearby,blue,urgent,order,discount,35-44,Both,2026-01-16,assets/creative_500531.png,stable,0.3788248337028825,not_top,Review,636.0,0.2960088691796009,1.0,1.0,78.0,0.5157232704402516,152.0,0.05625,9.0,0.1111111111111111,0.3632716049382716,1.4186329981926624,0.4557073870818638,0.0045351120690315,0.1004842615012106,46327.81,7831780,65722.16,,0,-0.8557520194712933,-0.1010431936579352,True,False,0.30376940133037694,0.1607538802660754,0.6297117516629712,0.7062084257206208,0.4113082039911308,0.2613673105268104,0.03482895623468368,-0.22037037037037033
500466,20077,1005,MoonScreen,MoonScreen Stream,entertainment,native,ja,ugc,watch now,Order now,Binge starts now,New hits every week,purple,trustworthy,signup,drama,18-24,Both,2026-01-08,assets/creative_500466.png,stable,0.3785476718403548,not_top,Review,637.0,0.29490022172949004,6.0,0.16666666666666666,110.0,0.3588235294117647,180.0,0.2952755905511811,30.0,0.43137254901960786,0.3518518518518518,1.642823206300455,0.4254080327826564,0.0042953534564402,0.0990391214824982,39338.11,6784075,64625.56,,0,-0.7740917387473736,-0.0815542391439492,True,False,0.28713968957871394,0.25388026607538805,0.5753880266075388,0.6829268292682927,0.3370288248337029,0.019088945438501037,-0.016578945122264155,-0.05339506172839498
500000,20000,1000,PixelForge,PixelForge Legends,gaming,interstitial,ja,family,power-up,Order now,Level up today,Play with friends tonight,purple,premium,install,fantasy,45-54,Both,2026-01-19,assets/creative_500000.png,stable,0.37732815964523286,not_top,Review,638.0,0.29379157427937913,6.0,0.16666666666666666,151.0,0.013157894736842105,224.0,0.2147887323943662,59.0,0.01694915254237288,0.3410493827160494,0.6732220740687788,0.7549493579112817,0.0038939086825267,0.1938795743462072,71899.93,11656411,48404.62,,0,-0.785291349678005,-0.0898799244567573,True,False,0.26441241685144123,0.0011086474501108647,0.8348115299334812,0.9279379157427938,0.23059866962305986,-0.26864697609353827,-0.5990313075207042,-0.22253086419753082
500823,20137,1029,BingeLayer,BingeLayer Plus,entertainment,banner,es,drama,limited offer,Start now,Stream the hype,New hits every week,black,excited,signup,trailer,45-54,iOS,2026-01-26,assets/creative_500823.png,stable,0.3771618625277163,not_top,Review,639.0,0.2926829268292683,5.0,0.2,111.0,0.35294117647058826,46.0,0.7289156626506024,3.0,0.8,0.3737654320987655,2.316890486957444,0.3246099741753545,0.0044364252967271,0.0731692640953125,11883.79,3746034,27533.44,,0,-0.7672286245194744,-0.0001213966214386,True,False,0.31596452328159647,0.5254988913525499,0.33813747228381374,0.32926829268292684,0.376940133037694,-0.7080469730304051,-0.11737700372956605,0.13333333333333341
500636,20106,1034,PlateSprint,PlateSprint Go,food_delivery,native,en,fantasy,2-for-1,Get offer,2-for-1 tonight,Free delivery over $15,red,excited,order,urgency,18-24,Both,2026-02-01,assets/creative_500636.png,stable,0.376940133037694,not_top,Review,640.0,0.2915742793791574,2.0,0.8333333333333334,79.0,0.5094339622641509,181.0,0.29133858267716534,34.0,0.35294117647058826,0.3802469135802469,1.624007872314524,0.422148514170554,0.004701055358085,0.0897986690253559,36472.12,7575533,59231.01,,0,-0.8461223604840862,-0.1130043009697623,True,False,0.3215077605321508,0.24501108647450112,0.5687361419068736,0.5110864745011087,0.4445676274944568,0.2635300910220635,0.0012700833233738607,-0.09583333333333327
500015,20002,1002,EarnPath,EarnPath Invest,fintech,banner,pt,fantasy,free rewards,Start now,Track every euro,Built for peace of mind,blue,calm,signup,trust,18-24,iOS,2026-01-19,assets/creative_500015.png,stable,0.3762749445676275,not_top,Review,641.0,0.29046563192904656,4.0,0.5,115.0,0.19148936170212766,47.0,0.7228915662650602,27.0,0.46938775510204084,0.3101851851851852,6.06685674054334,0.2647121564157282,0.0027940557542772,0.0947411861808749,25779.45,6070745,156400.23,,0,-0.7103455310312328,-0.217732721191599,True,False,0.20509977827050999,0.8093126385809313,0.14855875831485588,0.6108647450110865,0.022172949002217297,-0.05955662713659837,-0.11802871064260129,-0.042901234567901236
500603,20100,1028,QuickFork,QuickFork Kitchen,food_delivery,interstitial,ja,urgency,fast,Book now,Dinner in minutes,Fresh favorites nearby,orange,calm,order,combo,45-54,iOS,2026-01-11,assets/creative_500603.png,stable,0.37610864745011086,not_top,Review,642.0,0.2893569844789357,4.0,0.4,80.0,0.5031446540880503,225.0,0.2112676056338028,29.0,0.3488372093023256,0.3567901234567901,1.265024770724582,0.4788143016878663,0.004489113395518,0.106661217817736,37530.19,5450965,47476.62,,0,-0.829734018407476,-0.0247826617930649,True,False,0.2926829268292683,0.11419068736141907,0.6629711751662971,0.7838137472283814,0.3902439024390244,-0.21705958387942625,0.05793587084068619,-0.12345679012345678
500423,20070,1034,PlateSprint,PlateSprint Go,food_delivery,interstitial,ja,urgency,fast,Try for free,2-for-1 tonight,Free delivery over $15,orange,adventurous,order,combo,45-54,Both,2026-01-22,assets/creative_500423.png,stable,0.3759977827050998,not_top,Review,643.0,0.28824833702882485,1.0,1.0,81.0,0.4968553459119497,226.0,0.20774647887323944,30.0,0.32558139534883723,0.3728395061728395,1.3176595194305023,0.4652484727470598,0.0047220619539254,0.0985265499026966,49907.87,7617435,65761.58,,0,-0.8333468629302152,-0.0902133320604273,True,False,0.3137472283813747,0.1286031042128603,0.6430155210643016,0.6729490022172949,0.4490022172949002,0.09847525283952474,0.0443700418998797,-0.1074074074074074
500618,20103,1031,CrispBox,CrispBox Club,ecommerce,interstitial,en,discount,before/after,Book now,Flash sale live,Only this weekend,purple,premium,purchase,ugc,25-34,Android,2026-01-07,assets/creative_500618.png,stable,0.3753880266075388,not_top,Review,644.0,0.28713968957871394,3.0,0.6666666666666666,55.0,0.6,227.0,0.20422535211267606,18.0,0.46875,0.387037037037037,3.138048265930661,0.2735103676344807,0.004574932468286,0.059784569396485,30061.37,8482311,94334.03,,0,-0.8262616183500584,-0.0615566037735848,True,False,0.3348115299334812,0.664079822616408,0.17184035476718404,0.2017738359201774,0.417960088691796,0.06033314309027382,-0.03058269311743622,-0.11481481481481487
500238,20039,1003,CloudRoute,CloudRoute Trips,travel,interstitial,it,fantasy,book now,Watch now,Fly smarter,Special fares today,blue,playful,booking,family,35-44,Android,2026-01-21,assets/creative_500238.png,stable,0.3747782705099778,not_top,Review,645.0,0.2860310421286031,6.0,0.16666666666666666,132.0,0.09655172413793103,228.0,0.2007042253521127,48.0,0.09615384615384616,0.4104938271604939,4.904972209628186,0.2338191027745713,0.0049402831480966,0.047329089399391,23754.63,3656673,116515.8,,0,-0.8485629257207562,-0.0693929745811369,True,False,0.3719512195121951,0.720620842572062,0.09201773835920177,0.019955654101995565,0.508869179600887,-1.7027199295217699,-0.09839181543185027,-0.1669753086419753
500637,20106,1034,PlateSprint,PlateSprint Go,food_delivery,native,fr,combo,2-for-1,Install now,"Fast food, fast",Late-night deals available,orange,trustworthy,order,urgency,18-24,Both,2026-01-30,assets/creative_500637.png,stable,0.37272727272727274,not_top,Review,646.0,0.28492239467849223,3.0,0.6666666666666666,82.0,0.49056603773584906,182.0,0.2874015748031496,35.0,0.3333333333333333,0.3580246913580247,1.5760197321080796,0.4272944763838532,0.0044577147151951,0.0958550521251002,43567.57,8951672,68663.35,,0,-0.8320512809419123,-0.1405591600866542,True,False,0.29490022172949004,0.21951219512195122,0.5853658536585366,0.6352549889135255,0.3858093126385809,0.2155419508156191,0.006416045536673076,-0.11805555555555547
500342,20057,1021,RouteBloom,RouteBloom Deals,travel,native,en,discount,book now,Try for free,Dream destinations await,Hotels + flights in one tap,orange,playful,booking,destination,45-54,Both,2026-01-03,assets/creative_500342.png,stable,0.371729490022173,not_top,Review,647.0,0.2838137472283814,4.0,0.5,133.0,0.0896551724137931,183.0,0.28346456692913385,37.0,0.12195121951219512,0.3475308641975308,6.951194029261552,0.2173459021677841,0.0036290579346018,0.0598904470759369,53196.77,12123532,369781.07,,0,-0.8061449498566363,-0.1346033186289178,True,False,0.2793791574279379,0.8702882483370288,0.06762749445676275,0.2039911308203991,0.1696230598669623,0.9851474901466428,-0.11486501603863747,-0.20154320987654323
501052,20175,1031,CrispBox,CrispBox Shop,ecommerce,interstitial,es,discount,new collection,Install now,Your next favorite pick,Free shipping over $25,red,excited,purchase,ugc,45-54,Both,2026-01-14,assets/creative_501052.png,stable,0.37150776053215073,not_top,Review,648.0,0.2827050997782705,2.0,0.6666666666666666,56.0,0.5925925925925926,229.0,0.19718309859154928,19.0,0.4375,0.4058641975308641,1.868159517458377,0.3374597796209175,0.0052634802405536,0.0641134314556523,35074.28,4930958,65524.35,,0,-0.7892646879008749,-0.1308033566842699,True,False,0.3669623059866962,0.3647450110864745,0.38913525498891355,0.2583148558758315,0.5975609756097561,-0.5182946693931525,0.033366718869000556,-0.09598765432098777
500083,20013,1013,BoltCart,BoltCart Drops,ecommerce,native,pt,discount,free shipping,Watch now,Limited stock,Only this weekend,orange,calm,purchase,ugc,18-24,Android,2026-02-03,assets/creative_500083.png,stable,0.37128603104212865,not_top,Review,649.0,0.28159645232815966,3.0,0.6666666666666666,57.0,0.5851851851851851,184.0,0.2795275590551181,25.0,0.5294117647058824,0.3854938271604938,3.472076565402454,0.266490718814791,0.0045668093708471,0.0583538083538083,20542.96,6773219,71326.73,,0,-0.8284095033897069,-0.1399912376885893,True,False,0.33148558758314856,0.6751662971175166,0.15521064301552107,0.18070953436807094,0.4157427937915743,0.6615035643176554,-0.037602341937125916,-0.020679012345679038
500233,20038,1002,EarnPath,EarnPath Invest,fintech,native,es,trust,cashback,Learn more,Track every euro,No hidden fees,black,trustworthy,signup,testimonial,25-34,Android,2026-01-11,assets/creative_500233.png,stable,0.3699556541019956,not_top,Review,650.0,0.2804878048780488,4.0,0.5,116.0,0.18439716312056736,185.0,0.2755905511811024,49.0,0.058823529411764705,0.3083333333333333,5.143403715244662,0.283732599679088,0.0029851332376097,0.0950485546522132,62765.18,11866807,322826.66,,0,-0.7367068108974122,-0.1560594692637728,True,False,0.2017738359201774,0.7361419068736141,0.20620842572062084,0.6208425720620843,0.037694013303769404,0.33762605020749614,-0.09900826737924151,-0.2092592592592592
500025,20004,1004,SnapMeal,SnapMeal Bites,food_delivery,banner,it,food-closeup,2-for-1,Shop now,Hungry? We got you,Fresh favorites nearby,red,adventurous,order,discount,25-34,iOS,2026-01-17,assets/creative_500025.png,stable,0.36967849223946786,not_top,Review,651.0,0.2793791574279379,2.0,0.75,83.0,0.48427672955974843,48.0,0.7168674698795181,9.0,0.8545454545454545,0.3759259259259259,1.6872810313486946,0.4022554495584135,0.0046515981702978,0.0864768268521036,23633.52,5533797,39876.39,,0,-0.792317847438816,-0.0160006060533566,True,False,0.3170731707317073,0.2771618625277162,0.5343680709534369,0.4501108647450111,0.4334811529933481,-0.08314510687475618,-0.018622981288766605,0.13796296296296298
500033,20005,1005,MoonScreen,MoonScreen TV,entertainment,native,es,ugc,new collection,Order now,Binge starts now,Start free today,red,urgent,signup,celebrity,35-44,iOS,2026-01-15,assets/creative_500033.png,stable,0.3690687361419069,not_top,Review,652.0,0.27827050997782704,4.0,0.5,112.0,0.34705882352941175,186.0,0.27165354330708663,31.0,0.4117647058823529,0.3271604938271604,2.03790345822002,0.3624962333729994,0.0037840308607636,0.0957963205669627,42610.36,10888389,86835.8,,0,-0.739548759782156,-0.0480412234887213,True,False,0.24057649667405764,0.44124168514412415,0.4445676274944568,0.6330376940133038,0.20620842572062084,0.029958375197638,-0.07949074453192112,-0.07808641975308639
500962,20160,1016,FreshDash,FreshDash Eats,food_delivery,banner,it,food-closeup,late-night,Watch now,Dinner in minutes,Late-night deals available,orange,urgent,order,combo,45-54,iOS,2026-02-02,assets/creative_500962.png,stable,0.3664079822616408,not_top,Review,653.0,0.2771618625277162,5.0,0.3333333333333333,84.0,0.4779874213836478,49.0,0.7108433734939759,10.0,0.8363636363636363,0.3574074074074074,2.357561194291529,0.3181430295012691,0.004236116838643,0.0751025152562074,18023.74,7311177,42492.07,,0,-0.8153284931507649,-0.0554064842593914,True,False,0.29379157427937913,0.5399113082039911,0.31596452328159647,0.3425720620842572,0.32926829268292684,-0.4086686917445812,-0.10273540134591103,0.11944444444444449
501025,20170,1026,ClearLedger,ClearLedger Pay,fintech,banner,ja,testimonial,security,Book now,"Your money, clearer","Fast signup, instant card",blue,urgent,signup,feature-focus,18-24,iOS,2026-01-13,assets/creative_501025.png,stable,0.3663525498891353,not_top,Review,654.0,0.27605321507760533,5.0,0.2,117.0,0.1773049645390071,50.0,0.7048192771084337,28.0,0.4489795918367347,0.3058641975308642,4.113861417500062,0.2938352208018425,0.003015246137203,0.0974498291122601,26834.99,3784434,110395.43,,0,-0.6911837268618953,-0.1201042118975249,True,False,0.19678492239467849,0.6906873614190687,0.2361419068736142,0.6541019955654102,0.04656319290465632,-0.4629539373233955,-0.088905646256487,-0.04722222222222222
500772,20128,1020,NovaPay,NovaPay Pay,fintech,banner,es,testimonial,cashback,Learn more,Earn cashback daily,"Fast signup, instant card",orange,playful,signup,minimalist,18-24,Android,2026-01-17,assets/creative_500772.png,stable,0.3662971175166297,not_top,Review,655.0,0.2749445676274945,5.0,0.3333333333333333,118.0,0.1702127659574468,51.0,0.6987951807228916,29.0,0.42857142857142855,0.3129629629629629,4.330510624730565,0.2926167125778892,0.0031473038354335,0.0929737730699847,44537.6,6869054,192870.55,,0,-0.7163816373909406,0.0014101950974261,True,False,0.2106430155210643,0.697339246119734,0.2328159645232816,0.5776053215077606,0.06762749445676275,-0.0670090788161124,-0.09012415448044031,-0.040123456790123524
500410,20068,1032,SwiftStack,SwiftStack Invest,fintech,banner,ja,minimalist,save smarter,Try for free,Track every euro,"Fast signup, instant card",black,calm,signup,feature-focus,18-24,Both,2026-01-23,assets/creative_500410.png,stable,0.3641352549889135,not_top,Review,656.0,0.2738359201773836,3.0,0.3333333333333333,119.0,0.16312056737588654,52.0,0.6927710843373494,30.0,0.40816326530612246,0.312037037037037,5.326048644870456,0.2778652913109401,0.0030601557136884,0.0908010301789605,25466.2,4948441,135634.22,,0,-0.6342941668985165,-0.1417156441920359,True,False,0.20676274944567627,0.7527716186252772,0.18736141906873613,0.532150776053215,0.050997782705099776,-0.6377882579588743,-0.10487557574738937,-0.04104938271604941
500912,20152,1008,CoinBridge,CoinBridge Pay,fintech,banner,it,testimonial,earn more,Learn more,"Your money, clearer","Fast signup, instant card",lime,trustworthy,signup,minimalist,18-24,Both,2026-01-11,assets/creative_500912.png,stable,0.3629711751662971,not_top,Review,657.0,0.2727272727272727,6.0,0.16666666666666666,120.0,0.15602836879432624,53.0,0.6867469879518072,31.0,0.3877551020408163,0.3175925925925926,4.849075890948555,0.2872146349379057,0.0032431784847852,0.0885596140592694,25542.44,4474006,123857.23,,0,-0.6881541025314394,0.0185241445474895,True,False,0.22006651884700665,0.7184035476718403,0.21618625277161863,0.4811529933481153,0.07982261640798226,-0.5559430331739943,-0.09552623212042377,-0.03549382716049382
500651,20108,1000,PixelForge,PixelForge Battle,gaming,banner,en,fantasy,watch now,Book now,Level up today,Free rewards for new players,purple,urgent,install,gameplay,25-34,Both,2026-01-16,assets/creative_500651.png,stable,0.362139689578714,not_top,Review,658.0,0.2710643015521064,6.0,0.16666666666666666,152.0,0.006578947368421052,54.0,0.6807228915662651,7.0,0.14285714285714285,0.3299382716049382,1.0797659852845338,0.5980508089754127,0.0037836489581967,0.1580619173667856,36182.34,11482302,39068.46,,0,-0.7687969245386194,-0.1231834417892289,True,False,0.24501108647450112,0.04878048780487805,0.7915742793791575,0.8337028824833703,0.20509977827050999,-0.0032052299988587496,-0.7559298564565732,-0.08796296296296297
500675,20112,1004,SnapMeal,SnapMeal Express,food_delivery,native,en,discount,free delivery,Get offer,"Your cravings, delivered",Free delivery over $15,black,adventurous,order,combo,45-54,Both,2026-01-30,assets/creative_500675.png,stable,0.362139689578714,not_top,Review,658.0,0.2710643015521064,4.0,0.5,85.0,0.4716981132075472,187.0,0.2677165354330709,36.0,0.3137254901960784,0.345679012345679,1.807010388584613,0.3840670929702559,0.0042317785724642,0.0907578424517155,37906.03,9800371,68496.59,,0,-0.8039610114316698,-0.0796917957986611,True,False,0.27439024390243905,0.33592017738359203,0.49445676274944567,0.5310421286031042,0.328159645232816,0.23933508652882463,-0.036811337876924255,-0.1304012345679012
500120,20020,1020,NovaPay,NovaPay Wallet,fintech,native,pt,trust,security,Try for free,Earn cashback daily,Built for peace of mind,orange,premium,signup,minimalist,25-34,Android,2026-01-17,assets/creative_500120.png,stable,0.3604212860310421,not_top,Review,660.0,0.26940133037694014,3.0,0.6666666666666666,121.0,0.14893617021276595,188.0,0.2637795275590551,50.0,0.0392156862745098,0.3006172839506173,6.717705951976957,0.2290779978150564,0.0025086689373748,0.0913145590485014,60408.5,18500249,405806.54,,0,-0.6157145272590581,-0.051304120635241,True,False,0.188470066518847,0.8547671840354767,0.08314855875831485,0.5454545454545454,0.0033259423503325942,0.20721340707368618,-0.1536628692432731,-0.21697530864197517
501078,20179,1035,StarVault,StarVault Now,entertainment,native,en,celebrity,new season,Order now,Stream the hype,New hits every week,lime,trustworthy,signup,drama,25-34,Android,2026-01-06,assets/creative_501078.png,stable,0.3588137472283814,not_top,Review,661.0,0.2682926829268293,5.0,0.3333333333333333,113.0,0.3411764705882353,189.0,0.25984251968503935,32.0,0.39215686274509803,0.3253086419753087,2.5289986493284613,0.3173783648820091,0.0036142022701348,0.087814223211743,30155.37,10687559,76262.89,,0,-0.7581218284129192,0.029280191862353,True,False,0.2361419068736142,0.5864745011086474,0.3137472283813747,0.46674057649667405,0.1662971175166297,-0.02240790042692664,-0.12460861302291143,-0.0799382716049381
500732,20122,1014,VaultRun,VaultRun Wallet,fintech,interstitial,de,testimonial,cashback,Get offer,Save with confidence,"Fast signup, instant card",blue,urgent,signup,feature-focus,18-24,Both,2026-01-09,assets/creative_500732.png,stable,0.35554323725055426,not_top,Review,662.0,0.26718403547671843,5.0,0.3333333333333333,122.0,0.14184397163120568,230.0,0.1936619718309859,32.0,0.03125,0.2953703703703704,3.962903257589193,0.2887777659821992,0.0029459457526841,0.0980254866265229,52777.68,7272028,209152.84,,0,-0.551464175660806,-0.1854693616976374,True,False,0.18181818181818182,0.6818181818181818,0.22283813747228381,0.6618625277161863,0.03215077605321508,-3.3021508219694966,-0.09396310107613032,-0.24351851851851858
500583,20097,1025,LuxShelf,LuxShelf Outlet,ecommerce,interstitial,it,testimonial,new collection,Claim reward,Flash sale live,Shop bestsellers now,lime,playful,purchase,product-focus,25-34,Android,2026-01-14,assets/creative_500583.png,stable,0.3547117516629712,not_top,Review,663.0,0.2660753880266075,2.0,0.8333333333333334,58.0,0.5777777777777777,231.0,0.19014084507042253,20.0,0.40625,0.3873456790123457,2.167136001523355,0.3018434670063201,0.0050319313850879,0.0599856086871197,32769.78,6075997,71016.57,,0,-0.8257665385361052,0.0630937292534252,True,False,0.33647450110864746,0.4789356984478936,0.26496674057649666,0.2073170731707317,0.5332594235033259,0.029559013263176226,-0.002249593745596856,-0.1145061728395062
500051,20008,1008,CoinBridge,CoinBridge Invest,fintech,banner,en,food-closeup,security,Book now,"Your money, clearer","Fast signup, instant card",green,adventurous,signup,trust,45-54,Both,2026-01-24,assets/creative_500051.png,stable,0.35471175166297114,not_top,Review,664.0,0.26496674057649666,4.0,0.5,123.0,0.1347517730496454,55.0,0.6746987951807228,32.0,0.3673469387755102,0.3126543209876544,5.292489391659645,0.2745937021469667,0.0031742905935509,0.0865055337733882,32080.89,6347560,169787.77,,0,-0.7141580681753701,-0.0069174148036588,True,False,0.20953436807095344,0.7494456762749445,0.17405764966740578,0.45121951219512196,0.07206208425720621,-0.21907630741146722,-0.10814716491136278,-0.04043209876543202
500643,20107,1035,StarVault,StarVault Plus,entertainment,interstitial,es,drama,trending,Shop now,A new season drops,New hits every week,blue,calm,install,ugc,25-34,iOS,2026-01-12,assets/creative_500643.png,stable,0.35376940133037704,not_top,Review,665.0,0.2638580931263858,5.0,0.3333333333333333,114.0,0.3352941176470588,232.0,0.18661971830985916,43.0,0.36363636363636365,0.3555555555555555,1.6557591898624426,0.3973386603353855,0.0045136013094834,0.088031403992316,28971.87,5305298,47970.44,,0,-0.7954488487209227,-0.2574234436254046,True,False,0.29046563192904656,0.26053215077605324,0.524390243902439,0.4745011086474501,0.4024390243902439,-0.4911114142824602,-0.04464831756953502,-0.1108024691358025
500357,20059,1023,NeonCast,NeonCast Now,entertainment,interstitial,es,celebrity,trending,Learn more,Watch what’s trending,Cancel anytime,orange,excited,signup,drama,25-34,iOS,2026-01-06,assets/creative_500357.png,stable,0.35354767184035474,not_top,Review,666.0,0.26274944567627495,4.0,0.5,115.0,0.32941176470588235,233.0,0.18309859154929578,44.0,0.3484848484848485,0.345679012345679,1.7104515481296876,0.3918214435134741,0.0043590903988747,0.0898860559566787,43267.37,8133807,74006.74,,0,-0.7951176602383032,-0.1575552268371737,True,False,0.27439024390243905,0.29046563192904656,0.5099778270509978,0.5133037694013304,0.35698447893569846,-0.07725392603731263,-0.05016553439144644,-0.12067901234567902
500141,20023,1023,NeonCast,NeonCast Stream,entertainment,rewarded_video,en,destination,watch now,Watch now,Watch what’s trending,New hits every week,orange,premium,install,drama,18-24,Android,2026-02-04,assets/creative_500141.png,stable,0.35332594235033266,not_top,Review,667.0,0.2616407982261641,2.0,0.8333333333333334,116.0,0.3235294117647059,153.0,0.05,37.0,0.16279069767441862,0.3302469135802469,1.759381214696151,0.3882973217822982,0.0040856754964205,0.0950387083170165,40000.95,8125217,70376.92,,0,-0.8208425932248009,-0.1405171834072236,True,False,0.24611973392461198,0.31042128603104213,0.5033259423503326,0.6197339246119734,0.2926829268292683,0.16785173572880518,-0.05368965612262233,-0.30277777777777787
500754,20125,1017,PulsePlay,PulsePlay Now,entertainment,interstitial,es,celebrity,watch now,Start now,Binge starts now,Cancel anytime,purple,excited,signup,trailer,18-24,Android,2026-01-20,assets/creative_500754.png,stable,0.35315964523281596,not_top,Review,668.0,0.26053215077605324,1.0,1.0,117.0,0.3176470588235294,234.0,0.1795774647887324,45.0,0.3333333333333333,0.3367283950617284,1.983406948329612,0.3530771928417074,0.00403050126238,0.087601310570788,40603.14,10071452,80532.55,,0,-0.8220144315403841,-0.0578321694756109,True,False,0.2549889135254989,0.4223946784922395,0.42572062084257206,0.46452328159645234,0.2793791574279379,0.039380544183677424,-0.08890978506321312,-0.1296296296296296
500535,20089,1017,PulsePlay,PulsePlay Stream,entertainment,interstitial,es,ugc,watch now,Install now,Stream the hype,Cancel anytime,purple,playful,install,ugc,25-34,Android,2026-01-14,assets/creative_500535.png,stable,0.3509423503325942,not_top,Review,669.0,0.25942350332594233,3.0,0.6666666666666666,118.0,0.31176470588235294,235.0,0.176056338028169,46.0,0.3181818181818182,0.341358024691358,2.0912255536177176,0.3367252369271147,0.0041184918800439,0.0817593543303326,37045.87,10168528,77471.27,,0,-0.8241572957828954,-0.0947713203299795,True,False,0.2660753880266075,0.4556541019955654,0.3858093126385809,0.3835920177383592,0.30155210643015523,0.002175713336316498,-0.10526174097780583,-0.125
500510,20085,1013,BoltCart,BoltCart Drops,ecommerce,interstitial,es,discount,before/after,Install now,Limited stock,Only this weekend,orange,playful,purchase,product-focus,45-54,Android,2026-01-13,assets/creative_500510.png,stable,0.34828159645232815,not_top,Review,670.0,0.25776053215077604,6.0,0.16666666666666666,59.0,0.5703703703703704,236.0,0.17077464788732394,21.0,0.375,0.3947530864197531,2.872679293259874,0.2447493396324333,0.0050171247609758,0.0487827892055104,27576.19,8449461,79217.55,,0,-0.781141062517926,-0.092689927196554,True,False,0.3425720620842572,0.6363636363636364,0.11086474501108648,0.03547671840354767,0.5288248337028825,-0.9819575963460396,-0.05934372111948363,-0.10709876543209879
500381,20063,1027,WayPoint,WayPoint Travel,travel,interstitial,es,discount,book now,Learn more,Book your next trip,Hotels + flights in one tap,white,trustworthy,booking,family,35-44,Android,2026-01-23,assets/creative_500381.png,stable,0.34828159645232815,not_top,Review,670.0,0.25776053215077604,3.0,0.6666666666666666,134.0,0.08275862068965517,236.0,0.17077464788732394,49.0,0.07692307692307693,0.3802469135802469,4.658450581765702,0.2302114108122626,0.0046436064838841,0.0495759947814742,55493.99,7923152,258516.01,,0,-0.8333273144803737,0.1001976152197212,True,False,0.3215077605321508,0.7073170731707317,0.08536585365853659,0.04212860310421286,0.4312638580931264,-0.4900709118886297,-0.10199950739415897,-0.19722222222222224
500749,20124,1016,FreshDash,FreshDash Delivery,food_delivery,native,it,discount,2-for-1,Watch now,2-for-1 tonight,Late-night deals available,black,excited,order,discount,35-44,iOS,2026-01-21,assets/creative_500749.png,stable,0.34706208425720625,not_top,Review,672.0,0.25609756097560976,3.0,0.6666666666666666,86.0,0.46540880503144655,190.0,0.2559055118110236,37.0,0.29411764705882354,0.332716049382716,1.5207010399545977,0.4227245964411641,0.0043168433689163,0.0979244694132334,29831.11,5937672,45364.2,,0,-0.8364691099153633,-0.1358307289093278,True,False,0.24944567627494457,0.1984478935698448,0.5720620842572062,0.6607538802660754,0.3436807095343681,0.15659685413900348,0.0018461655939839838,-0.1433641975308642
500260,20043,1007,ThreadMark,ThreadMark Store,ecommerce,native,en,ugc,limited offer,Shop now,New collection drop,Free shipping over $25,white,playful,purchase,product-focus,35-44,Both,2026-01-24,assets/creative_500260.png,stable,0.34534368070953436,not_top,Review,673.0,0.2549889135254989,4.0,0.4,60.0,0.562962962962963,191.0,0.25196850393700787,26.0,0.5098039215686274,0.3999999999999999,2.1035621637538973,0.2949285183746532,0.0053584998929715,0.0550393812196387,21394.3,3956891,45004.24,,0,-0.7745958605428407,-0.0584298590695259,True,False,0.3464523281596452,0.458980044345898,0.2394678492239468,0.1319290465631929,0.6186252771618626,0.04511406405831808,-0.009164542377263718,-0.006172839506172922
500736,20122,1014,VaultRun,VaultRun Wallet,fintech,banner,es,minimalist,book now,Claim reward,Save with confidence,"Fast signup, instant card",blue,trustworthy,signup,feature-focus,18-24,Both,2026-01-15,assets/creative_500736.png,stable,0.3444567627494457,not_top,Review,674.0,0.25388026607538805,6.0,0.16666666666666666,124.0,0.1276595744680851,56.0,0.6686746987951807,33.0,0.3469387755102041,0.2969135802469135,5.064009913960613,0.2722325366403031,0.0030083482942052,0.0904923599320882,30801.01,5873655,155976.62,,0,-0.6301754226207726,-0.0766139377911107,True,False,0.18403547671840353,0.729490022172949,0.1674057649667406,0.5277161862527716,0.04434589800443459,-2.201044165598076,-0.11050833041802638,-0.05617283950617291
500101,20016,1016,FreshDash,FreshDash Bites,food_delivery,native,en,wanderlust,fast,Book now,Hungry? We got you,Late-night deals available,orange,urgent,order,combo,25-34,Android,2026-01-16,assets/creative_500101.png,stable,0.34301552106430155,not_top,Review,675.0,0.25277161862527714,4.0,0.5,87.0,0.4591194968553459,192.0,0.24803149606299213,38.0,0.27450980392156865,0.337037037037037,2.2273522888740733,0.3205219342463919,0.0040921886591025,0.0783253072981946,28108.58,11113124,62607.71,,0,-0.8015796177833312,-0.0944352993796835,True,False,0.25609756097560976,0.4977827050997783,0.3270509977827051,0.360310421286031,0.29379157427937913,-0.06149607992405093,-0.10035649660078821,-0.13904320987654317
500422,20070,1034,PlateSprint,PlateSprint Go,food_delivery,native,en,combo,late-night,Shop now,"Your cravings, delivered",Fresh favorites nearby,yellow,trustworthy,order,combo,45-54,Both,2026-01-21,assets/creative_500422.png,stable,0.34273835920177387,not_top,Review,676.0,0.2516629711751663,2.0,0.8333333333333334,88.0,0.4528301886792453,193.0,0.2440944881889764,39.0,0.2549019607843137,0.3188271604938271,1.498015244227706,0.42669142387836,0.0040835093714385,0.1044913541432741,57082.59,10904836,85510.59,,0,-0.8177405750589501,-0.1073904176143341,True,False,0.22172949002217296,0.188470066518847,0.5842572062084257,0.7549889135254989,0.2915742793791574,0.27883097763672837,0.0058129930311798805,-0.1572530864197531
500358,20059,1023,NeonCast,NeonCast Now,entertainment,interstitial,es,drama,challenge,Shop now,Binge starts now,New hits every week,red,urgent,signup,drama,25-34,iOS,2026-01-08,assets/creative_500358.png,stable,0.3421286031042129,not_top,Review,677.0,0.25055432372505543,5.0,0.3333333333333333,119.0,0.3058823529411765,238.0,0.16549295774647887,47.0,0.30303030303030304,0.3407407407407408,1.6385343508431045,0.3952720787263054,0.004396970500996,0.0898964590817158,40451.7,7534051,66281.5,,0,-0.7925066404851978,-0.1386732113096107,True,False,0.26274944567627495,0.25277161862527714,0.5199556541019955,0.5155210643015521,0.36585365853658536,-0.1491711233238957,-0.046714899178615155,-0.12561728395061722
500750,20125,1017,PulsePlay,PulsePlay Now,entertainment,native,es,ugc,exclusive,Try for free,Binge starts now,Cancel anytime,blue,trustworthy,signup,trailer,18-24,Android,2026-01-17,assets/creative_500750.png,stable,0.3414634146341463,not_top,Review,678.0,0.24944567627494457,2.0,0.8333333333333334,120.0,0.3,194.0,0.24015748031496062,33.0,0.37254901960784315,0.3095679012345679,2.299290929204386,0.3252923447733467,0.0035851678654815,0.0907328072153325,39204.83,12370411,90143.31,,0,-0.7676524337945674,-0.0692889719887465,True,False,0.20343680709534367,0.524390243902439,0.34035476718403546,0.5299334811529933,0.15853658536585366,0.3552645250584514,-0.11669463313157385,-0.09567901234567888
500359,20059,1023,NeonCast,NeonCast Now,entertainment,native,it,trailer,watch now,Try for free,Stream the hype,New hits every week,purple,calm,signup,drama,25-34,iOS,2026-01-12,assets/creative_500359.png,stable,0.34029933481152996,not_top,Review,679.0,0.24833702882483372,6.0,0.16666666666666666,121.0,0.29411764705882354,195.0,0.23622047244094488,34.0,0.35294117647058826,0.3126543209876543,1.911948868360502,0.3622415318763985,0.0038502861342777,0.0940817173693886,37019.74,8759349,70779.85,,0,-0.7776866485204004,-0.1198568996021868,True,False,0.20842572062084258,0.38913525498891355,0.442350332594235,0.6019955654101996,0.21951219512195122,0.12424339419350172,-0.07974544602852202,-0.0925925925925925
500346,20057,1021,RouteBloom,RouteBloom Deals,travel,interstitial,es,wanderlust,save smarter,Book now,Escape this weekend,Flexible booking options,orange,calm,booking,destination,45-54,Both,2026-01-02,assets/creative_500346.png,stable,0.34024390243902436,not_top,Review,680.0,0.24722838137472283,5.0,0.3333333333333333,135.0,0.07586206896551724,239.0,0.1619718309859155,50.0,0.057692307692307696,0.3515432098765432,5.569891851263709,0.2118588164931044,0.0041283334506051,0.0513182423435419,49799.01,9095680,277375.1,,0,-0.8152957724983243,0.0197865992781212,True,False,0.28492239467849223,0.7727272727272727,0.0565410199556541,0.06541019955654102,0.3048780487804878,-0.396154687851201,-0.12035210171331717,-0.22592592592592597
500175,20029,1029,BingeLayer,BingeLayer Plus,entertainment,interstitial,pt,ugc,2-for-1,Watch now,Exclusive tonight,Cancel anytime,blue,urgent,install,ugc,35-44,iOS,2026-01-17,assets/creative_500175.png,stable,0.33902439024390246,not_top,Review,681.0,0.24611973392461198,5.0,0.3333333333333333,122.0,0.28823529411764703,240.0,0.15845070422535212,48.0,0.2878787878787879,0.3429012345679012,1.5624832685964811,0.402865055757204,0.0044949340569677,0.0896264662954754,23757.72,4115522,37121.04,,0,-0.8092250981288728,-0.0609511678873133,True,False,0.2682926829268293,0.21507760532150777,0.5376940133037694,0.5066518847006651,0.3946784922394678,-0.24786490908230197,-0.03912192214771654,-0.12345679012345678
500017,20002,1002,EarnPath,EarnPath Invest,fintech,banner,es,feature-focus,security,Try for free,Save with confidence,Built for peace of mind,purple,premium,signup,trust,18-24,iOS,2026-01-17,assets/creative_500017.png,stable,0.3387472283813748,not_top,Review,682.0,0.24501108647450112,5.0,0.3333333333333333,125.0,0.12056737588652482,57.0,0.6626506024096386,34.0,0.32653061224489793,0.2935185185185185,5.647415270613856,0.2513243137119469,0.0028604827922653,0.0878608025161061,29470.59,6891494,166432.66,,0,-0.6969457977285635,-0.2855514378084861,True,False,0.17849223946784923,0.7782705099778271,0.12305986696230599,0.4678492239467849,0.02771618625277162,-0.4789980970660821,-0.13141655334638258,-0.0595679012345679
500228,20038,1002,EarnPath,EarnPath Invest,fintech,native,de,trust,earn more,Order now,Save with confidence,Built for peace of mind,blue,trustworthy,signup,testimonial,25-34,Android,2026-01-07,assets/creative_500228.png,stable,0.33824833702882484,not_top,Review,683.0,0.24390243902439024,5.0,0.3333333333333333,126.0,0.11347517730496454,196.0,0.23228346456692914,51.0,0.0196078431372549,0.2725308641975308,4.664075678455785,0.2593304585436214,0.0025740501649354,0.100748020406247,65678.93,12412734,306331.5,,0,-0.6833772763761673,-0.0518343652884505,True,False,0.1557649667405765,0.7084257206208425,0.1352549889135255,0.7106430155210643,0.014412416851441241,-0.14170198658138045,-0.12341040851470808,-0.24506172839506168
500857,20142,1034,PlateSprint,PlateSprint Go,food_delivery,banner,en,urgency,fast,Install now,Dinner in minutes,Late-night deals available,yellow,urgent,order,combo,45-54,Android,2026-01-23,assets/creative_500857.png,stable,0.336529933481153,not_top,Review,684.0,0.24279379157427938,3.0,0.6666666666666666,89.0,0.44654088050314467,58.0,0.6566265060240963,11.0,0.8181818181818182,0.3256172839506173,2.496928975057448,0.2974970921781149,0.0039245120198924,0.0758048620236531,20274.99,9307654,50625.21,,0,-0.8214605612430004,0.0071114383476778,True,False,0.23780487804878048,0.5787139689578714,0.24833702882483372,0.34811529933481156,0.24501108647450112,0.04688344636693342,-0.12338133866906525,0.08765432098765438
501071,20178,1034,PlateSprint,PlateSprint Go,food_delivery,banner,en,discount,free rewards,Get offer,"Fast food, fast",Free delivery over $15,yellow,playful,order,food-closeup,35-44,iOS,2026-01-07,assets/creative_501071.png,stable,0.33564301552106435,not_top,Review,685.0,0.24168514412416853,2.0,0.5,90.0,0.44025157232704404,59.0,0.6506024096385542,12.0,0.8,0.3604938271604938,1.5365237305535813,0.3951602324021707,0.0048535082920247,0.0814174425232757,20767.32,4337481,31909.48,,0,-0.7681516343016728,-0.0596994374286949,True,False,0.2982261640798226,0.20288248337028825,0.5188470066518847,0.376940133037694,0.48337028824833705,-0.6598302996800756,-0.025718198445009444,0.12253086419753087
500608,20101,1029,BingeLayer,BingeLayer Plus,entertainment,native,en,family,exclusive,Start now,Watch what’s trending,Cancel anytime,red,premium,signup,trailer,18-24,iOS,2026-01-24,assets/creative_500608.png,stable,0.33531042128603106,not_top,Review,686.0,0.24057649667405764,6.0,0.16666666666666666,123.0,0.2823529411764706,197.0,0.2283464566929134,35.0,0.3333333333333333,0.3354938271604937,1.566927048090497,0.4024830626382484,0.0044091888714367,0.091282790185193,31182.46,5351778,48860.64,,0,-0.8059529897680868,-0.0223022075888655,True,False,0.25277161862527714,0.21618625277161863,0.5354767184035477,0.5443458980044346,0.37250554323725055,-0.2247653171349966,-0.03950391526667213,-0.06975308641975309
500384,20064,1028,QuickFork,QuickFork Express,food_delivery,banner,en,discount,2-for-1,Install now,"Fast food, fast",Late-night deals available,red,playful,order,combo,45-54,Both,2026-01-03,assets/creative_500384.png,stable,0.33519955654102,not_top,Review,687.0,0.2394678492239468,4.0,0.25,91.0,0.4339622641509434,60.0,0.6445783132530121,13.0,0.7818181818181819,0.3444444444444444,1.654652561005802,0.3839858754431465,0.004511423989841,0.0851141183599272,23709.63,5487181,39231.2,,0,-0.7883788744945391,-0.1201455352102255,True,False,0.27161862527716185,0.2583148558758315,0.4933481152993348,0.43237250554323725,0.401330376940133,-0.2814857713014822,-0.03689255540403363,0.10648148148148148
500122,20020,1020,NovaPay,NovaPay Wallet,fintech,banner,pt,testimonial,earn more,Install now,Track every euro,"Fast signup, instant card",black,trustworthy,signup,minimalist,25-34,Android,2026-01-23,assets/creative_500122.png,stable,0.3342572062084257,not_top,Review,688.0,0.23835920177383593,4.0,0.5,127.0,0.10638297872340426,61.0,0.6385542168674698,35.0,0.30612244897959184,0.2944444444444444,6.795763631962036,0.2074070406875068,0.0025540221654392,0.0812080033971973,46181.54,15674492,313838.83,,0,-0.6862078537025764,-0.0276468824158343,True,False,0.17960088691796008,0.8603104212860311,0.04767184035476718,0.37250554323725055,0.011086474501108648,0.28527108705876447,-0.1753338263708227,-0.058641975308642014
500753,20125,1017,PulsePlay,PulsePlay Now,entertainment,rewarded_video,it,combo,free shipping,Try for free,Exclusive tonight,Cancel anytime,blue,trustworthy,signup,trailer,18-24,Android,2026-01-22,assets/creative_500753.png,stable,0.3339246119733925,not_top,Review,689.0,0.23725055432372505,3.0,0.6666666666666666,124.0,0.27647058823529413,154.0,0.04375,38.0,0.13953488372093023,0.3277777777777778,1.7188994421755466,0.3768856771031205,0.0042186978282,0.0893369690011481,32257.46,6606778,55447.33,,0,-0.8269242855215011,-0.1150912761891067,True,False,0.24223946784922396,0.29933481152993346,0.4778270509977827,0.5033259423503326,0.3259423503325942,-0.22512696197038795,-0.06510130080180004,-0.30524691358024697
500276,20046,1010,BiteRush,BiteRush Go,food_delivery,banner,es,destination,trending,Order now,Hungry? We got you,Fresh favorites nearby,purple,playful,order,discount,45-54,iOS,2026-01-27,assets/creative_500276.png,stable,0.33337028824833703,not_top,Review,690.0,0.2361419068736142,5.0,0.3333333333333333,92.0,0.4276729559748428,62.0,0.6325301204819277,14.0,0.7636363636363637,0.3348765432098765,1.7714099758987971,0.3684233307498049,0.00433637134637,0.0849612040394588,22509.25,5914392,39873.11,,0,-0.8046128668777642,-0.0245537792238316,True,False,0.2516629711751663,0.3203991130820399,0.4611973392461197,0.42904656319290463,0.3492239467849224,-0.12327939497703944,-0.05245510009737525,0.09691358024691357
500546,20091,1019,ZenDrop,ZenDrop Market,ecommerce,interstitial,it,product-focus,free shipping,Claim reward,Up to 40% off,Only this weekend,black,trustworthy,purchase,discount,45-54,iOS,2026-02-01,assets/creative_500546.png,stable,0.33270509977827056,not_top,Review,691.0,0.23503325942350334,4.0,0.5,61.0,0.5555555555555556,241.0,0.15492957746478872,22.0,0.34375,0.3629629629629629,2.0226761020532784,0.305492316964161,0.0049064240578717,0.0622637410384531,27266.15,4690789,55150.59,,0,-0.8185555444795575,-0.0824869535940744,True,False,0.30155210643015523,0.4356984478935698,0.2749445676274945,0.23170731707317074,0.5,-0.3119716971591311,0.001399256212244071,-0.138888888888889
500031,20005,1005,MoonScreen,MoonScreen TV,entertainment,interstitial,es,ugc,new collection,Claim reward,Watch what’s trending,New hits every week,blue,premium,signup,celebrity,35-44,iOS,2026-01-27,assets/creative_500031.png,stable,0.3325388026607539,not_top,Review,692.0,0.23392461197339245,5.0,0.3333333333333333,125.0,0.27058823529411763,242.0,0.15140845070422534,49.0,0.2727272727272727,0.3253086419753086,1.7159389441873223,0.3776173406876131,0.0041804216123615,0.0903299656596824,23546.98,4806453,40405.18,,0,-0.7862454552673461,-0.0704202235568711,True,False,0.23503325942350334,0.29711751662971175,0.4811529933481153,0.5221729490022173,0.31596452328159647,-0.2920061388350599,-0.06436963721730743,-0.1410493827160494
500050,20008,1008,CoinBridge,CoinBridge Invest,fintech,banner,de,feature-focus,save smarter,Start now,Secure & simple,No hidden fees,blue,excited,signup,trust,45-54,Both,2026-01-19,assets/creative_500050.png,stable,0.33248337028824837,not_top,Review,693.0,0.2328159645232816,5.0,0.3333333333333333,128.0,0.09929078014184398,63.0,0.6265060240963856,36.0,0.2857142857142857,0.2876543209876543,5.087406242331003,0.2635554072443049,0.0029555582094565,0.089172802078822,39240.79,7812399,199633.84,,0,-0.6807032656668492,-0.0147491083909232,True,False,0.1712860310421286,0.7317073170731707,0.14634146341463414,0.5011086474501109,0.03325942350332594,-0.42415945674010924,-0.11918545981402462,-0.0654320987654321
500190,20031,1031,CrispBox,CrispBox Shop,ecommerce,native,es,urgency,watch now,Learn more,Up to 40% off,Free shipping over $25,white,adventurous,purchase,discount,25-34,Android,2026-01-22,assets/creative_500190.png,stable,0.3322062084257206,not_top,Review,694.0,0.23170731707317074,2.0,0.8333333333333334,62.0,0.5481481481481482,198.0,0.22440944881889763,27.0,0.49019607843137253,0.3641975308641975,2.203762001226317,0.2874762907184623,0.0048834909678355,0.0588669647618656,25768.2,4991716,56786.98,,0,-0.7992695993912613,0.0143177461317267,True,False,0.3054323725055432,0.4933481152993348,0.21729490022172948,0.18736141906873613,0.49002217294900224,0.40345299948530466,-0.01661677003345463,-0.04197530864197535
500068,20011,1011,FluxStream,FluxStream Play,entertainment,rewarded_video,de,celebrity,exclusive,Book now,Watch what’s trending,Start free today,black,playful,signup,trailer,45-54,Both,2026-01-04,assets/creative_500068.png,stable,0.3321507760532151,not_top,Review,695.0,0.23059866962305986,4.0,0.5,126.0,0.2647058823529412,155.0,0.0375,39.0,0.11627906976744186,0.3175925925925926,1.4047334882166385,0.4266252289499297,0.0042025810686106,0.1015150503904425,48948.68,7130380,68759.85,,0,-0.8070073954854573,0.0352822008478905,True,False,0.22006651884700665,0.1574279379157428,0.5831485587583148,0.720620842572062,0.3215077605321508,-0.2846983073026279,-0.015361748954990817,-0.31543209876543216
500446,20074,1002,EarnPath,EarnPath Bank,fintech,banner,en,testimonial,free shipping,Shop now,Earn cashback daily,"Fast signup, instant card",orange,trustworthy,signup,trust,45-54,iOS,2026-01-05,assets/creative_500446.png,stable,0.3313192904656319,not_top,Review,696.0,0.229490022172949,6.0,0.16666666666666666,129.0,0.09219858156028368,64.0,0.6204819277108434,37.0,0.2653061224489796,0.2805555555555555,5.880826694415323,0.2279465228718178,0.0025358140339925,0.0898908673176335,61610.19,16477549,362318.85,,0,-0.5105420745499716,-0.1945221888540818,True,False,0.1629711751662971,0.7926829268292683,0.08093126385809313,0.5144124168514412,0.0066518847006651885,-1.4994859536903808,-0.1547943441865117,-0.07253086419753091
500798,20133,1025,LuxShelf,LuxShelf Outlet,ecommerce,native,de,ugc,limited offer,Claim reward,Flash sale live,Free shipping over $25,black,adventurous,purchase,ugc,18-24,iOS,2026-01-17,assets/creative_500798.png,stable,0.3312638580931264,not_top,Review,697.0,0.22838137472283815,2.0,0.8333333333333334,63.0,0.5407407407407407,199.0,0.2204724409448819,28.0,0.47058823529411764,0.3444444444444444,2.475474555605468,0.2765730295352029,0.0044206285344553,0.0625641868298895,23374.5,5506683,57862.98,,0,-0.8108292622745428,0.0030128186908449,True,False,0.27161862527716185,0.5764966740576497,0.18070953436807094,0.2361419068736142,0.37472283813747226,0.029881955802505633,-0.027520031216714036,-0.06172839506172845
500927,20154,1010,BiteRush,BiteRush Delivery,food_delivery,native,es,urgency,2-for-1,Try for free,Hungry? We got you,Fresh favorites nearby,black,playful,order,combo,35-44,iOS,2026-01-23,assets/creative_500927.png,stable,0.3309312638580931,not_top,Review,698.0,0.22727272727272727,1.0,1.0,93.0,0.42138364779874216,200.0,0.21653543307086615,40.0,0.23529411764705882,0.2972222222222222,1.983449072826989,0.3444011481639473,0.0036248328067526,0.0950115954375502,37123.6,11657917,73632.77,,0,-0.8109213859186595,-0.0596907638683614,True,False,0.18514412416851442,0.42350332594235035,0.4035476718403548,0.6186252771618626,0.16851441241685144,0.21906900294670817,-0.07647728268323284,-0.17885802469135798
500438,20073,1001,VantaStyle,VantaStyle Club,ecommerce,rewarded_video,en,testimonial,new collection,Watch now,Your next favorite pick,Free shipping over $25,orange,excited,purchase,discount,45-54,Android,2026-01-05,assets/creative_500438.png,stable,0.3299889135254989,not_top,Review,699.0,0.2261640798226164,3.0,0.6666666666666666,64.0,0.5333333333333333,156.0,0.03125,11.0,0.09090909090909091,0.3626543209876542,1.7593056671144385,0.337079410250879,0.0049890003128071,0.06756451976673,46288.46,6221086,81435.55,,0,-0.8205491682725978,0.0515000615961303,True,False,0.3004434589800443,0.3093126385809313,0.3869179600886918,0.29046563192904656,0.5210643015521065,-0.03889813286428678,0.032986349498962064,-0.21574074074074095
500791,20131,1023,NeonCast,NeonCast Stream,entertainment,interstitial,de,drama,new season,Watch now,Watch what’s trending,Cancel anytime,purple,adventurous,signup,drama,35-44,iOS,2026-01-19,assets/creative_500791.png,stable,0.3292128603104213,not_top,Review,700.0,0.22505543237250555,5.0,0.3333333333333333,127.0,0.25882352941176473,243.0,0.14788732394366197,50.0,0.25757575757575757,0.3219135802469136,1.6549578320345932,0.3881811691722924,0.0041909221585671,0.0926242851776098,30320.41,5716403,50179.0,,0,-0.7895473027840558,-0.1006183559534454,True,False,0.22838137472283815,0.25942350332594233,0.5022172949002217,0.5665188470066519,0.3181818181818182,-0.29132958102126505,-0.053805808732628135,-0.14444444444444443
500061,20010,1010,BiteRush,BiteRush Delivery,food_delivery,native,en,food-closeup,late-night,Watch now,Hungry? We got you,Fresh favorites nearby,red,adventurous,order,discount,25-34,Both,2026-01-04,assets/creative_500061.png,stable,0.3285476718403548,not_top,Review,701.0,0.22394678492239467,6.0,0.16666666666666666,94.0,0.41509433962264153,201.0,0.2125984251968504,41.0,0.21568627450980393,0.3148148148148148,2.1707934878017023,0.3264527831807155,0.0038625093888424,0.0845183144729005,38097.12,13910128,82700.98,,0,-0.8059209439009429,0.0277629852529106,True,False,0.21507760532150777,0.48226164079822614,0.34478935698447893,0.4190687361419069,0.22172949002217296,-0.207491747714863,-0.09442564766646461,-0.16126543209876537
501077,20179,1035,StarVault,StarVault Now,entertainment,native,en,drama,exclusive,Start now,Stream the hype,Cancel anytime,lime,adventurous,signup,drama,25-34,Android,2026-01-02,assets/creative_501077.png,stable,0.32760532150776056,not_top,Review,702.0,0.22283813747228381,6.0,0.16666666666666666,128.0,0.2529411764705882,202.0,0.20866141732283464,36.0,0.3137254901960784,0.3058641975308642,2.5209346458445854,0.3011844736995813,0.0035550017306684,0.0847213296976223,45233.39,16196054,114030.42,,0,-0.6865312544456477,-0.0787209960384832,True,False,0.19678492239467849,0.5842572062084257,0.2638580931263858,0.42350332594235035,0.1541019955654102,-0.030471903910802567,-0.14080250420533924,-0.09938271604938259
500714,20119,1011,FluxStream,FluxStream Box,entertainment,rewarded_video,ja,trailer,watch now,Try for free,Exclusive tonight,Start free today,blue,calm,signup,celebrity,35-44,Android,2026-01-29,assets/creative_500714.png,stable,0.3271618625277162,not_top,Review,703.0,0.22172949002217296,1.0,1.0,129.0,0.24705882352941178,157.0,0.025,40.0,0.09302325581395349,0.3138888888888889,1.7981553521893645,0.3648411863781498,0.0039996685379008,0.0912178554099951,46961.81,10305854,84444.63,,0,-0.8406002165684235,-0.0976758754931524,True,False,0.21286031042128603,0.33370288248337027,0.4534368070953437,0.5421286031042128,0.2738359201773836,0.05830459874558902,-0.07714579152677076,-0.31913580246913587
500789,20131,1023,NeonCast,NeonCast Stream,entertainment,native,it,celebrity,exclusive,Order now,A new season drops,Cancel anytime,black,playful,signup,drama,35-44,iOS,2026-01-21,assets/creative_500789.png,stable,0.32621951219512196,not_top,Review,704.0,0.22062084257206208,6.0,0.16666666666666666,130.0,0.2411764705882353,203.0,0.2047244094488189,37.0,0.29411764705882354,0.3145061728395062,1.8830259121670776,0.3521080531983702,0.0039635092043987,0.0888374506126032,26940.24,6321923,50729.17,,0,-0.791982548961807,-0.1919361417218715,True,False,0.2139689578713969,0.376940133037694,0.42350332594235035,0.4866962305986696,0.26053215077605324,-0.06326150088878069,-0.08987892470655034,-0.09074074074074057
500379,20063,1027,WayPoint,WayPoint Travel,travel,native,pt,family,discover,Start now,Book your next trip,Hotels + flights in one tap,teal,playful,booking,family,35-44,Android,2026-01-28,assets/creative_500379.png,stable,0.32527716186252775,not_top,Review,705.0,0.21951219512195122,4.0,0.5,136.0,0.06896551724137931,204.0,0.20078740157480315,38.0,0.0975609756097561,0.3444444444444444,5.2561051553357965,0.2076262368127271,0.004164916705918,0.0498512338836707,46616.75,8231137,245022.54,,0,-0.8103008063044221,0.0142530317006186,True,False,0.27161862527716185,0.7450110864745011,0.04988913525498891,0.04656319290465632,0.3148558758314856,0.10758366168146516,-0.12458468139369447,-0.20462962962962966
500096,20016,1016,FreshDash,FreshDash Bites,food_delivery,native,de,urgency,free delivery,Order now,"Fast food, fast",Free delivery over $15,yellow,excited,order,combo,25-34,Android,2026-01-09,assets/creative_500096.png,stable,0.32505543237250556,not_top,Review,706.0,0.21840354767184036,5.0,0.3333333333333333,95.0,0.4088050314465409,205.0,0.1968503937007874,42.0,0.19607843137254902,0.2916666666666667,2.3503444487221747,0.3127116009349518,0.0034410375063595,0.090877126551808,53481.11,21489449,125699.03,,0,-0.6705164140067601,-0.1372358966564003,True,False,0.1762749445676275,0.5388026607538803,0.30376940133037694,0.5332594235033259,0.11529933481152993,0.061496079924050484,-0.10816682991222831,-0.1844135802469135
500421,20070,1034,PlateSprint,PlateSprint Go,food_delivery,interstitial,ja,urgency,fast,Install now,"Your cravings, delivered",Late-night deals available,purple,adventurous,order,combo,45-54,Both,2026-01-13,assets/creative_500421.png,stable,0.3247782705099779,not_top,Review,707.0,0.21729490022172948,3.0,0.6666666666666666,96.0,0.4025157232704403,244.0,0.1443661971830986,31.0,0.3023255813953488,0.3095679012345679,1.230983329865687,0.4426927947562123,0.0041332594863089,0.1071050090667169,67240.61,10273490,82772.07,,0,-0.8261657192430502,0.0632355808627587,True,False,0.20343680709534367,0.10753880266075388,0.6108647450110865,0.7893569844789357,0.3082039911308204,0.011799063274709365,0.021814363909032186,-0.170679012345679
500021,20003,1003,CloudRoute,CloudRoute Getaway,travel,banner,pt,wanderlust,escape,Shop now,Book your next trip,Hotels + flights in one tap,blue,calm,booking,family,35-44,Android,2026-01-07,assets/creative_500021.png,stable,0.32433481152993343,not_top,Review,708.0,0.21618625277161863,4.0,0.25,137.0,0.06206896551724138,65.0,0.6144578313253012,3.0,0.6666666666666666,0.3435185185185185,5.713236568668226,0.1888104164094834,0.0040995120556685,0.0460568023329529,34960.42,7695550,199737.15,,0,-0.7436753494359044,0.1613819035855748,True,False,0.26940133037694014,0.7815964523281597,0.026607538802660754,0.009977827050997782,0.29711751662971175,-1.959540268206224,-0.14340050179693817,-0.02824074074074079
500871,20145,1001,VantaStyle,VantaStyle Shop,ecommerce,native,de,ugc,new collection,Shop now,New collection drop,Only this weekend,purple,premium,purchase,testimonial,18-24,Android,2026-01-31,assets/creative_500871.png,stable,0.3234478935698448,not_top,Review,709.0,0.21507760532150777,2.0,0.8,65.0,0.5259259259259259,206.0,0.19291338582677164,29.0,0.45098039215686275,0.3469135802469136,2.3269246103821315,0.2784733389774578,0.0046148432511152,0.0603429680759275,19187.39,4018338,44647.61,,0,-0.7997229446065748,-0.2091162889443235,True,False,0.2777161862527716,0.5277161862527716,0.18957871396895787,0.21286031042128603,0.4246119733924612,0.13474080585679804,-0.025619721774459148,-0.059259259259259234
500296,20049,1013,BoltCart,BoltCart Market,ecommerce,native,en,ugc,before/after,Book now,Flash sale live,Shop bestsellers now,orange,excited,purchase,discount,45-54,iOS,2026-01-25,assets/creative_500296.png,stable,0.32344789356984477,not_top,Review,710.0,0.2139689578713969,4.0,0.4,66.0,0.5185185185185185,207.0,0.1889763779527559,30.0,0.43137254901960786,0.3719135802469135,1.7890384477359351,0.3203290190037963,0.0052462847379206,0.0610582602748243,21177.84,3065598,37887.97,,0,-0.7848064113671179,-0.0926246271659635,True,False,0.31263858093126384,0.328159645232816,0.3259423503325942,0.21840354767184036,0.5864745011086474,0.006421281607242202,0.016235958251879345,-0.03425925925925932
500646,20107,1035,StarVault,StarVault Plus,entertainment,interstitial,es,minimalist,watch now,Order now,Stream the hype,Start free today,blue,trustworthy,install,ugc,25-34,iOS,2026-01-05,assets/creative_500646.png,stable,0.32256097560975616,not_top,Review,711.0,0.21286031042128603,6.0,0.16666666666666666,131.0,0.23529411764705882,245.0,0.14084507042253522,51.0,0.24242424242424243,0.3132716049382716,1.6045265849885864,0.3922687843209146,0.0041311131850642,0.0949547414336501,52424.51,9600560,84116.52,,0,-0.7285654509406956,-0.1982664655710966,True,False,0.21175166297117518,0.23503325942350334,0.5110864745011087,0.61529933481153,0.3070953436807095,-0.5423440191563165,-0.04971819358400592,-0.1530864197530864
500424,20070,1034,PlateSprint,PlateSprint Go,food_delivery,interstitial,en,competitive,free shipping,Install now,Hungry? We got you,Late-night deals available,black,excited,order,combo,45-54,Both,2026-01-29,assets/creative_500424.png,stable,0.3213968957871397,not_top,Review,712.0,0.21175166297117518,4.0,0.5,97.0,0.39622641509433965,246.0,0.13732394366197184,32.0,0.27906976744186046,0.3212962962962963,1.207385203316268,0.4348686440889766,0.0044064631065851,0.0986888199379441,44829.91,6802054,54126.97,,0,-0.8334995027836427,0.0882626578299836,True,False,0.22727272727272727,0.09645232815964523,0.6008869179600886,0.6762749445676275,0.3713968957871397,-0.011799063274709587,0.013990213241796445,-0.1589506172839506
500953,20158,1014,VaultRun,VaultRun Pay,fintech,banner,es,trust,earn more,Watch now,Earn cashback daily,"Fast signup, instant card",white,trustworthy,signup,feature-focus,25-34,Both,2026-01-13,assets/creative_500953.png,stable,0.32139689578713965,not_top,Review,713.0,0.2106430155210643,5.0,0.3333333333333333,130.0,0.0851063829787234,66.0,0.608433734939759,38.0,0.24489795918367346,0.2725308641975308,4.649511633481142,0.2546251391377075,0.0027803606285251,0.0915798966959088,46727.2,8773682,217258.66,,0,-0.7046867141526412,-0.0029988187219014,True,False,0.1557649667405765,0.7062084257206208,0.13082039911308205,0.5532150776053215,0.02106430155210643,0.05045438430020077,-0.12811572792062198,-0.0805555555555556
500731,20121,1013,BoltCart,BoltCart Market,ecommerce,interstitial,es,discount,limited offer,Get offer,Limited stock,Shop bestsellers now,black,excited,purchase,discount,18-24,Android,2026-01-08,assets/creative_500731.png,stable,0.3196230598669623,not_top,Review,714.0,0.20953436807095344,3.0,0.6666666666666666,67.0,0.5111111111111111,247.0,0.13380281690140844,23.0,0.3125,0.3515432098765432,2.1516247800391435,0.2876547863625674,0.0048134234251336,0.0597609561752988,26533.13,5162438,57089.34,,0,-0.8274552166357798,-0.2337787839469192,True,False,0.28492239467849223,0.4722838137472284,0.21951219512195122,0.2006651884700665,0.4722838137472284,-0.15261364175963488,-0.016438274389349528,-0.1503086419753087
500347,20057,1021,RouteBloom,RouteBloom Deals,travel,interstitial,es,discount,discover,Get offer,Book your next trip,Flexible booking options,white,excited,booking,destination,45-54,Both,2026-01-05,assets/creative_500347.png,stable,0.318680709534368,not_top,Review,715.0,0.20842572062084258,6.0,0.16666666666666666,138.0,0.05517241379310345,248.0,0.13028169014084506,51.0,0.038461538461538464,0.3388888888888888,5.268057996376407,0.2044475276373423,0.0041024901241135,0.0498349834983498,44480.71,8124334,234326.96,,0,-0.8477260021886748,-0.1084520174781067,True,False,0.25942350332594233,0.746119733924612,0.04434589800443459,0.045454545454545456,0.29933481152993346,-0.6979885427385026,-0.12776339056907926,-0.23858024691358037
501002,20167,1023,NeonCast,NeonCast Now,entertainment,native,pt,trailer,exclusive,Try for free,Watch what’s trending,Start free today,lime,premium,signup,trailer,35-44,Both,2026-01-13,assets/creative_501002.png,stable,0.3186252771618625,not_top,Review,716.0,0.2073170731707317,3.0,0.6666666666666666,132.0,0.22941176470588234,208.0,0.18503937007874016,38.0,0.27450980392156865,0.2996913580246913,2.0009503678487546,0.3354492331963895,0.0037389046519932,0.0897185845639454,35817.71,9599068,71669.46,,0,-0.7859311382415967,-0.0255808195435975,True,False,0.18736141906873613,0.4279379157427938,0.3802660753880266,0.508869179600887,0.1951219512195122,0.056728373485435135,-0.10653774470853106,-0.10555555555555546
501056,20176,1032,SwiftStack,SwiftStack Wallet,fintech,banner,de,testimonial,earn more,Install now,Earn cashback daily,No hidden fees,blue,trustworthy,signup,minimalist,35-44,Android,2026-01-06,assets/creative_501056.png,stable,0.318569844789357,not_top,Review,717.0,0.20620842572062084,5.0,0.3333333333333333,131.0,0.07801418439716312,67.0,0.6024096385542169,39.0,0.22448979591836735,0.2861111111111111,4.309698040844675,0.26591033203471,0.0030944788743117,0.0859305695191909,32884.58,5464248,141722.61000000002,,0,-0.6573466401216149,0.0612063627628909,True,False,0.1674057649667406,0.6962305986696231,0.15188470066518847,0.442350332594235,0.058758314855875834,-1.5181662629093546,-0.11683053502361951,-0.06697530864197532
500712,20118,1010,BiteRush,BiteRush Bites,food_delivery,banner,es,combo,free delivery,Install now,"Fast food, fast",Late-night deals available,yellow,premium,order,combo,25-34,Both,2026-01-27,assets/creative_500712.png,stable,0.31823725055432367,not_top,Review,718.0,0.20509977827050999,5.0,0.3333333333333333,98.0,0.389937106918239,68.0,0.5963855421686747,15.0,0.7454545454545455,0.3200617283950617,2.021838632918477,0.3259647391646832,0.0041022854323539,0.0794593025131464,22369.99,7556032,45228.51,,0,-0.8294121241115198,-0.0518124845229251,True,False,0.22339246119733924,0.43458980044345896,0.3436807095343681,0.36585365853658536,0.2982261640798226,-0.16401973155754135,-0.09491369168249691,0.08209876543209879
500547,20091,1019,ZenDrop,ZenDrop Market,ecommerce,banner,it,gameplay,new collection,Install now,New collection drop,Only this weekend,teal,urgent,purchase,discount,45-54,iOS,2026-02-08,assets/creative_500547.png,stable,0.3181818181818182,not_top,Review,719.0,0.2039911308203991,5.0,0.3333333333333333,68.0,0.5037037037037037,69.0,0.5903614457831325,2.0,0.9743589743589743,0.3466049382716049,2.405355002312834,0.2674483119268395,0.0046327149471321,0.0577303622128538,21164.51,5017792,50908.16,,0,-0.7991011289918333,0.0105118560213779,True,False,0.27605321507760533,0.5532150776053215,0.1574279379157428,0.1662971175166297,0.4268292682926829,0.07070720310042455,-0.036644748825077456,0.16033950617283949
500052,20008,1008,CoinBridge,CoinBridge Invest,fintech,banner,es,product-focus,security,Watch now,Save with confidence,No hidden fees,black,excited,signup,trust,45-54,Both,2026-01-15,assets/creative_500052.png,stable,0.3175166297117517,not_top,Review,720.0,0.20288248337028825,6.0,0.16666666666666666,132.0,0.07092198581560284,70.0,0.5843373493975904,40.0,0.20408163265306123,0.2685185185185185,4.750693877929218,0.2479090050143325,0.0026826425481653,0.0924122392615742,51803.06,10257796,246100.48,,0,-0.5815207591752214,-0.1092004966451253,True,False,0.14855875831485588,0.7128603104212861,0.11419068736141907,0.5620842572062085,0.01662971175166297,-0.7608718211418939,-0.134831862043997,-0.08456790123456792
500922,20153,1009,DriftPass,DriftPass Trips,travel,banner,ja,discount,discover,Watch now,Escape this weekend,Flexible booking options,blue,premium,booking,discount,25-34,iOS,2026-01-31,assets/creative_500922.png,stable,0.3167960088691796,not_top,Review,721.0,0.2017738359201774,6.0,0.16666666666666666,139.0,0.04827586206896552,71.0,0.5783132530120482,4.0,0.5,0.3317901234567901,5.592518386835697,0.1945730593791401,0.0039552671277756,0.0491934054245701,28294.7,5704798,158238.63,,0,-0.8070912961802085,-0.1156447982932001,True,False,0.24833702882483372,0.7738359201773836,0.03547671840354767,0.03991130820399113,0.2583148558758315,-0.09342370783389153,-0.13763785882728147,-0.03996913580246919
500529,20088,1016,FreshDash,FreshDash Go,food_delivery,native,en,discount,2-for-1,Install now,Dinner in minutes,Fresh favorites nearby,orange,trustworthy,order,discount,35-44,Both,2026-01-11,assets/creative_500529.png,stable,0.3156873614190688,not_top,Review,722.0,0.2006651884700665,2.0,0.8333333333333334,99.0,0.3836477987421384,209.0,0.18110236220472442,43.0,0.17647058823529413,0.299074074074074,1.7595091396178075,0.367211886985032,0.0039134866106156,0.0938324117396852,58190.07,15018577,102385.96,,0,-0.8300669286272558,-0.1410953846944813,True,False,0.18625277161862527,0.311529933481153,0.45787139689578715,0.5964523281596452,0.24168514412416853,0.6022434519519555,-0.05366654386214814,-0.1770061728395062
500717,20119,1011,FluxStream,FluxStream Box,entertainment,rewarded_video,en,trailer,watch now,Install now,Exclusive tonight,Start free today,purple,premium,signup,celebrity,35-44,Android,2026-01-28,assets/creative_500717.png,stable,0.3153547671840355,not_top,Review,723.0,0.19955654101995565,2.0,0.8333333333333334,133.0,0.2235294117647059,158.0,0.01875,41.0,0.06976744186046512,0.295679012345679,1.8108243379557072,0.3609342985388367,0.0038642311131322,0.0934039108872729,45374.23,10071085,82164.76,,0,-0.8251565491416917,-0.2162444076767311,True,False,0.18292682926829268,0.3392461197339246,0.43680709534368073,0.5886917960088692,0.22283813747228381,0.0709735845119317,-0.08105267936608385,-0.33734567901234574
500280,20046,1010,BiteRush,BiteRush Go,food_delivery,native,ja,combo,2-for-1,Get offer,"Your cravings, delivered",Late-night deals available,orange,urgent,order,discount,45-54,iOS,2026-01-19,assets/creative_500280.png,stable,0.3152439024390244,not_top,Review,724.0,0.1984478935698448,6.0,0.16666666666666666,100.0,0.37735849056603776,210.0,0.17716535433070865,44.0,0.1568627450980392,0.3203703703703703,1.6485211469955825,0.3780263381839843,0.0042965758233341,0.087983164670566,32122.53,7520640,52954.67,,0,-0.7817777139382404,-0.1250557278809542,True,False,0.22560975609756098,0.2572062084257206,0.48337028824833705,0.47117516629711753,0.33813747228381374,-0.24616822388025406,-0.04285209266319584,-0.1557098765432099
500949,20158,1014,VaultRun,VaultRun Pay,fintech,banner,en,trust,security,Start now,"Your money, clearer",Built for peace of mind,orange,adventurous,signup,feature-focus,25-34,Both,2026-01-16,assets/creative_500949.png,stable,0.31407982261640793,not_top,Review,725.0,0.1973392461197339,6.0,0.16666666666666666,133.0,0.06382978723404255,72.0,0.572289156626506,41.0,0.1836734693877551,0.270679012345679,4.548602864880739,0.2517571301463619,0.0028137398327383,0.0894742034132386,38308.75,7205357,174251.29,,0,-0.6841540188543334,-0.1646845167468418,True,False,0.1541019955654102,0.7039911308203991,0.12416851441241686,0.5044345898004434,0.02328159645232816,-0.05045438430020166,-0.13098373691196757,-0.08240740740740743
500081,20013,1013,BoltCart,BoltCart Drops,ecommerce,native,de,discount,new collection,Claim reward,Your next favorite pick,Shop bestsellers now,lime,calm,purchase,ugc,18-24,Android,2026-02-04,assets/creative_500081.png,stable,0.31358093126385805,not_top,Review,726.0,0.19623059866962306,4.0,0.5,69.0,0.4962962962962963,211.0,0.1732283464566929,31.0,0.4117647058823529,0.3290123456790123,3.075088705372562,0.2396122620911703,0.0041514580523222,0.0577176160932506,19108.2,6406183,58759.41,,0,-0.8154636658679933,-0.2307895336700538,True,False,0.24390243902439024,0.6596452328159645,0.09534368070953436,0.16518847006651885,0.31042128603104213,0.2645157042877635,-0.06448079866074663,-0.07716049382716056
501059,20176,1032,SwiftStack,SwiftStack Wallet,fintech,banner,en,minimalist,power-up,Install now,Save with confidence,"Fast signup, instant card",green,premium,signup,minimalist,35-44,Android,2026-01-03,assets/creative_501059.png,stable,0.3115853658536586,not_top,Review,727.0,0.1951219512195122,6.0,0.16666666666666666,134.0,0.05673758865248227,73.0,0.5662650602409639,42.0,0.16326530612244897,0.2864197530864197,4.216314907125829,0.2612746811261278,0.0031785223065287,0.0822000464144813,40818.13,6778307,172102.09,,0,-0.613235329963595,0.0053937808776518,True,False,0.16851441241685144,0.6951219512195121,0.1385809312638581,0.38913525498891355,0.07538802660753881,-1.6115493966282006,-0.12146618593220171,-0.06666666666666671
500378,20063,1027,WayPoint,WayPoint Travel,travel,native,pt,minimalist,last-minute deal,Claim reward,Last-minute savings,Flexible booking options,purple,urgent,booking,family,35-44,Android,2026-01-19,assets/creative_500378.png,stable,0.31119733924611975,not_top,Review,728.0,0.19401330376940132,5.0,0.3333333333333333,140.0,0.041379310344827586,212.0,0.16929133858267717,39.0,0.07317073170731707,0.3314814814814814,5.208470734441319,0.2019356826941911,0.0040444254986945,0.0499293862031504,64115.81,11379861,333945.32,,0,-0.7880701086231644,-0.0835210878718851,True,False,0.24722838137472283,0.7394678492239468,0.04212860310421286,0.04878048780487805,0.2827050997782705,0.05994924078698727,-0.13027523551223047,-0.21759259259259267
500584,20097,1025,LuxShelf,LuxShelf Outlet,ecommerce,native,it,combo,new collection,Book now,New collection drop,Shop bestsellers now,red,excited,purchase,product-focus,25-34,Android,2026-01-08,assets/creative_500584.png,stable,0.3097560975609756,not_top,Review,729.0,0.19290465631929046,3.0,0.6666666666666666,70.0,0.4888888888888889,213.0,0.16535433070866143,32.0,0.39215686274509803,0.3256172839506173,2.4383543813540727,0.2717189279426326,0.0043349359786696,0.0626811858997783,40872.41,9469344,99661.42,,0,-0.7926004649963264,-0.0032898919262555,True,False,0.23780487804878048,0.5620842572062085,0.16518847006651885,0.23725055432372505,0.34700665188470065,0.30077739309389395,-0.03237413280928436,-0.08055555555555555
500586,20097,1025,LuxShelf,LuxShelf Outlet,ecommerce,native,es,urgency,cashback,Order now,Your next favorite pick,Only this weekend,blue,adventurous,purchase,product-focus,25-34,Android,2026-01-17,assets/creative_500586.png,stable,0.3094235033259424,not_top,Review,730.0,0.1917960088691796,4.0,0.5,71.0,0.48148148148148145,214.0,0.16141732283464566,33.0,0.37254901960784315,0.324074074074074,2.466508948036258,0.270602287504177,0.0042638317733309,0.063464578784913,26976.31,6230546,66537.31,,0,-0.7987287024275411,-0.0200437317784256,True,False,0.2328159645232816,0.5698447893569845,0.164079822616408,0.24390243902439024,0.3325942350332594,0.32893195977607936,-0.03349077324773997,-0.08209876543209882
500490,20081,1009,DriftPass,DriftPass Travel,travel,native,en,ugc,discover,Start now,Last-minute savings,Hotels + flights in one tap,lime,playful,booking,discount,18-24,Both,2026-01-08,assets/creative_500490.png,stable,0.3083148558758315,not_top,Review,731.0,0.19068736141906872,6.0,0.16666666666666666,141.0,0.034482758620689655,215.0,0.15748031496062992,40.0,0.04878048780487805,0.3203703703703703,4.731798944612072,0.218222332273417,0.0039353283901585,0.0554521276595744,75233.0,11465371,355987.43,,0,-0.7230744585521358,-0.1258620158857213,True,False,0.22560975609756098,0.7095343680709535,0.07095343680709534,0.13968957871396895,0.25055432372505543,-1.4465806352785826,-0.11398858593300457,-0.22870370370370374
500382,20063,1027,WayPoint,WayPoint Travel,travel,interstitial,en,wanderlust,limited offer,Get offer,Escape this weekend,Special fares today,teal,urgent,booking,family,35-44,Android,2026-01-19,assets/creative_500382.png,stable,0.3063747228381375,not_top,Review,732.0,0.18957871396895787,6.0,0.16666666666666666,142.0,0.027586206896551724,249.0,0.1267605633802817,52.0,0.019230769230769232,0.3407407407407407,4.184783973145148,0.2045735634844372,0.0043694315400739,0.0468192627824019,54568.91,7698942,228359.1,,0,-0.8034459639712961,-0.2664421874624281,True,False,0.2616407982261641,0.6929046563192904,0.045454545454545456,0.014412416851441241,0.35920177383592017,-0.9637375205091834,-0.12763735472198437,-0.2367283950617285
501003,20167,1023,NeonCast,NeonCast Now,entertainment,native,de,drama,new season,Claim reward,Exclusive tonight,Start free today,black,excited,signup,trailer,35-44,Both,2026-01-12,assets/creative_501003.png,stable,0.30587583148558756,not_top,Review,733.0,0.188470066518847,4.0,0.5,134.0,0.21764705882352942,216.0,0.15354330708661418,39.0,0.2549019607843137,0.2882716049382716,1.987484804151364,0.3300678123808539,0.0037050424827197,0.0890861073578184,32829.69,8789103,65248.51,,0,-0.7755851798898121,0.0020701963117193,True,False,0.17350332594235032,0.4246119733924612,0.35476718403547675,0.5,0.18736141906873613,0.04326280978804453,-0.11191916552406661,-0.1169753086419752
500858,20143,1035,StarVault,StarVault Play,entertainment,banner,es,trailer,free rewards,Watch now,Watch what’s trending,New hits every week,orange,excited,install,celebrity,45-54,Android,2026-01-07,assets/creative_500858.png,stable,0.30454545454545456,not_top,Review,734.0,0.18736141906873613,5.0,0.2,135.0,0.21176470588235294,74.0,0.5602409638554217,4.0,0.7,0.3037037037037037,2.2494491155712093,0.3037440415844537,0.0038969961041637,0.0779431216931216,24056.77,7759823,54114.48,,0,-0.7568083691580396,-0.2942964691379766,True,False,0.19401330376940132,0.5022172949002217,0.270509977827051,0.3558758314855876,0.23392461197339245,-0.6487387058082139,-0.13824293632046686,0.06327160493827161
500656,20109,1001,VantaStyle,VantaStyle Outlet,ecommerce,banner,en,testimonial,new collection,Book now,Up to 40% off,Shop bestsellers now,orange,adventurous,purchase,discount,18-24,Android,2026-01-06,assets/creative_500656.png,stable,0.3041019955654102,not_top,Review,735.0,0.18625277161862527,2.0,0.5,72.0,0.4740740740740741,75.0,0.5542168674698795,3.0,0.9487179487179487,0.3373456790123457,2.370332096992046,0.2621433644609032,0.0045917309437067,0.0570903146710257,23321.5,5329145,55279.7,,0,-0.763895833936859,-0.0367007672634271,True,False,0.2572062084257206,0.5443458980044346,0.14079822616407983,0.15853658536585366,0.4223946784922395,-0.43834659526384545,-0.04194969629101375,0.1510802469135803
500496,20082,1010,BiteRush,BiteRush Eats,food_delivery,interstitial,de,discount,limited offer,Claim reward,2-for-1 tonight,Late-night deals available,black,adventurous,order,discount,18-24,Android,2026-01-19,assets/creative_500496.png,stable,0.30260532150776054,not_top,Review,736.0,0.18514412416851442,2.0,0.8333333333333334,101.0,0.3710691823899371,250.0,0.12323943661971831,33.0,0.2558139534883721,0.2876543209876543,2.2380797197384767,0.3080412946333148,0.0036052149933624,0.0854432523997741,32404.02,12280821,72522.78,,0,-0.8226870749232934,-0.1582500898122038,True,False,0.1712860310421286,0.5,0.2860310421286031,0.43680709534368073,0.164079822616408,0.10017688624730248,-0.11283713621386532,-0.1925925925925926
500522,20087,1015,HorizonHop,HorizonHop Flights,travel,native,de,reward,discover,Try for free,Escape this weekend,Flexible booking options,teal,trustworthy,booking,destination,25-34,Android,2026-01-02,assets/creative_500522.png,stable,0.30177383592017737,not_top,Review,737.0,0.18403547671840353,6.0,0.16666666666666666,143.0,0.020689655172413793,217.0,0.14960629921259844,41.0,0.024390243902439025,0.3228395061728396,4.787313101836439,0.2067448221514966,0.0040045910138857,0.0516269505261884,64368.61,10321903,308152.69,,0,-0.7389704106423063,-0.0251465838475798,True,False,0.23170731707317074,0.7161862527716186,0.04656319290465632,0.06984478935698447,0.2749445676274945,-1.5711973107010486,-0.12546609605492498,-0.22623456790123447
500123,20020,1020,NovaPay,NovaPay Wallet,fintech,banner,es,family,cashback,Book now,"Your money, clearer",Built for peace of mind,lime,calm,signup,minimalist,25-34,Android,2026-01-29,assets/creative_500123.png,stable,0.3004988913525499,not_top,Review,738.0,0.18292682926829268,5.0,0.3333333333333333,135.0,0.04964539007092199,76.0,0.5481927710843374,43.0,0.14285714285714285,0.2691358024691357,6.066732990588764,0.1859677175255755,0.002513931731544,0.0739748479213288,37573.17,12620470,227946.39,,0,-0.6660142016272415,-0.0147106285628695,True,False,0.14966740576496673,0.8082039911308204,0.024390243902439025,0.3348115299334812,0.004434589800443459,-0.4437595543145072,-0.196773149532754,-0.0839506172839507
500303,20050,1014,VaultRun,VaultRun Cash,fintech,banner,es,testimonial,fast,Watch now,"Your money, clearer","Fast signup, instant card",white,excited,signup,minimalist,35-44,Android,2026-01-26,assets/creative_500303.png,stable,0.29972283813747225,not_top,Review,739.0,0.18181818181818182,6.0,0.16666666666666666,136.0,0.0425531914893617,77.0,0.5421686746987951,44.0,0.12244897959183673,0.2703703703703703,4.752939444449247,0.2413033269515587,0.0029589278618646,0.0815509327082723,33554.81,6920750,159483.98,,0,-0.6595729994974533,-0.1344260652592919,True,False,0.15299334811529933,0.7139689578713969,0.10199556541019955,0.37915742793791574,0.03436807095343681,-1.3479181536114488,-0.1414375401067708,-0.0827160493827161
501005,20167,1023,NeonCast,NeonCast Now,entertainment,interstitial,de,testimonial,trending,Watch now,Stream the hype,New hits every week,purple,adventurous,signup,trailer,35-44,Both,2026-01-17,assets/creative_501005.png,stable,0.2984478935698448,not_top,Review,740.0,0.18070953436807094,5.0,0.3333333333333333,136.0,0.20588235294117646,251.0,0.11971830985915492,52.0,0.22727272727272727,0.3160493827160494,1.6848525802398906,0.3572697006838711,0.0043702304758431,0.0817507686742629,35842.21,7590904,60388.84,,0,-0.8309599721275954,-0.1999663409559167,True,False,0.21618625277161863,0.27605321507760533,0.4334811529933481,0.38248337028824836,0.360310421286031,-0.25936941412342884,-0.08471727722104944,-0.15030864197530863
500751,20125,1017,PulsePlay,PulsePlay Now,entertainment,native,it,fantasy,trending,Start now,Watch what’s trending,New hits every week,purple,premium,signup,trailer,18-24,Android,2026-01-15,assets/creative_500751.png,stable,0.29800443458980047,not_top,Review,741.0,0.17960088691796008,4.0,0.5,137.0,0.2,218.0,0.14566929133858267,40.0,0.23529411764705882,0.2700617283950617,2.1650665689345563,0.3114102057656022,0.003445391015766,0.0903845758988152,45184.74,14135696,97827.97,,0,-0.7524366147511424,-0.0745931440176045,True,False,0.15133037694013304,0.4778270509977827,0.29933481152993346,0.5232815964523282,0.1164079822616408,0.22104016478862176,-0.13057677213931834,-0.13518518518518507
500013,20002,1002,EarnPath,EarnPath Invest,fintech,banner,es,minimalist,save smarter,Claim reward,Secure & simple,Built for peace of mind,blue,excited,signup,trust,18-24,iOS,2026-01-03,assets/creative_500013.png,stable,0.2978381374722839,not_top,Review,742.0,0.17849223946784923,6.0,0.16666666666666666,137.0,0.03546099290780142,78.0,0.536144578313253,45.0,0.10204081632653061,0.2617283950617284,5.085934194846565,0.2245172652671489,0.0026480776287037,0.0847850013283236,42570.83,9950237,216512.44,,0,-0.671551478785712,-0.0292267215740105,True,False,0.1419068736141907,0.7305986696230599,0.07538802660753881,0.42572062084257206,0.015521064301552107,-1.0404791728333738,-0.15822360179118058,-0.09135802469135801
500929,20154,1010,BiteRush,BiteRush Delivery,food_delivery,interstitial,es,product-focus,late-night,Get offer,"Your cravings, delivered",Fresh favorites nearby,orange,premium,order,combo,35-44,iOS,2026-01-11,assets/creative_500929.png,stable,0.2977827050997783,not_top,Review,743.0,0.17738359201773837,2.0,0.8333333333333334,102.0,0.36477987421383645,252.0,0.11619718309859155,34.0,0.23255813953488372,0.2882716049382716,1.68404265432992,0.364751394879818,0.0039346348124588,0.0927027315787599,57220.92,14272735,96362.47,,0,-0.7959874610883435,-0.2097527840102099,True,False,0.17350332594235032,0.2738359201773836,0.4523281596452328,0.5698447893569845,0.24944567627494457,-0.08033741555036067,-0.05612703596736213,-0.19197530864197532
500802,20133,1025,LuxShelf,LuxShelf Outlet,ecommerce,native,de,discount,limited offer,Shop now,Flash sale live,Only this weekend,blue,adventurous,purchase,ugc,18-24,iOS,2026-01-07,assets/creative_500802.png,stable,0.29550997782705096,not_top,Review,744.0,0.1762749445676275,3.0,0.6666666666666666,73.0,0.4666666666666667,219.0,0.14173228346456693,34.0,0.35294117647058826,0.316358024691358,2.364858532837128,0.2686364085676795,0.0043084938335733,0.0623504219675022,54399.55,12898475,128647.24,,0,-0.7417028059751689,0.0203098512042361,True,False,0.21729490022172948,0.5432372505543237,0.16186252771618626,0.23392461197339245,0.34035476718403546,-0.0807340669658343,-0.035456652184237436,-0.08981481481481485
500770,20128,1020,NovaPay,NovaPay Pay,fintech,banner,ja,trust,fast,Book now,Save with confidence,No hidden fees,white,adventurous,signup,minimalist,18-24,Android,2026-01-17,assets/creative_500770.png,stable,0.29423503325942346,not_top,Review,745.0,0.17516629711751663,6.0,0.16666666666666666,138.0,0.028368794326241134,79.0,0.5301204819277109,46.0,0.08163265306122448,0.2475308641975308,3.4569682588341606,0.2331626493633249,0.0025448886366177,0.0916199813258636,43777.22,6733497,151336.46,,0,-0.6521801977825555,-0.2302048684985965,True,False,0.12971175166297116,0.6740576496674058,0.08980044345898004,0.5543237250554324,0.008869179600886918,-0.9405514447125172,-0.1495782176950046,-0.10555555555555562
500926,20154,1010,BiteRush,BiteRush Delivery,food_delivery,native,es,urgency,trending,Install now,"Fast food, fast",Fresh favorites nearby,black,calm,order,combo,35-44,iOS,2026-01-19,assets/creative_500926.png,stable,0.2916851441241685,not_top,Review,746.0,0.17405764966740578,3.0,0.6666666666666666,103.0,0.3584905660377358,220.0,0.1377952755905512,45.0,0.13725490196078433,0.2743827160493827,1.8826086787126963,0.3326006974328026,0.0036907143932562,0.0901182432432432,41066.92,12832204,77312.94,,0,-0.8111198276607496,-0.1018124744097175,True,False,0.1590909090909091,0.37472283813747226,0.3669623059866962,0.5177383592017738,0.18403547671840353,0.1182286088324156,-0.08827773341437756,-0.2016975308641975
500420,20070,1034,PlateSprint,PlateSprint Go,food_delivery,interstitial,en,food-closeup,2-for-1,Start now,"Your cravings, delivered",Free delivery over $15,orange,calm,order,combo,45-54,Both,2026-01-13,assets/creative_500420.png,stable,0.29107538802660754,not_top,Review,747.0,0.1729490022172949,5.0,0.3333333333333333,104.0,0.3522012578616352,253.0,0.11267605633802817,35.0,0.20930232558139536,0.2734567901234568,1.164201099398346,0.4259411379778785,0.0039410743303584,0.1080774180524363,66365.39,10055380,77262.66,,0,-0.8143079452894963,-0.0404738604776463,True,False,0.1574279379157428,0.08093126385809313,0.5776053215077606,0.7971175166297118,0.25277161862527714,-0.05498316719263152,0.005062707130698396,-0.2067901234567901
500690,20115,1007,ThreadMark,ThreadMark Market,ecommerce,interstitial,en,celebrity,new collection,Order now,Up to 40% off,Free shipping over $25,teal,playful,purchase,discount,45-54,Android,2026-01-27,assets/creative_500690.png,stable,0.2886917960088692,not_top,Review,748.0,0.17184035476718404,2.0,0.8333333333333334,74.0,0.45925925925925926,254.0,0.10915492957746478,24.0,0.28125,0.3228395061728394,2.3370199142299977,0.2604271755757713,0.004508120422366,0.0577684602841835,28686.02,6665971,67039.8,,0,-0.8483473605760736,-0.0844498413249115,True,False,0.23059866962305986,0.5299334811529933,0.13636363636363635,0.1674057649667406,0.3991130820399113,0.03732748533862784,-0.04366588517614567,-0.17901234567901247
500800,20133,1025,LuxShelf,LuxShelf Outlet,ecommerce,banner,de,ugc,security,Install now,Limited stock,Shop bestsellers now,teal,playful,purchase,ugc,18-24,iOS,2026-01-19,assets/creative_500800.png,stable,0.28852549889135254,not_top,Review,749.0,0.17073170731707318,4.0,0.5,75.0,0.45185185185185184,80.0,0.5240963855421686,4.0,0.9230769230769231,0.3277777777777778,2.464926176236168,0.2400309620222259,0.0045267078812436,0.0530255029304609,21065.71,5578447,51925.42,,0,-0.8165692708791662,0.0340004537952511,True,False,0.24223946784922396,0.5687361419068736,0.0975609756097561,0.09534368070953436,0.4079822616407982,0.019333576433205657,-0.06406209872969104,0.14151234567901239
500530,20088,1016,FreshDash,FreshDash Go,food_delivery,playable,pt,urgency,challenge,Learn more,"Your cravings, delivered",Free delivery over $15,orange,adventurous,order,discount,35-44,Both,2026-01-10,assets/creative_500530.png,stable,0.28791574279379156,not_top,Review,750.0,0.1696230598669623,3.0,0.6666666666666666,105.0,0.34591194968553457,38.0,0.02631578947368421,1.0,1.0,0.3024691358024691,1.1732710700927826,0.4139693697414799,0.0044050557080688,0.0939759669743104,56178.68,8633489,65912.82,,0,-0.8562133955351959,-0.0495410499729159,True,False,0.19290465631929046,0.08314855875831485,0.5576496674057649,0.5997782705099778,0.369179600886918,0.016005382426930614,-0.0069090611057002205,0.0
500121,20020,1020,NovaPay,NovaPay Wallet,fintech,banner,pt,feature-focus,cashback,Shop now,Track every euro,No hidden fees,blue,adventurous,signup,minimalist,25-34,Android,2026-01-19,assets/creative_500121.png,stable,0.2864745011086474,not_top,Review,751.0,0.16851441241685144,6.0,0.16666666666666666,139.0,0.02127659574468085,81.0,0.5180722891566265,47.0,0.061224489795918366,0.2546296296296296,5.602640212770087,0.170924502172145,0.0022764259440779,0.0750845871427543,54086.55,18306328,303027.48,,0,-0.6330031998015992,0.0692886394197467,True,False,0.13747228381374724,0.7749445676274944,0.017738359201773836,0.34146341463414637,0.0011086474501108647,-0.9078523321331842,-0.2118163648861845,-0.09845679012345682
500729,20121,1013,BoltCart,BoltCart Market,ecommerce,native,en,testimonial,before/after,Learn more,Your next favorite pick,Only this weekend,white,adventurous,purchase,discount,18-24,Android,2026-01-15,assets/creative_500729.png,stable,0.28558758314855875,not_top,Review,752.0,0.1674057649667406,4.0,0.5,76.0,0.4444444444444444,221.0,0.13385826771653545,35.0,0.3333333333333333,0.325,2.348309780315515,0.2503839679420473,0.0045430474241909,0.0551136593047199,22348.87,5451627,52482.07,,0,-0.8332169377606964,-0.1117346216822655,True,False,0.23392461197339245,0.5354767184035477,0.12084257206208426,0.13303769401330376,0.41352549889135254,0.04407135851673649,-0.05370909280986963,-0.08117283950617282
500853,20142,1034,PlateSprint,PlateSprint Go,food_delivery,banner,fr,discount,late-night,Try for free,Dinner in minutes,Fresh favorites nearby,lime,calm,order,combo,45-54,Android,2026-01-23,assets/creative_500853.png,stable,0.28475609756097564,not_top,Review,753.0,0.1662971175166297,4.0,0.5,106.0,0.33962264150943394,82.0,0.5120481927710844,16.0,0.7272727272727273,0.2845679012345679,2.4031620823235817,0.2778225199418457,0.0037332861698286,0.0744176865377023,20504.21,9498870,49274.94,,0,-0.7944077697742351,-0.0212624771324686,True,False,0.16518847006651885,0.5521064301552107,0.18625277161862527,0.3370288248337029,0.19401330376940132,-0.04688344636693298,-0.14305591090533443,0.04660493827160497
500200,20033,1033,NomadLayer,NomadLayer Getaway,travel,banner,en,family,book now,Install now,Dream destinations await,Flexible booking options,white,trustworthy,booking,destination,25-34,Both,2026-01-22,assets/creative_500200.png,stable,0.28442350332594235,not_top,Review,754.0,0.16518847006651885,6.0,0.16666666666666666,144.0,0.013793103448275862,83.0,0.5060240963855421,5.0,0.3333333333333333,0.3067901234567901,5.243861078977811,0.1857206379428766,0.0038277774950816,0.0485191833071572,47164.64,9315066,247324.82,,0,-0.7412678598995395,0.0590282736563121,True,False,0.2006651884700665,0.7427937915742794,0.02328159645232816,0.031042128603104215,0.2139689578713969,-1.6971880339704102,-0.14649028026354496,-0.06496913580246921
500870,20145,1001,VantaStyle,VantaStyle Shop,ecommerce,native,de,urgency,new collection,Order now,Up to 40% off,Free shipping over $25,beige,premium,purchase,testimonial,18-24,Android,2026-01-17,assets/creative_500870.png,stable,0.28181818181818186,not_top,Review,755.0,0.164079822616408,3.0,0.6,77.0,0.43703703703703706,222.0,0.12992125984251968,36.0,0.3137254901960784,0.3064814814814814,2.212791452447685,0.2760477093486748,0.0043098813674075,0.0640499553969669,37220.48,7802999,82361.16,,0,-0.7611819722702753,-0.0947643024060186,True,False,0.1984478935698448,0.4955654101995565,0.17960088691796008,0.2549889135254989,0.3425720620842572,0.02060764792235137,-0.028045351403242158,-0.09969135802469142
500727,20121,1013,BoltCart,BoltCart Market,ecommerce,native,es,testimonial,before/after,Try for free,Limited stock,Only this weekend,lime,excited,purchase,discount,18-24,Android,2026-01-14,assets/creative_500727.png,stable,0.2793791574279379,not_top,Review,756.0,0.1629711751662971,5.0,0.3333333333333333,78.0,0.42962962962962964,223.0,0.12598425196850394,37.0,0.29411764705882354,0.3200617283950617,2.3320124502843087,0.2499985988869557,0.0045267960868113,0.0552263883975946,20539.29,4996028,47897.88,,0,-0.8096464462837825,-0.1418133939174884,True,False,0.22339246119733924,0.5288248337028825,0.11862527716186252,0.13636363636363635,0.4090909090909091,0.027774028485530344,-0.05409446186496125,-0.08611111111111114
500925,20154,1010,BiteRush,BiteRush Delivery,food_delivery,interstitial,es,combo,security,Shop now,"Fast food, fast",Free delivery over $15,orange,trustworthy,order,combo,35-44,iOS,2026-01-28,assets/creative_500925.png,stable,0.27827050997782704,not_top,Review,757.0,0.16186252771618626,4.0,0.5,107.0,0.3333333333333333,255.0,0.1056338028169014,36.0,0.18604651162790697,0.3009259259259259,1.6304204421087072,0.3528725197278935,0.0043354530478465,0.0813923056791415,31970.87,7932043,52125.96,,0,-0.8262017771242588,-0.0212900654897698,True,False,0.18957871396895787,0.25055432372505543,0.4246119733924612,0.37472283813747226,0.34811529933481156,-0.13395962777157355,-0.06800591111928661,-0.17932098765432103
500622,20103,1031,CrispBox,CrispBox Club,ecommerce,native,en,food-closeup,free shipping,Watch now,Up to 40% off,Shop bestsellers now,pink,trustworthy,purchase,ugc,25-34,Android,2026-01-09,assets/creative_500622.png,stable,0.27710643015521064,not_top,Review,758.0,0.1607538802660754,4.0,0.5,79.0,0.4222222222222222,224.0,0.1220472440944882,38.0,0.27450980392156865,0.3064814814814815,2.9202618518508143,0.2155267391645389,0.0040525082344782,0.0531835413265447,24979.01,8917687,72945.25,,0,-0.7747993368638163,-0.0403439113518028,True,False,0.19955654101995565,0.6407982261640798,0.06541019955654102,0.0975609756097561,0.28492239467849223,-0.15745327098957285,-0.08856632158737804,-0.09969135802469131
500986,20164,1020,NovaPay,NovaPay Wallet,fintech,banner,fr,feature-focus,watch now,Claim reward,Secure & simple,No hidden fees,green,adventurous,signup,minimalist,18-24,Both,2026-01-06,assets/creative_500986.png,stable,0.2765521064301552,not_top,Review,759.0,0.15964523281596452,6.0,0.16666666666666666,140.0,0.014184397163120567,84.0,0.5,48.0,0.04081632653061224,0.2438271604938271,4.091341862612146,0.2125147749222035,0.0025641774278197,0.0828783424331513,41766.72,8357066,170881.93,,0,-0.6430931722158704,-0.0576675849403123,True,False,0.1286031042128603,0.6895787139689579,0.058758314855875834,0.4035476718403548,0.012195121951219513,-1.3645335911107583,-0.170226092136126,-0.1092592592592593
500571,20095,1023,NeonCast,NeonCast Stream,entertainment,banner,es,celebrity,save smarter,Try for free,Binge starts now,Start free today,lime,trustworthy,signup,celebrity,45-54,iOS,2026-01-12,assets/creative_500571.png,stable,0.2737250554323725,not_top,Review,760.0,0.15853658536585366,6.0,0.16666666666666666,138.0,0.19411764705882353,85.0,0.4939759036144578,5.0,0.6,0.2858024691358025,1.9713017414654064,0.3053560726058478,0.0040194625197996,0.0759693792644366,20378.24,5979904,40171.66,,0,-0.756493100988987,-0.0399054870044629,True,False,0.1662971175166297,0.4146341463414634,0.2738359201773836,0.3492239467849224,0.2771618625277162,-0.3364863372265172,-0.13663090529907274,0.045370370370370394
500587,20097,1025,LuxShelf,LuxShelf Outlet,ecommerce,interstitial,es,product-focus,challenge,Book now,Your next favorite pick,Shop bestsellers now,lime,premium,purchase,product-focus,25-34,Android,2026-01-17,assets/creative_500587.png,stable,0.2734478935698448,not_top,Review,761.0,0.1574279379157428,5.0,0.3333333333333333,80.0,0.4148148148148148,256.0,0.10211267605633803,25.0,0.25,0.312037037037037,2.015158103825956,0.2805936810303032,0.004561257280486,0.0615167406212182,29481.26,5434905,59409.4,,0,-0.8168886563963959,-0.1525233102347351,True,False,0.20676274944567627,0.4334811529933481,0.1973392461197339,0.22172949002217296,0.4146341463414634,-0.12241888443422289,-0.023499379721613756,-0.18981481481481488
500168,20028,1028,QuickFork,QuickFork Kitchen,food_delivery,interstitial,ja,combo,trending,Learn more,"Fast food, fast",Free delivery over $15,orange,calm,order,combo,25-34,Both,2026-01-24,assets/creative_500168.png,stable,0.27034368070953435,not_top,Review,762.0,0.15631929046563192,1.0,1.0,108.0,0.3270440251572327,257.0,0.09859154929577464,37.0,0.16279069767441862,0.3018518518518518,1.1495130554741004,0.4007832630384736,0.0045250288797126,0.0885703215807826,36113.97,5703831,41513.48,,0,-0.848181877139476,0.0532516054544216,True,False,0.1917960088691796,0.07538802660753881,0.5310421286031042,0.48226164079822614,0.40687361419068735,-0.016137256655474497,-0.020095167808706516,-0.1783950617283951
500716,20119,1011,FluxStream,FluxStream Box,entertainment,rewarded_video,ja,trailer,new season,Shop now,Stream the hype,Start free today,blue,premium,signup,celebrity,35-44,Android,2026-01-23,assets/creative_500716.png,stable,0.269179600886918,not_top,Review,763.0,0.15521064301552107,3.0,0.6666666666666666,139.0,0.18823529411764706,159.0,0.0125,42.0,0.046511627906976744,0.2481481481481481,1.6815461546981862,0.3430033809301673,0.0036418293706212,0.0941843634128447,63107.01,13848260,106117.35,,0,-0.781296334038757,-0.0584134743106103,True,False,0.13082039911308205,0.2727272727272727,0.39800443458980045,0.6042128603104213,0.1729490022172949,-0.05830459874558924,-0.09898359697475323,-0.38487654320987663
500231,20038,1002,EarnPath,EarnPath Invest,fintech,banner,es,feature-focus,save smarter,Shop now,Secure & simple,No hidden fees,orange,excited,signup,testimonial,25-34,Android,2026-01-03,assets/creative_500231.png,stable,0.26585365853658544,not_top,Review,764.0,0.1541019955654102,6.0,0.16666666666666666,141.0,0.0070921985815602835,86.0,0.4879518072289157,49.0,0.02040816326530612,0.2330246913580247,3.97950896776251,0.1958358660011814,0.0023529591999037,0.0832296055151283,84726.82,17754664,337171.14,,0,-0.503825034734507,-0.1686193600904073,True,False,0.11751662971175167,0.6829268292682927,0.036585365853658534,0.40687361419068735,0.0022172949002217295,-0.8262686972746556,-0.18690500105714808,-0.12006172839506171
500874,20145,1001,VantaStyle,VantaStyle Shop,ecommerce,native,de,discount,limited offer,Watch now,Your next favorite pick,Only this weekend,lime,calm,purchase,testimonial,18-24,Android,2026-01-20,assets/creative_500874.png,stable,0.264689578713969,not_top,Review,765.0,0.15299334811529933,4.0,0.4,81.0,0.4074074074074074,225.0,0.11811023622047244,39.0,0.2549019607843137,0.291358024691358,2.1281869119254693,0.2745113565876127,0.0042638344485357,0.0643813356031881,28869.64,6061680,61439.99,,0,-0.7918587685030073,-0.0939627959819086,True,False,0.17516629711751663,0.4678492239467849,0.1729490022172949,0.2638580931263858,0.33370288248337027,-0.06399689259986419,-0.029581704164304223,-0.11481481481481481
500799,20133,1025,LuxShelf,LuxShelf Outlet,ecommerce,banner,de,product-focus,new collection,Learn more,Up to 40% off,Free shipping over $25,pink,adventurous,purchase,ugc,18-24,iOS,2026-01-23,assets/creative_500799.png,stable,0.2641352549889135,not_top,Review,766.0,0.15188470066518847,5.0,0.3333333333333333,82.0,0.4,87.0,0.4819277108433735,5.0,0.8974358974358975,0.2950617283950617,2.4262590233697563,0.2403198301921927,0.0041569527445531,0.0578115376719359,22361.38,5858859,54254.5,,0,-0.7998773597453108,-0.0387626715583843,True,False,0.18070953436807094,0.5576496674057649,0.09977827050997783,0.16851441241685144,0.31263858093126384,-0.0193335764332061,-0.06377323055972425,0.10879629629629628
500177,20029,1029,BingeLayer,BingeLayer Plus,entertainment,native,de,trailer,power-up,Claim reward,Stream the hype,New hits every week,lime,premium,install,ugc,35-44,iOS,2026-01-07,assets/creative_500177.png,stable,0.2629157427937916,not_top,Review,767.0,0.15077605321507762,6.0,0.16666666666666666,140.0,0.18235294117647058,226.0,0.1141732283464567,41.0,0.21568627450980393,0.2632716049382715,1.6287986674798436,0.3463769963822036,0.0038989615746612,0.0888382687927107,38171.28,8219368,62173.33,,0,-0.7448635120259652,-0.1224795483350617,True,False,0.14412416851441243,0.24944567627494457,0.4113082039911308,0.4878048780487805,0.23725055432372505,-0.1815495101989395,-0.09560998152271694,-0.14197530864197527
500944,20157,1013,BoltCart,BoltCart Club,ecommerce,interstitial,en,discount,limited offer,Install now,Flash sale live,Free shipping over $25,red,urgent,purchase,discount,45-54,Android,2026-01-23,assets/creative_500944.png,stable,0.25920177383592014,not_top,Review,768.0,0.14966740576496673,2.0,0.8333333333333334,83.0,0.3925925925925926,258.0,0.09507042253521127,26.0,0.21875,0.300925925925926,1.7193696069329665,0.3084783598967476,0.0046383637327479,0.0665058580289455,38605.12,5630865,66376.47,,0,-0.844395248310152,-0.014129709338879,True,False,0.19068736141906872,0.3004434589800443,0.29046563192904656,0.2827050997782705,0.42904656319290463,0.08479808937525157,0.004385299144830657,-0.2009259259259259
500784,20130,1022,CraveLoop,CraveLoop Kitchen,food_delivery,native,en,combo,challenge,Claim reward,Hungry? We got you,Free delivery over $15,blue,urgent,order,food-closeup,18-24,iOS,2026-01-20,assets/creative_500784.png,stable,0.2558203991130821,not_top,Review,769.0,0.14855875831485588,6.0,0.16666666666666666,109.0,0.32075471698113206,227.0,0.11023622047244094,46.0,0.11764705882352941,0.2601851851851852,2.0341979005186186,0.2883957802627524,0.0038178005029582,0.0755397721906345,36149.88,13866361,73536.01,,0,-0.7115669997393005,-0.1375784271992005,True,False,0.14079822616407983,0.4401330376940133,0.22172949002217296,0.3458980044345898,0.2106430155210643,-0.5917627005191477,-0.1324826505844277,-0.215895061728395
500350,20058,1022,CraveLoop,CraveLoop Bites,food_delivery,banner,ja,food-closeup,free delivery,Learn more,"Fast food, fast",Fresh favorites nearby,purple,playful,order,combo,35-44,Both,2026-01-16,assets/creative_500350.png,stable,0.2533813747228381,not_top,Review,770.0,0.14745011086474502,6.0,0.16666666666666666,110.0,0.31446540880503143,88.0,0.4759036144578313,17.0,0.7090909090909091,0.2645061728395061,1.4754029147006409,0.3609888821185574,0.0040814030687238,0.088447251114413,29369.74,6595771,43332.2,,0,-0.8032942641039218,-0.162592104854341,True,False,0.14523281596452328,0.18070953436807094,0.4379157427937916,0.48004434589800443,0.29046563192904656,-0.34975248173813855,-0.05988954872862273,0.02654320987654321
500691,20115,1007,ThreadMark,ThreadMark Market,ecommerce,native,es,ugc,new collection,Get offer,Flash sale live,Shop bestsellers now,black,urgent,purchase,discount,45-54,Android,2026-01-17,assets/creative_500691.png,stable,0.25260532150776055,not_top,Review,771.0,0.14634146341463414,3.0,0.6666666666666666,84.0,0.3851851851851852,228.0,0.1062992125984252,40.0,0.23529411764705882,0.2746913580246913,2.51368507711138,0.2227491104505337,0.0039173882534869,0.0568616374065704,40303.39,11748644,101310.03,,0,-0.7856708704074621,-0.0171534049574154,True,False,0.1607538802660754,0.5831485587583148,0.07317073170731707,0.1574279379157428,0.24279379157427938,0.2139926482200103,-0.08134395030138325,-0.13148148148148153
500619,20103,1031,CrispBox,CrispBox Club,ecommerce,banner,en,ugc,before/after,Book now,Flash sale live,Free shipping over $25,lime,calm,purchase,ugc,25-34,Android,2026-01-17,assets/creative_500619.png,stable,0.25171840354767183,not_top,Review,772.0,0.14523281596452328,5.0,0.3333333333333333,85.0,0.37777777777777777,89.0,0.46987951807228917,6.0,0.8717948717948718,0.2873456790123457,3.017381979750114,0.190398911188063,0.0039203177114904,0.048567214496418,18333.93,7263697,55320.47,,0,-0.7860214938241228,-0.2400648869062334,True,False,0.1696230598669623,0.6507760532150776,0.028824833702882482,0.03215077605321508,0.24390243902439024,-0.06033314309027338,-0.11369414956385393,0.10108024691358031
500154,20025,1025,LuxShelf,LuxShelf Market,ecommerce,banner,ja,discount,free shipping,Try for free,New collection drop,Shop bestsellers now,white,calm,purchase,ugc,45-54,Both,2026-01-16,assets/creative_500154.png,stable,0.2507760532150776,not_top,Review,773.0,0.14412416851441243,2.0,0.5,86.0,0.37037037037037035,90.0,0.463855421686747,7.0,0.8461538461538461,0.304320987654321,1.862236325402036,0.2814676901358829,0.0047644672103395,0.0590764250670173,24889.58,4149677,46350.28,,0,-0.8046141701962497,-0.0463343692183817,True,False,0.1951219512195122,0.3625277161862528,0.19955654101995565,0.19068736141906872,0.4623059866962306,-0.04139591349370497,-0.022625370616034035,0.11805555555555558
500718,20119,1011,FluxStream,FluxStream Box,entertainment,interstitial,it,ugc,watch now,Try for free,Exclusive tonight,Start free today,lime,playful,signup,celebrity,35-44,Android,2026-01-24,assets/creative_500718.png,stable,0.2502217294900222,not_top,Review,774.0,0.14301552106430154,4.0,0.5,141.0,0.17647058823529413,259.0,0.09154929577464789,53.0,0.21212121212121213,0.2234567901234568,1.882158010538366,0.3057527288716773,0.0033787390872953,0.0904931458073704,61584.5,16624545,115911.76,,0,-0.7709600587246326,-0.0309940673252168,True,False,0.10864745011086474,0.37250554323725055,0.27827050997782704,0.5288248337028825,0.10199556541019955,0.14230725709459047,-0.13623424903324322,-0.24290123456790122
500282,20047,1011,FluxStream,FluxStream Stream,entertainment,rewarded_video,fr,drama,trending,Get offer,Watch what’s trending,New hits every week,blue,urgent,install,drama,45-54,Both,2026-01-22,assets/creative_500282.png,stable,0.24939024390243902,not_top,Review,775.0,0.1419068736141907,1.0,1.0,142.0,0.17058823529411765,160.0,0.00625,43.0,0.023255813953488372,0.2259259259259259,1.3258580990953035,0.3696522885866222,0.0036746739541257,0.1005945815060938,62831.03,10114911,83305.03,,0,-0.7906739890883545,-0.0575999479616505,True,False,0.11141906873614191,0.12971175166297116,0.4634146341463415,0.7073170731707317,0.17960088691796008,-0.10634718814735455,-0.07233468931829834,-0.4070987654320989
500965,20160,1016,FreshDash,FreshDash Eats,food_delivery,banner,it,discount,last-minute deal,Book now,2-for-1 tonight,Fresh favorites nearby,lime,calm,order,combo,45-54,iOS,2026-01-23,assets/creative_500965.png,stable,0.2472838137472284,not_top,Review,776.0,0.14079822616407983,6.0,0.16666666666666666,111.0,0.3081761006289308,91.0,0.4578313253012048,18.0,0.6909090909090909,0.2484567901234567,2.077175912341681,0.2784997077188634,0.0037080082734511,0.0751076284572738,21436.87,8707370,44528.15,,0,-0.7779836410077199,-0.0681838588752956,True,False,0.1319290465631929,0.4501108647450111,0.19068736141906872,0.3436807095343681,0.18957871396895787,-0.6890539736944294,-0.14237872312831673,0.010493827160493796
500456,20076,1004,SnapMeal,SnapMeal Go,food_delivery,interstitial,it,testimonial,fast,Watch now,2-for-1 tonight,Fresh favorites nearby,orange,urgent,order,combo,45-54,Android,2026-01-09,assets/creative_500456.png,stable,0.24639689578713972,not_top,Review,777.0,0.13968957871396895,4.0,0.5,112.0,0.3018867924528302,260.0,0.0880281690140845,38.0,0.13953488372093023,0.2743827160493827,1.419891261721202,0.3561022896559643,0.0043399058127612,0.0820529995394984,50004.47,11008073,71000.91,,0,-0.7509099655033067,-0.0268628875516268,True,False,0.1590909090909091,0.16186252771618626,0.43015521064301554,0.3869179600886918,0.3514412416851441,-0.5866423049051421,-0.06477614119121583,-0.2058641975308642
500067,20011,1011,FluxStream,FluxStream Play,entertainment,interstitial,de,celebrity,security,Order now,Stream the hype,Cancel anytime,blue,adventurous,signup,trailer,45-54,Both,2026-01-08,assets/creative_500067.png,stable,0.243569844789357,not_top,Review,778.0,0.1385809312638581,5.0,0.3333333333333333,143.0,0.16470588235294117,261.0,0.08450704225352113,54.0,0.19696969696969696,0.2398148148148148,1.4347813591993264,0.356973154186137,0.0038768597823777,0.0920779120794518,37580.36,6700784,53919.6,,0,-0.7975024026868038,0.0531684027777779,True,False,0.12195121951219512,0.164079822616408,0.43237250554323725,0.5587583148558758,0.22838137472283815,-0.25465043631994,-0.08501382371878352,-0.22654320987654322
500283,20047,1011,FluxStream,FluxStream Stream,entertainment,native,fr,trailer,new season,Order now,A new season drops,Start free today,blue,urgent,install,drama,45-54,Both,2026-01-22,assets/creative_500283.png,underperformer,0.24129711751662972,not_top,Review,779.0,0.13747228381374724,2.0,0.8333333333333334,144.0,0.1588235294117647,229.0,0.10236220472440945,42.0,0.19607843137254902,0.191358024691358,1.70242598236133,0.3128416056197728,0.003083225146295,0.1014657025600938,67264.71,16596258,114513.19,,0,-0.7592708177659047,-0.0430403796525048,True,False,0.08481152993348115,0.28713968957871394,0.3048780487804878,0.7184035476718403,0.05543237250554324,0.27022069511867186,-0.12914537228514772,-0.2138888888888888
500297,20049,1013,BoltCart,BoltCart Market,ecommerce,native,en,wanderlust,free shipping,Watch now,Your next favorite pick,Shop bestsellers now,black,adventurous,purchase,discount,45-54,iOS,2026-01-10,assets/creative_500297.png,stable,0.2397450110864745,not_top,Review,780.0,0.13636363636363635,5.0,0.2,87.0,0.362962962962963,230.0,0.0984251968503937,41.0,0.21568627450980393,0.2759259259259259,1.7077023725027185,0.3047451863763863,0.0044422825506527,0.06860103626943,44817.23,6516920,76534.49,,0,-0.7617462891821629,-0.1369000678286305,True,False,0.16186252771618626,0.28824833702882485,0.27161862527716185,0.2960088691796009,0.3802660753880266,-0.07491479362597442,0.0006521256244693685,-0.13024691358024693
500251,20041,1005,MoonScreen,MoonScreen Stream,entertainment,native,fr,destination,new season,Start now,A new season drops,Start free today,orange,premium,signup,trailer,18-24,Android,2026-01-15,assets/creative_500251.png,underperformer,0.23963414634146343,not_top,Review,781.0,0.1352549889135255,5.0,0.2,145.0,0.15294117647058825,231.0,0.09448818897637795,43.0,0.17647058823529413,0.2114197530864197,1.684409654240029,0.3221042830320249,0.0034300565356321,0.0939064064064064,39971.66,9319963,67328.65000000001,,0,-0.6497357581323469,-0.0714860059900559,True,False,0.09866962305986696,0.2749445676274945,0.3303769401330377,0.5975609756097561,0.11197339246119734,-0.386244937704735,-0.11988269487289566,-0.1938271604938271
500538,20089,1017,PulsePlay,PulsePlay Stream,entertainment,native,de,competitive,trending,Learn more,Binge starts now,Cancel anytime,purple,premium,install,ugc,25-34,Android,2026-01-04,assets/creative_500538.png,stable,0.23852549889135255,not_top,Review,782.0,0.13414634146341464,4.0,0.5,146.0,0.14705882352941177,232.0,0.09055118110236221,44.0,0.1568627450980392,0.2231481481481481,2.1011146248242705,0.2775326808790303,0.0033643312087583,0.0824926749650954,44201.42,15115337,92872.25,,0,-0.7689167289706054,-0.0774940968122785,True,False,0.10698447893569844,0.45787139689578715,0.18292682926829268,0.39800443458980045,0.0975609756097561,0.012064784542869411,-0.1644542970258902,-0.18209876543209869
500924,20154,1010,BiteRush,BiteRush Delivery,food_delivery,native,de,food-closeup,fast,Get offer,Dinner in minutes,Late-night deals available,purple,adventurous,order,combo,35-44,iOS,2026-01-14,assets/creative_500924.png,stable,0.23824833702882484,not_top,Review,783.0,0.13303769401330376,5.0,0.3333333333333333,113.0,0.29559748427672955,233.0,0.08661417322834646,47.0,0.09803921568627451,0.2385802469135802,1.8102944031477115,0.3064785360688613,0.0037182702799998,0.0824250291102754,44761.41,14089078,81031.33,,0,-0.7900861964615041,-0.0758578033381229,True,False,0.12084257206208426,0.33813747228381374,0.28159645232815966,0.3946784922394678,0.1917960088691796,0.045914333267430774,-0.11439989477831886,-0.2375
500995,20165,1021,RouteBloom,RouteBloom Getaway,travel,banner,ja,destination,book now,Watch now,Fly smarter,Flexible booking options,orange,premium,booking,wanderlust,45-54,Both,2026-01-21,assets/creative_500995.png,stable,0.23586474501108648,not_top,Review,784.0,0.1319290465631929,6.0,0.16666666666666666,145.0,0.006896551724137931,92.0,0.45180722891566266,6.0,0.16666666666666666,0.2530864197530864,4.087122244097872,0.1612180839658631,0.0033584402293013,0.0480038568378521,73887.33,12970009,301986.55,,0,-0.6517161232665853,0.0199701937406855,True,False,0.1352549889135255,0.688470066518847,0.011086474501108648,0.026607538802660754,0.09534368070953436,-1.1022987034350908,-0.17099283424055847,-0.11867283950617291
500008,20001,1001,VantaStyle,VantaStyle Drops,ecommerce,native,es,combo,limited offer,Install now,Flash sale live,Only this weekend,teal,playful,purchase,testimonial,45-54,Android,2026-01-28,assets/creative_500008.png,stable,0.234589800443459,not_top,Review,785.0,0.13082039911308205,2.0,0.8333333333333334,88.0,0.35555555555555557,234.0,0.08267716535433071,42.0,0.19607843137254902,0.2496913580246913,2.642289116341278,0.1989780403009406,0.0035884980352741,0.0554488363502031,21533.2,7543546,56896.94,,0,-0.7988159231274188,-0.1870760272515931,True,False,0.13414634146341464,0.6053215077605322,0.038802660753880266,0.1385809312638581,0.15964523281596452,0.13377434214189288,-0.10511502045097634,-0.15648148148148153
500071,20011,1011,FluxStream,FluxStream Play,entertainment,native,fr,ugc,watch now,Watch now,Stream the hype,New hits every week,purple,premium,signup,trailer,45-54,Both,2026-01-06,assets/creative_500071.png,underperformer,0.23364745011086474,not_top,Review,786.0,0.12971175166297116,6.0,0.16666666666666666,147.0,0.1411764705882353,235.0,0.07874015748031496,45.0,0.13725490196078433,0.2169753086419753,1.6147991130235102,0.3271910162562273,0.0035765282566443,0.0914828550979243,38792.46,8594368,62642.03,,0,-0.7547477230875936,-0.0323321456407972,True,False,0.10310421286031042,0.2394678492239468,0.34811529933481156,0.5509977827050998,0.15631929046563192,-0.07463268249575616,-0.11479596164869321,-0.18827160493827147
500931,20155,1011,FluxStream,FluxStream Now,entertainment,interstitial,ja,drama,exclusive,Start now,Exclusive tonight,New hits every week,black,premium,signup,ugc,25-34,iOS,2026-01-29,assets/creative_500931.png,stable,0.2333148558758315,not_top,Review,787.0,0.1286031042128603,3.0,0.6666666666666666,148.0,0.13529411764705881,262.0,0.08098591549295775,55.0,0.18181818181818182,0.2416666666666667,1.261931102731101,0.3624477337994112,0.0040085791327033,0.0904180064308681,48666.08,7758360,61413.24,,0,-0.8019568802442845,-0.0936159333532874,True,False,0.12527716186252771,0.1130820399113082,0.4434589800443459,0.524390243902439,0.27605321507760533,-0.1728211633091059,-0.07953924410550933,-0.2246913580246913
500836,20139,1031,CrispBox,CrispBox Outlet,ecommerce,native,en,product-focus,late-night,Learn more,Up to 40% off,Free shipping over $25,black,trustworthy,purchase,product-focus,18-24,Both,2026-01-23,assets/creative_500836.png,stable,0.23209534368070953,not_top,Review,788.0,0.12749445676274945,5.0,0.3333333333333333,89.0,0.34814814814814815,236.0,0.07480314960629922,43.0,0.17647058823529413,0.2404320987654321,1.980329606242937,0.2749145271868293,0.0038225860415701,0.0719184667649509,44102.32,8162537,87337.13,,0,-0.7257461960302953,0.0133009686539493,True,False,0.12305986696230599,0.4212860310421286,0.1762749445676275,0.3170731707317073,0.21175166297117518,-0.39269211138499305,-0.02917853356508765,-0.16574074074074074
500029,20004,1004,SnapMeal,SnapMeal Bites,food_delivery,banner,it,combo,fast,Get offer,2-for-1 tonight,Free delivery over $15,purple,playful,order,discount,25-34,iOS,2026-01-16,assets/creative_500029.png,stable,0.23198447893569843,not_top,Review,789.0,0.12638580931263857,3.0,0.5,114.0,0.2893081761006289,93.0,0.4457831325301205,19.0,0.6727272727272727,0.2435185185185185,1.4724911182311624,0.3406567358662215,0.0039946885357918,0.085277420958853,25811.3,6041272,38006.91,,0,-0.751435628893216,0.1347588122051419,True,False,0.12749445676274945,0.17960088691796008,0.39578713968957874,0.43458980044345896,0.26940133037694014,-0.29793501999228833,-0.0802216949809586,0.005555555555555591
500996,20166,1022,CraveLoop,CraveLoop Go,food_delivery,banner,en,fantasy,late-night,Claim reward,Hungry? We got you,Fresh favorites nearby,orange,urgent,order,combo,45-54,iOS,2026-01-21,assets/creative_500996.png,stable,0.2299889135254989,not_top,Review,790.0,0.12527716186252771,3.0,0.3333333333333333,115.0,0.2830188679245283,94.0,0.4397590361445783,20.0,0.6545454545454545,0.254320987654321,1.4522872646018694,0.3390493046995279,0.0041636252207003,0.0814312736443884,34133.13,7618361,49571.11,,0,-0.7142179037412211,0.0765335815372012,True,False,0.13636363636363635,0.1729490022172949,0.39356984478935697,0.3780487804878049,0.3137472283813747,-0.7492263994586752,-0.08182912614765225,0.01635802469135808
500932,20155,1011,FluxStream,FluxStream Now,entertainment,native,fr,ugc,2-for-1,Claim reward,A new season drops,Cancel anytime,orange,urgent,signup,ugc,25-34,iOS,2026-01-19,assets/creative_500932.png,underperformer,0.22915742793791574,not_top,Review,791.0,0.12416851441241686,4.0,0.5,149.0,0.12941176470588237,237.0,0.07086614173228346,46.0,0.11764705882352941,0.195679012345679,1.5124407536562745,0.3327750930224781,0.0034302405976575,0.0970121726300258,54929.55,11064530,83077.69,,0,-0.7497467102741293,-0.0534136736516436,True,False,0.09201773835920177,0.19290465631929046,0.36807095343680707,0.6485587583148559,0.1130820399113082,0.0776884876160675,-0.10921188488244243,-0.20956790123456778
500316,20052,1016,FreshDash,FreshDash Eats,food_delivery,banner,fr,food-closeup,fast,Install now,"Fast food, fast",Free delivery over $15,yellow,trustworthy,order,urgency,45-54,Both,2026-01-15,assets/creative_500316.png,stable,0.2285476718403548,not_top,Review,792.0,0.12305986696230599,5.0,0.3333333333333333,116.0,0.27672955974842767,95.0,0.43373493975903615,21.0,0.6363636363636364,0.2422839506172839,1.66210342419756,0.3167992020357499,0.003950116310264,0.0801999680901983,33697.53,9520226,56008.78,,0,-0.7789644460196266,-0.0435823507001114,True,False,0.12638580931263857,0.2638580931263858,0.311529933481153,0.369179600886918,0.25609756097560976,-0.12045095178098397,-0.10407922881143022,0.004320987654320985
500224,20037,1001,VantaStyle,VantaStyle Market,ecommerce,native,ja,discount,trending,Order now,Flash sale live,Only this weekend,white,playful,purchase,testimonial,45-54,Both,2026-02-04,assets/creative_500224.png,stable,0.2279933481152993,not_top,Review,793.0,0.12195121951219512,2.0,0.8333333333333334,90.0,0.34074074074074073,238.0,0.06692913385826772,44.0,0.1568627450980392,0.266358024691358,1.83458872671126,0.2801600098189413,0.004375204724769,0.0640335772707705,38017.3,6371359,69746.11,,0,-0.7977372037720825,-0.0202188135686403,True,False,0.14634146341463414,0.34700665188470065,0.19623059866962306,0.25388026607538805,0.3614190687361419,0.3607181423913066,-0.023933050932975652,-0.13981481481481484
500010,20001,1001,VantaStyle,VantaStyle Drops,ecommerce,native,es,fantasy,free shipping,Watch now,Limited stock,Shop bestsellers now,orange,premium,purchase,testimonial,45-54,Android,2026-01-24,assets/creative_500010.png,stable,0.2270509977827051,not_top,Review,794.0,0.12084257206208426,3.0,0.6666666666666666,91.0,0.3333333333333333,239.0,0.06299212598425197,45.0,0.13725490196078433,0.2487654320987654,2.588338237265342,0.1930181648499495,0.0036336415737248,0.0531197590443919,22753.85,8040694,58894.66,,0,-0.7900245156678192,-0.2063388622528407,True,False,0.13303769401330376,0.5975609756097561,0.031042128603104215,0.09645232815964523,0.17184035476718404,0.07982346306595689,-0.11107489590196745,-0.15740740740740744
500405,20067,1031,CrispBox,CrispBox Club,ecommerce,interstitial,es,discount,late-night,Claim reward,Limited stock,Free shipping over $25,black,premium,purchase,ugc,18-24,iOS,2026-01-09,assets/creative_500405.png,stable,0.2257760532150776,not_top,Review,795.0,0.1197339246119734,5.0,0.2,92.0,0.32592592592592595,263.0,0.07746478873239436,27.0,0.1875,0.2679012345679012,1.9336819273549823,0.2621801154369551,0.0043771991940047,0.0598967750419145,35481.58,6949421,68610.09,,0,-0.7843066589213845,-0.0644077894031351,True,False,0.14745011086474502,0.3991130820399113,0.1419068736141907,0.20509977827050999,0.3625277161862528,-1.1201473823394748,-0.04191294531496187,-0.23395061728395067
500693,20115,1007,ThreadMark,ThreadMark Market,ecommerce,native,en,discount,late-night,Learn more,Up to 40% off,Only this weekend,white,calm,purchase,discount,45-54,Android,2026-01-14,assets/creative_500693.png,stable,0.2252771618625277,not_top,Review,796.0,0.11862527716186252,4.0,0.5,93.0,0.31851851851851853,240.0,0.05905511811023622,46.0,0.11764705882352941,0.2277777777777777,2.3981410338039706,0.2147638120171418,0.0034848467610328,0.0616279069767441,44211.67,12832702,106025.82,,0,-0.7023897312161427,-0.1172015557993416,True,False,0.11529933481152993,0.5509977827050998,0.06319290465631928,0.22505543237250555,0.12527716186252771,0.09844860491260077,-0.08932924873477516,-0.17839506172839514
501039,20173,1029,BingeLayer,BingeLayer Play,entertainment,native,de,drama,late-night,Install now,Stream the hype,New hits every week,purple,trustworthy,signup,celebrity,45-54,Both,2026-01-08,assets/creative_501039.png,stable,0.22311529933481158,not_top,Review,797.0,0.11751662971175167,5.0,0.2,150.0,0.12352941176470589,241.0,0.05511811023622047,47.0,0.09803921568627451,0.2253086419753086,1.5935682626303316,0.3246642271824616,0.0037893631168462,0.0856777820365401,47365.74,10327593,75480.54,,0,-0.6981657118558249,-0.1816302219911536,True,False,0.10975609756097561,0.22838137472283815,0.3392461197339246,0.43902439024390244,0.2073170731707317,-0.19105819126201284,-0.11732275072245896,-0.1799382716049382
501051,20175,1031,CrispBox,CrispBox Shop,ecommerce,banner,es,product-focus,new collection,Try for free,Limited stock,Free shipping over $25,purple,adventurous,purchase,ugc,45-54,Both,2026-01-21,assets/creative_501051.png,stable,0.22245011086474503,not_top,Review,798.0,0.1164079822616408,3.0,0.3333333333333333,94.0,0.3111111111111111,96.0,0.42771084337349397,8.0,0.8205128205128205,0.2811728395061728,1.916228745752896,0.2525010591844598,0.004632521540299,0.0545061813502458,24034.02,4697010,46054.68,,0,-0.7668514737379937,-0.006755550264865,True,False,0.164079822616408,0.39135254988913526,0.12638580931263857,0.12416851441241686,0.42572062084257206,-0.4702254410986335,-0.051592001567457135,0.09490740740740738
500225,20037,1001,VantaStyle,VantaStyle Market,ecommerce,interstitial,en,minimalist,late-night,Try for free,Up to 40% off,Shop bestsellers now,orange,trustworthy,purchase,testimonial,45-54,Both,2026-01-26,assets/creative_500225.png,stable,0.22195121951219512,not_top,Review,799.0,0.11529933481152993,3.0,0.6666666666666666,95.0,0.3037037037037037,264.0,0.07394366197183098,28.0,0.15625,0.2932098765432099,1.5622892230490972,0.2995346603846583,0.005002630246922,0.0598754346413969,38707.98,5231448,60473.06,,0,-0.823411466143785,-0.0700022107889115,True,False,0.17738359201773837,0.2139689578713969,0.2549889135254989,0.20288248337028825,0.524390243902439,0.0884186387291439,-0.00455840036725863,-0.20864197530864198
500172,20028,1028,QuickFork,QuickFork Kitchen,food_delivery,native,es,food-closeup,2-for-1,Try for free,Hungry? We got you,Free delivery over $15,lime,premium,order,combo,25-34,Both,2026-01-20,assets/creative_500172.png,underperformer,0.22161862527716186,not_top,Review,800.0,0.11419068736141907,2.0,0.8333333333333334,117.0,0.27044025157232704,242.0,0.051181102362204724,48.0,0.0784313725490196,0.2166666666666666,1.2711869521266164,0.3519801949273527,0.0037936978006163,0.0927802406586447,42418.56,8324332,53921.92,,0,-0.7943931495127032,-0.0435283159392517,True,False,0.10199556541019955,0.11529933481152993,0.4223946784922395,0.5709534368070953,0.20842572062084258,0.10553663999704144,-0.06889823591982741,-0.25941358024691363
501033,20172,1028,QuickFork,QuickFork Kitchen,food_delivery,banner,it,combo,free delivery,Try for free,"Your cravings, delivered",Late-night deals available,purple,calm,order,food-closeup,25-34,iOS,2026-01-22,assets/creative_501033.png,stable,0.22078713968957872,not_top,Review,801.0,0.1130820399113082,3.0,0.6666666666666666,118.0,0.2641509433962264,97.0,0.42168674698795183,22.0,0.6181818181818182,0.2379629629629629,1.9179346693617976,0.2686813814604674,0.0039337631931154,0.0683013613861386,16988.66,6572841,32583.14,,0,-0.7722057221819595,-0.0630490153801925,True,False,0.1197339246119734,0.39356984478935697,0.1629711751662971,0.29490022172949004,0.24833702882483372,0.002964212673646882,-0.15219704938671275,0.0
500460,20076,1004,SnapMeal,SnapMeal Go,food_delivery,native,fr,food-closeup,free delivery,Order now,"Your cravings, delivered",Fresh favorites nearby,yellow,calm,order,combo,45-54,Android,2026-01-18,assets/creative_500460.png,underperformer,0.22045454545454546,not_top,Review,802.0,0.11197339246119734,5.0,0.3333333333333333,119.0,0.2578616352201258,243.0,0.047244094488188976,49.0,0.058823529411764705,0.2179012345679012,1.596067471551134,0.3216849697808691,0.0037074885201066,0.0867662753468516,27676.85,7581952,44174.12,,0,-0.7835367515390255,-0.1162549535202399,True,False,0.10421286031042129,0.23170731707317074,0.32926829268292684,0.4556541019955654,0.188470066518847,-0.41046609507521015,-0.09919346106631105,-0.25817901234567897
500027,20004,1004,SnapMeal,SnapMeal Bites,food_delivery,banner,it,food-closeup,free shipping,Learn more,Dinner in minutes,Fresh favorites nearby,yellow,urgent,order,discount,25-34,iOS,2026-01-18,assets/creative_500027.png,stable,0.21917960088691796,not_top,Review,803.0,0.11086474501108648,4.0,0.25,120.0,0.25157232704402516,98.0,0.41566265060240964,23.0,0.6,0.2700617283950617,1.3782703782442098,0.3264682679557547,0.0046502845057656,0.0702039343078866,20635.61,4766160,28441.45,,0,-0.782373011232669,0.0080825926382439,True,False,0.15133037694013304,0.14855875831485588,0.3458980044345898,0.3070953436807095,0.43237250554323725,-0.3921557599792409,-0.09441016289142545,0.0320987654320988
500710,20118,1010,BiteRush,BiteRush Bites,food_delivery,banner,es,combo,exclusive,Try for free,2-for-1 tonight,Late-night deals available,blue,trustworthy,order,combo,25-34,Both,2026-01-13,assets/creative_500710.png,stable,0.21757206208425722,not_top,Review,804.0,0.10975609756097561,6.0,0.16666666666666666,121.0,0.24528301886792453,99.0,0.40963855421686746,24.0,0.5818181818181818,0.2367283950617284,1.773854084782922,0.2883715434960878,0.0039924993534971,0.0722283256585867,31714.17,10715343,56256.31,,0,-0.7953010919247306,0.1942690783870846,True,False,0.11862527716186252,0.3215077605321508,0.22062084257206208,0.32261640798226165,0.26718403547671843,-0.4120042796930963,-0.13250688735109234,-0.0012345679012344957
501036,20172,1028,QuickFork,QuickFork Kitchen,food_delivery,banner,it,urgency,2-for-1,Claim reward,Hungry? We got you,Late-night deals available,blue,urgent,order,food-closeup,25-34,iOS,2026-01-16,assets/creative_501036.png,stable,0.21524390243902441,not_top,Review,805.0,0.10864745011086474,4.0,0.5,122.0,0.2389937106918239,100.0,0.4036144578313253,25.0,0.5636363636363636,0.2271604938271605,1.912006244014504,0.2664006753540525,0.003866352354806,0.0689023272860546,21729.61,8468447,41547.15,,0,-0.7918370378151806,-0.0462353011252639,True,False,0.11419068736141907,0.3902439024390244,0.1541019955654102,0.29933481152993346,0.22505543237250555,-0.00296421267364666,-0.15447775549312764,-0.010802469135802406
500285,20047,1011,FluxStream,FluxStream Stream,entertainment,interstitial,es,feature-focus,exclusive,Order now,Exclusive tonight,New hits every week,lime,adventurous,install,drama,45-54,Both,2026-02-01,assets/creative_500285.png,underperformer,0.21402439024390243,not_top,Review,806.0,0.10753880266075388,3.0,0.6666666666666666,151.0,0.11764705882352941,265.0,0.07042253521126761,56.0,0.16666666666666666,0.207716049382716,1.4605468973914917,0.3312221694255418,0.0036889528075526,0.0897875865333412,46055.44,9163034,67266.13,,0,-0.7941745112146226,-0.2104697555124033,True,False,0.0942350332594235,0.17738359201773837,0.35920177383592017,0.5099778270509978,0.18292682926829268,0.02834161014883363,-0.11076480847937875,-0.25864197530864197
500641,20106,1034,PlateSprint,PlateSprint Go,food_delivery,interstitial,fr,food-closeup,book now,Start now,Hungry? We got you,Fresh favorites nearby,purple,premium,order,urgency,18-24,Both,2026-01-18,assets/creative_500641.png,underperformer,0.21324833702882484,not_top,Review,807.0,0.10643015521064302,4.0,0.5,123.0,0.23270440251572327,266.0,0.06690140845070422,39.0,0.11627906976744186,0.2089506172839506,1.1102876748626558,0.3620763502850481,0.003831394456622,0.0945024988641526,65931.03,10914825,73202.41,,0,-0.7882411239335779,-0.0038086028057811,True,False,0.0958980044345898,0.0598669623059867,0.44124168514412415,0.6086474501108647,0.21618625277161863,-0.25019010642980466,-0.05880208056213204,-0.2712962962962963
500890,20148,1004,SnapMeal,SnapMeal Express,food_delivery,banner,en,discount,last-minute deal,Get offer,"Your cravings, delivered",Free delivery over $15,orange,playful,order,discount,35-44,iOS,2026-01-30,assets/creative_500890.png,stable,0.21263858093126387,not_top,Review,808.0,0.10532150776053215,5.0,0.3333333333333333,124.0,0.22641509433962265,101.0,0.39759036144578314,26.0,0.5454545454545454,0.2265432098765432,1.453738781466292,0.3284381128354476,0.0039693610145646,0.082743321061078,22381.49,5337383,32536.84,,0,-0.7821770149969747,-0.1265506389567561,True,False,0.1130820399113082,0.17405764966740578,0.352549889135255,0.4024390243902439,0.26274944567627495,-0.13716894667934154,-0.09244031801173253,-0.01141975308641971
500191,20031,1031,CrispBox,CrispBox Shop,ecommerce,native,en,ugc,free shipping,Start now,New collection drop,Only this weekend,teal,adventurous,purchase,discount,25-34,Android,2026-01-20,assets/creative_500191.png,stable,0.21241685144124167,not_top,Review,809.0,0.10421286031042129,3.0,0.6666666666666666,96.0,0.2962962962962963,244.0,0.04330708661417323,47.0,0.09803921568627451,0.2626543209876543,1.8922461791672385,0.2528214949506371,0.0044472555352183,0.0568488797076116,28799.35,5660120,54495.46,,0,-0.7759739909887755,-0.1751649692106462,True,False,0.14301552106430154,0.37915742793791574,0.1286031042128603,0.15631929046563192,0.38137472283813745,0.09193717742622609,-0.05127156580127984,-0.14351851851851855
500801,20133,1025,LuxShelf,LuxShelf Outlet,ecommerce,banner,de,ugc,free shipping,Install now,Your next favorite pick,Free shipping over $25,blue,premium,purchase,ugc,18-24,iOS,2026-01-13,assets/creative_500801.png,stable,0.2121951219512195,not_top,Review,810.0,0.10310421286031042,6.0,0.16666666666666666,97.0,0.28888888888888886,102.0,0.39156626506024095,9.0,0.7948717948717948,0.2317901234567901,2.245710915142482,0.2160595732043287,0.0037211435184309,0.0580626821121455,28803.93,7562729,64685.3,,0,-0.7504669723918536,-0.0247943050738081,True,False,0.1164079822616408,0.5011086474501109,0.06651884700665188,0.17405764966740578,0.19290465631929046,-0.19988168466048029,-0.08803348754758825,0.0455246913580247
500623,20103,1031,CrispBox,CrispBox Club,ecommerce,banner,es,fantasy,free rewards,Shop now,New collection drop,Shop bestsellers now,lime,adventurous,purchase,ugc,25-34,Android,2026-01-22,assets/creative_500623.png,stable,0.21158536585365856,not_top,Review,811.0,0.10199556541019955,6.0,0.16666666666666666,98.0,0.2814814814814815,103.0,0.3855421686746988,10.0,0.7692307692307693,0.2549382716049382,2.441379432825642,0.1610291957343384,0.0039576230569173,0.0406883610233878,14076.8,5520738,34366.81,,0,-0.7829203866265795,0.1012949072246349,True,False,0.1385809312638581,0.5643015521064302,0.009977827050997782,0.0011086474501108647,0.25942350332594233,-0.6363356900147452,-0.14306386501757853,0.06867283950617281
500034,20005,1005,MoonScreen,MoonScreen TV,entertainment,banner,it,celebrity,trending,Install now,Exclusive tonight,Cancel anytime,blue,urgent,signup,celebrity,35-44,iOS,2026-01-16,assets/creative_500034.png,underperformer,0.21108647450110868,not_top,Review,812.0,0.1008869179600887,6.0,0.16666666666666666,152.0,0.11176470588235295,104.0,0.3795180722891566,6.0,0.5,0.1950617283950617,1.8182816302299845,0.2852570405676511,0.0033918139220723,0.0841016185207949,41286.69,11512424,75070.83,,0,-0.7169147020459166,-0.0621441420626144,True,False,0.09090909090909091,0.3425720620842572,0.21175166297117518,0.4146341463414634,0.10532150776053215,-0.1896634527923977,-0.15672993733726942,-0.045370370370370394
500441,20073,1001,VantaStyle,VantaStyle Club,ecommerce,native,en,minimalist,new collection,Claim reward,New collection drop,Free shipping over $25,blue,playful,purchase,discount,45-54,Android,2026-01-12,assets/creative_500441.png,stable,0.21080931263858094,not_top,Review,813.0,0.09977827050997783,4.0,0.5,99.0,0.2740740740740741,245.0,0.03937007874015748,48.0,0.0784313725490196,0.2567901234567901,1.93513649404406,0.2446673840310283,0.0043553244093533,0.0561766153413485,32339.14,6531316,62580.65,,0,-0.778471958465141,-0.0372708175448392,True,False,0.13968957871396895,0.40022172949002216,0.10975609756097561,0.15188470066518847,0.35476718403547675,0.13693269406533481,-0.05942567672088864,-0.14938271604938275
500928,20154,1010,BiteRush,BiteRush Delivery,food_delivery,native,de,combo,free delivery,Learn more,Hungry? We got you,Late-night deals available,purple,adventurous,order,combo,35-44,iOS,2026-01-12,assets/creative_500928.png,underperformer,0.20609756097560974,not_top,Review,814.0,0.09866962305986696,6.0,0.16666666666666666,125.0,0.22012578616352202,246.0,0.03543307086614173,50.0,0.0392156862745098,0.1919753086419753,1.71846573661285,0.2938558703447175,0.0034559545120056,0.0850288594146391,53778.25,16994726,92416.08,,0,-0.7773322526631559,-0.0383965451029658,True,False,0.08758314855875832,0.2982261640798226,0.23725055432372505,0.4312638580931264,0.11862527716186252,-0.045914333267430774,-0.12702256050246263,-0.2841049382716049
500493,20082,1010,BiteRush,BiteRush Eats,food_delivery,banner,de,reward,2-for-1,Get offer,Hungry? We got you,Free delivery over $15,black,trustworthy,order,discount,18-24,Android,2026-01-22,assets/creative_500493.png,underperformer,0.2056541019955654,not_top,Review,815.0,0.0975609756097561,3.0,0.6666666666666666,126.0,0.2138364779874214,105.0,0.37349397590361444,27.0,0.5272727272727272,0.1910493827160494,2.2021730694606134,0.2229669241650244,0.003071198742421,0.0725993147513658,32934.06,17581083,72526.5,,0,-0.7876423154480285,-0.0976872600297035,True,False,0.08314855875831485,0.49002217294900224,0.07427937915742794,0.3237250554323725,0.05321507760532151,0.06427023596943915,-0.19791150668215574,-0.0469135802469135
500534,20089,1017,PulsePlay,PulsePlay Stream,entertainment,native,es,trailer,trending,Shop now,Exclusive tonight,New hits every week,red,trustworthy,install,ugc,25-34,Android,2026-01-02,assets/creative_500534.png,underperformer,0.20509977827050999,not_top,Review,816.0,0.09645232815964523,5.0,0.3333333333333333,153.0,0.10588235294117647,247.0,0.031496062992125984,48.0,0.0784313725490196,0.1743827160493827,1.954388577327339,0.2604900139238115,0.0029825780165687,0.0873372003940024,54422.99,18380743,106363.67,,0,-0.6993017023043908,-0.10566692288478,True,False,0.07095343680709534,0.40465631929046564,0.13747228381374724,0.4623059866962306,0.036585365853658534,-0.134661262954062,-0.18149696398110904,-0.23086419753086407
500240,20040,1004,SnapMeal,SnapMeal Kitchen,food_delivery,banner,en,urgency,2-for-1,Install now,Hungry? We got you,Free delivery over $15,red,calm,order,discount,35-44,Android,2026-01-25,assets/creative_500240.png,underperformer,0.20354767184035477,not_top,Review,817.0,0.09534368070953436,4.0,0.5,127.0,0.20754716981132076,106.0,0.3674698795180723,28.0,0.509090909090909,0.2141975308641975,1.336915780778827,0.3335480638465392,0.0039082543999872,0.0853445118228806,28280.48,6286950,37808.62,,0,-0.7988766985069181,-0.0266904814147502,True,False,0.1008869179600887,0.13414634146341464,0.37028824833702884,0.4356984478935698,0.24057649667405764,-0.08417059452407738,-0.08733036700064095,-0.023765432098765416
500333,20055,1019,ZenDrop,ZenDrop Shop,ecommerce,native,it,product-focus,limited offer,Learn more,Flash sale live,Only this weekend,purple,calm,purchase,testimonial,18-24,iOS,2026-01-25,assets/creative_500333.png,stable,0.20293791574279377,not_top,Review,818.0,0.0942350332594235,3.0,0.6666666666666666,100.0,0.26666666666666666,248.0,0.027559055118110236,49.0,0.058823529411764705,0.2410493827160494,1.969307752277369,0.2362622164853402,0.0041294768994664,0.0572135944181859,25102.43,5379616,49434.41,,0,-0.8055016470879187,-0.1602388225117587,True,False,0.12416851441241686,0.41352549889135254,0.09312638580931264,0.15964523281596452,0.30598669623059865,0.06258685718478185,-0.06783084426657673,-0.16512345679012344
500605,20100,1028,QuickFork,QuickFork Kitchen,food_delivery,banner,ja,fantasy,cashback,Learn more,Dinner in minutes,Late-night deals available,red,trustworthy,order,combo,45-54,iOS,2026-01-23,assets/creative_500605.png,stable,0.2016075388026608,not_top,Review,819.0,0.09312638580931264,5.0,0.2,128.0,0.20125786163522014,107.0,0.3614457831325301,29.0,0.4909090909090909,0.2231481481481481,1.2435957432988465,0.3357298107294686,0.0040363591584305,0.0831763967357187,19552.23,3946626,24315.07,,0,-0.7970440944885377,-0.0523533240879631,True,False,0.10698447893569844,0.11086474501108648,0.38248337028824836,0.4057649667405765,0.2804878048780488,-0.23848861130516186,-0.08514862011771152,-0.014814814814814808
500103,20017,1017,PulsePlay,PulsePlay Box,entertainment,banner,ja,trailer,new season,Claim reward,Stream the hype,Cancel anytime,red,adventurous,install,trailer,25-34,iOS,2026-01-25,assets/creative_500103.png,underperformer,0.198669623059867,not_top,Review,820.0,0.09201773835920177,6.0,0.16666666666666666,154.0,0.1,108.0,0.35542168674698793,7.0,0.4,0.191358024691358,1.4939672792130436,0.3178667286213201,0.0036123815994044,0.0879936739445591,30119.08,6301383,44996.92,,0,-0.7786772416821143,0.0146109916190759,True,False,0.08481152993348115,0.18514412416851442,0.3148558758314856,0.4722838137472284,0.16518847006651885,-0.21184629452953696,-0.12412024928360044,-0.0490740740740741
500425,20070,1034,PlateSprint,PlateSprint Go,food_delivery,interstitial,en,combo,new collection,Book now,Dinner in minutes,Fresh favorites nearby,lime,trustworthy,order,combo,45-54,Both,2026-01-12,assets/creative_500425.png,underperformer,0.19711751662971175,not_top,Review,821.0,0.09090909090909091,6.0,0.16666666666666666,129.0,0.1949685534591195,267.0,0.06338028169014084,40.0,0.09302325581395349,0.1808641975308641,0.9980064568416358,0.3514364844069861,0.0035993393307002,0.0976391643348094,67196.94,10226599,67062.98,,0,-0.7805526205194305,-0.0724337310916081,True,False,0.07594235033259424,0.03436807095343681,0.4212860310421286,0.6574279379157428,0.1629711751662971,-0.22117780974934176,-0.06944194644019402,-0.2993827160493828
500872,20145,1001,VantaStyle,VantaStyle Shop,ecommerce,banner,de,ugc,before/after,Book now,New collection drop,Only this weekend,pink,excited,purchase,testimonial,18-24,Android,2026-02-02,assets/creative_500872.png,stable,0.19212860310421287,not_top,Review,822.0,0.08980044345898004,5.0,0.2,101.0,0.25925925925925924,109.0,0.3493975903614458,11.0,0.7435897435897436,0.2200617283950617,2.030308424963475,0.2181122675072383,0.0038931634666059,0.0560244308717379,19828.81,4626058,40258.6,,0,-0.7861382376706884,-0.0293307429639213,True,False,0.10532150776053215,0.4379157427937916,0.06984478935698447,0.15077605321507762,0.229490022172949,-0.1618753795618586,-0.08598079324467864,0.033796296296296297
500856,20142,1034,PlateSprint,PlateSprint Go,food_delivery,banner,fr,urgency,fast,Get offer,2-for-1 tonight,Late-night deals available,yellow,urgent,order,combo,45-54,Android,2026-01-23,assets/creative_500856.png,underperformer,0.18863636363636366,not_top,Review,823.0,0.08869179600886919,5.0,0.3333333333333333,130.0,0.18867924528301888,110.0,0.3433734939759036,30.0,0.4727272727272727,0.1864197530864197,1.9730857676050235,0.2306359488571611,0.0034580096718512,0.0666961549398123,19612.3,9152953,38696.75,,0,-0.7984725953963601,-0.0632577691079778,True,False,0.08093126385809313,0.417960088691796,0.08647450110864745,0.28492239467849223,0.1197339246119734,-0.4769597610854912,-0.19024248199001903,-0.051543209876543206
500457,20076,1004,SnapMeal,SnapMeal Go,food_delivery,banner,it,food-closeup,free delivery,Start now,Hungry? We got you,Fresh favorites nearby,lime,premium,order,combo,45-54,Android,2026-01-16,assets/creative_500457.png,underperformer,0.18691796008869183,not_top,Review,824.0,0.08758314855875832,6.0,0.16666666666666666,131.0,0.18238993710691823,111.0,0.3373493975903614,31.0,0.45454545454545453,0.2117283950617283,1.6171565738827345,0.2838478920417679,0.0040233875657867,0.0705494778717056,26320.29,7997241,42564.03,,0,-0.7664798569460065,-0.0726592672396677,True,False,0.09977827050997783,0.24279379157427938,0.2073170731707317,0.3093126385809313,0.27827050997782704,-0.3893769927436097,-0.13703053880541222,-0.0262345679012346
500009,20001,1001,VantaStyle,VantaStyle Drops,ecommerce,banner,en,discount,free shipping,Shop now,Limited stock,Free shipping over $25,purple,urgent,purchase,testimonial,45-54,Android,2026-01-29,assets/creative_500009.png,underperformer,0.18564301552106433,not_top,Review,825.0,0.08647450110864745,4.0,0.5,102.0,0.2518518518518518,112.0,0.3313253012048193,12.0,0.717948717948718,0.1925925925925926,2.428691311133428,0.1562794042843381,0.0030358031224205,0.0514787678852276,21926.22,8587184,53252.02,,0,-0.7493751901816303,-0.1464951775756916,True,False,0.08869179600886919,0.5587583148558758,0.0066518847006651885,0.06762749445676275,0.04767184035476718,-0.07982346306595689,-0.14781365646757885,0.0063271604938272
501006,20167,1023,NeonCast,NeonCast Now,entertainment,interstitial,en,ugc,save smarter,Order now,Exclusive tonight,Cancel anytime,blue,premium,signup,trailer,35-44,Both,2026-01-11,assets/creative_501006.png,underperformer,0.18281596452328164,not_top,Review,826.0,0.08536585365853659,6.0,0.16666666666666666,155.0,0.09411764705882353,268.0,0.05985915492957746,57.0,0.15151515151515152,0.1833333333333333,1.4757836333940286,0.3063691930966448,0.0036676002674499,0.0835339651967208,42117.59,8946722,62156.45,,0,-0.7749471568453737,-0.0979861320420377,True,False,0.0787139689578714,0.18181818181818182,0.2804878048780488,0.4090909090909091,0.17738359201773837,-0.4684383609692908,-0.13561778480827574,-0.2830246913580247
500752,20125,1017,PulsePlay,PulsePlay Now,entertainment,banner,it,celebrity,trending,Book now,Binge starts now,Cancel anytime,purple,excited,signup,trailer,18-24,Android,2026-01-23,assets/creative_500752.png,underperformer,0.18270509977827049,not_top,Review,827.0,0.08425720620842572,5.0,0.3333333333333333,156.0,0.08823529411764706,113.0,0.3253012048192771,8.0,0.3,0.1682098765432098,1.904645859962257,0.2440703382686899,0.0031522579300988,0.0774271470421956,35667.67,12344802,67934.28,,0,-0.7594507362669057,-0.0282759486392478,True,False,0.06596452328159645,0.3869179600886918,0.10421286031042129,0.352549889135255,0.06984478935698447,-0.039380544183677424,-0.19791663963623063,-0.0722222222222223
500286,20047,1011,FluxStream,FluxStream Stream,entertainment,native,fr,trailer,exclusive,Book now,Binge starts now,Cancel anytime,purple,adventurous,install,drama,45-54,Both,2026-01-22,assets/creative_500286.png,underperformer,0.18259423503325942,not_top,Review,828.0,0.08314855875831485,4.0,0.5,157.0,0.08235294117647059,249.0,0.023622047244094488,49.0,0.058823529411764705,0.1478395061728395,1.5955802741972134,0.287621928398658,0.00309404067289,0.0929599700866241,62842.36,15558619,100270.03,,0,-0.7560037876727533,-0.1311743921605981,True,False,0.052106430155210645,0.23059866962305986,0.21840354767184036,0.5753880266075388,0.057649667405764965,0.16337498695455532,-0.1543650495062625,-0.2574074074074073
500930,20155,1011,FluxStream,FluxStream Now,entertainment,native,fr,testimonial,exclusive,Learn more,Stream the hype,New hits every week,blue,urgent,signup,ugc,25-34,iOS,2026-01-18,assets/creative_500930.png,underperformer,0.18248337028824832,not_top,Review,829.0,0.082039911308204,5.0,0.3333333333333333,158.0,0.07647058823529412,250.0,0.01968503937007874,50.0,0.0392156862745098,0.1429012345679012,1.3570637784241395,0.3084165046273259,0.0031405488827835,0.0982046502501717,64844.97,12982444,87998.76,,0,-0.7096992129258619,-0.0188680860818601,True,False,0.048226164079822616,0.1419068736141907,0.2893569844789357,0.6651884700665188,0.06651884700665188,-0.0776884876160675,-0.13357047327759464,-0.2623456790123456
500537,20089,1017,PulsePlay,PulsePlay Stream,entertainment,interstitial,es,ugc,exclusive,Order now,Watch what’s trending,Start free today,blue,playful,install,ugc,25-34,Android,2026-01-06,assets/creative_500537.png,underperformer,0.1823170731707317,not_top,Review,830.0,0.08093126385809313,6.0,0.16666666666666666,159.0,0.07058823529411765,269.0,0.056338028169014086,58.0,0.13636363636363635,0.1669753086419753,1.7371886629106024,0.2753689065563103,0.0032887668690242,0.0837301388401583,44124.2,12132815,76652.06,,0,-0.7977714272697571,-0.1441110279644735,True,False,0.06263858093126386,0.30598669623059865,0.17738359201773837,0.4113082039911308,0.08314855875831485,-0.3518611773707987,-0.16661807134861023,-0.2993827160493827
500287,20047,1011,FluxStream,FluxStream Stream,entertainment,interstitial,fr,competitive,exclusive,Learn more,Exclusive tonight,New hits every week,black,excited,install,drama,45-54,Both,2026-01-26,assets/creative_500287.png,underperformer,0.18154101995565414,not_top,Review,831.0,0.07982261640798226,5.0,0.3333333333333333,160.0,0.06470588235294118,270.0,0.0528169014084507,59.0,0.12121212121212122,0.1722222222222222,1.4038636770938244,0.3117524838778646,0.0035259461760981,0.0884166882612075,55464.78,10944580,77864.99,,0,-0.7990879612245949,-0.0982305293019815,True,False,0.06762749445676275,0.15631929046563192,0.30155210643015523,0.4789356984478936,0.14412416851441243,-0.02834161014883363,-0.13023449402705595,-0.29413580246913584
500495,20082,1010,BiteRush,BiteRush Eats,food_delivery,banner,es,food-closeup,2-for-1,Learn more,Dinner in minutes,Late-night deals available,black,calm,order,discount,18-24,Android,2026-01-16,assets/creative_500495.png,underperformer,0.1793791574279379,not_top,Review,832.0,0.0787139689578714,4.0,0.5,132.0,0.1761006289308176,114.0,0.3192771084337349,32.0,0.43636363636363634,0.1666666666666666,2.0736325975217347,0.2094266000463555,0.0030109541782523,0.0695548944447622,43418.27,23220546,90033.54,,0,-0.7130951951774132,-0.0734892141265075,True,False,0.06097560975609756,0.4490022172949002,0.050997782705099776,0.3026607538802661,0.045454545454545456,-0.06427023596943959,-0.21145183080082464,-0.0712962962962963
500933,20155,1011,FluxStream,FluxStream Now,entertainment,interstitial,ja,drama,trending,Get offer,Stream the hype,New hits every week,lime,playful,signup,ugc,25-34,iOS,2026-01-19,assets/creative_500933.png,underperformer,0.17904656319290466,not_top,Review,833.0,0.07760532150776053,6.0,0.16666666666666666,161.0,0.058823529411764705,271.0,0.04929577464788732,60.0,0.10606060606060606,0.1731481481481481,1.1698157709003911,0.327435610119303,0.0036310106144306,0.0901775414310233,61520.14,9788184,71967.23,,0,-0.7651326462922174,-0.1343644646881979,True,False,0.06984478935698447,0.082039911308204,0.35033259423503327,0.5199556541019955,0.17073170731707318,-0.2649364951398159,-0.11455136778561753,-0.2932098765432099
500078,20013,1013,BoltCart,BoltCart Drops,ecommerce,banner,pt,product-focus,before/after,Get offer,Flash sale live,Shop bestsellers now,purple,calm,purchase,ugc,18-24,Android,2026-01-27,assets/creative_500078.png,underperformer,0.17533259423503322,not_top,Review,834.0,0.07649667405764966,5.0,0.3333333333333333,103.0,0.24444444444444444,115.0,0.3132530120481928,13.0,0.6923076923076923,0.1854938271604938,2.3402753971769106,0.1569292444867772,0.003070978016855,0.0511007384701128,25174.55,9348162,58915.38,,0,-0.7481275437728885,0.0352857050138291,True,False,0.07982261640798226,0.532150776053215,0.007760532150776054,0.06208425720620843,0.052106430155210645,-0.4702976039078881,-0.14716381626513975,-0.0007716049382715806
500079,20013,1013,BoltCart,BoltCart Drops,ecommerce,banner,de,reward,before/after,Book now,Your next favorite pick,Free shipping over $25,white,trustworthy,purchase,ugc,18-24,Android,2026-01-25,assets/creative_500079.png,underperformer,0.17228381374722837,not_top,Review,835.0,0.07538802660753881,6.0,0.16666666666666666,104.0,0.23703703703703705,116.0,0.3072289156626506,14.0,0.6666666666666666,0.1935185185185185,2.257436047448962,0.1615656591330674,0.0034129046469926,0.047339634664401,30082.85,11035761,67910.11,,0,-0.7283954391944827,-0.0667376851449799,True,False,0.08980044345898004,0.5055432372505543,0.012195121951219513,0.02106430155210643,0.10864745011086474,-0.5531369536358368,-0.14252740161884955,0.007253086419753113
500852,20142,1034,PlateSprint,PlateSprint Go,food_delivery,banner,es,discount,late-night,Order now,"Fast food, fast",Late-night deals available,orange,excited,order,combo,45-54,Android,2026-01-19,assets/creative_500852.png,underperformer,0.17200665188470066,not_top,Review,836.0,0.07427937915742794,6.0,0.16666666666666666,133.0,0.16981132075471697,117.0,0.30120481927710846,33.0,0.41818181818181815,0.1611111111111111,1.8930266324980656,0.2327547434909841,0.003166437176974,0.0735068250156834,31350.42,14599058,59347.18,,0,-0.6365351658134532,-0.1628878350700203,True,False,0.0565410199556541,0.3802660753880266,0.08869179600886919,0.3303769401330377,0.07095343680709534,-0.5570188961924492,-0.18812368735619603,-0.07685185185185181
500837,20139,1031,CrispBox,CrispBox Outlet,ecommerce,banner,en,discount,save smarter,Get offer,Flash sale live,Only this weekend,red,premium,purchase,product-focus,18-24,Both,2026-01-27,assets/creative_500837.png,underperformer,0.17156319290465633,not_top,Review,837.0,0.07317073170731707,6.0,0.16666666666666666,105.0,0.22962962962962963,118.0,0.29518072289156627,15.0,0.6410256410256411,0.2067901234567901,1.8257563498137217,0.2312070131429933,0.0039987705983599,0.0578195241401995,33307.67,6842353,60811.69,,0,-0.7807952227944622,0.0029126660198721,True,False,0.09312638580931264,0.34478935698447893,0.08758314855875832,0.1696230598669623,0.2727272727272727,-0.5472653678142083,-0.07288604760892364,0.020524691358024705
500719,20119,1011,FluxStream,FluxStream Box,entertainment,interstitial,es,trailer,late-night,Try for free,A new season drops,Cancel anytime,blue,playful,signup,celebrity,35-44,Android,2026-02-02,assets/creative_500719.png,underperformer,0.17023281596452328,not_top,Review,838.0,0.07206208425720621,5.0,0.3333333333333333,162.0,0.052941176470588235,272.0,0.045774647887323945,61.0,0.09090909090909091,0.1669753086419753,1.6711743240376116,0.2759035032208032,0.0034836518426181,0.0791995054860145,41618.07,11145201,69551.05,,0,-0.7922422146024665,-0.0347577560193937,True,False,0.06263858093126386,0.26718403547671843,0.17849223946784923,0.3647450110864745,0.12416851441241686,-0.06867642940616392,-0.16608347468411733,-0.2993827160493827
500946,20157,1013,BoltCart,BoltCart Club,ecommerce,interstitial,en,testimonial,free shipping,Watch now,Limited stock,Only this weekend,lime,trustworthy,purchase,discount,45-54,Android,2026-01-21,assets/creative_500946.png,stable,0.1684589800443459,not_top,Review,839.0,0.07095343680709534,3.0,0.6666666666666666,106.0,0.2222222222222222,273.0,0.04225352112676056,29.0,0.125,0.2259259259259259,1.553420265381233,0.2680793195023986,0.0045305776811882,0.059171112022979,36466.03,5379005,56647.07,,0,-0.8125547003637278,0.0863841124724267,True,False,0.11141906873614191,0.20953436807095344,0.15853658536585366,0.19290465631929046,0.41019955654101997,-0.08115125217648189,-0.03601374124951834,-0.275925925925926
500819,20136,1028,QuickFork,QuickFork Eats,food_delivery,banner,ja,discount,free delivery,Install now,Dinner in minutes,Free delivery over $15,blue,urgent,order,food-closeup,45-54,iOS,2026-01-20,assets/creative_500819.png,underperformer,0.16834811529933483,not_top,Review,840.0,0.06984478935698447,5.0,0.3333333333333333,134.0,0.16352201257861634,119.0,0.2891566265060241,34.0,0.4,0.1830246913580246,1.2279928984410808,0.3157962585262764,0.0038665971847094,0.0816729137897021,36217.4,7865831,44474.71,,0,-0.7729555960489553,-0.0525439959810986,True,False,0.07760532150776053,0.10532150776053215,0.3082039911308204,0.3802660753880266,0.2261640798226164,-0.3811698078065082,-0.10508217232090372,-0.054938271604938305
500980,20163,1019,ZenDrop,ZenDrop Store,ecommerce,banner,en,discount,power-up,Watch now,Up to 40% off,Only this weekend,white,trustworthy,purchase,ugc,18-24,iOS,2026-01-11,assets/creative_500980.png,underperformer,0.16773835920177385,not_top,Review,841.0,0.06873614190687362,2.0,0.5,107.0,0.21481481481481482,120.0,0.28313253012048195,16.0,0.6153846153846154,0.1746913580246913,1.8975035867468129,0.2178319156918959,0.0035143549064959,0.0619834710743801,21349.43,4613649,40510.62,,0,-0.7438993982180394,-0.1203786791098348,True,False,0.07206208425720621,0.38137472283813745,0.06873614190687362,0.22838137472283815,0.13968957871396895,-0.5206803938780964,-0.08626114506002105,-0.011574074074074098
500140,20023,1023,NeonCast,NeonCast Stream,entertainment,interstitial,en,drama,exclusive,Get offer,Watch what’s trending,Cancel anytime,red,adventurous,install,drama,18-24,Android,2026-01-24,assets/creative_500140.png,underperformer,0.16541019955654102,not_top,Review,842.0,0.06762749445676275,3.0,0.6666666666666666,163.0,0.047058823529411764,274.0,0.03873239436619718,62.0,0.07575757575757576,0.1567901234567901,1.6053414634568826,0.2799617996049137,0.0033965209731507,0.0824260476581758,69276.52,17198775,111212.47,,0,-0.7510368665706558,-0.0643595649173853,True,False,0.05543237250554324,0.23725055432372505,0.1951219512195122,0.39578713968957874,0.10643015521064302,0.0138119844895368,-0.16202517830000684,-0.3095679012345679
500427,20071,1035,StarVault,StarVault Play,entertainment,banner,fr,celebrity,limited offer,Get offer,Binge starts now,New hits every week,blue,calm,install,celebrity,25-34,Android,2026-01-12,assets/creative_500427.png,underperformer,0.164079822616408,not_top,Review,843.0,0.06651884700665188,6.0,0.16666666666666666,164.0,0.041176470588235294,121.0,0.27710843373493976,9.0,0.2,0.1422839506172839,1.881747463266349,0.225111906199604,0.0028516894231902,0.0789398397907471,47130.49,17160354,88687.68000000001,,0,-0.5892270971871478,0.0785866527731729,True,False,0.046008869179600884,0.3713968957871397,0.07649667405764966,0.3625277161862528,0.025498891352549888,-0.6444772479516059,-0.21687507170531653,-0.09814814814814818
500011,20001,1001,VantaStyle,VantaStyle Drops,ecommerce,interstitial,en,ugc,before/after,Start now,Flash sale live,Free shipping over $25,blue,trustworthy,purchase,testimonial,45-54,Android,2026-01-24,assets/creative_500011.png,underperformer,0.1626940133037694,not_top,Review,844.0,0.06541019955654102,5.0,0.3333333333333333,108.0,0.2074074074074074,275.0,0.035211267605633804,30.0,0.09375,0.2095679012345679,1.977829338344585,0.184429355236823,0.003980561731448,0.0463324946777627,23264.98,6490290,46014.16,,0,-0.824723754663361,-0.0906073424522184,True,False,0.0975609756097561,0.4190687361419069,0.022172949002217297,0.012195121951219513,0.26496674057649666,-0.5306854358547999,-0.11966370551509395,-0.29228395061728396
500143,20023,1023,NeonCast,NeonCast Stream,entertainment,interstitial,es,reward,new season,Try for free,Exclusive tonight,Start free today,black,premium,install,drama,18-24,Android,2026-01-26,assets/creative_500143.png,underperformer,0.16042128603104214,not_top,Review,845.0,0.06430155210643015,4.0,0.5,165.0,0.03529411764705882,276.0,0.03169014084507042,63.0,0.06060606060606061,0.15,1.5777174944778092,0.2796292609923159,0.0033894283343084,0.0825004199563245,56363.5,14050747,88925.68,,0,-0.7622869961689996,-0.1317301289108647,True,False,0.05321507760532151,0.22172949002217296,0.19290465631929046,0.3991130820399113,0.10421286031042129,-0.013811984489536577,-0.16235771691260464,-0.316358024691358
500138,20023,1023,NeonCast,NeonCast Stream,entertainment,interstitial,es,trailer,trending,Order now,Watch what’s trending,Cancel anytime,blue,excited,install,drama,18-24,Android,2026-02-01,assets/creative_500138.png,underperformer,0.1571507760532151,not_top,Review,846.0,0.06319290465631928,5.0,0.3333333333333333,166.0,0.029411764705882353,277.0,0.028169014084507043,64.0,0.045454545454545456,0.1388888888888888,1.5232494766872764,0.2820022214406147,0.0032442300786687,0.0869242361368947,57393.98,14113364,87425.35,,0,-0.7824542021317752,-0.0252663589824588,True,False,0.043237250554323724,0.19955654101995565,0.2006651884700665,0.45787139689578715,0.08093126385809313,-0.06828000228006936,-0.15998475646430582,-0.32746913580246917
500263,20043,1007,ThreadMark,ThreadMark Store,ecommerce,interstitial,fr,discount,free shipping,Start now,Up to 40% off,Free shipping over $25,black,urgent,purchase,product-focus,35-44,Both,2026-01-22,assets/creative_500263.png,underperformer,0.15526607538802661,not_top,Review,847.0,0.06208425720620843,5.0,0.2,109.0,0.2,278.0,0.02464788732394366,31.0,0.0625,0.2089506172839506,1.505380296576912,0.2656850088918064,0.0044539587212788,0.0596514304505097,22933.68,3413817,34523.91,,0,-0.820756223599584,-0.1199566757454736,True,False,0.0958980044345898,0.19068736141906872,0.15077605321507762,0.19955654101995565,0.38248337028824836,-0.5530678031186671,-0.03840805186011054,-0.2929012345679013
500567,20094,1022,CraveLoop,CraveLoop Express,food_delivery,banner,ja,destination,fast,Order now,Hungry? We got you,Free delivery over $15,orange,playful,order,food-closeup,45-54,Android,2026-01-23,assets/creative_500567.png,underperformer,0.1526607538802661,not_top,Review,848.0,0.06097560975609756,6.0,0.16666666666666666,135.0,0.15723270440251572,122.0,0.2710843373493976,35.0,0.38181818181818183,0.1808641975308641,1.2943824051260924,0.2899552936527143,0.0040395040783242,0.0717799234833303,33297.88,8152981,43100.19,,0,-0.7148336118188985,0.140653867601654,True,False,0.07594235033259424,0.12416851441241686,0.22838137472283815,0.3148558758314856,0.28159645232815966,-0.7455696001476166,-0.13092313719446586,-0.0570987654320988
500730,20121,1013,BoltCart,BoltCart Market,ecommerce,native,es,product-focus,free shipping,Watch now,Limited stock,Free shipping over $25,teal,adventurous,purchase,discount,18-24,Android,2026-01-04,assets/creative_500730.png,underperformer,0.1491130820399113,not_top,Review,849.0,0.0598669623059867,6.0,0.16666666666666666,110.0,0.1925925925925926,251.0,0.015748031496062992,50.0,0.0392156862745098,0.1916666666666666,1.8590031789083548,0.1963383083443899,0.003945866147337,0.0497579748053275,34244.46,8429328,63660.56,,0,-0.7592877394398292,-0.1167955488494907,True,False,0.08647450110864745,0.35920177383592017,0.037694013303769404,0.04434589800443459,0.2549889135254989,-0.4452352428904236,-0.10775475240752705,-0.21450617283950624
500715,20119,1011,FluxStream,FluxStream Box,entertainment,interstitial,es,destination,trending,Claim reward,Stream the hype,New hits every week,lime,playful,signup,celebrity,35-44,Android,2026-01-25,assets/creative_500715.png,underperformer,0.14733924611973395,not_top,Review,850.0,0.058758314855875834,6.0,0.16666666666666666,167.0,0.023529411764705882,279.0,0.02112676056338028,65.0,0.030303030303030304,0.1104938271604938,1.5360237881832262,0.2656367687981449,0.0029076163640393,0.0913589468278791,55795.77,14734406,85703.63,,0,-0.7463967248554321,-0.0543582305141792,True,False,0.026607538802660754,0.2017738359201774,0.14966740576496673,0.5476718403547672,0.031042128603104215,-0.20382696526054933,-0.17635020910677562,-0.3558641975308642
500695,20115,1007,ThreadMark,ThreadMark Market,ecommerce,banner,de,ugc,before/after,Install now,Up to 40% off,Only this weekend,blue,calm,purchase,discount,45-54,Android,2026-01-26,assets/creative_500695.png,underperformer,0.14534368070953435,not_top,Review,851.0,0.057649667405764965,5.0,0.3333333333333333,111.0,0.18518518518518517,123.0,0.26506024096385544,17.0,0.5897435897435898,0.1657407407407407,2.039592817683688,0.1626138209942429,0.0033131553308051,0.0490812548033256,26754.6,8640102,54568.49,,0,-0.7780545847774873,-0.1595180911606536,True,False,0.0598669623059867,0.442350332594235,0.013303769401330377,0.036585365853658534,0.08980044345898004,-0.26009961120768166,-0.14147923975767404,-0.020524691358024705
501032,20172,1028,QuickFork,QuickFork Kitchen,food_delivery,interstitial,it,food-closeup,late-night,Try for free,2-for-1 tonight,Free delivery over $15,red,calm,order,food-closeup,25-34,iOS,2026-01-07,assets/creative_501032.png,underperformer,0.1448447893569845,not_top,Review,852.0,0.0565410199556541,5.0,0.3333333333333333,136.0,0.1509433962264151,280.0,0.017605633802816902,41.0,0.06976744186046512,0.1626543209876543,1.4430886943060135,0.2774857283094007,0.0038449726279153,0.0721684535007593,40617.94,11474464,58615.29,,0,-0.7286718551526747,0.0016619317424697,True,False,0.057649667405764965,0.1696230598669623,0.18181818181818182,0.3215077605321508,0.21729490022172948,-0.4718817623821372,-0.14339270253777942,-0.3175925925925926
500494,20082,1010,BiteRush,BiteRush Eats,food_delivery,banner,es,discount,free rewards,Try for free,"Fast food, fast",Fresh favorites nearby,yellow,trustworthy,order,discount,18-24,Android,2026-01-09,assets/creative_500494.png,underperformer,0.1442350332594235,not_top,Review,853.0,0.05543237250554324,5.0,0.3333333333333333,137.0,0.14465408805031446,124.0,0.25903614457831325,36.0,0.36363636363636365,0.1228395061728395,1.884087912267272,0.183375337559232,0.0025198112593341,0.072773441613911,63718.98,33914048,120052.16,,0,-0.4772373408299529,-0.0599275345752915,True,False,0.03159645232815964,0.3780487804878049,0.02106430155210643,0.3259423503325942,0.005543237250554324,-0.25381492122390226,-0.23750309328794814,-0.11512345679012341
500672,20112,1004,SnapMeal,SnapMeal Express,food_delivery,native,pt,trust,exclusive,Shop now,Hungry? We got you,Fresh favorites nearby,yellow,trustworthy,order,combo,45-54,Both,2026-01-20,assets/creative_500672.png,underperformer,0.144179600886918,not_top,Review,854.0,0.05432372505543237,5.0,0.3333333333333333,138.0,0.13836477987421383,252.0,0.011811023622047244,51.0,0.0196078431372549,0.1160493827160493,1.3494838520635977,0.2837127847719914,0.0031180632446838,0.0909900673938253,72931.61,19082679,98420.03,,0,-0.6207031453023528,-0.0644663238030021,True,False,0.02993348115299335,0.13747228381374724,0.20509977827050999,0.5365853658536586,0.06319290465631928,-0.21819144999219064,-0.13716564607518872,-0.3600308641975309
500332,20055,1019,ZenDrop,ZenDrop Shop,ecommerce,banner,de,ugc,limited offer,Get offer,New collection drop,Free shipping over $25,blue,trustworthy,purchase,testimonial,18-24,iOS,2026-01-25,assets/creative_500332.png,underperformer,0.14296008869179602,not_top,Review,855.0,0.05321507760532151,4.0,0.5,112.0,0.17777777777777778,125.0,0.25301204819277107,18.0,0.5641025641025641,0.1679012345679012,1.84489187669462,0.1991722635049046,0.0036628820682151,0.0543758329631275,25573.58,6145434,47180.49,,0,-0.7841106727437295,-0.2355330715795831,True,False,0.06430155210643015,0.35365853658536583,0.03991130820399113,0.12084257206208426,0.17516629711751663,-0.06182901839796706,-0.10492079724701234,-0.018364197530864185
500909,20151,1007,ThreadMark,ThreadMark Club,ecommerce,banner,en,testimonial,challenge,Start now,Up to 40% off,Free shipping over $25,orange,premium,purchase,testimonial,45-54,Android,2026-01-17,assets/creative_500909.png,underperformer,0.14251662971175166,not_top,Review,856.0,0.052106430155210645,1.0,1.0,113.0,0.17037037037037037,126.0,0.2469879518072289,19.0,0.5384615384615384,0.1802469135802469,1.7682873008348203,0.210226942548224,0.0039283870832269,0.0535148237926533,18330.89,4095574,32414.28,,0,-0.7165240064312162,0.2233507292921182,True,False,0.07427937915742794,0.3170731707317073,0.052106430155210645,0.10753880266075388,0.24722838137472283,-0.5907626843217135,-0.09386611820369295,-0.006018518518518506
500548,20091,1019,ZenDrop,ZenDrop Market,ecommerce,banner,en,ugc,last-minute deal,Try for free,Your next favorite pick,Only this weekend,lime,calm,purchase,discount,45-54,iOS,2026-01-30,assets/creative_500548.png,underperformer,0.14046563192904654,not_top,Review,857.0,0.050997782705099776,6.0,0.16666666666666666,114.0,0.16296296296296298,127.0,0.24096385542168675,20.0,0.5128205128205128,0.1682098765432098,1.8557713963267195,0.1941718992227028,0.0036708301621811,0.0528959092750101,28283.71,6725999,52488.1,,0,-0.7235411462047951,-0.1520386312983438,True,False,0.06596452328159645,0.3580931263858093,0.03215077605321508,0.09201773835920177,0.17849223946784923,-0.47887640288569,-0.10992116152921413,-0.018055555555555602
500744,20124,1016,FreshDash,FreshDash Delivery,food_delivery,banner,it,food-closeup,free delivery,Order now,2-for-1 tonight,Free delivery over $15,blue,playful,order,discount,35-44,iOS,2026-01-20,assets/creative_500744.png,underperformer,0.1396341463414634,not_top,Review,858.0,0.04988913525498891,4.0,0.5,139.0,0.1320754716981132,128.0,0.23493975903614459,37.0,0.34545454545454546,0.1629629629629629,1.2214728393919372,0.2895496586900687,0.0039271615590117,0.0737300094073377,29071.33,6496295,35509.840000000004,,0,-0.8220394860427663,-0.1440062912150382,True,False,0.058758314855875834,0.1008869179600887,0.2261640798226164,0.33370288248337027,0.24611973392461198,-0.14263134642365705,-0.13132877215711142,-0.07500000000000001
501018,20169,1025,LuxShelf,LuxShelf Shop,ecommerce,banner,fr,discount,before/after,Watch now,Up to 40% off,Only this weekend,beige,trustworthy,purchase,product-focus,35-44,Both,2026-01-27,assets/creative_501018.png,underperformer,0.13824833702882483,not_top,Review,859.0,0.04878048780487805,2.0,0.6666666666666666,115.0,0.15555555555555556,129.0,0.2289156626506024,21.0,0.48717948717948717,0.1771604938271604,1.7877236090390236,0.202009212806939,0.0038970222803551,0.0518368123850009,17715.63,4044370,31670.65,,0,-0.7674622920289712,0.2826759619028582,True,False,0.07317073170731707,0.3259423503325942,0.043237250554323724,0.07095343680709534,0.23503325942350334,-0.3177810794160416,-0.10208384794497793,-0.009104938271604995
500173,20028,1028,QuickFork,QuickFork Kitchen,food_delivery,banner,es,feature-focus,discover,Book now,"Fast food, fast",Fresh favorites nearby,yellow,excited,order,combo,25-34,Both,2026-01-20,assets/creative_500173.png,underperformer,0.1378048780487805,not_top,Review,860.0,0.04767184035476718,3.0,0.6666666666666666,140.0,0.12578616352201258,130.0,0.22289156626506024,38.0,0.32727272727272727,0.1382716049382716,1.1846425457636764,0.298177898014375,0.0035401503305655,0.0842274678111588,38618.51,8424501,45749.13,,0,-0.7741654819618486,-0.1289554385125538,True,False,0.04212860310421286,0.08758314855875832,0.25055432372505543,0.4157427937915743,0.14745011086474502,0.01899223363410152,-0.12270053283280513,-0.09969135802469131
500186,20031,1031,CrispBox,CrispBox Shop,ecommerce,banner,es,trust,before/after,Watch now,Your next favorite pick,Shop bestsellers now,beige,calm,purchase,discount,25-34,Android,2026-01-22,assets/creative_500186.png,underperformer,0.13747228381374724,not_top,Review,861.0,0.04656319290465632,4.0,0.5,116.0,0.14814814814814814,131.0,0.21686746987951808,22.0,0.46153846153846156,0.187037037037037,1.7083718243147863,0.2107276660120396,0.0040943911960822,0.0514673991614861,31381.81,6757537,53611.8,,0,-0.7880662901015048,-0.0486531858069438,True,False,0.082039911308204,0.2893569844789357,0.05432372505543237,0.06651884700665188,0.2960088691796009,-0.09193717742622609,-0.09336539473987734,0.0007716049382716084
500820,20136,1028,QuickFork,QuickFork Eats,food_delivery,banner,fr,combo,fast,Claim reward,Dinner in minutes,Late-night deals available,black,playful,order,food-closeup,45-54,iOS,2026-01-14,assets/creative_500820.png,underperformer,0.1369179600886918,not_top,Review,862.0,0.045454545454545456,6.0,0.16666666666666666,141.0,0.11949685534591195,132.0,0.21084337349397592,39.0,0.3090909090909091,0.1354938271604938,1.1531584504097676,0.2996156075734872,0.0035242542948046,0.085015320266524,53571.84,11668284,61776.82,,0,-0.6933144617171484,0.0963819148551463,True,False,0.041019955654102,0.07649667405764966,0.25609756097560976,0.43015521064301554,0.14301552106430154,-0.45600425583782145,-0.12126282327369292,-0.10246913580246911
500748,20124,1016,FreshDash,FreshDash Delivery,food_delivery,banner,en,discount,book now,Get offer,"Your cravings, delivered",Fresh favorites nearby,black,adventurous,order,discount,35-44,iOS,2026-01-18,assets/creative_500748.png,underperformer,0.13680709534368074,not_top,Review,863.0,0.04434589800443459,5.0,0.3333333333333333,142.0,0.11320754716981132,133.0,0.20481927710843373,40.0,0.2909090909090909,0.1407407407407407,1.217080968669828,0.2944355727943846,0.0035795263247828,0.0822554567502021,30871.2,6911529,37572.75,,0,-0.7873985706374631,-0.1241495678885488,True,False,0.04434589800443459,0.0975609756097561,0.23835920177383593,0.39135254988913526,0.1574279379157428,-0.14702321714576616,-0.12644285805279554,-0.09722222222222221
500947,20157,1013,BoltCart,BoltCart Club,ecommerce,banner,en,ugc,free shipping,Shop now,Flash sale live,Only this weekend,lime,urgent,purchase,discount,45-54,Android,2026-01-21,assets/creative_500947.png,underperformer,0.13580931263858093,not_top,Review,864.0,0.043237250554323724,4.0,0.5,117.0,0.14074074074074075,134.0,0.19879518072289157,23.0,0.4358974358974359,0.1435185185185185,1.7157227697341968,0.2151142689710371,0.0035006640296255,0.0614495613262393,39868.23,8107319,68402.83,,0,-0.7638880961006677,-0.3097827782665943,True,False,0.050997782705099776,0.2960088691796009,0.06430155210643015,0.22062084257206208,0.12971175166297116,0.08115125217648189,-0.08897879178087983,-0.042746913580246904
500244,20040,1004,SnapMeal,SnapMeal Kitchen,food_delivery,banner,ja,discount,discover,Learn more,2-for-1 tonight,Fresh favorites nearby,yellow,premium,order,discount,35-44,Android,2026-01-12,assets/creative_500244.png,underperformer,0.13503325942350333,not_top,Review,865.0,0.04212860310421286,5.0,0.3333333333333333,143.0,0.1069182389937107,135.0,0.1927710843373494,41.0,0.2727272727272727,0.1274691358024691,1.1549417133828677,0.2986343714194555,0.0034484640553691,0.0865992414664981,57494.33,12386384,66402.6,,0,-0.7112593978790671,0.0435536433150867,True,False,0.03547671840354767,0.07760532150776053,0.2516629711751663,0.4523281596452328,0.11751662971175167,-0.2661446619200367,-0.12224405942772465,-0.1104938271604938
500532,20088,1016,FreshDash,FreshDash Go,food_delivery,interstitial,pt,wanderlust,fast,Get offer,"Fast food, fast",Late-night deals available,black,premium,order,discount,35-44,Both,2026-01-06,assets/creative_500532.png,underperformer,0.13226164079822617,not_top,Review,866.0,0.041019955654102,4.0,0.5,144.0,0.10062893081761007,281.0,0.014084507042253521,42.0,0.046511627906976744,0.1314814814814815,1.1412603052389212,0.2989744972733728,0.0035218387739621,0.0848915911437421,71817.84,14850765,81962.85,,0,-0.7910255716686968,-0.2260382171731234,True,False,0.037694013303769404,0.06762749445676275,0.25277161862527714,0.4268292682926829,0.14079822616407983,-0.016005382426930836,-0.12190393357380735,-0.3487654320987654
500492,20082,1010,BiteRush,BiteRush Eats,food_delivery,banner,es,discount,free rewards,Claim reward,Dinner in minutes,Free delivery over $15,black,excited,order,discount,18-24,Android,2026-01-27,assets/creative_500492.png,underperformer,0.13120842572062086,not_top,Review,867.0,0.03991130820399113,6.0,0.16666666666666666,145.0,0.09433962264150944,136.0,0.18674698795180722,42.0,0.2545454545454545,0.1265432098765432,1.8212811978678147,0.1900254640530784,0.0030456627665195,0.0623921552123227,29468.36,15603172,53670.17,,0,-0.7788065556740861,-0.0408336449869104,True,False,0.03436807095343681,0.3436807095343681,0.02771618625277162,0.23503325942350334,0.04988913525498891,-0.31662163562335954,-0.23085296679410172,-0.11141975308641971
500171,20028,1028,QuickFork,QuickFork Kitchen,food_delivery,banner,en,discount,free delivery,Get offer,Dinner in minutes,Fresh favorites nearby,red,excited,order,combo,25-34,Both,2026-01-22,assets/creative_500171.png,underperformer,0.1308758314855876,not_top,Review,868.0,0.038802660753880266,4.0,0.5,146.0,0.0880503144654088,137.0,0.18072289156626506,43.0,0.23636363636363636,0.1345679012345678,1.1817875687850494,0.2926406806288447,0.0035517807638074,0.0823926644377503,38812.94,8505311,45868.65,,0,-0.8209322844177501,-0.0743618859361459,True,False,0.038802660753880266,0.08647450110864745,0.23392461197339245,0.39356984478935697,0.15188470066518847,0.016137256655474497,-0.12823775021833544,-0.1033950617283951
500169,20028,1028,QuickFork,QuickFork Kitchen,food_delivery,interstitial,es,food-closeup,challenge,Shop now,Dinner in minutes,Fresh favorites nearby,purple,urgent,order,combo,25-34,Both,2026-01-08,assets/creative_500169.png,underperformer,0.12655210643015521,not_top,Review,869.0,0.037694013303769404,5.0,0.3333333333333333,147.0,0.08176100628930817,282.0,0.01056338028169014,43.0,0.023255813953488372,0.1228395061728395,0.8848625453832959,0.3074113005110913,0.0034941713780557,0.0879783122378326,99216.02,15624019,87792.54,,0,-0.7213294082531501,0.0284158092479422,True,False,0.03159645232815964,0.014412416851441241,0.28492239467849223,0.46895787139689576,0.1286031042128603,-0.28078776674627903,-0.11346713033608885,-0.3574074074074074
500284,20047,1011,FluxStream,FluxStream Stream,entertainment,native,es,celebrity,trending,Claim reward,Binge starts now,New hits every week,black,calm,install,drama,45-54,Both,2026-01-17,assets/creative_500284.png,underperformer,0.12455654101995567,not_top,Review,870.0,0.036585365853658534,6.0,0.16666666666666666,168.0,0.01764705882352941,253.0,0.007874015748031496,51.0,0.0196078431372549,0.074074074074074,1.3549098181808754,0.244405788326271,0.0025655345799696,0.0952650532308031,100310.13,24786647,135911.18,,0,-0.4898102645483604,-0.1195010773426158,True,False,0.012195121951219513,0.14079822616407983,0.10643015521064302,0.6252771618625277,0.013303769401330377,-0.07729546906178264,-0.19758118957864954,-0.33117283950617277
500187,20031,1031,CrispBox,CrispBox Shop,ecommerce,native,en,discount,limited offer,Claim reward,Flash sale live,Free shipping over $25,orange,playful,purchase,discount,25-34,Android,2026-01-09,assets/creative_500187.png,underperformer,0.12416851441241686,not_top,Review,871.0,0.03547671840354767,5.0,0.3333333333333333,118.0,0.13333333333333333,254.0,0.003937007874015748,51.0,0.0196078431372549,0.1348765432098765,1.6370076751253837,0.2214580920487567,0.003512191381974,0.0630541072406727,73201.41,14034258,119831.27,,0,-0.6685618505939639,-0.0938552413840747,True,False,0.03991130820399113,0.2516629711751663,0.07206208425720621,0.2394678492239468,0.1385809312638581,-0.16330132661562868,-0.08263496870316026,-0.27129629629629637
501034,20172,1028,QuickFork,QuickFork Kitchen,food_delivery,banner,pt,food-closeup,fast,Get offer,"Fast food, fast",Free delivery over $15,blue,urgent,order,food-closeup,25-34,iOS,2026-01-17,assets/creative_501034.png,underperformer,0.12189578713968958,not_top,Review,872.0,0.03436807095343681,6.0,0.16666666666666666,148.0,0.07547169811320754,138.0,0.1746987951807229,44.0,0.21818181818181817,0.1154320987654321,1.61599569721723,0.2251435780916388,0.0032102881457208,0.0701318909306461,21511.66,8407968,34762.75,,0,-0.7631668680210525,-0.0768120821509306,True,False,0.028824833702882482,0.24168514412416853,0.07760532150776053,0.30598669623059865,0.07649667405764966,-0.29897475947092067,-0.19573485275554134,-0.1225308641975308
500006,20001,1001,VantaStyle,VantaStyle Drops,ecommerce,banner,es,drama,before/after,Order now,Up to 40% off,Only this weekend,red,urgent,purchase,testimonial,45-54,Android,2026-01-15,assets/creative_500006.png,underperformer,0.11707317073170731,not_top,Review,873.0,0.03325942350332594,6.0,0.16666666666666666,119.0,0.1259259259259259,139.0,0.1686746987951807,24.0,0.41025641025641024,0.1296296296296296,1.941227777254894,0.1264021030997586,0.0027744539015031,0.0455592731352553,46536.78,17990207,90338.49,,0,-0.5677809492945851,-0.1786259044744684,True,False,0.036585365853658534,0.401330376940133,0.0011086474501108647,0.008869179600886918,0.019955654101995565,-0.5672869969444909,-0.17769095765215834,-0.0566358024691358
500762,20127,1019,ZenDrop,ZenDrop Club,ecommerce,banner,ja,ugc,limited offer,Watch now,Flash sale live,Shop bestsellers now,teal,premium,purchase,ugc,25-34,Both,2026-01-22,assets/creative_500762.png,underperformer,0.11679600886917958,not_top,Review,874.0,0.03215077605321508,5.0,0.3333333333333333,120.0,0.11851851851851852,140.0,0.16265060240963855,25.0,0.38461538461538464,0.1725308641975308,1.5766657775987547,0.2133429024586998,0.004193127190637,0.0508791870027411,36742.6,7134055,57930.8,,0,-0.7546728909030467,-0.070147180397631,True,False,0.06873614190687362,0.22062084257206208,0.06097560975609756,0.0598669623059867,0.31929046563192903,-0.561466368588208,-0.09075015829321714,-0.01373456790123459
500674,20112,1004,SnapMeal,SnapMeal Express,food_delivery,banner,pt,celebrity,fast,Book now,2-for-1 tonight,Late-night deals available,yellow,urgent,order,combo,45-54,Both,2026-02-06,assets/creative_500674.png,underperformer,0.11419068736141907,not_top,Review,875.0,0.031042128603104215,6.0,0.16666666666666666,149.0,0.06918238993710692,141.0,0.1566265060240964,45.0,0.2,0.1135802469135802,1.3779743609014343,0.256743977107644,0.0034589829536009,0.0742252796708242,31135.26,8993395,42903.59,,0,-0.7927727318706904,-0.0323330479866129,True,False,0.02771618625277162,0.14745011086474502,0.13303769401330376,0.33592017738359203,0.12084257206208426,-0.18970094115435399,-0.1641344537395361,-0.12438271604938271
501016,20169,1025,LuxShelf,LuxShelf Shop,ecommerce,banner,fr,destination,free shipping,Start now,Limited stock,Free shipping over $25,lime,adventurous,purchase,product-focus,35-44,Both,2026-01-24,assets/creative_501016.png,underperformer,0.11374722838137472,not_top,Review,876.0,0.02993348115299335,3.0,0.3333333333333333,121.0,0.1111111111111111,142.0,0.15060240963855423,26.0,0.358974358974359,0.1561728395061728,1.6956043134600554,0.191407265524983,0.0038607537828061,0.0495776929306953,19531.42,4477364,33117.56,,0,-0.7407788705628515,0.2066999912303779,True,False,0.05432372505543237,0.2827050997782705,0.02993348115299335,0.043237250554323724,0.22062084257206208,-0.40990037499500986,-0.11268579522693395,-0.030092592592592587
500765,20127,1019,ZenDrop,ZenDrop Club,ecommerce,banner,es,product-focus,2-for-1,Get offer,New collection drop,Free shipping over $25,teal,trustworthy,purchase,ugc,25-34,Both,2026-01-20,assets/creative_500765.png,underperformer,0.11341463414634148,not_top,Review,877.0,0.028824833702882482,6.0,0.16666666666666666,122.0,0.1037037037037037,143.0,0.14457831325301204,27.0,0.3333333333333333,0.1422839506172839,1.6119106293553904,0.2106684816840654,0.0037786738572704,0.0557519621013929,38363.38,7485695,61838.34,,0,-0.7136876268979659,-0.1986611129873541,True,False,0.046008869179600884,0.23835920177383593,0.05321507760532151,0.14745011086474502,0.2006651884700665,-0.5262215168315723,-0.09342457906785154,-0.04398148148148148
500331,20055,1019,ZenDrop,ZenDrop Shop,ecommerce,interstitial,de,minimalist,limited offer,Shop now,Up to 40% off,Free shipping over $25,white,playful,purchase,testimonial,18-24,iOS,2026-01-15,assets/creative_500331.png,underperformer,0.11319290465631929,not_top,Review,878.0,0.02771618625277162,5.0,0.3333333333333333,123.0,0.0962962962962963,283.0,0.007042253521126761,32.0,0.03125,0.1429012345679012,1.4972697497878154,0.2299609707054312,0.0038963492483756,0.0590195991289276,33744.16,5774893,50524.11,,0,-0.7880203632111874,-0.0213813668600902,True,False,0.048226164079822616,0.18625277161862527,0.08425720620842572,0.188470066518847,0.2328159645232816,-0.4094511453047718,-0.07413209004648574,-0.3589506172839507
500142,20023,1023,NeonCast,NeonCast Stream,entertainment,interstitial,es,celebrity,fast,Learn more,Stream the hype,Cancel anytime,black,trustworthy,install,drama,18-24,Android,2026-01-21,assets/creative_500142.png,underperformer,0.11202882483370288,not_top,Review,879.0,0.026607538802660754,6.0,0.16666666666666666,169.0,0.011764705882352941,284.0,0.0035211267605633804,66.0,0.015151515151515152,0.1037037037037037,1.3934895674305263,0.2521877397618227,0.0033042375991015,0.0763225198546237,81222.56,20234925,113182.79,,0,-0.6961390203459615,-0.0771547597038921,True,False,0.022727272727272728,0.1541019955654102,0.12527716186252771,0.35033259423503327,0.08647450110864745,-0.19803991153681944,-0.18979923814309785,-0.3626543209876543
500694,20115,1007,ThreadMark,ThreadMark Market,ecommerce,banner,en,ugc,limited offer,Order now,Flash sale live,Shop bestsellers now,lime,urgent,purchase,discount,45-54,Android,2026-01-20,assets/creative_500694.png,underperformer,0.10676274944567628,not_top,Review,880.0,0.025498891352549888,6.0,0.16666666666666666,124.0,0.08888888888888889,144.0,0.13855421686746988,28.0,0.3076923076923077,0.1253086419753086,1.8446660873639305,0.1457903672440784,0.0031096050920004,0.0468838849084499,34662.36,11310761,63940.48,,0,-0.7510429145705508,-0.0141252488823773,True,False,0.03325942350332594,0.352549889135255,0.0033259423503325942,0.015521064301552107,0.06208425720620843,-0.45502634152743937,-0.15830269350783854,-0.06095679012345678
500755,20125,1017,PulsePlay,PulsePlay Now,entertainment,banner,it,drama,watch now,Claim reward,Binge starts now,Cancel anytime,blue,premium,signup,trailer,18-24,Android,2026-01-12,assets/creative_500755.png,underperformer,0.1058758314855876,not_top,Review,881.0,0.024390243902439025,6.0,0.16666666666666666,170.0,0.0058823529411764705,145.0,0.13253012048192772,10.0,0.1,0.0830246913580246,1.5727063512731234,0.2074717094283176,0.0027700027208246,0.0748994605198626,52877.43,18402509,83160.67,,0,-0.5955960403168361,-0.0724057026431658,True,False,0.01662971175166297,0.21840354767184036,0.04878048780487805,0.3392461197339246,0.018847006651884702,-0.3713200528728111,-0.23451526847660292,-0.1574074074074075
500640,20106,1034,PlateSprint,PlateSprint Go,food_delivery,banner,en,trust,free delivery,Shop now,Dinner in minutes,Late-night deals available,purple,excited,order,urgency,18-24,Both,2026-01-28,assets/creative_500640.png,underperformer,0.10388026607538804,not_top,Review,882.0,0.02328159645232816,5.0,0.3333333333333333,150.0,0.06289308176100629,146.0,0.12650602409638553,46.0,0.18181818181818182,0.1064814814814814,1.144935830476841,0.2727939485243872,0.003509691385931,0.0777259076447325,41481.53,9582324,47493.69,,0,-0.7797950903104063,-0.1034983452840595,True,False,0.025498891352549888,0.07095343680709534,0.16851441241685144,0.35476718403547675,0.1352549889135255,-0.21554195081561933,-0.14808448232279292,-0.1314814814814815
500170,20028,1028,QuickFork,QuickFork Kitchen,food_delivery,banner,ja,food-closeup,late-night,Try for free,Dinner in minutes,Late-night deals available,lime,playful,order,combo,25-34,Both,2026-01-22,assets/creative_500170.png,underperformer,0.09927937915742795,not_top,Review,883.0,0.022172949002217297,6.0,0.16666666666666666,151.0,0.05660377358490566,147.0,0.12048192771084337,47.0,0.16363636363636364,0.0910493827160493,1.100058716409841,0.2730193298901684,0.0033344841898701,0.0818775301798023,37621.51,8222861,41385.87,,0,-0.780698882246179,0.0367870137139658,True,False,0.019955654101995565,0.0565410199556541,0.1696230598669623,0.3858093126385809,0.09312638580931264,-0.06559159571973394,-0.1478591009570117,-0.1469135802469136
500100,20016,1016,FreshDash,FreshDash Bites,food_delivery,banner,es,combo,late-night,Shop now,"Your cravings, delivered",Fresh favorites nearby,orange,calm,order,combo,25-34,Android,2026-01-14,assets/creative_500100.png,underperformer,0.09905764966740575,not_top,Review,884.0,0.02106430155210643,6.0,0.16666666666666666,152.0,0.050314465408805034,148.0,0.1144578313253012,48.0,0.14545454545454545,0.0848765432098765,1.5819462119856738,0.1945338306234748,0.002963307994735,0.0656475232979846,32586.07,14701813,51549.41,,0,-0.7091883422249937,-0.1085487942891965,True,False,0.017738359201773836,0.22283813747228381,0.03436807095343681,0.27605321507760533,0.03547671840354767,-0.7069021568124505,-0.22634460022370534,-0.1530864197530864
500334,20055,1019,ZenDrop,ZenDrop Shop,ecommerce,banner,en,discount,free rewards,Get offer,Limited stock,Shop bestsellers now,blue,adventurous,purchase,testimonial,18-24,iOS,2026-01-14,assets/creative_500334.png,underperformer,0.09451219512195122,not_top,Review,885.0,0.019955654101995565,6.0,0.16666666666666666,125.0,0.08148148148148149,149.0,0.10843373493975904,29.0,0.28205128205128205,0.1040123456790123,1.6447949782459317,0.176488313534124,0.0032294902017365,0.054648970118944,35538.18,8538809,58453.02,,0,-0.708883064243101,-0.0606839966806654,True,False,0.024390243902439025,0.25609756097560976,0.018847006651884702,0.13082039911308205,0.07760532150776053,-0.26192591684665545,-0.12760474721779294,-0.0822530864197531
500889,20148,1004,SnapMeal,SnapMeal Express,food_delivery,banner,de,minimalist,2-for-1,Try for free,"Your cravings, delivered",Late-night deals available,orange,urgent,order,discount,35-44,iOS,2026-01-21,assets/creative_500889.png,underperformer,0.09440133037694014,not_top,Review,886.0,0.018847006651884702,6.0,0.16666666666666666,153.0,0.0440251572327044,150.0,0.10240963855421686,49.0,0.12727272727272726,0.1037037037037037,1.133731643949999,0.261281987620898,0.0035885224145453,0.0728104655447733,37389.58,9074487,42389.75,,0,-0.6922221846014138,-0.1094549313291824,True,False,0.022727272727272728,0.06651884700665188,0.13968957871396895,0.3270509977827051,0.1607538802660754,-0.4571760841956347,-0.15959644322628214,-0.1342592592592592
500369,20061,1025,LuxShelf,LuxShelf Shop,ecommerce,banner,en,discount,new collection,Get offer,Flash sale live,Free shipping over $25,orange,excited,purchase,product-focus,25-34,iOS,2026-01-14,assets/creative_500369.png,underperformer,0.09368070953436808,not_top,Review,887.0,0.017738359201773836,1.0,1.0,126.0,0.07407407407407407,151.0,0.0963855421686747,30.0,0.2564102564102564,0.1432098765432098,1.3999569535297,0.2137712374648369,0.0040725779420856,0.0524903980979089,22626.71,4027670,31676.42,,0,-0.6985913572543913,-0.0379857690202518,True,False,0.04988913525498891,0.15521064301552107,0.06208425720620843,0.08093126385809313,0.28824833702882485,-0.9539696299707621,-0.09032182328708005,-0.0430555555555556
500745,20124,1016,FreshDash,FreshDash Delivery,food_delivery,banner,fr,urgency,security,Order now,"Your cravings, delivered",Late-night deals available,purple,adventurous,order,discount,35-44,iOS,2026-01-15,assets/creative_500745.png,underperformer,0.08808203991130821,not_top,Review,888.0,0.01662971175166297,6.0,0.16666666666666666,154.0,0.03773584905660377,152.0,0.09036144578313253,50.0,0.10909090909090909,0.0901234567901234,1.0682170800791877,0.2623621725843614,0.0035008029302927,0.0749434280673493,33631.46,7447720,35925.7,,0,-0.7723188678607578,-0.1464553036420761,True,False,0.018847006651884702,0.045454545454545456,0.14301552106430154,0.34035476718403546,0.13082039911308205,-0.29588710573640653,-0.15851625826281873,-0.1478395061728395
500943,20157,1013,BoltCart,BoltCart Club,ecommerce,banner,fr,ugc,limited offer,Learn more,Your next favorite pick,Shop bestsellers now,white,adventurous,purchase,discount,45-54,Android,2026-01-26,assets/creative_500943.png,underperformer,0.08547671840354766,not_top,Review,889.0,0.015521064301552107,5.0,0.3333333333333333,127.0,0.06666666666666667,153.0,0.08433734939759036,31.0,0.23076923076923078,0.0935185185185185,1.5165656441031277,0.1944487977171485,0.0033704929319416,0.0576915014045532,34851.95,7076413,52855.27,,0,-0.7775371569094881,-0.1270046762702822,True,False,0.02106430155210643,0.19623059866962306,0.03325942350332594,0.164079822616408,0.09866962305986696,-0.11800587345458724,-0.10964426303476843,-0.09274691358024689
500243,20040,1004,SnapMeal,SnapMeal Kitchen,food_delivery,banner,ja,reward,free delivery,Get offer,"Fast food, fast",Free delivery over $15,lime,urgent,order,discount,35-44,Android,2026-01-17,assets/creative_500243.png,underperformer,0.0774390243902439,not_top,Review,890.0,0.014412416851441241,6.0,0.16666666666666666,155.0,0.031446540880503145,154.0,0.0783132530120482,51.0,0.09090909090909091,0.0543209876543209,1.017666193836778,0.2470116118073058,0.0029940420698718,0.0825010490977759,36348.52,7959140,36990.66,,0,-0.7299241702187779,-0.013078077211326,True,False,0.008869179600886918,0.037694013303769404,0.11197339246119734,0.40022172949002216,0.041019955654102,-0.40342018146612646,-0.17386681903987433,-0.183641975308642
500582,20097,1025,LuxShelf,LuxShelf Outlet,ecommerce,banner,es,product-focus,free shipping,Try for free,Your next favorite pick,Only this weekend,purple,playful,purchase,product-focus,25-34,Android,2026-01-04,assets/creative_500582.png,underperformer,0.0753880266075388,not_top,Review,891.0,0.013303769401330377,6.0,0.16666666666666666,128.0,0.05925925925925926,155.0,0.07228915662650602,32.0,0.20512820512820512,0.0746913580246913,1.5911021082526735,0.1539051554609056,0.0028466191796437,0.0540659448097181,55562.6,14372488,88405.77,,0,-0.5673051928890859,0.0724003289701238,True,False,0.013303769401330377,0.2261640798226164,0.004434589800443459,0.11419068736141907,0.024390243902439025,-0.5464748800075052,-0.15018790529101134,-0.11157407407407409
500223,20037,1001,VantaStyle,VantaStyle Market,ecommerce,banner,ja,discount,limited offer,Get offer,Up to 40% off,Free shipping over $25,purple,excited,purchase,testimonial,45-54,Both,2026-01-22,assets/creative_500223.png,underperformer,0.07189578713968958,not_top,Review,892.0,0.012195121951219513,4.0,0.5,129.0,0.05185185185185185,156.0,0.06626506024096386,33.0,0.1794871794871795,0.0635802469135802,1.3854519455908094,0.1861737752803375,0.0030408725967931,0.0612237998647735,51639.07,9727471,71543.45,,0,-0.7384004273258773,-0.2823657007937499,True,False,0.011086474501108648,0.15188470066518847,0.025498891352549888,0.21951219512195122,0.04878048780487805,-0.0884186387291439,-0.11791928547157945,-0.12268518518518519
500533,20088,1016,FreshDash,FreshDash Go,food_delivery,banner,en,food-closeup,fast,Watch now,"Your cravings, delivered",Fresh favorites nearby,lime,premium,order,discount,35-44,Both,2026-01-18,assets/creative_500533.png,underperformer,0.06341463414634146,not_top,Review,893.0,0.011086474501108648,5.0,0.3333333333333333,156.0,0.025157232704402517,157.0,0.060240963855421686,52.0,0.07272727272727272,0.0459876543209876,1.1184319361798116,0.2125246870194475,0.00299731245567,0.0709050825239826,39255.29,11198699,43904.37,,0,-0.7552518014896852,-0.1198074325202441,True,False,0.0066518847006651885,0.06208425720620843,0.0598669623059867,0.311529933481153,0.04212860310421286,-0.0388337514860404,-0.20835374382773264,-0.19197530864197532
500313,20052,1016,FreshDash,FreshDash Eats,food_delivery,banner,en,discount,late-night,Install now,Dinner in minutes,Fresh favorites nearby,blue,calm,order,urgency,45-54,Both,2026-01-09,assets/creative_500313.png,underperformer,0.05842572062084258,not_top,Review,894.0,0.009977827050997782,6.0,0.16666666666666666,157.0,0.018867924528301886,158.0,0.05421686746987952,53.0,0.05454545454545454,0.0410493827160493,1.080977805385796,0.2109008716041414,0.0029900866462118,0.0705333646004325,45687.21,12835414,49386.86,,0,-0.6334080151421737,-0.1499874906179635,True,False,0.004434589800443459,0.050997782705099776,0.05543237250554324,0.3082039911308204,0.03991130820399113,-0.7015765705927481,-0.20997755924303874,-0.1969135802469136
500442,20073,1001,VantaStyle,VantaStyle Club,ecommerce,banner,it,discount,last-minute deal,Order now,Limited stock,Shop bestsellers now,lime,playful,purchase,discount,45-54,Android,2026-01-05,assets/creative_500442.png,underperformer,0.056596452328159644,not_top,Review,895.0,0.008869179600886918,5.0,0.3333333333333333,130.0,0.044444444444444446,159.0,0.04819277108433735,34.0,0.15384615384615385,0.053395061728395,1.3828547580294168,0.1577630875012805,0.0028933516209439,0.0545260680932421,41931.75,9400171,57985.52,,0,-0.6867072480816282,-0.1461865264237147,True,False,0.007760532150776054,0.15077605321507762,0.008869179600886918,0.12527716186252771,0.02993348115299335,-0.41534904194930844,-0.14632997325063643,-0.1328703703703704
500528,20088,1016,FreshDash,FreshDash Go,food_delivery,banner,ja,combo,late-night,Order now,2-for-1 tonight,Late-night deals available,orange,trustworthy,order,discount,35-44,Both,2026-01-04,assets/creative_500528.png,underperformer,0.05476718403547672,not_top,Review,896.0,0.007760532150776054,6.0,0.16666666666666666,158.0,0.012578616352201259,160.0,0.04216867469879518,54.0,0.03636363636363636,0.024074074074074,1.0140610207445964,0.1996884964005103,0.0025409315677454,0.0785886951602119,79452.98,22955754,80570.17,,0,-0.5739438709382823,-0.0733903674757461,True,False,0.0022172949002217295,0.036585365853658534,0.041019955654102,0.3614190687361419,0.007760532150776054,-0.14320466692125566,-0.22118993444666982,-0.2138888888888889
500188,20031,1031,CrispBox,CrispBox Shop,ecommerce,banner,en,minimalist,before/after,Get offer,Your next favorite pick,Shop bestsellers now,black,premium,purchase,discount,25-34,Android,2026-01-16,assets/creative_500188.png,underperformer,0.051108647450110865,not_top,Review,897.0,0.0066518847006651885,6.0,0.16666666666666666,131.0,0.037037037037037035,161.0,0.03614457831325301,35.0,0.1282051282051282,0.0790123456790123,1.3477811020098158,0.1628489223921478,0.0035013137511735,0.0465108053620061,37181.52,8074969,50112.55,,0,-0.7005242906947841,-0.0039643638829803,True,False,0.015521064301552107,0.13636363636363635,0.014412416851441241,0.013303769401330377,0.1319290465631929,-0.45252789973119656,-0.14124413835976915,-0.10725308641975309
500942,20157,1013,BoltCart,BoltCart Club,ecommerce,banner,en,drama,before/after,Book now,Limited stock,Free shipping over $25,beige,playful,purchase,discount,45-54,Android,2026-01-28,assets/creative_500942.png,underperformer,0.04850332594235033,not_top,Review,898.0,0.005543237250554324,6.0,0.16666666666666666,132.0,0.02962962962962963,162.0,0.030120481927710843,36.0,0.10256410256410256,0.0771604938271604,1.2882828713284549,0.1657549901981146,0.0035121320401369,0.0471949768129026,34260.1,6937951,44136.7,,0,-0.7742681899490654,-0.0858705982330075,True,False,0.014412416851441241,0.12305986696230599,0.01662971175166297,0.017738359201773836,0.13747228381374724,-0.34628864622926003,-0.13833807055380234,-0.10910493827160499
500222,20037,1001,VantaStyle,VantaStyle Market,ecommerce,banner,ja,ugc,power-up,Install now,Up to 40% off,Only this weekend,teal,calm,purchase,testimonial,45-54,Both,2026-01-22,assets/creative_500222.png,underperformer,0.039634146341463415,not_top,Review,899.0,0.004434589800443459,5.0,0.3333333333333333,133.0,0.022222222222222223,163.0,0.024096385542168676,37.0,0.07692307692307693,0.0453703703703703,1.19447145739005,0.1629790892985382,0.0030895486921612,0.0527517464644743,50572.46,9498151,60407.36,,0,-0.7387095006300697,-0.1936890391532927,True,False,0.005543237250554324,0.09090909090909091,0.015521064301552107,0.08758314855875832,0.0565410199556541,-0.27939912692990343,-0.14111397145337876,-0.1408950617283951
500443,20073,1001,VantaStyle,VantaStyle Club,ecommerce,banner,en,ugc,limited offer,Install now,New collection drop,Only this weekend,lime,trustworthy,purchase,discount,45-54,Android,2026-01-14,assets/creative_500443.png,underperformer,0.03941241685144125,not_top,Review,900.0,0.0033259423503325942,6.0,0.16666666666666666,134.0,0.014814814814814815,164.0,0.018072289156626505,38.0,0.05128205128205128,0.0601851851851851,1.2836844315630656,0.1454286419924438,0.003352895611831,0.0433740440588973,34716.78,7838896,44565.39,,0,-0.7392026017404076,-0.0005369946605644,True,False,0.009977827050997782,0.1197339246119734,0.0022172949002217295,0.0033259423503325942,0.0942350332594235,-0.5145193684156597,-0.15866441875947315,-0.1260802469135803
500638,20106,1034,PlateSprint,PlateSprint Go,food_delivery,banner,fr,fantasy,late-night,Get offer,Dinner in minutes,Fresh favorites nearby,orange,trustworthy,order,urgency,18-24,Both,2026-01-18,assets/creative_500638.png,underperformer,0.036751662971175166,not_top,Review,901.0,0.0022172949002217295,6.0,0.16666666666666666,159.0,0.006289308176100629,165.0,0.012048192771084338,55.0,0.01818181818181818,0.0089506172839506,0.7817916400691317,0.1819737955103835,0.0025476989028828,0.071426727587186,66406.53,15205486,51916.07,,0,-0.592410507168408,-0.1820409531852371,True,False,0.0011086474501108647,0.0022172949002217295,0.019955654101995565,0.31263858093126384,0.009977827050997782,-0.5786861412233287,-0.23890463533679662,-0.2290123456790123
500227,20037,1001,VantaStyle,VantaStyle Market,ecommerce,banner,ja,fantasy,free shipping,Get offer,Up to 40% off,Free shipping over $25,purple,adventurous,purchase,testimonial,45-54,Both,2026-01-21,assets/creative_500227.png,underperformer,0.030099778270509983,not_top,Review,902.0,0.0011086474501108647,6.0,0.16666666666666666,135.0,0.007407407407407408,166.0,0.006024096385542169,39.0,0.02564102564102564,0.0265432098765432,1.1161954704388195,0.1551215231792577,0.0028842823320388,0.0537816709051521,58841.02,11042955,65678.08,,0,-0.7064463349511898,0.0151524621142491,True,False,0.0033259423503325942,0.06097560975609756,0.005543237250554324,0.10975609756097561,0.028824833702882482,-0.3576751138811338,-0.14897153757265924,-0.15972222222222218
500018,20003,1003,CloudRoute,CloudRoute Getaway,travel,rewarded_video,de,destination,escape,Start now,Last-minute savings,Hotels + flights in one tap,lime,adventurous,booking,family,35-44,Android,2026-01-17,assets/creative_500018.png,top_performer,,low_evidence,Gather more data,,,,,,,,,,,0.8944444444444444,10.289326807917238,0.5562620573910184,0.0094568875277914,0.0588208388601747,17985.06,2311860,185054.16,,0,-0.575112357014079,0.0016343613007683,False,True,,,,,,2.6165499710427884,0.22405113918459685,0.1416666666666666
500022,20003,1003,CloudRoute,CloudRoute Getaway,travel,rewarded_video,ja,trust,last-minute deal,Learn more,Fly smarter,Hotels + flights in one tap,purple,premium,booking,family,35-44,Android,2026-01-13,assets/creative_500022.png,stable,,low_evidence,Gather more data,,,,,,,,,,,0.6885802469135802,6.640464526292745,0.3719295992143546,0.0068223676428565,0.0545162059103908,19093.86,2460143,126792.1,,0,-0.7465835223572601,0.225060560688505,False,True,,,,,,-1.0323123105817045,0.03971868100793302,-0.06419753086419755
500024,20004,1004,SnapMeal,SnapMeal Bites,food_delivery,banner,it,urgency,exclusive,Install now,Dinner in minutes,Fresh favorites nearby,red,calm,order,discount,25-34,iOS,2026-02-01,assets/creative_500024.png,stable,,low_evidence,Gather more data,,,,,,,,,,,0.5972222222222222,2.151357482608445,0.5028518078200234,0.0058947059391393,0.0853056646102075,12853.94,3024748,27653.42,,0,-0.7538422168694102,-0.1148586265118012,False,True,,,,,,0.38093134438499443,0.08197337697284324,0.3592592592592593
500026,20004,1004,SnapMeal,SnapMeal Bites,food_delivery,banner,en,urgency,2-for-1,Shop now,"Fast food, fast",Free delivery over $15,blue,trustworthy,order,discount,25-34,iOS,2026-01-28,assets/creative_500026.png,stable,,low_evidence,Gather more data,,,,,,,,,,,0.4817901234567901,1.853571245098207,0.4496959947925003,0.005246676502162,0.0857106388410236,12847.34,2986462,23813.46,,0,-0.7897415301429611,-0.1686132366760638,False,True,,,,,,0.08314510687475618,0.028817563945320146,0.24382716049382722
500042,20007,1007,ThreadMark,ThreadMark Shop,ecommerce,banner,ja,discount,limited offer,Try for free,Flash sale live,Shop bestsellers now,blue,premium,purchase,ugc,45-54,Both,2026-01-06,assets/creative_500042.png,stable,,low_evidence,Gather more data,,,,,,,,,,,0.3040123456790123,1.862391222519128,0.2762982043264944,0.0048369840594473,0.0571220001824984,13416.15,2265668,24986.12,,0,-0.7461980868608302,-0.0988438681793625,False,True,,,,,,-0.539295164505847,-0.027794856425422565,0.11774691358024691
500043,20007,1007,ThreadMark,ThreadMark Shop,ecommerce,interstitial,en,product-focus,free rewards,Order now,Your next favorite pick,Free shipping over $25,red,excited,purchase,ugc,45-54,Both,2026-01-07,assets/creative_500043.png,stable,,low_evidence,Gather more data,,,,,,,,,,,0.7777777777777778,2.8590471441043595,0.6090350522038237,0.0086228352588857,0.0706304868316041,14558.13,1743742,41622.38,,0,-0.6997979244152819,0.0588818315793844,False,True,,,,,,0.4573607570793845,0.30494199145190676,0.2759259259259259
500045,20007,1007,ThreadMark,ThreadMark Shop,ecommerce,rewarded_video,en,minimalist,limited offer,Install now,Limited stock,Only this weekend,purple,premium,purchase,ugc,45-54,Both,2026-01-12,assets/creative_500045.png,stable,,low_evidence,Gather more data,,,,,,,,,,,0.578395061728395,1.779816300722664,0.4633361785533637,0.0068680450177035,0.0674626006904487,10335.37,1012224,18395.06,,0,-0.8034877260597946,0.0789051860243694,False,True,,,,,,-0.621870086302311,0.15924311780144673,-1.1102230246251565e-16
500046,20007,1007,ThreadMark,ThreadMark Shop,ecommerce,banner,en,testimonial,new collection,Start now,Limited stock,Free shipping over $25,orange,playful,purchase,ugc,45-54,Both,2026-01-19,assets/creative_500046.png,stable,,low_evidence,Gather more data,,,,,,,,,,,0.5981481481481481,2.4469275799038885,0.3703344591500891,0.0069353544168107,0.0533980582524271,8966.71,1485144,21940.89,,0,-0.5846721768910519,-0.113458687625867,False,True,,,,,,0.045241192878913594,0.06624139839817217,0.4118827160493827
500047,20007,1007,ThreadMark,ThreadMark Shop,ecommerce,rewarded_video,en,ugc,free shipping,Watch now,Limited stock,Free shipping over $25,black,calm,purchase,ugc,45-54,Both,2026-01-08,assets/creative_500047.png,stable,,low_evidence,Gather more data,,,,,,,,,,,0.7435185185185186,2.3564451941460614,0.6261767185470675,0.0083740587306503,0.0747757734556081,12129.27,1184969,28581.96,,0,-0.6583913491443129,-0.1730549306336707,False,True,,,,,,-0.045241192878913594,0.3220836577951505,0.1651234567901234
500084,20014,1014,VaultRun,VaultRun Pay,fintech,native,es,testimonial,save smarter,Get offer,Track every euro,Built for peace of mind,white,playful,signup,feature-focus,25-34,Android,2026-02-06,assets/creative_500084.png,stable,,low_evidence,Gather more data,,,,,,,,,,,0.719753086419753,9.254314865350988,0.5290759510547434,0.0051363200083011,0.1030068123091378,18402.66,3315214,170304.01,,0,-0.6832101782442086,0.0752887392849284,False,True,,,,,,1.8857118079488506,0.14633508399641387,0.2021604938271605
500090,20015,1015,HorizonHop,HorizonHop Trips,travel,rewarded_video,es,competitive,escape,Try for free,Fly smarter,Flexible booking options,orange,premium,booking,wanderlust,25-34,iOS,2026-02-01,assets/creative_500090.png,top_performer,,low_evidence,Gather more data,,,,,,,,,,,0.8975308641975309,9.894449070578972,0.5928516233075382,0.0088836750921124,0.0667349511503309,12345.32,1428688,122150.14,,0,-0.6963291857420542,-0.0261119336360965,False,True,,,,,,0.08914272628587483,0.2606407051011166,0.14475308641975315
500091,20015,1015,HorizonHop,HorizonHop Trips,travel,rewarded_video,ja,destination,discover,Start now,Escape this weekend,Special fares today,blue,calm,booking,wanderlust,25-34,iOS,2026-01-25,assets/creative_500091.png,top_performer,,low_evidence,Gather more data,,,,,,,,,,,0.8478395061728395,8.432853323948484,0.5096760192477036,0.0084834712640799,0.060078711105645,16594.12,1916904,139935.78,,0,-0.730473606228234,0.0317292257249222,False,True,,,,,,-1.3724530203446133,0.177465101041282,0.09506172839506177
500092,20015,1015,HorizonHop,HorizonHop Trips,travel,native,es,discount,last-minute deal,Learn more,Escape this weekend,Special fares today,purple,adventurous,booking,wanderlust,25-34,iOS,2026-01-25,assets/creative_500092.png,stable,,low_evidence,Gather more data,,,,,,,,,,,0.6858024691358025,9.316727564056889,0.3700998706761288,0.0059166726473679,0.0625520275894874,16139.17,2842476,150364.25,,0,-0.7896601702629136,-0.2680422614513298,False,True,,,,,,-0.4885787802362085,0.03788895246970725,0.1367283950617284
500093,20015,1015,HorizonHop,HorizonHop Trips,travel,native,ja,discount,book now,Install now,Escape this weekend,Hotels + flights in one tap,blue,adventurous,booking,wanderlust,25-34,iOS,2026-01-27,assets/creative_500093.png,stable,,low_evidence,Gather more data,,,,,,,,,,,0.7404320987654321,9.842602391369589,0.3904062751899664,0.0065607000253478,0.0595068016646996,13928.42,2453854,137091.9,,0,-0.7650609261169845,-0.0663055434873035,False,True,,,,,,0.03729604707649159,0.05819535698354483,0.1913580246913581
500094,20015,1015,HorizonHop,HorizonHop Trips,travel,rewarded_video,es,feature-focus,book now,Order now,Escape this weekend,Hotels + flights in one tap,orange,calm,booking,wanderlust,25-34,iOS,2026-02-02,assets/creative_500094.png,top_performer,,low_evidence,Gather more data,,,,,,,,,,,0.9209876543209876,10.86979608380635,0.6673620964773163,0.0095038208045784,0.0702203997949769,12286.42,1437001,133550.88,,0,-0.670936566367577,0.069630303602544,False,True,,,,,,1.0644897395132524,0.3351511782708947,0.16820987654320985
500095,20015,1015,HorizonHop,HorizonHop Trips,travel,native,es,destination,discover,Order now,Book your next trip,Flexible booking options,white,calm,booking,wanderlust,25-34,iOS,2026-02-01,assets/creative_500095.png,stable,,low_evidence,Gather more data,,,,,,,,,,,0.7632716049382716,9.768010297216604,0.3851531821188448,0.0072886053268359,0.0528431935669155,12205.24,2149794,119220.91,,0,-0.5392995192242158,-0.0753424657534247,False,True,,,,,,-0.037296047076493366,0.05294226391242324,0.21419753086419757
500114,20019,1019,ZenDrop,ZenDrop Market,ecommerce,rewarded_video,en,ugc,free rewards,Shop now,New collection drop,Free shipping over $25,orange,excited,purchase,product-focus,45-54,Both,2026-02-03,assets/creative_500114.png,fatigued,,low_evidence,Gather more data,,,,,,,,,,,0.616358024691358,1.9889263800876007,0.4770202553156767,0.006830490695359,0.0698368940960257,12029.49,1274579,23925.77,13.0,1,-0.8364245215011237,0.0085946374606169,False,True,,,,,,-0.22927837739437784,0.17292719456375977,0.037962962962962865
500115,20019,1019,ZenDrop,ZenDrop Market,ecommerce,native,en,family,free shipping,Shop now,New collection drop,Shop bestsellers now,purple,calm,purchase,product-focus,45-54,Both,2026-01-27,assets/creative_500115.png,stable,,low_evidence,Gather more data,,,,,,,,,,,0.5558641975308642,2.4955163996748744,0.395839161610334,0.0056767901661634,0.0697293981323699,16006.11,2584383,39943.51,,0,-0.8071388409460851,-0.0599890344658083,False,True,,,,,,0.27731164219289584,0.09174610085841706,0.1496913580246914
500116,20019,1019,ZenDrop,ZenDrop Market,ecommerce,interstitial,en,competitive,free shipping,Get offer,Limited stock,Shop bestsellers now,pink,urgent,purchase,product-focus,45-54,Both,2026-02-01,assets/creative_500116.png,stable,,low_evidence,Gather more data,,,,,,,,,,,0.575925925925926,2.08853790236587,0.4187258481726245,0.0065164210121864,0.0642570281124498,12922.94,1681291,26990.05,,0,-0.8315308407426095,0.0843837535014004,False,True,,,,,,-0.12966685511610843,0.11463278742070754,0.07407407407407407
500117,20019,1019,ZenDrop,ZenDrop Market,ecommerce,banner,en,product-focus,limited offer,Start now,Limited stock,Only this weekend,purple,trustworthy,purchase,product-focus,45-54,Both,2026-01-30,assets/creative_500117.png,stable,,low_evidence,Gather more data,,,,,,,,,,,0.3052469135802469,1.820426118118708,0.2697265081562277,0.0049700108238887,0.0542708090010122,14387.56,2584099,26191.49,,0,-0.8214052170607664,-0.0425035317240956,False,True,,,,,,-0.3977786393632705,-0.03436655259568927,0.11898148148148152
500133,20022,1022,CraveLoop,CraveLoop Express,food_delivery,banner,en,ugc,late-night,Order now,Hungry? We got you,Fresh favorites nearby,lime,trustworthy,order,food-closeup,18-24,iOS,2026-02-04,assets/creative_500133.png,stable,,low_evidence,Gather more data,,,,,,,,,,,0.5611111111111111,1.9173793277957256,0.5258362454344624,0.005612393944514,0.0936919700635867,15965.98,3166385,30612.84,,0,-0.7778386992204308,-0.0533149166236923,False,True,,,,,,0.15128144647896846,0.10495781458728226,0.3231481481481482
500134,20022,1022,CraveLoop,CraveLoop Express,food_delivery,banner,en,food-closeup,late-night,Claim reward,Dinner in minutes,Free delivery over $15,lime,playful,order,food-closeup,18-24,iOS,2026-01-28,assets/creative_500134.png,stable,,low_evidence,Gather more data,,,,,,,,,,,0.4833333333333333,1.590773145765426,0.4499221599964839,0.0058206510801601,0.0772975658221559,17487.0,3458376,27817.85,,0,-0.7673117646231244,-0.1809355546431429,False,True,,,,,,-0.1753247355513312,0.029043729149303754,0.24537037037037038
500135,20022,1022,CraveLoop,CraveLoop Express,food_delivery,native,en,urgency,fast,Book now,Dinner in minutes,Free delivery over $15,red,premium,order,food-closeup,18-24,iOS,2026-01-26,assets/creative_500135.png,fatigued,,low_evidence,Gather more data,,,,,,,,,,,0.6521604938271605,1.9178122283910104,0.6066251440698067,0.0067851711377783,0.089404545847377,19168.18,3410673,36760.97,13.0,1,-0.7966233986795399,-0.0477472194718677,False,True,,,,,,0.15171434707425324,0.1857467132226266,0.17608024691358026
500137,20022,1022,CraveLoop,CraveLoop Express,food_delivery,banner,de,food-closeup,free delivery,Order now,2-for-1 tonight,Free delivery over $15,yellow,adventurous,order,food-closeup,18-24,iOS,2026-01-30,assets/creative_500137.png,stable,,low_evidence,Gather more data,,,,,,,,,,,0.4518518518518519,1.5998142006963627,0.4344795830429337,0.0054765330261219,0.0793347873500545,16910.72,3348834,27054.01,,0,-0.7813005948126757,-0.0990308947828622,False,True,,,,,,-0.16628368062039445,0.013601152195753585,0.213888888888889
500146,20024,1024,GlitchWave,GlitchWave Quest,gaming,rewarded_video,es,fantasy,2-for-1,Claim reward,Win epic rewards,Free rewards for new players,orange,premium,install,reward,18-24,Android,2026-01-22,assets/creative_500146.png,stable,,low_evidence,Gather more data,,,,,,,,,,,0.7737654320987654,1.9752103169377488,1.747185683770084,0.0100422697344302,0.1739831462383256,16326.55,3273264,32248.37,,0,-0.7232907738748361,-0.032492889120694,False,True,,,,,,0.07292215543367164,0.3932050183380982,0.11203703703703694
500147,20024,1024,GlitchWave,GlitchWave Quest,gaming,rewarded_video,ja,gameplay,competition,Shop now,Beat your rivals,No ads in first week,lime,excited,install,reward,18-24,Android,2026-01-23,assets/creative_500147.png,top_performer,,low_evidence,Gather more data,,,,,,,,,,,0.858641975308642,2.7024443874158663,2.401042498947052,0.0115776295839638,0.2073863636363636,17145.4,3435591,46334.49,,0,-0.6781732152976183,-0.0192969096463346,False,True,,,,,,0.8001562259117891,1.047061833515066,0.19691358024691352
500149,20024,1024,GlitchWave,GlitchWave Quest,gaming,rewarded_video,es,fantasy,fast,Watch now,Level up today,Free rewards for new players,lime,calm,install,reward,18-24,Android,2026-01-22,assets/creative_500149.png,top_performer,,low_evidence,Gather more data,,,,,,,,,,,0.8040123456790124,2.17380448726829,1.9217788871766788,0.0101587473414755,0.1891747892312031,15519.91,3140840,33737.25,,0,-0.737095060992136,0.0533123080464366,False,True,,,,,,0.2715163257642126,0.5677982217446929,0.14228395061728394
500150,20025,1025,LuxShelf,LuxShelf Market,ecommerce,interstitial,ja,testimonial,free shipping,Book now,Your next favorite pick,Free shipping over $25,black,urgent,purchase,ugc,45-54,Both,2026-02-02,assets/creative_500150.png,stable,,low_evidence,Gather more data,,,,,,,,,,,0.5935185185185186,1.998870164731189,0.4282198095725125,0.0069303342224583,0.0617892003223784,13258.57,1611322,26502.16,,0,-0.7295324730455688,-0.2164084418949589,False,True,,,,,,0.0952379258354481,0.12412674882059554,0.09166666666666667
500151,20025,1025,LuxShelf,LuxShelf Market,ecommerce,interstitial,en,ugc,power-up,Try for free,Limited stock,Only this weekend,pink,premium,purchase,ugc,45-54,Both,2026-01-22,assets/creative_500151.png,stable,,low_evidence,Gather more data,,,,,,,,,,,0.520679012345679,1.879729239976661,0.3998215372445465,0.006243808020697,0.0640348863897177,17190.13,2093434,32312.79,,0,-0.8031034763959781,-0.192201459355363,False,True,,,,,,-0.023902998919079987,0.09572847649262956,0.018827160493827155
500152,20025,1025,LuxShelf,LuxShelf Market,ecommerce,interstitial,en,discount,free shipping,Start now,Flash sale live,Only this weekend,pink,excited,purchase,ugc,45-54,Both,2026-01-22,assets/creative_500152.png,stable,,low_evidence,Gather more data,,,,,,,,,,,0.3910493827160494,1.6838886975283769,0.3633685446190361,0.0051981746255685,0.0699031046074747,16054.63,1945683,27034.21,,0,-0.8441714120792018,0.1390391345847916,False,True,,,,,,-0.21974354136736407,0.05927548386711917,-0.1108024691358025
500153,20025,1025,LuxShelf,LuxShelf Market,ecommerce,interstitial,en,discount,limited offer,Try for free,Up to 40% off,Only this weekend,black,adventurous,purchase,ugc,45-54,Both,2026-01-23,assets/creative_500153.png,stable,,low_evidence,Gather more data,,,,,,,,,,,0.5018518518518519,1.927535237814821,0.4083994146275057,0.0056223905898888,0.0726380368098159,17932.44,2174342,34565.41,,0,-0.856942686904191,-0.0504834578999634,False,True,,,,,,0.023902998919079987,0.10430635387558873,0.0
500158,20026,1026,ClearLedger,ClearLedger Invest,fintech,interstitial,pt,minimalist,security,Try for free,Secure & simple,"Fast signup, instant card",black,adventurous,signup,minimalist,35-44,iOS,2026-01-29,assets/creative_500158.png,stable,,low_evidence,Gather more data,,,,,,,,,,,0.6296296296296297,8.119812120546076,0.4822537066019889,0.0044203374747138,0.1090988435522583,17834.84,3110396,144815.55,,0,-0.7744620807255728,-0.2282489113475028,False,True,,,,,,-0.19465523497700232,0.09951283954365941,0.09074074074074068
500159,20026,1026,ClearLedger,ClearLedger Invest,fintech,interstitial,it,minimalist,save smarter,Claim reward,Save with confidence,Built for peace of mind,lime,premium,signup,minimalist,35-44,iOS,2026-01-26,assets/creative_500159.png,stable,,low_evidence,Gather more data,,,,,,,,,,,0.6962962962962963,8.509122590500082,0.4956398289527491,0.0051103556959804,0.0969873446074588,19770.7,3494473,168231.31,,0,-0.7750147364093131,-0.1398160009316408,False,True,,,,,,0.1946552349770041,0.11289896189441961,0.15740740740740733
500162,20027,1027,WayPoint,WayPoint Trips,travel,rewarded_video,it,discount,security,Learn more,Book your next trip,Special fares today,purple,urgent,booking,discount,35-44,Android,2026-01-28,assets/creative_500162.png,stable,,low_evidence,Gather more data,,,,,,,,,,,0.5006172839506173,5.89271478887092,0.3023649906469933,0.0051319311721005,0.0589183643558551,9659.02,1329519,56917.85,,0,-0.847218011723406,-0.1036327885762175,False,True,,,,,,-1.9313871119397845,-0.029845927559428276,-0.25216049382716044
500163,20027,1027,WayPoint,WayPoint Trips,travel,banner,en,urgency,escape,Get offer,Fly smarter,Hotels + flights in one tap,teal,premium,booking,discount,35-44,Android,2026-01-25,assets/creative_500163.png,stable,,low_evidence,Gather more data,,,,,,,,,,,0.4925925925925926,7.6083507539602975,0.229294754846878,0.0051605561750786,0.0444321788326203,12021.19,2808612,91461.43,,0,-0.8231760880095822,-0.1781763210334638,False,True,,,,,,-0.21575114685040742,-0.10291616335954357,0.12083333333333329
500164,20027,1027,WayPoint,WayPoint Trips,travel,interstitial,en,urgency,book now,Start now,Dream destinations await,Hotels + flights in one tap,white,trustworthy,booking,discount,35-44,Android,2026-01-31,assets/creative_500164.png,fatigued,,low_evidence,Gather more data,,,,,,,,,,,0.6311728395061728,8.268724254821741,0.3298530804643274,0.005776558955043,0.0571020019065776,10693.75,1815960,88423.67,12.0,1,-0.8083641746262098,-0.0089274854654698,False,True,,,,,,0.44462235401103634,-0.002357837742094193,0.05370370370370359
500165,20027,1027,WayPoint,WayPoint Trips,travel,interstitial,it,family,last-minute deal,Claim reward,Dream destinations await,Hotels + flights in one tap,blue,adventurous,booking,discount,35-44,Android,2026-01-25,assets/creative_500165.png,stable,,low_evidence,Gather more data,,,,,,,,,,,0.7469135802469137,8.757660212614828,0.3630963946198433,0.0078536079737023,0.0462330683980745,13473.19,2274878,117993.62,,0,-0.6891239099484956,0.1458393061926604,False,True,,,,,,0.9335583118041235,0.03088547641342171,0.1694444444444445
500166,20027,1027,WayPoint,WayPoint Trips,travel,rewarded_video,en,wanderlust,book now,Install now,Fly smarter,Hotels + flights in one tap,purple,premium,booking,discount,35-44,Android,2026-01-22,assets/creative_500166.png,fatigued,,low_evidence,Gather more data,,,,,,,,,,,0.7154320987654321,7.364208388108953,0.3781389312684594,0.0068115426152491,0.0555144337527757,14315.98,1983398,105425.86,15.0,1,-0.8544178118061936,-0.055096059915337,False,True,,,,,,-0.45989351270175227,0.04592801306203781,-0.037345679012345645
500167,20027,1027,WayPoint,WayPoint Trips,travel,banner,it,urgency,last-minute deal,Shop now,Last-minute savings,Special fares today,teal,excited,booking,discount,35-44,Android,2026-01-23,assets/creative_500167.png,stable,,low_evidence,Gather more data,,,,,,,,,,,0.4564814814814815,8.039853047661111,0.237183996695559,0.0045720038982077,0.0518774703557312,13313.16,3098860,107035.85,,0,-0.7844307669934878,-0.2449944382647386,False,True,,,,,,0.21575114685040653,-0.09502692151086256,0.0847222222222222
500192,20032,1032,SwiftStack,SwiftStack Wallet,fintech,interstitial,ja,product-focus,cashback,Watch now,Earn cashback daily,"Fast signup, instant card",orange,urgent,signup,testimonial,25-34,Both,2026-01-07,assets/creative_500192.png,stable,,low_evidence,Gather more data,,,,,,,,,,,0.571604938271605,5.747555354173752,0.4559675930621334,0.0045660679996829,0.0998600093327111,17964.77,2346658,103253.51,,0,-0.7816330101874439,-0.1799773490588142,False,True,,,,,,-0.24442177933805276,0.07322672600380392,0.032716049382715995
500193,20032,1032,SwiftStack,SwiftStack Wallet,fintech,interstitial,en,minimalist,late-night,Try for free,Save with confidence,"Fast signup, instant card",purple,urgent,signup,testimonial,25-34,Both,2026-01-20,assets/creative_500193.png,stable,,low_evidence,Gather more data,,,,,,,,,,,0.5768518518518518,5.852506536677107,0.4604894681775004,0.004541711243118,0.1013911813251591,14292.43,1867578,83646.54,,0,-0.794193958091265,0.0970917225950782,False,True,,,,,,-0.13947059683469742,0.07774860111917092,0.037962962962962865
500194,20032,1032,SwiftStack,SwiftStack Wallet,fintech,banner,en,minimalist,earn more,Order now,Earn cashback daily,Built for peace of mind,green,playful,signup,testimonial,25-34,Both,2026-01-17,assets/creative_500194.png,stable,,low_evidence,Gather more data,,,,,,,,,,,0.4314814814814814,6.131447730346502,0.3505042166770514,0.0035701502647673,0.0981763205140319,16407.13,2964301,100599.46,,0,-0.7266648240102863,-0.0936958115089652,False,True,,,,,,0.13947059683469742,-0.0322366503812781,0.078395061728395
500195,20032,1032,SwiftStack,SwiftStack Wallet,fintech,interstitial,it,food-closeup,security,Start now,"Your money, clearer",Built for peace of mind,black,adventurous,signup,testimonial,25-34,Both,2026-01-09,assets/creative_500195.png,stable,,low_evidence,Gather more data,,,,,,,,,,,0.4712962962962962,4.955404551508257,0.3999717783888044,0.0039882900187912,0.1002865329512893,15430.05,2012642,76462.14,,0,-0.7610730159448996,0.0054411764705881,False,True,,,,,,-1.0365725820035472,0.017230911330474885,-0.06759259259259276
500196,20032,1032,SwiftStack,SwiftStack Wallet,fintech,native,ja,testimonial,save smarter,Learn more,"Your money, clearer",Built for peace of mind,blue,calm,signup,testimonial,25-34,Both,2026-01-07,assets/creative_500196.png,stable,,low_evidence,Gather more data,,,,,,,,,,,0.6432098765432098,8.033855622946845,0.5103693924184376,0.0044515901746349,0.1146487822096717,19509.61,3182009,156737.39,,0,-0.7347049779553516,-0.0347661300320564,False,True,,,,,,2.0418784894350406,0.1276285253601081,0.12561728395061733
500204,20034,1034,PlateSprint,PlateSprint Delivery,food_delivery,native,en,urgency,save smarter,Order now,"Your cravings, delivered",Free delivery over $15,orange,excited,order,food-closeup,25-34,iOS,2026-01-20,assets/creative_500204.png,top_performer,,low_evidence,Gather more data,,,,,,,,,,,0.7975308641975308,2.922165304106543,0.8406061380158601,0.0082504917899474,0.101885579601457,12087.54,2262653,35321.79,,0,-0.6242044342163808,0.0372540742763967,False,True,,,,,,1.2710239661975025,0.41972770716868,0.32145061728395063
500205,20034,1034,PlateSprint,PlateSprint Delivery,food_delivery,interstitial,en,ugc,limited offer,Shop now,2-for-1 tonight,Late-night deals available,red,playful,order,food-closeup,25-34,iOS,2026-01-07,assets/creative_500205.png,stable,,low_evidence,Gather more data,,,,,,,,,,,0.5351851851851852,1.5229695308348068,0.5506857278911366,0.0060468311712467,0.0910701344713745,13811.34,2053803,21034.25,,0,-0.8604722764164626,-0.3503566196003929,False,True,,,,,,-0.12817180707423392,0.12980729704395644,0.054938271604938305
500207,20034,1034,PlateSprint,PlateSprint Delivery,food_delivery,native,en,discount,late-night,Get offer,2-for-1 tonight,Fresh favorites nearby,purple,calm,order,food-closeup,25-34,iOS,2026-01-08,assets/creative_500207.png,fatigued,,low_evidence,Gather more data,,,,,,,,,,,0.6503086419753087,2.083185519876788,0.6129382448425894,0.0062861327438333,0.0975064113057238,15667.27,2915465,32637.83,14.0,1,-0.8296758764729393,0.0128155436294972,False,True,,,,,,0.4320441819677474,0.19205981399540928,0.1742283950617285
500208,20034,1034,PlateSprint,PlateSprint Delivery,food_delivery,banner,ja,urgency,free rewards,Start now,Hungry? We got you,Fresh favorites nearby,black,calm,order,food-closeup,25-34,iOS,2026-01-07,assets/creative_500208.png,stable,,low_evidence,Gather more data,,,,,,,,,,,0.3089506172839506,1.4280300948962,0.3687325337220868,0.004590900957323,0.0803181199398151,14741.37,3040144,21051.12,,0,-0.8081917844224107,0.0863325276146043,False,True,,,,,,-0.2231112430128408,-0.05214589712509332,0.07098765432098772
500209,20034,1034,PlateSprint,PlateSprint Delivery,food_delivery,native,ja,family,cashback,Get offer,"Your cravings, delivered",Late-night deals available,lime,playful,order,food-closeup,25-34,iOS,2026-01-08,assets/creative_500209.png,stable,,low_evidence,Gather more data,,,,,,,,,,,0.4320987654320987,1.6127197199779548,0.4920978558313791,0.0048638216076762,0.1011751448808757,13644.64,2554370,22004.98,,0,-0.8144697601575661,-0.0100052821551193,False,True,,,,,,-0.038421617931085894,0.07121942498419898,-0.04398148148148151
500216,20036,1000,PixelForge,PixelForge Legends,gaming,playable,pt,fantasy,free shipping,Watch now,Unlock rare gear,Play with friends tonight,lime,adventurous,install,gameplay,25-34,iOS,2026-01-04,assets/creative_500216.png,stable,,low_evidence,Gather more data,,,,,,,,,,,0.712037037037037,1.498903288074516,2.296878487099814,0.0108022462855602,0.2126297092642797,16494.76,1980514,24724.05,,0,-0.7007061500129903,-0.1794040298565185,False,True,,,,,,-0.041766265320680285,0.9428978216678279,0.004783950617283983
500217,20036,1000,PixelForge,PixelForge Legends,gaming,rewarded_video,en,reward,challenge,Try for free,Beat your rivals,Free rewards for new players,blue,calm,install,gameplay,25-34,iOS,2026-01-12,assets/creative_500217.png,top_performer,,low_evidence,Gather more data,,,,,,,,,,,0.7944444444444444,1.9830225348945536,2.687170820048089,0.0128112288448645,0.2097512153274235,12451.8,1637782,24692.2,,0,-0.5800913014889706,-0.1183726198060451,False,True,,,,,,0.4423529814993574,1.3331901546161031,0.13271604938271597
500218,20036,1000,PixelForge,PixelForge Legends,gaming,interstitial,en,competitive,competition,Learn more,Unlock rare gear,Play with friends tonight,lime,adventurous,install,gameplay,25-34,iOS,2026-01-04,assets/creative_500218.png,stable,,low_evidence,Gather more data,,,,,,,,,,,0.6509259259259259,1.3375007857187755,1.4683916759318532,0.0078764613725952,0.1864278394154079,17499.9,2849376,23406.13,,0,-0.7778998520630708,0.0340846743147955,False,True,,,,,,-0.20316876767642067,0.11441101049986724,0.08734567901234569
500219,20036,1000,PixelForge,PixelForge Legends,gaming,playable,en,trust,competition,Install now,Beat your rivals,Free rewards for new players,lime,urgent,install,gameplay,25-34,iOS,2026-01-09,assets/creative_500219.png,top_performer,,low_evidence,Gather more data,,,,,,,,,,,0.8018518518518518,2.0286845482994096,3.0078599599688745,0.0142221655941644,0.2114909955206143,12894.05,1538303,26157.96,,0,-0.566442706876374,-0.0537619483601284,False,True,,,,,,0.4880149949042134,1.6538792945368885,0.09459876543209877
500220,20036,1000,PixelForge,PixelForge Legends,gaming,banner,fr,food-closeup,free rewards,Learn more,Win epic rewards,Play with friends tonight,orange,calm,install,gameplay,25-34,iOS,2026-01-06,assets/creative_500220.png,fatigued,,low_evidence,Gather more data,,,,,,,,,,,0.5901234567901235,1.3556886945302284,1.0382923520248624,0.006522143387819,0.1591949594306695,14849.98,3382477,20131.95,12.0,1,-0.8182874858497207,-0.0380331307980161,False,True,,,,,,-0.18498085886496773,-0.31568831340712356,0.17222222222222228
500221,20036,1000,PixelForge,PixelForge Legends,gaming,rewarded_video,fr,reward,power-up,Get offer,Join the arena,Play with friends tonight,blue,playful,install,gameplay,25-34,iOS,2026-01-07,assets/creative_500221.png,stable,,low_evidence,Gather more data,,,,,,,,,,,0.7185185185185184,1.5824358187158765,2.08494967928054,0.0101051216767016,0.2063260340632603,13859.57,1830260,21931.88,,0,-0.7108094587422065,-0.0241946047091845,False,True,,,,,,0.041766265320680285,0.7309690138485543,0.05679012345679002
500248,20041,1005,MoonScreen,MoonScreen Stream,entertainment,rewarded_video,fr,drama,new season,Watch now,Watch what’s trending,Cancel anytime,black,excited,signup,trailer,18-24,Android,2026-01-29,assets/creative_500248.png,stable,,low_evidence,Gather more data,,,,,,,,,,,0.7793209876543209,2.9898556284582227,0.8487779656324997,0.0072229468773501,0.1175113122171945,19784.37,3059693,59152.41,,0,-0.7062099064108636,-0.0447746310331073,False,True,,,,,,0.9192010365134586,0.4067909877275792,0.14629629629629615
500259,20043,1007,ThreadMark,ThreadMark Store,ecommerce,native,en,discount,before/after,Shop now,Limited stock,Only this weekend,red,excited,purchase,product-focus,35-44,Both,2026-02-03,assets/creative_500259.png,stable,,low_evidence,Gather more data,,,,,,,,,,,0.5429012345679013,2.5867450674257624,0.3712108723280125,0.0056654963293967,0.0655213331269669,18625.67,3421236,48179.86,,0,-0.7926596172539033,-0.1998198218876238,False,True,,,,,,0.5282969677301832,0.06711781157609553,0.13672839506172846
500264,20044,1008,CoinBridge,CoinBridge Pay,fintech,banner,en,trust,security,Watch now,Track every euro,"Fast signup, instant card",black,calm,signup,feature-focus,18-24,Android,2026-01-31,assets/creative_500264.png,stable,,low_evidence,Gather more data,,,,,,,,,,,0.5287037037037038,6.372480171667206,0.4014152755715867,0.0042805866309304,0.0937757625721352,14017.82,2266979,89328.28,,0,-0.6988975090381058,-0.0569274475524476,False,True,,,,,,-0.2946163712250076,0.01867440851325719,0.17561728395061738
500267,20044,1008,CoinBridge,CoinBridge Pay,fintech,banner,fr,minimalist,security,Shop now,Track every euro,Built for peace of mind,black,playful,signup,feature-focus,18-24,Android,2026-02-04,assets/creative_500267.png,stable,,low_evidence,Gather more data,,,,,,,,,,,0.6234567901234568,7.238963281515091,0.4575360561961932,0.0047469365830355,0.0963855421686747,10933.73,1783466,79148.87,,0,-0.6265389654788885,-0.2252691511387164,False,True,,,,,,0.5718667386228775,0.0747951891378637,0.27037037037037037
500268,20044,1008,CoinBridge,CoinBridge Pay,fintech,interstitial,en,minimalist,save smarter,Claim reward,Track every euro,"Fast signup, instant card",orange,playful,signup,feature-focus,18-24,Android,2026-01-25,assets/creative_500268.png,stable,,low_evidence,Gather more data,,,,,,,,,,,0.7611111111111111,6.9617129141172205,0.6116581420909808,0.0057931581224268,0.1055828494863778,16577.13,1932452,115405.22,,0,-0.653101774776265,-0.0409612817089453,False,True,,,,,,0.2946163712250067,0.2289172750326513,0.2222222222222221
500269,20044,1008,CoinBridge,CoinBridge Pay,fintech,rewarded_video,fr,product-focus,challenge,Try for free,Track every euro,Built for peace of mind,blue,urgent,signup,feature-focus,18-24,Android,2026-02-03,assets/creative_500269.png,top_performer,,low_evidence,Gather more data,,,,,,,,,,,0.8151234567901234,7.182436513496025,0.7628607009238894,0.0062889274819454,0.1213021939136588,11606.01,1123403,83359.43000000001,,0,-0.62154962136664,-0.0848838570007606,False,True,,,,,,0.5153399706038115,0.38011983386555986,0.09320987654320989
500271,20045,1009,DriftPass,DriftPass Trips,travel,interstitial,en,wanderlust,discover,Watch now,Fly smarter,Flexible booking options,orange,calm,booking,family,18-24,Android,2026-01-27,assets/creative_500271.png,stable,,low_evidence,Gather more data,,,,,,,,,,,0.755246913580247,11.436730556639889,0.3592750110232105,0.0074832435534631,0.0480105997428003,15242.35,3429128,174322.65,,0,-0.7552324331621747,0.1637416470476325,False,True,,,,,,0.6265373919348924,0.027064092816788954,0.1777777777777778
500272,20045,1009,DriftPass,DriftPass Trips,travel,rewarded_video,es,discount,escape,Start now,Book your next trip,Special fares today,white,playful,booking,family,18-24,Android,2026-01-30,assets/creative_500272.png,fatigued,,low_evidence,Gather more data,,,,,,,,,,,0.8077160493827161,10.984220008760738,0.4360910445024882,0.0072634725734484,0.0600389194139194,13126.75,2405461,144187.11000000002,13.0,1,-0.8218715221878368,-0.1122163816621198,False,True,,,,,,0.1740268440557422,0.10388012629606663,0.05493827160493836
500275,20045,1009,DriftPass,DriftPass Trips,travel,native,en,family,book now,Learn more,Book your next trip,Flexible booking options,blue,adventurous,booking,family,18-24,Android,2026-02-02,assets/creative_500275.png,stable,,low_evidence,Gather more data,,,,,,,,,,,0.7175925925925926,13.192217481759064,0.3429009663875338,0.0066858122228305,0.0512878547824906,11848.35,3304161,156306.01,,0,-0.7852789050921487,-0.2640044940019571,False,True,,,,,,2.382024317054068,0.010690048181112244,0.1685185185185185
500299,20049,1013,BoltCart,BoltCart Market,ecommerce,banner,ja,ugc,2-for-1,Install now,Your next favorite pick,Only this weekend,teal,urgent,purchase,discount,45-54,iOS,2026-01-25,assets/creative_500299.png,stable,,low_evidence,Gather more data,,,,,,,,,,,0.2493827160493827,1.678322022914176,0.2677815222151182,0.0045759317230819,0.0585195624454734,20090.62,3256386,33718.53,,0,-0.8034703346838703,0.1688416884168841,False,True,,,,,,-0.10429514321451694,-0.03631153853679875,0.0631172839506173
500337,20056,1020,NovaPay,NovaPay Bank,fintech,rewarded_video,en,celebrity,fast,Watch now,Track every euro,Built for peace of mind,white,playful,signup,testimonial,35-44,Both,2026-01-27,assets/creative_500337.png,stable,,low_evidence,Gather more data,,,,,,,,,,,0.763888888888889,6.475334345760055,0.7681913783051434,0.0057347507946737,0.1339537507050197,14289.1,1236671,92526.7,,0,-0.7566821831072358,-0.1371594543917056,False,True,,,,,,0.30233035587991886,0.3854505112468139,0.041975308641975406
500338,20056,1020,NovaPay,NovaPay Bank,fintech,native,en,feature-focus,earn more,Claim reward,Secure & simple,No hidden fees,purple,premium,signup,testimonial,35-44,Both,2026-02-01,assets/creative_500338.png,stable,,low_evidence,Gather more data,,,,,,,,,,,0.7157407407407407,7.353865793064501,0.5868045084173471,0.0051284797479164,0.1144207518135854,13528.66,1774015,99487.95,,0,-0.6826610851103336,-0.0810345218396536,False,True,,,,,,1.1808618031843645,0.2040636413590176,0.19814814814814818
500339,20056,1020,NovaPay,NovaPay Bank,fintech,native,fr,ugc,security,Watch now,Track every euro,"Fast signup, instant card",lime,trustworthy,signup,testimonial,35-44,Both,2026-01-21,assets/creative_500339.png,stable,,low_evidence,Gather more data,,,,,,,,,,,0.5537037037037037,5.870673634000219,0.4575534226303308,0.0043210473702879,0.1058894715611133,17320.83,2294814,101684.94,,0,-0.7621599527130162,-0.0617158290419131,False,True,,,,,,-0.30233035587991797,0.07481255557200128,0.036111111111111205
500340,20056,1020,NovaPay,NovaPay Bank,fintech,banner,en,feature-focus,earn more,Shop now,Save with confidence,"Fast signup, instant card",blue,excited,signup,testimonial,35-44,Both,2026-01-29,assets/creative_500340.png,stable,,low_evidence,Gather more data,,,,,,,,,,,0.5287037037037038,5.787528668720042,0.4124221334273181,0.0043678529420507,0.0944221655122129,12840.65,1883992,74315.63,,0,-0.7044281390636085,0.0533864483375883,False,True,,,,,,-0.38547532116009453,0.0296812663689886,0.17561728395061738
500341,20056,1020,NovaPay,NovaPay Bank,fintech,rewarded_video,fr,feature-focus,challenge,Book now,"Your money, clearer","Fast signup, instant card",white,calm,signup,testimonial,35-44,Both,2026-01-23,assets/creative_500341.png,top_performer,,low_evidence,Gather more data,,,,,,,,,,,0.820679012345679,6.81912278203412,0.8087168403157796,0.0065562425206799,0.1233506597361055,17555.5,1525874,119713.11,,0,-0.7320784984809973,-0.1159264217940508,False,True,,,,,,0.6461187921539837,0.4259759732574501,0.09876543209876543
500366,20061,1025,LuxShelf,LuxShelf Shop,ecommerce,interstitial,en,discount,security,Learn more,Up to 40% off,Only this weekend,blue,adventurous,purchase,product-focus,25-34,iOS,2026-01-29,assets/creative_500366.png,stable,,low_evidence,Gather more data,,,,,,,,,,,0.7416666666666667,2.6721017790057284,0.5289833085297153,0.008446073402655,0.062630678578217,9779.62,1245786,26132.14,,0,-0.5838923804793025,-0.0044837625979844,False,True,,,,,,0.3181751955052663,0.22489024777779837,0.23981481481481481
500367,20061,1025,LuxShelf,LuxShelf Shop,ecommerce,native,en,product-focus,free shipping,Get offer,Your next favorite pick,Shop bestsellers now,red,playful,purchase,product-focus,25-34,iOS,2026-01-19,assets/creative_500367.png,stable,,low_evidence,Gather more data,,,,,,,,,,,0.6058641975308642,2.5846629584073884,0.4097800232463574,0.0061966296380261,0.06612950058072,13886.12,2223144,35890.94,,0,-0.6886074984655473,0.0750306410099277,False,True,,,,,,0.23073637490692622,0.10568696249444048,0.19969135802469135
500368,20061,1025,LuxShelf,LuxShelf Shop,ecommerce,banner,en,discount,new collection,Learn more,New collection drop,Only this weekend,teal,adventurous,purchase,product-focus,25-34,iOS,2026-01-19,assets/creative_500368.png,stable,,low_evidence,Gather more data,,,,,,,,,,,0.4145061728395061,2.110627974474841,0.3127348296263588,0.0052808435738461,0.0592206198220313,13895.31,2468545,29327.83,,0,-0.7986595043980694,-0.1360428885630498,False,True,,,,,,-0.24329860902562128,0.008641768874441846,0.2282407407407407
500370,20061,1025,LuxShelf,LuxShelf Shop,ecommerce,banner,en,reward,free shipping,Shop now,Flash sale live,Only this weekend,teal,adventurous,purchase,product-focus,25-34,iOS,2026-01-25,assets/creative_500370.png,stable,,low_evidence,Gather more data,,,,,,,,,,,0.4558641975308642,2.123190208593536,0.3034409351274476,0.0059842144542813,0.0507068951899534,11897.78,2115733,25261.25,,0,-0.6568071751622355,-0.0221903689006961,False,True,,,,,,-0.23073637490692622,-0.0006521256244693685,0.2695987654320988
500371,20061,1025,LuxShelf,LuxShelf Shop,ecommerce,interstitial,en,reward,free shipping,Start now,Up to 40% off,Shop bestsellers now,blue,calm,purchase,product-focus,25-34,iOS,2026-01-30,assets/creative_500371.png,top_performer,,low_evidence,Gather more data,,,,,,,,,,,0.7972222222222222,3.218803008960949,0.6351970427704506,0.0090089531797809,0.0705073086844368,10010.1,1290938,32220.54,,0,-0.5942227574048629,-0.0919593086508373,False,True,,,,,,0.864876425460487,0.3311039820185337,0.2953703703703703
500376,20062,1026,ClearLedger,ClearLedger Cash,fintech,interstitial,es,feature-focus,exclusive,Claim reward,"Your money, clearer",No hidden fees,green,playful,signup,minimalist,35-44,iOS,2026-01-31,assets/creative_500376.png,stable,,low_evidence,Gather more data,,,,,,,,,,,0.7484567901234568,9.349663974623258,0.5462470734566982,0.0053809642737189,0.1015147184909974,18574.49,3251276,173665.24,,0,-0.7062367770661784,-0.0312560727087003,False,True,,,,,,1.7445645309325766,0.16350620639836871,0.2095679012345678
500386,20064,1028,QuickFork,QuickFork Express,food_delivery,banner,it,urgency,free rewards,Claim reward,2-for-1 tonight,Fresh favorites nearby,black,premium,order,combo,45-54,Both,2026-01-18,assets/creative_500386.png,stable,,low_evidence,Gather more data,,,,,,,,,,,0.4367283950617284,1.8174962807418484,0.4241181876016117,0.004975356162887,0.0852437843073942,13477.15,3112340,24494.67,,0,-0.795017153105948,-0.1520033593449278,False,True,,,,,,-0.11864205156543584,0.0032397567544315553,0.1987654320987655
500389,20064,1028,QuickFork,QuickFork Express,food_delivery,banner,en,gameplay,fast,Start now,Dinner in minutes,Late-night deals available,purple,calm,order,combo,45-54,Both,2026-01-18,assets/creative_500389.png,stable,,low_evidence,Gather more data,,,,,,,,,,,0.549074074074074,1.8992645377215844,0.4472804477451547,0.0060970198407281,0.0733605038903297,13511.23,3098727,25661.4,,0,-0.6762904457409015,0.0813126726819559,False,True,,,,,,-0.03687379458569984,0.026402016897974556,0.3111111111111111
500398,20066,1030,IronQuest,IronQuest Battle,gaming,playable,en,fantasy,free rewards,Install now,Join the arena,No ads in first week,lime,adventurous,install,competitive,35-44,Both,2026-01-22,assets/creative_500398.png,stable,,low_evidence,Gather more data,,,,,,,,,,,0.7345679012345679,1.6254591374652814,2.437601339614316,0.0109950371138193,0.221700146564359,17865.02,2109861,29038.86,,0,-0.7354877703451861,-0.0117490842490842,False,True,,,,,,0.13203756800288358,1.0836206741823302,0.027314814814814903
500399,20066,1030,IronQuest,IronQuest Battle,gaming,playable,en,gameplay,last-minute deal,Book now,Win epic rewards,Play with friends tonight,lime,premium,install,competitive,35-44,Both,2026-01-18,assets/creative_500399.png,fatigued,,low_evidence,Gather more data,,,,,,,,,,,0.7126543209876544,1.5296330641192348,2.31192535358987,0.0099164365383925,0.2331407400873285,19303.1,2286406,29526.66,15.0,1,-0.7950579115622743,-0.0550031311447103,False,True,,,,,,0.03621149465683704,0.9579446881578839,0.005401234567901314
500407,20067,1031,CrispBox,CrispBox Club,ecommerce,rewarded_video,en,product-focus,free shipping,Claim reward,New collection drop,Only this weekend,red,trustworthy,purchase,ugc,18-24,iOS,2026-01-24,assets/creative_500407.png,fatigued,,low_evidence,Gather more data,,,,,,,,,,,0.7234567901234569,3.214744412915515,0.4928017105723047,0.0072737279437231,0.067750913202296,19234.54,3161515,61834.13,13.0,1,-0.8520412156380464,0.2985917495721417,False,True,,,,,,0.16091510322105806,0.18870864982038776,0.1450617283950617
500408,20068,1032,SwiftStack,SwiftStack Invest,fintech,banner,fr,trust,power-up,Learn more,Secure & simple,Built for peace of mind,green,trustworthy,signup,feature-focus,18-24,Both,2026-02-04,assets/creative_500408.png,stable,,low_evidence,Gather more data,,,,,,,,,,,0.5780864197530864,7.605977764235175,0.4043509740197935,0.0044836352727957,0.0901837347192738,15703.53,3046858,119440.7,,0,-0.6279900628309546,-0.0935743831122521,False,True,,,,,,1.6421408614058448,0.021610106961463982,0.22499999999999998
500409,20068,1032,SwiftStack,SwiftStack Invest,fintech,interstitial,es,feature-focus,discover,Watch now,Secure & simple,No hidden fees,blue,premium,signup,feature-focus,18-24,Both,2026-01-28,assets/creative_500409.png,stable,,low_evidence,Gather more data,,,,,,,,,,,0.4589506172839506,5.143628356606959,0.3743552133365384,0.0039996294725495,0.0935974734424346,18549.61,2612492,95412.3,,0,-0.7486361118943425,0.0096153846153845,False,True,,,,,,-0.8202085462223714,-0.00838565372179112,-0.07993827160493838
500412,20068,1032,SwiftStack,SwiftStack Invest,fintech,interstitial,fr,food-closeup,save smarter,Claim reward,Save with confidence,Built for peace of mind,blue,calm,signup,feature-focus,18-24,Both,2026-02-01,assets/creative_500412.png,stable,,low_evidence,Gather more data,,,,,,,,,,,0.629320987654321,6.216000395846786,0.4660035569859518,0.005018701228888,0.0928534167970787,16369.97,2291828,101755.74,,0,-0.7008344932923625,-0.177396338507946,False,True,,,,,,0.25216349301745566,0.08326268992762231,0.09043209876543201
500417,20069,1033,NomadLayer,NomadLayer Trips,travel,rewarded_video,es,fantasy,escape,Get offer,Dream destinations await,Hotels + flights in one tap,orange,trustworthy,booking,wanderlust,45-54,iOS,2026-01-23,assets/creative_500417.png,top_performer,,low_evidence,Gather more data,,,,,,,,,,,0.8135802469135802,11.25840752261807,0.4273350255113862,0.0078210318624885,0.0546392129612697,19098.67,3496086,215020.61,,0,-0.7821179984810694,-0.1737575301204819,False,True,,,,,,1.4667844436236432,0.09512410730496462,0.06080246913580245
500470,20078,1006,NeonArena,NeonArena Rush,gaming,playable,en,competitive,competition,Start now,Beat your rivals,Free rewards for new players,lime,premium,install,competitive,35-44,Android,2026-01-28,assets/creative_500470.png,stable,,low_evidence,Gather more data,,,,,,,,,,,0.7700617283950617,1.8789786841659737,2.2866228887130324,0.0107964310460491,0.2117943308265559,18783.22,2721918,35293.270000000004,,0,-0.7435443026277145,-0.0073869736453535,False,True,,,,,,0.38205640708694477,0.9326422232810465,0.06280864197530867
500474,20079,1007,ThreadMark,ThreadMark Store,ecommerce,native,fr,ugc,late-night,Order now,Up to 40% off,Shop bestsellers now,pink,excited,purchase,product-focus,45-54,Android,2026-01-22,assets/creative_500474.png,stable,,low_evidence,Gather more data,,,,,,,,,,,0.5271604938271605,3.2839223270329385,0.3453828979111767,0.0053902550163495,0.0640754281316143,11913.54,2892442,39123.14,,0,-0.7994198229144518,-0.084872159090909,False,True,,,,,,0.5050754306009915,0.04128983715925977,0.12098765432098763
500475,20079,1007,ThreadMark,ThreadMark Store,ecommerce,interstitial,de,product-focus,limited offer,Shop now,Limited stock,Only this weekend,blue,excited,purchase,product-focus,45-54,Android,2026-01-07,assets/creative_500475.png,stable,,low_evidence,Gather more data,,,,,,,,,,,0.533641975308642,2.6509562123407515,0.3439849392328354,0.0058266959374596,0.0590360202291258,17026.03,3325727,45135.26,,0,-0.8459702189841176,0.0229218761839811,False,True,,,,,,-0.12789068409119553,0.03989187848091846,0.03179012345679011
500476,20079,1007,ThreadMark,ThreadMark Store,ecommerce,interstitial,fr,discount,exclusive,Watch now,Flash sale live,Shop bestsellers now,beige,premium,purchase,product-focus,45-54,Android,2026-01-07,assets/creative_500476.png,stable,,low_evidence,Gather more data,,,,,,,,,,,0.3422839506172839,2.1758804596752563,0.2816977692009261,0.0047108579919452,0.0597975506123469,17448.84,3397258,37966.59,,0,-0.8305605044322552,-0.1139267236828213,False,True,,,,,,-0.6029664367566907,-0.022395291550990848,-0.159567901234568
500478,20079,1007,ThreadMark,ThreadMark Store,ecommerce,interstitial,fr,food-closeup,2-for-1,Order now,New collection drop,Shop bestsellers now,purple,adventurous,purchase,product-focus,45-54,Android,2026-01-11,assets/creative_500478.png,stable,,low_evidence,Gather more data,,,,,,,,,,,0.5188271604938272,2.534782205257301,0.3455196595234281,0.0056598437324301,0.0610475617098133,14979.93,2934710,37970.86,,0,-0.8504584157336625,0.0934025250767334,False,True,,,,,,-0.24406469117464624,0.04142659877151117,0.016975308641975273
500500,20083,1011,FluxStream,FluxStream Stream,entertainment,interstitial,it,celebrity,trending,Install now,Exclusive tonight,Start free today,blue,calm,signup,celebrity,45-54,Both,2026-01-22,assets/creative_500500.png,stable,,low_evidence,Gather more data,,,,,,,,,,,0.4725308641975308,1.983140713261951,0.4421618312302303,0.0049392877793272,0.0895193499517972,14826.25,2940100,29402.54,,0,-0.820923011050665,-0.0723672888985499,False,True,,,,,,-0.2759807188610832,0.00017485332530975395,0.006172839506172811
500501,20083,1011,FluxStream,FluxStream Stream,entertainment,interstitial,ja,trailer,new season,Watch now,Watch what’s trending,Cancel anytime,red,trustworthy,signup,celebrity,45-54,Both,2026-01-18,assets/creative_500501.png,fatigued,,low_evidence,Gather more data,,,,,,,,,,,0.6188271604938271,2.320801235883552,0.5320023259636577,0.0057439165858058,0.0926201343658649,17237.87,3394722,40005.67,13.0,1,-0.8203420175272395,-0.0937484940092503,False,True,,,,,,0.06167980376051796,0.09001534805873718,0.15246913580246912
500507,20084,1012,VoxelRealm,VoxelRealm Legends,gaming,playable,fr,gameplay,new collection,Learn more,Unlock rare gear,No ads in first week,purple,urgent,install,competitive,45-54,Both,2026-01-27,assets/creative_500507.png,top_performer,,low_evidence,Gather more data,,,,,,,,,,,0.8416666666666667,2.401432361845693,3.085427954661468,0.0135540501479098,0.2276388179910385,18757.83,2601584,45045.66,,0,-0.5736798634509641,-0.0606346757590395,False,True,,,,,,1.0493028645741465,1.7314472892294819,0.13441358024691363
500518,20086,1014,VaultRun,VaultRun Pay,fintech,interstitial,es,wanderlust,security,Book now,Secure & simple,Built for peace of mind,orange,playful,signup,trust,18-24,Android,2026-01-17,assets/creative_500518.png,stable,,low_evidence,Gather more data,,,,,,,,,,,0.6716049382716051,9.979363178153214,0.4482877000556166,0.0049586403983571,0.0904053659959171,15245.08,3457601,152136.19,,0,-0.7731269004417902,-0.0953385632190606,False,True,,,,,,0.18262565084290827,0.06554683299728709,0.13271604938271608
500560,20093,1021,RouteBloom,RouteBloom Travel,travel,rewarded_video,it,discount,last-minute deal,Learn more,Last-minute savings,Special fares today,blue,calm,booking,discount,18-24,Android,2026-01-28,assets/creative_500560.png,top_performer,,low_evidence,Gather more data,,,,,,,,,,,0.8654320987654321,13.391615987485372,0.4991207747650518,0.0083510819268429,0.0597671989255335,17234.23,3209644,230794.19,,0,-0.6761523772138095,-0.0372378516624041,False,True,,,,,,2.724640049970473,0.16690985655863022,0.11265432098765438
500589,20098,1026,ClearLedger,ClearLedger Wallet,fintech,banner,en,trust,earn more,Order now,Earn cashback daily,"Fast signup, instant card",orange,calm,signup,minimalist,45-54,Both,2026-01-28,assets/creative_500589.png,stable,,low_evidence,Gather more data,,,,,,,,,,,0.6620370370370371,7.218215233192783,0.4841732238322512,0.0050182024050106,0.0964833987861478,14402.89,2232672,103963.16,,0,-0.565409968807999,-0.1836480544895417,False,True,,,,,,1.2825944635532238,0.1014323567739217,0.3089506172839507
500592,20098,1026,ClearLedger,ClearLedger Wallet,fintech,rewarded_video,en,fantasy,new collection,Start now,"Your money, clearer","Fast signup, instant card",white,playful,signup,minimalist,45-54,Both,2026-01-20,assets/creative_500592.png,fatigued,,low_evidence,Gather more data,,,,,,,,,,,0.7083333333333334,5.787031281404861,0.6530495092706213,0.0053882020554026,0.121199892386333,15025.54,1379681,86953.27,12.0,1,-0.7979753143953994,0.006703317132765,False,True,,,,,,-0.1485894882346983,0.27030864221229184,-0.013580246913580174
500593,20098,1026,ClearLedger,ClearLedger Wallet,fintech,interstitial,en,feature-focus,save smarter,Shop now,Earn cashback daily,"Fast signup, instant card",blue,calm,signup,minimalist,45-54,Both,2026-01-22,assets/creative_500593.png,stable,,low_evidence,Gather more data,,,,,,,,,,,0.770679012345679,6.461365718040491,0.6061318481617436,0.0061342994302472,0.0988102806284624,16070.96,1794989,103840.35,,0,-0.5504760320635894,-0.0644275970761663,False,True,,,,,,0.5257449484009316,0.2233909811034141,0.23179012345679006
500597,20099,1027,WayPoint,WayPoint Travel,travel,interstitial,fr,discount,last-minute deal,Get offer,Last-minute savings,Hotels + flights in one tap,purple,excited,booking,wanderlust,45-54,Android,2026-02-02,assets/creative_500597.png,fatigued,,low_evidence,Gather more data,,,,,,,,,,,0.6290123456790123,7.33940152402404,0.3289820564859461,0.0060110891524309,0.0547291926876348,18682.12,2930251,137115.58,13.0,1,-0.8420368967749245,-0.2236637132178635,False,True,,,,,,-0.7809105758035821,-0.0032288617204754844,0.05154320987654315
500604,20100,1028,QuickFork,QuickFork Kitchen,food_delivery,native,ja,gameplay,cashback,Start now,Dinner in minutes,Fresh favorites nearby,purple,premium,order,combo,45-54,iOS,2026-01-21,assets/creative_500604.png,stable,,low_evidence,Gather more data,,,,,,,,,,,0.4083333333333334,1.539199974465408,0.4559918430009348,0.0049243728770175,0.0925989672977624,19424.63,3539537,29898.39,,0,-0.8215405218374574,-0.1489148611368236,False,True,,,,,,0.05711561986139957,0.035113412153754686,-0.06774691358024681
500630,20105,1033,NomadLayer,NomadLayer Flights,travel,interstitial,fr,competitive,escape,Try for free,Dream destinations await,Special fares today,teal,calm,booking,discount,35-44,iOS,2026-01-30,assets/creative_500630.png,top_performer,,low_evidence,Gather more data,,,,,,,,,,,0.8416666666666667,10.468499538877056,0.4594112147623557,0.0085888599951929,0.0534891958908962,14573.12,2300771,152558.7,,0,-0.6294356725034911,-0.0252324263633406,False,True,,,,,,-0.07862166682021332,0.12720029655593412,0.2641975308641975
500631,20105,1033,NomadLayer,NomadLayer Flights,travel,interstitial,en,wanderlust,book now,Book now,Escape this weekend,Hotels + flights in one tap,purple,playful,booking,discount,35-44,iOS,2026-01-29,assets/creative_500631.png,top_performer,,low_evidence,Gather more data,,,,,,,,,,,0.8250000000000001,10.096183879743494,0.439379759859297,0.0084323699822852,0.0521063189568706,14912.79,2364697,150562.27,,0,-0.693638017344047,-0.0418292658604848,False,True,,,,,,-0.45093732595377567,0.10716884165287544,0.2475308641975309
500633,20105,1033,NomadLayer,NomadLayer Flights,travel,rewarded_video,pt,discount,escape,Learn more,Escape this weekend,Hotels + flights in one tap,blue,urgent,booking,discount,35-44,iOS,2026-01-28,assets/creative_500633.png,top_performer,,low_evidence,Gather more data,,,,,,,,,,,0.889814814814815,10.625742872517485,0.5699863924767568,0.008469468690912,0.0672989550204452,16000.39,2078997,170016.03,,0,-0.7006108955336974,0.0052916753109937,False,True,,,,,,0.0786216668202151,0.23777547427033519,0.13703703703703718
500635,20105,1033,NomadLayer,NomadLayer Flights,travel,native,en,destination,discover,Shop now,Book your next trip,Special fares today,lime,adventurous,booking,discount,35-44,iOS,2026-01-26,assets/creative_500635.png,top_performer,,low_evidence,Gather more data,,,,,,,,,,,0.780246913580247,11.443850899912857,0.4013799742133128,0.0071756551188681,0.0559363525091799,17246.67,3415716,197368.32,,0,-0.6474629297928505,-0.0856686000621267,False,True,,,,,,0.8967296942155869,0.06916905600689122,0.23117283950617296
500654,20109,1001,VantaStyle,VantaStyle Outlet,ecommerce,banner,en,testimonial,free shipping,Book now,Up to 40% off,Shop bestsellers now,purple,excited,purchase,discount,18-24,Android,2026-01-12,assets/creative_500654.png,stable,,low_evidence,Gather more data,,,,,,,,,,,0.3932098765432099,2.342410628483567,0.264789182348207,0.0052687518046826,0.0502565298507462,14152.16,3255420,33150.17,,0,-0.6975824991133308,0.086704406364749,False,True,,,,,,-0.4662680637723242,-0.03930387840370997,0.2069444444444445
500655,20109,1001,VantaStyle,VantaStyle Outlet,ecommerce,interstitial,it,discount,new collection,Claim reward,Flash sale live,Shop bestsellers now,black,premium,purchase,discount,18-24,Android,2026-01-14,assets/creative_500655.png,stable,,low_evidence,Gather more data,,,,,,,,,,,0.7052469135802469,2.904057936682516,0.4612992880231273,0.0075605475835961,0.0610140049940288,14774.75,2436596,42906.73,,0,-0.7418030424448283,-0.0573042291950885,False,True,,,,,,0.0953792444266246,0.15720622727121036,0.20339506172839505
500657,20109,1001,VantaStyle,VantaStyle Outlet,ecommerce,interstitial,it,testimonial,free shipping,Book now,Flash sale live,Only this weekend,blue,trustworthy,purchase,discount,18-24,Android,2026-01-10,assets/creative_500657.png,stable,,low_evidence,Gather more data,,,,,,,,,,,0.6666666666666666,2.7132994478292662,0.4252765278083777,0.0072578130260794,0.0585956852677566,18774.99,3059186,50942.17,,0,-0.658381608703963,-0.0303211741586832,False,True,,,,,,-0.09537924442662504,0.12118346705646077,0.16481481481481475
500659,20109,1001,VantaStyle,VantaStyle Outlet,ecommerce,interstitial,es,ugc,free shipping,Order now,New collection drop,Shop bestsellers now,red,calm,purchase,discount,18-24,Android,2026-01-18,assets/creative_500659.png,stable,,low_evidence,Gather more data,,,,,,,,,,,0.729320987654321,2.913096668892351,0.472924289409676,0.0087147998498999,0.0542667987280404,13479.0,2201198,39265.630000000005,,0,-0.5279220448692965,-0.0558660528716815,False,True,,,,,,0.10441797663645991,0.16883122865775907,0.22746913580246908
500660,20110,1002,EarnPath,EarnPath Invest,fintech,interstitial,de,product-focus,discover,Start now,Secure & simple,No hidden fees,blue,urgent,signup,testimonial,25-34,Both,2026-02-05,assets/creative_500660.png,stable,,low_evidence,Gather more data,,,,,,,,,,,0.7790123456790123,9.2027785278215,0.5660516730520297,0.0057043630220128,0.0992313551693096,15184.3,2531571,139737.75,,0,-0.6782588311059095,-0.0679480682621138,False,True,,,,,,1.8079479539618015,0.18331080599370025,0.24012345679012337
500663,20110,1002,EarnPath,EarnPath Invest,fintech,interstitial,pt,combo,save smarter,Learn more,Track every euro,Built for peace of mind,white,excited,signup,testimonial,25-34,Both,2026-02-01,assets/creative_500663.png,stable,,low_evidence,Gather more data,,,,,,,,,,,0.7558641975308643,8.174981930764428,0.5086609561761146,0.0058356762999625,0.0871640115095796,14638.14,2441705,119666.53,,0,-0.6801855180485648,-0.1817150778148825,False,True,,,,,,0.7801513569047289,0.12592008911778513,0.21697530864197534
500696,20116,1008,CoinBridge,CoinBridge Cash,fintech,banner,en,testimonial,limited offer,Order now,"Your money, clearer",Built for peace of mind,black,premium,signup,feature-focus,18-24,Android,2026-02-04,assets/creative_500696.png,stable,,low_evidence,Gather more data,,,,,,,,,,,0.4657407407407407,5.181219010991083,0.3796010665821152,0.004024563976211,0.0943210416894627,15912.9,2270805,82448.22,,0,-0.6463038431075039,-0.0660032553575311,False,True,,,,,,-0.48917211101437186,-0.003139800476214316,0.11265432098765427
500697,20116,1008,CoinBridge,CoinBridge Cash,fintech,banner,en,feature-focus,earn more,Start now,Earn cashback daily,No hidden fees,lime,adventurous,signup,feature-focus,18-24,Android,2026-01-31,assets/creative_500697.png,stable,,low_evidence,Gather more data,,,,,,,,,,,0.5697530864197531,6.019030567619493,0.4368638218328805,0.0045679764307385,0.0956361812405952,18498.66,2618665,111344.0,,0,-0.6428105369329317,0.0778642536108826,False,True,,,,,,0.3486394456140376,0.05412295477455098,0.21666666666666667
500698,20116,1008,CoinBridge,CoinBridge Cash,fintech,interstitial,ja,minimalist,security,Shop now,Secure & simple,No hidden fees,black,trustworthy,signup,feature-focus,18-24,Android,2026-02-04,assets/creative_500698.png,stable,,low_evidence,Gather more data,,,,,,,,,,,0.6716049382716048,5.321751676391418,0.5537669113301508,0.0052983460783929,0.1045169385194479,15068.08,1504243,80188.58,,0,-0.4955799355421133,-0.1219017926734217,False,True,,,,,,-0.3486394456140367,0.17102604427182128,0.13271604938271586
500700,20116,1008,CoinBridge,CoinBridge Cash,fintech,native,ja,minimalist,earn more,Try for free,Secure & simple,"Fast signup, instant card",lime,playful,signup,feature-focus,18-24,Android,2026-02-02,assets/creative_500700.png,stable,,low_evidence,Gather more data,,,,,,,,,,,0.6935185185185185,6.999231371853429,0.5770868933987334,0.00501761867313,0.1150121065375302,16913.25,2140059,118379.75,,0,-0.7028528125610893,-0.1238647276587375,False,True,,,,,,1.3288402498479739,0.19434602634040393,0.17592592592592604
500741,20123,1015,HorizonHop,HorizonHop Flights,travel,interstitial,fr,destination,last-minute deal,Shop now,Fly smarter,Special fares today,lime,trustworthy,booking,destination,35-44,iOS,2026-02-02,assets/creative_500741.png,stable,,low_evidence,Gather more data,,,,,,,,,,,0.7604938271604937,7.263303667822819,0.3934369509937957,0.0085346845954107,0.0460985929351569,18117.56,2381576,131593.34,,0,-0.6407358962951433,-0.1152538941531514,False,True,,,,,,0.132230596846294,0.06122603278737415,0.18302469135802457
500792,20132,1024,GlitchWave,GlitchWave Rush,gaming,interstitial,de,reward,new collection,Get offer,Level up today,Free rewards for new players,blue,excited,install,reward,25-34,Both,2026-01-25,assets/creative_500792.png,stable,,low_evidence,Gather more data,,,,,,,,,,,0.7287037037037036,1.7266071740129405,1.706910213528786,0.0093316988911037,0.1829152690681056,16277.64,2939229,28105.09,,0,-0.658419783635414,0.0261961304099704,False,True,,,,,,0.06680173746996676,0.3529295480968,0.1651234567901234
500794,20132,1024,GlitchWave,GlitchWave Rush,gaming,rewarded_video,de,competitive,free rewards,Order now,Beat your rivals,Play with friends tonight,orange,calm,install,reward,25-34,Both,2026-01-25,assets/creative_500794.png,top_performer,,low_evidence,Gather more data,,,,,,,,,,,0.8003086419753087,2.0486505657079346,2.491738666483082,0.0114419469209321,0.2177722623345367,15789.95,2324080,32348.09,,0,-0.6507787496512485,-0.1423798361433355,False,True,,,,,,0.38884512916496083,1.137758001051096,0.13858024691358029
500795,20132,1024,GlitchWave,GlitchWave Rush,gaming,rewarded_video,de,reward,competition,Get offer,Win epic rewards,Play with friends tonight,purple,adventurous,install,reward,25-34,Both,2026-01-25,assets/creative_500795.png,stable,,low_evidence,Gather more data,,,,,,,,,,,0.7055555555555556,1.5557576303338176,1.8885552111944768,0.0092052043036944,0.2051616834225529,16990.41,2496088,26432.96,,0,-0.7362275990449929,-0.0922693266832918,False,True,,,,,,-0.1040478062091561,0.5345745457624909,0.04382716049382718
500797,20132,1024,GlitchWave,GlitchWave Rush,gaming,rewarded_video,de,drama,power-up,Claim reward,Beat your rivals,Free rewards for new players,purple,urgent,install,reward,25-34,Both,2026-01-25,assets/creative_500797.png,stable,,low_evidence,Gather more data,,,,,,,,,,,0.7169753086419753,1.5930036990730072,1.9110026423629995,0.0099238188619532,0.1925672635651939,15060.53,2239662,23991.48,,0,-0.6905462919961676,-0.0758532065826299,False,True,,,,,,-0.06680173746996654,0.5570219769310136,0.055246913580246915
500804,20134,1026,ClearLedger,ClearLedger Cash,fintech,native,it,testimonial,earn more,Start now,Track every euro,No hidden fees,blue,calm,signup,testimonial,25-34,Android,2026-02-01,assets/creative_500804.png,stable,,low_evidence,Gather more data,,,,,,,,,,,0.7086419753086419,11.102092539534086,0.5667893347095491,0.0046876667704008,0.1209107563465061,12124.98,2445353,134612.65,,0,-0.6963146726810618,-0.15117944198782,False,True,,,,,,2.375092554600295,0.18404846765121957,0.19104938271604943
500805,20134,1026,ClearLedger,ClearLedger Cash,fintech,native,es,feature-focus,cashback,Shop now,Earn cashback daily,Built for peace of mind,white,calm,signup,testimonial,25-34,Android,2026-01-21,assets/creative_500805.png,stable,,low_evidence,Gather more data,,,,,,,,,,,0.4962962962962963,7.444892881044028,0.3780933833657911,0.0037138016751373,0.1018076398362892,15585.01,3157950,116028.73,,0,-0.7416264565443578,-0.0725720214714508,False,True,,,,,,-1.2821071038897625,-0.004647483692538368,-0.021296296296296202
500806,20134,1026,ClearLedger,ClearLedger Cash,fintech,interstitial,es,minimalist,security,Watch now,"Your money, clearer",Built for peace of mind,white,calm,signup,testimonial,25-34,Android,2026-01-22,assets/creative_500806.png,top_performer,,low_evidence,Gather more data,,,,,,,,,,,0.7830246913580248,9.357588726021586,0.607197327865579,0.0055797666155683,0.1088212768920142,15912.75,2574122,148904.97,,0,-0.6840046142023355,-0.0151989086301723,False,True,,,,,,0.6305887410877951,0.2244564608072495,0.2441358024691358
500807,20134,1026,ClearLedger,ClearLedger Cash,fintech,native,es,testimonial,security,Install now,"Your money, clearer",No hidden fees,white,excited,signup,testimonial,25-34,Android,2026-01-18,assets/creative_500807.png,stable,,low_evidence,Gather more data,,,,,,,,,,,0.653395061728395,9.515068439194796,0.4862264189553942,0.0045285059244974,0.1073701629327902,17264.23,3469577,164270.33,,0,-0.742377251462748,0.0168561403508771,False,True,,,,,,0.7880684542610048,0.10348555189706471,0.13580246913580252
500809,20134,1026,ClearLedger,ClearLedger Cash,fintech,interstitial,es,combo,watch now,Watch now,"Your money, clearer",Built for peace of mind,green,adventurous,signup,testimonial,25-34,Android,2026-01-18,assets/creative_500809.png,stable,,low_evidence,Gather more data,,,,,,,,,,,0.6885802469135802,8.096411243845996,0.5123550512823987,0.0049637652086952,0.103219034289713,17907.04,2878863,144982.76,,0,-0.7463980127097312,0.0544201680672269,False,True,,,,,,-0.6305887410877951,0.12961418422406917,0.14969135802469125
500810,20135,1027,WayPoint,WayPoint Trips,travel,native,es,family,book now,Try for free,Fly smarter,Flexible booking options,orange,playful,booking,destination,45-54,iOS,2026-01-28,assets/creative_500810.png,stable,,low_evidence,Gather more data,,,,,,,,,,,0.7206790123456791,9.841427583884544,0.3476718196683852,0.0068630562976887,0.0506584536958368,14046.39,2743967,138236.53,,0,-0.7279261107229418,-0.1973802614683073,False,True,,,,,,0.18549641287697582,0.015460901461963605,0.17160493827160506
500811,20135,1027,WayPoint,WayPoint Trips,travel,native,fr,destination,book now,Try for free,Book your next trip,Hotels + flights in one tap,blue,urgent,booking,destination,45-54,iOS,2026-01-29,assets/creative_500811.png,stable,,low_evidence,Gather more data,,,,,,,,,,,0.7364197530864197,10.48483107127412,0.3693598239573231,0.0067428946440165,0.0547776353416822,15191.91,3007907,159284.61,,0,-0.7531600668044807,0.0457979816954174,False,True,,,,,,0.8288999002665527,0.03714890575090152,0.18734567901234567
500812,20135,1027,WayPoint,WayPoint Trips,travel,rewarded_video,es,destination,book now,Claim reward,Last-minute savings,Hotels + flights in one tap,teal,excited,booking,destination,45-54,iOS,2026-01-29,assets/creative_500812.png,top_performer,,low_evidence,Gather more data,,,,,,,,,,,0.8712962962962963,9.632949674724223,0.5257339739151456,0.0089773770099349,0.0585620915032679,13328.69,1704284,128394.6,,0,-0.6715847808083624,0.0783309507997433,False,True,,,,,,-0.022981496283344782,0.19352305570872408,0.11851851851851858
500814,20135,1027,WayPoint,WayPoint Trips,travel,interstitial,fr,wanderlust,fast,Order now,Fly smarter,Special fares today,teal,excited,booking,destination,45-54,iOS,2026-01-25,assets/creative_500814.png,stable,,low_evidence,Gather more data,,,,,,,,,,,0.7413580246913579,8.26455229974901,0.3651098495240909,0.0075491209927611,0.048364551299972,15000.55,2369150,123972.83,,0,-0.7144102467972073,-0.1342006201443952,False,True,,,,,,-1.3913788712585582,0.032898931317669355,0.16388888888888875
500815,20135,1027,WayPoint,WayPoint Trips,travel,rewarded_video,fr,combo,fast,Claim reward,Dream destinations await,Special fares today,teal,calm,booking,destination,45-54,iOS,2026-01-26,assets/creative_500815.png,top_performer,,low_evidence,Gather more data,,,,,,,,,,,0.8225308641975309,8.577602419625588,0.4671252709613152,0.0080609200132514,0.0579493742889647,13463.24,1744714,115482.32,,0,-0.7753569011275957,0.0233191489361701,False,True,,,,,,-1.0783287513819797,0.1349143527548936,0.06975308641975309
500825,20137,1029,BingeLayer,BingeLayer Plus,entertainment,interstitial,es,celebrity,save smarter,Book now,A new season drops,New hits every week,black,calm,signup,trailer,45-54,iOS,2026-02-01,assets/creative_500825.png,stable,,low_evidence,Gather more data,,,,,,,,,,,0.7743827160493827,3.302326717727764,0.6374446982205628,0.007367433939903,0.086521942839294,11460.78,2607285,37847.24,,0,-0.6152700704039263,-0.0169135300116753,False,True,,,,,,0.2773892577399151,0.1954577203156423,0.3080246913580247
500828,20138,1030,IronQuest,IronQuest Rush,gaming,rewarded_video,ja,gameplay,free rewards,Get offer,Beat your rivals,No ads in first week,blue,urgent,install,reward,18-24,Android,2026-02-06,assets/creative_500828.png,top_performer,,low_evidence,Gather more data,,,,,,,,,,,0.8771604938271604,3.233654937969971,2.3037360182222506,0.012291783030079,0.1874208170275064,11378.36,2889654,36793.69,,0,-0.7004645009094301,-0.0521039493090579,False,True,,,,,,0.9835810542922396,0.9497553527902647,0.215432098765432
500841,20140,1032,SwiftStack,SwiftStack Invest,fintech,interstitial,en,trust,cashback,Start now,"Your money, clearer",No hidden fees,blue,trustworthy,signup,trust,25-34,iOS,2026-01-21,assets/creative_500841.png,stable,,low_evidence,Gather more data,,,,,,,,,,,0.6496913580246915,6.08421842194841,0.567409367701697,0.0047961979033089,0.1183039939428355,19771.09,2202995,120291.63,,0,-0.7512690784263828,-0.1398728070175439,False,True,,,,,,-0.3448777407000776,0.18466850064336754,0.1108024691358025
500843,20140,1032,SwiftStack,SwiftStack Invest,fintech,rewarded_video,es,minimalist,earn more,Book now,Track every euro,Built for peace of mind,lime,trustworthy,signup,trust,25-34,iOS,2026-01-21,assets/creative_500843.png,stable,,low_evidence,Gather more data,,,,,,,,,,,0.7459876543209877,5.960648272011045,0.6820098498297015,0.0057816496833983,0.1179611161478795,18875.41,1716984,112509.68,,0,-0.6472390613615575,0.0644846956322366,False,True,,,,,,-0.4684478906374432,0.299268982771372,0.024074074074074137
500846,20141,1033,NomadLayer,NomadLayer Travel,travel,native,en,discount,last-minute deal,Shop now,Fly smarter,Special fares today,white,adventurous,booking,destination,45-54,iOS,2026-01-17,assets/creative_500846.png,top_performer,,low_evidence,Gather more data,,,,,,,,,,,0.7925925925925926,8.186688493103292,0.4222845482244854,0.0081184483931383,0.0520154255807547,19597.03,2683025,160434.78,,0,-0.5885067438986893,0.0084531046842604,False,True,,,,,,0.7600548998796981,0.09007363001806384,0.24351851851851858
500849,20141,1033,NomadLayer,NomadLayer Travel,travel,rewarded_video,en,discount,book now,Learn more,Dream destinations await,Flexible booking options,purple,adventurous,booking,destination,45-54,iOS,2026-01-17,assets/creative_500849.png,top_performer,,low_evidence,Gather more data,,,,,,,,,,,0.9351851851851852,10.270721659477536,0.8040788287010264,0.0111152428475015,0.0723401944278498,18569.7,1656554,190724.22,,0,-0.5803056846254047,0.0123432750718408,False,True,,,,,,2.844088066253942,0.47186791049460486,0.18240740740740746
500859,20143,1035,StarVault,StarVault Play,entertainment,interstitial,en,trailer,exclusive,Start now,Stream the hype,Cancel anytime,orange,adventurous,install,celebrity,45-54,Android,2026-01-22,assets/creative_500859.png,stable,,low_evidence,Gather more data,,,,,,,,,,,0.7564814814814814,3.334695012789102,0.6366903334780079,0.0068244291305056,0.0932957645690773,13914.19,3276318,46399.58,,0,-0.7050287107342932,-0.1900468450997897,False,True,,,,,,0.436507191409679,0.19470335557308732,0.2901234567901234
500864,20144,1000,PixelForge,PixelForge Legends,gaming,rewarded_video,en,feature-focus,free rewards,Install now,Beat your rivals,No ads in first week,blue,trustworthy,install,fantasy,25-34,iOS,2026-01-25,assets/creative_500864.png,stable,,low_evidence,Gather more data,,,,,,,,,,,0.7311728395061728,1.6329747566361312,2.0934534977656893,0.01056201213437,0.1982059356808855,14079.74,1984281,22991.86,,0,-0.7010969102401199,-0.112669555858097,False,True,,,,,,0.045544233656026334,0.7394728323337034,0.06944444444444442
500867,20144,1000,PixelForge,PixelForge Legends,gaming,interstitial,en,reward,discover,Get offer,Join the arena,Play with friends tonight,lime,urgent,install,fantasy,25-34,iOS,2026-01-23,assets/creative_500867.png,stable,,low_evidence,Gather more data,,,,,,,,,,,0.7049382716049383,1.6148173959023169,1.6877882590199342,0.0088569728104247,0.1905603974569492,15583.44,2681616,25164.41,,0,-0.7506088487583735,-0.0817266340379213,False,True,,,,,,0.02738687292221198,0.3338075935879483,0.14135802469135805
500868,20144,1000,PixelForge,PixelForge Legends,gaming,rewarded_video,ja,fantasy,book now,Get offer,Unlock rare gear,No ads in first week,orange,premium,install,fantasy,25-34,iOS,2026-01-14,assets/creative_500868.png,stable,,low_evidence,Gather more data,,,,,,,,,,,0.7046296296296296,1.4902485376041796,1.9185839229110928,0.0101884276710855,0.1883101087674184,20090.32,2824479,29939.57,,0,-0.7862853876161785,-0.0112543259568931,False,True,,,,,,-0.09718198537592526,0.5646032574791069,0.04290123456790118
500873,20145,1001,VantaStyle,VantaStyle Shop,ecommerce,interstitial,fr,celebrity,power-up,Install now,Your next favorite pick,Free shipping over $25,red,calm,purchase,testimonial,18-24,Android,2026-01-31,assets/creative_500873.png,stable,,low_evidence,Gather more data,,,,,,,,,,,0.4867283950617284,2.171576156602982,0.3293606964108732,0.0059728295522202,0.0551431601272534,19492.86,3315514,42330.23,,0,-0.7536847545285366,0.0911715206278349,False,True,,,,,,-0.02060764792235137,0.025267635658956233,-0.015123456790123502
500883,20147,1003,CloudRoute,CloudRoute Getaway,travel,interstitial,en,product-focus,exclusive,Book now,Book your next trip,Flexible booking options,purple,premium,booking,destination,25-34,Both,2026-02-05,assets/creative_500883.png,top_performer,,low_evidence,Gather more data,,,,,,,,,,,0.8904320987654321,11.654016304316654,0.5279510483787943,0.0097348893810565,0.0542328759694126,12204.13,1894115,142227.13,,0,-0.570167533419089,-0.1031007535324746,False,True,,,,,,1.9943787922824807,0.19574013017237268,0.3129629629629629
500884,20147,1003,CloudRoute,CloudRoute Getaway,travel,rewarded_video,en,discount,save smarter,Try for free,Fly smarter,Special fares today,lime,adventurous,booking,destination,25-34,Both,2026-02-05,assets/creative_500884.png,top_performer,,low_evidence,Gather more data,,,,,,,,,,,0.8944444444444445,10.276755446267869,0.5769214402001778,0.0088696352081355,0.0650445510623714,13017.63,1644938,133779.0,,0,-0.6324619247415002,-0.2196149424441489,False,True,,,,,,0.6171179342336952,0.2447105219937562,0.14166666666666672
500885,20147,1003,CloudRoute,CloudRoute Getaway,travel,native,es,destination,limited offer,Try for free,Last-minute savings,Hotels + flights in one tap,blue,urgent,booking,destination,25-34,Both,2026-01-29,assets/creative_500885.png,stable,,low_evidence,Gather more data,,,,,,,,,,,0.7512345679012346,10.492461481674564,0.3801169497400568,0.0068535851374272,0.0554624976735529,16227.99,3135877,170271.56,,0,-0.7204867333994296,-0.0615258408531583,False,True,,,,,,0.8328239696403905,0.04790603153363521,0.2021604938271605
500894,20149,1005,MoonScreen,MoonScreen Box,entertainment,interstitial,es,celebrity,trending,Order now,Exclusive tonight,Start free today,purple,adventurous,signup,trailer,35-44,Both,2026-01-21,assets/creative_500894.png,stable,,low_evidence,Gather more data,,,,,,,,,,,0.6731481481481482,2.561626982035297,0.5313431533104946,0.0062706993581091,0.084734273318872,16694.96,3528793,42766.26,,0,-0.7266384583384933,-0.0826468041581641,False,True,,,,,,-0.32499082056506756,0.08935617540557411,0.20679012345679015
500896,20149,1005,MoonScreen,MoonScreen Box,entertainment,native,pt,drama,trending,Get offer,Watch what’s trending,Start free today,blue,urgent,signup,trailer,35-44,Both,2026-01-29,assets/creative_500896.png,stable,,low_evidence,Gather more data,,,,,,,,,,,0.6749999999999999,3.113788128722455,0.5318816767839031,0.005874077858987,0.090547263681592,12469.93,3250723,38828.72,,0,-0.7160308856931468,-0.1380894758071588,False,True,,,,,,0.22717032612209032,0.08989469887898255,0.26975308641975315
500898,20149,1005,MoonScreen,MoonScreen Box,entertainment,native,en,drama,exclusive,Watch now,Binge starts now,Cancel anytime,blue,urgent,signup,trailer,35-44,Both,2026-02-05,assets/creative_500898.png,top_performer,,low_evidence,Gather more data,,,,,,,,,,,0.7842592592592593,4.214948436768341,0.7210503955949372,0.0071308470255895,0.1011170752937763,11019.48,2899936,46446.54,,0,-0.5816966886341917,-0.0811370616384543,False,True,,,,,,1.3283306341679766,0.2790634176900167,0.37901234567901254
500899,20149,1005,MoonScreen,MoonScreen Box,entertainment,interstitial,pt,food-closeup,trending,Watch now,Exclusive tonight,Cancel anytime,blue,calm,signup,trailer,35-44,Both,2026-01-30,assets/creative_500899.png,stable,,low_evidence,Gather more data,,,,,,,,,,,0.6314814814814814,2.3860765835221294,0.5132521801091852,0.0059557536054422,0.0861775375731102,10778.82,2267891,25719.09,,0,-0.7285350579358396,-0.2101241851487673,False,True,,,,,,-0.5005412190782352,0.07126520220426463,0.1651234567901234
500906,20151,1007,ThreadMark,ThreadMark Club,ecommerce,banner,pt,celebrity,free shipping,Install now,New collection drop,Shop bestsellers now,purple,adventurous,purchase,testimonial,45-54,Android,2026-01-19,assets/creative_500906.png,underperformer,,low_evidence,Gather more data,,,,,,,,,,,0.1836419753086419,1.6307701407372617,0.1881752066433921,0.0043475925218055,0.0432826226698093,14370.75,3220403,23435.39,,0,-0.78198968226818,-0.1897162318971623,False,True,,,,,,-0.7282798444192722,-0.11591785410852484,-0.0026234567901234906
500907,20151,1007,ThreadMark,ThreadMark Club,ecommerce,native,en,testimonial,limited offer,Book now,Up to 40% off,Only this weekend,white,adventurous,purchase,testimonial,45-54,Android,2026-01-20,assets/creative_500907.png,stable,,low_evidence,Gather more data,,,,,,,,,,,0.562962962962963,2.7076894353193666,0.3510252268716323,0.0061400642142956,0.0571696344892221,16550.239999999998,3301757,44812.91,,0,-0.7913965188587857,-0.0262852602761809,False,True,,,,,,0.3486394501628327,0.046932166119715346,0.15679012345679016
500908,20151,1007,ThreadMark,ThreadMark Club,ecommerce,interstitial,en,ugc,free shipping,Learn more,Your next favorite pick,Only this weekend,purple,playful,purchase,testimonial,45-54,Android,2026-01-19,assets/creative_500908.png,stable,,low_evidence,Gather more data,,,,,,,,,,,0.554320987654321,2.2796605075696617,0.3666609541952788,0.0063665674773907,0.0575916230366492,17136.17,2760043,39064.65,,0,-0.7991412468087069,0.0338569015113465,False,True,,,,,,-0.0793894775868722,0.06256789344336183,0.05246913580246915
500910,20151,1007,ThreadMark,ThreadMark Club,ecommerce,native,pt,ugc,before/after,Get offer,New collection drop,Free shipping over $25,pink,playful,purchase,testimonial,45-54,Android,2026-01-28,assets/creative_500910.png,stable,,low_evidence,Gather more data,,,,,,,,,,,0.5234567901234567,2.517620581024975,0.3190603402589255,0.0061872469599137,0.0515674163850367,13738.48,2773770,34588.28,,0,-0.7939355296981855,-0.0608036977333289,False,True,,,,,,0.15857059586844136,0.014967279507008546,0.11728395061728386
500911,20151,1007,ThreadMark,ThreadMark Club,ecommerce,rewarded_video,en,product-focus,new collection,Get offer,Flash sale live,Free shipping over $25,teal,premium,purchase,testimonial,45-54,Android,2026-01-24,assets/creative_500911.png,fatigued,,low_evidence,Gather more data,,,,,,,,,,,0.6845679012345679,2.4384394627434056,0.4833424515233647,0.0073394898098347,0.0658550477004129,14600.1,1913757,35601.46,14.0,1,-0.8336650231005133,0.006343984962406,False,True,,,,,,0.07938947758687176,0.17924939077144775,0.10617283950617273
500936,20156,1012,VoxelRealm,VoxelRealm Quest,gaming,playable,es,gameplay,challenge,Watch now,Join the arena,Free rewards for new players,lime,excited,install,gameplay,45-54,iOS,2026-01-20,assets/creative_500936.png,stable,,low_evidence,Gather more data,,,,,,,,,,,0.7799382716049382,1.900915583606693,2.46304003603496,0.0117015946848434,0.2104875533951981,12523.16,1740532,23805.47,,0,-0.6073924021981214,-0.1300002180459689,False,True,,,,,,0.2747373479949744,1.1090593706029739,0.07268518518518519
500938,20156,1012,VoxelRealm,VoxelRealm Quest,gaming,banner,es,wanderlust,challenge,Shop now,Level up today,No ads in first week,lime,adventurous,install,gameplay,45-54,iOS,2026-01-18,assets/creative_500938.png,stable,,low_evidence,Gather more data,,,,,,,,,,,0.5944444444444444,1.410338521748246,0.958013444071867,0.0065590082139501,0.1460607172337888,12878.05,3324588,18162.41,,0,-0.7653300722571577,-0.0455884420697414,False,True,,,,,,-0.21583971386347267,-0.39596722136011897,0.17654320987654326
500939,20156,1012,VoxelRealm,VoxelRealm Quest,gaming,playable,es,gameplay,free rewards,Try for free,Level up today,Free rewards for new players,blue,excited,install,gameplay,45-54,iOS,2026-01-20,assets/creative_500939.png,stable,,low_evidence,Gather more data,,,,,,,,,,,0.7620370370370372,1.8099043851774863,2.3490681103424054,0.0109008382490694,0.2154942635299571,11507.63,1583181,20827.71,,0,-0.6263542008564111,-0.0545523640624506,False,True,,,,,,0.1837261495657676,0.9950874449104194,0.05478395061728414
500941,20156,1012,VoxelRealm,VoxelRealm Quest,gaming,playable,es,wanderlust,power-up,Get offer,Unlock rare gear,Free rewards for new players,orange,urgent,install,gameplay,45-54,iOS,2026-01-20,assets/creative_500941.png,top_performer,,low_evidence,Gather more data,,,,,,,,,,,0.8185185185185184,2.1855875022587714,2.8177227992755296,0.0130399745740016,0.2160834580838323,11732.04,1639267,25641.4,,0,-0.5984710938635511,-0.0052815316700868,False,True,,,,,,0.5594092666470527,1.4637421338435437,0.11126543209876538
500978,20163,1019,ZenDrop,ZenDrop Store,ecommerce,interstitial,en,testimonial,trending,Get offer,Limited stock,Only this weekend,lime,playful,purchase,ugc,18-24,iOS,2026-01-16,assets/creative_500978.png,fatigued,,low_evidence,Gather more data,,,,,,,,,,,0.6104938271604938,2.451949041174803,0.4110134199143613,0.0064685683467474,0.0635400907715582,17775.92,2759034,43585.65,14.0,1,-0.8349856176635182,0.1213954072029113,False,True,,,,,,0.03376506054989381,0.10692035916244436,0.10864197530864195
500979,20163,1019,ZenDrop,ZenDrop Store,ecommerce,native,fr,product-focus,power-up,Try for free,Up to 40% off,Only this weekend,white,urgent,purchase,ugc,18-24,iOS,2026-01-21,assets/creative_500979.png,fatigued,,low_evidence,Gather more data,,,,,,,,,,,0.6166666666666667,3.0861131482998987,0.4068285940195239,0.006045313366505,0.0672965269713923,16266.97,3133998,50201.71,14.0,1,-0.7962442603406196,0.1318728522336769,False,True,,,,,,0.6679291676749894,0.10273553326760698,0.21049382716049386
500981,20163,1019,ZenDrop,ZenDrop Store,ecommerce,native,en,ugc,limited offer,Install now,New collection drop,Free shipping over $25,orange,adventurous,purchase,ugc,18-24,iOS,2026-01-20,assets/creative_500981.png,stable,,low_evidence,Gather more data,,,,,,,,,,,0.4012345679012346,2.3303641194849183,0.3112584602618137,0.0049000543040245,0.0635214307739747,17123.5,3309147,39903.99,,0,-0.815974029201771,-0.2007679530599477,False,True,,,,,,-0.08781986113999096,0.007165399509896753,-0.00493827160493826
500982,20163,1019,ZenDrop,ZenDrop Store,ecommerce,rewarded_video,fr,testimonial,last-minute deal,Shop now,Your next favorite pick,Free shipping over $25,orange,excited,purchase,ugc,18-24,iOS,2026-01-22,assets/creative_500982.png,fatigued,,low_evidence,Gather more data,,,,,,,,,,,0.7611111111111111,2.918519775415037,0.5918899637479311,0.0075778118466633,0.0781082950757814,16501.55,2098363,48160.1,15.0,1,-0.8255216882550264,-0.3154511320969393,False,True,,,,,,0.5003357947901277,0.2877969029960142,0.1827160493827159
500997,20166,1022,CraveLoop,CraveLoop Go,food_delivery,interstitial,en,combo,late-night,Install now,Dinner in minutes,Late-night deals available,black,adventurous,order,combo,45-54,iOS,2026-01-31,assets/creative_500997.png,stable,,low_evidence,Gather more data,,,,,,,,,,,0.7271604938271605,2.1305298254226632,0.7440676959940421,0.0080373477460752,0.0925762726090058,18577.44,2964784,39579.79,,0,-0.7379980760613913,-0.1556097366124651,False,True,,,,,,-0.07098383863788138,0.32318926514686197,0.24691358024691362
501000,20166,1022,CraveLoop,CraveLoop Go,food_delivery,native,en,food-closeup,free delivery,Shop now,"Your cravings, delivered",Late-night deals available,lime,urgent,order,combo,45-54,iOS,2026-02-03,assets/creative_501000.png,stable,,low_evidence,Gather more data,,,,,,,,,,,0.7518518518518519,2.457255664089795,0.6822876998380017,0.0076428681263448,0.0892711595384153,15313.14,3050033,37628.3,,0,-0.7048755166350038,-0.0291480309806916,False,True,,,,,,0.2557420000292505,0.2614092689908216,0.2757716049382717
501001,20166,1022,CraveLoop,CraveLoop Go,food_delivery,banner,en,discount,free delivery,Try for free,Dinner in minutes,Free delivery over $15,red,playful,order,combo,45-54,iOS,2026-02-03,assets/creative_501001.png,stable,,low_evidence,Gather more data,,,,,,,,,,,0.4888888888888889,1.762521970885629,0.426325652515901,0.005698156800894,0.0748181679466965,15691.22,3450414,27656.12,,0,-0.8316844276528604,0.0544430768777222,False,True,,,,,,-0.4389916931749156,0.0054472216687208586,0.250925925925926
501012,20168,1024,GlitchWave,GlitchWave Rush,gaming,playable,es,gameplay,competition,Start now,Unlock rare gear,Play with friends tonight,purple,excited,install,reward,18-24,Both,2026-01-24,assets/creative_501012.png,fatigued,,low_evidence,Gather more data,,,,,,,,,,,0.7441358024691359,1.925508485064317,1.6468854560289976,0.0081600866188608,0.2018220556902505,15837.24,3335994,30494.74,13.0,1,-0.858041734930288,-0.1104699037262311,False,True,,,,,,0.15688255924773564,0.2929047905970117,0.03688271604938287
501014,20169,1025,LuxShelf,LuxShelf Shop,ecommerce,banner,en,testimonial,new collection,Order now,Up to 40% off,Free shipping over $25,blue,calm,purchase,product-focus,35-44,Both,2026-02-01,assets/creative_501014.png,stable,,low_evidence,Gather more data,,,,,,,,,,,0.2484567901234567,2.0715133334340283,0.2334149759393086,0.004089786386538,0.057072657072657,15227.51,3483067,31543.99,,0,-0.7752991966945293,-0.01392218329338,False,True,,,,,,-0.033991355021036895,-0.07067808481260834,0.06219135802469131
501017,20169,1025,LuxShelf,LuxShelf Shop,ecommerce,banner,it,discount,watch now,Book now,Limited stock,Only this weekend,red,calm,purchase,product-focus,35-44,Both,2026-02-04,assets/creative_501017.png,stable,,low_evidence,Gather more data,,,,,,,,,,,0.5018518518518518,2.8452787974182163,0.3186133329209722,0.0055929687288584,0.0569667645872933,13506.94,3104076,38431.01,,0,-0.7065900692023246,0.0769131225783861,False,True,,,,,,0.7397741089631511,0.01452027216905527,0.3155864197530864
501019,20169,1025,LuxShelf,LuxShelf Shop,ecommerce,interstitial,fr,competitive,free shipping,Install now,Your next favorite pick,Free shipping over $25,white,urgent,purchase,product-focus,35-44,Both,2026-01-30,assets/creative_501019.png,stable,,low_evidence,Gather more data,,,,,,,,,,,0.5083333333333333,2.1394960434761026,0.3324973998184964,0.0063507743894062,0.0523554104477611,16316.09,2700773,34908.21,,0,-0.7355829091821742,-0.1576260851891641,False,True,,,,,,0.03399135502103734,0.028404339066579465,0.0064814814814814214
501024,20170,1026,ClearLedger,ClearLedger Pay,fintech,interstitial,ja,combo,save smarter,Install now,Save with confidence,"Fast signup, instant card",orange,playful,signup,feature-focus,18-24,iOS,2026-01-25,assets/creative_501024.png,stable,,low_evidence,Gather more data,,,,,,,,,,,0.5225308641975309,4.420224826381899,0.4407433759028766,0.0043899841489994,0.1003974868572894,17385.86,1776544,76849.41,,0,-0.7749207684723216,-0.0371258800802029,False,True,,,,,,-0.15659052844155852,0.05800250884454711,-0.016358024691358053
501038,20173,1029,BingeLayer,BingeLayer Play,entertainment,rewarded_video,de,gameplay,watch now,Try for free,Exclusive tonight,New hits every week,lime,adventurous,signup,celebrity,45-54,Both,2026-01-23,assets/creative_501038.png,stable,,low_evidence,Gather more data,,,,,,,,,,,0.7358024691358024,2.333834167605307,0.7616913505755502,0.0073333930597217,0.1038661564125208,19673.84,2779341,45915.48,,0,-0.6063102894453237,-0.0725489818176607,False,True,,,,,,0.5492077137129625,0.3197043726706296,0.10277777777777763
501047,20174,1030,IronQuest,IronQuest Legends,gaming,rewarded_video,de,reward,security,Watch now,Win epic rewards,Free rewards for new players,orange,adventurous,install,gameplay,18-24,Android,2026-01-28,assets/creative_501047.png,top_performer,,low_evidence,Gather more data,,,,,,,,,,,0.8095679012345679,2.1260211665009736,2.7477690036623,0.0119436544956553,0.2300609921914455,15319.49,2155203,32569.56,,0,-0.6099078204943934,-0.1366604197846216,False,True,,,,,,0.5143780586958762,1.3937883382303142,0.14783950617283947
501049,20174,1030,IronQuest,IronQuest Legends,gaming,interstitial,de,reward,challenge,Claim reward,Join the arena,Free rewards for new players,orange,premium,install,gameplay,18-24,Android,2026-01-28,assets/creative_501049.png,stable,,low_evidence,Gather more data,,,,,,,,,,,0.7188271604938272,1.6639502795539125,1.7329052038123915,0.0093480172872323,0.1853767649937089,13349.84,2295567,22213.47,,0,-0.7259131959220704,-0.0801996020400078,False,True,,,,,,0.05230717174881505,0.37892453838040563,0.155246913580247
501050,20175,1031,CrispBox,CrispBox Shop,ecommerce,interstitial,ja,testimonial,before/after,Start now,Your next favorite pick,Shop bestsellers now,red,adventurous,purchase,ugc,45-54,Both,2026-01-29,assets/creative_501050.png,stable,,low_evidence,Gather more data,,,,,,,,,,,0.695679012345679,2.5790171384191143,0.4735388876691885,0.007559606344342,0.0626406807576173,17304.98,2409517,44629.84,,0,-0.6853640900945819,-0.1628008402624013,False,True,,,,,,0.19256295156758485,0.16944582691727156,0.1938271604938271
501053,20175,1031,CrispBox,CrispBox Shop,ecommerce,native,ja,discount,new collection,Order now,Your next favorite pick,Only this weekend,beige,premium,purchase,ugc,45-54,Both,2026-01-26,assets/creative_501053.png,stable,,low_evidence,Gather more data,,,,,,,,,,,0.5376543209876543,2.694451812863864,0.3932079873649167,0.0053037488962395,0.0741377457827441,20055.56,3509593,54038.74,,0,-0.8049692140732061,-0.2656461972507352,False,True,,,,,,0.3079976260123347,0.08911492661299975,0.13148148148148148
501055,20175,1031,CrispBox,CrispBox Shop,ecommerce,banner,ja,ugc,watch now,Order now,Up to 40% off,Shop bestsellers now,lime,excited,purchase,ugc,45-54,Both,2026-01-27,assets/creative_501055.png,stable,,low_evidence,Gather more data,,,,,,,,,,,0.3932098765432099,2.193891235283944,0.2917214764445518,0.0051765707192561,0.0563541951352828,18269.16,3534193,40080.55,,0,-0.7141179852220818,-0.0732939218274694,False,True,,,,,,-0.1925629515675853,-0.012371584307365124,0.2069444444444445
501068,20178,1034,PlateSprint,PlateSprint Go,food_delivery,native,ja,feature-focus,free shipping,Book now,"Fast food, fast",Late-night deals available,purple,premium,order,food-closeup,35-44,iOS,2026-01-21,assets/creative_501068.png,stable,,low_evidence,Gather more data,,,,,,,,,,,0.7018518518518518,2.1611297323144547,0.6367714884179094,0.0072362637972292,0.0879972740437856,8699.76,1622246,18801.31,,0,-0.6434964669422121,-0.0518311330038467,False,True,,,,,,-0.03522429791920212,0.2158930575707293,0.22577160493827164
501069,20178,1034,PlateSprint,PlateSprint Go,food_delivery,interstitial,ja,combo,late-night,Learn more,Hungry? We got you,Fresh favorites nearby,red,premium,order,food-closeup,35-44,iOS,2026-01-15,assets/creative_501069.png,stable,,low_evidence,Gather more data,,,,,,,,,,,0.7524691358024692,2.2315783281528594,0.82923144380809,0.0085511679018103,0.0969728876020005,14789.51,2221334,33003.95,,0,-0.6645378579886527,-0.0580352883224277,False,True,,,,,,0.03522429791920256,0.40835301296090987,0.2722222222222223
501070,20178,1034,PlateSprint,PlateSprint Go,food_delivery,interstitial,ja,wanderlust,late-night,Watch now,"Fast food, fast",Free delivery over $15,orange,excited,order,food-closeup,35-44,iOS,2026-01-16,assets/creative_501070.png,stable,,low_evidence,Gather more data,,,,,,,,,,,0.7651234567901235,2.301822266247416,0.825922419963185,0.009014833020945,0.0916181606519208,12740.18,1905748,29325.63,,0,-0.6394757355761616,-0.1763472124419811,False,True,,,,,,0.10546823601375932,0.4050439891160049,0.2848765432098766
501073,20178,1034,PlateSprint,PlateSprint Go,food_delivery,banner,ja,discount,2-for-1,Install now,"Your cravings, delivered",Free delivery over $15,blue,urgent,order,food-closeup,35-44,iOS,2026-01-24,assets/creative_501073.png,stable,,low_evidence,Gather more data,,,,,,,,,,,0.5064814814814814,1.7606208357983146,0.460916778719484,0.0056447645190251,0.0816538541450239,8248.88,1705297,14523.15,,0,-0.7478309385375188,0.0019498656173695,False,True,,,,,,-0.4357331944353422,0.04003834787230387,0.2685185185185185
