segment,feature,kpi,spearman_corr,abs_corr,n,is_strong,insight
vertical=fintech,text_area_total_rel,overall_cvr,0.5473350758435017,0.5473350758435017,180,1,"In vertical=fintech, higher text_area_total_rel is associated with higher overall_cvr (spearman=0.547, n=180)."
vertical=travel,text_area_total_rel,overall_cvr,0.49531158369085465,0.49531158369085465,180,1,"In vertical=travel, higher text_area_total_rel is associated with higher overall_cvr (spearman=0.495, n=180)."
vertical=gaming,text_area_total_rel,overall_cvr,0.48924143749292676,0.48924143749292676,180,1,"In vertical=gaming, higher text_area_total_rel is associated with higher overall_cvr (spearman=0.489, n=180)."
vertical=gaming,avg_text_area_rel,overall_cvr,0.4770620492402029,0.4770620492402029,180,1,"In vertical=gaming, higher avg_text_area_rel is associated with higher overall_cvr (spearman=0.477, n=180)."
vertical=travel,has_price_text,overall_cvr,0.4701674975479643,0.4701674975479643,180,1,"In vertical=travel, higher has_price_text is associated with higher overall_cvr (spearman=0.470, n=180)."
vertical=travel,has_price_meta,overall_cvr,0.4701674975479643,0.4701674975479643,180,1,"In vertical=travel, higher has_price_meta is associated with higher overall_cvr (spearman=0.470, n=180)."
all,image_aspect_ratio,overall_ctr,-0.4625194370409538,0.4625194370409538,1080,1,"In all, higher image_aspect_ratio is associated with lower overall_ctr (spearman=-0.463, n=1080)."
vertical=travel,image_aspect_ratio,overall_ctr,-0.4508473189686297,0.4508473189686297,180,1,"In vertical=travel, higher image_aspect_ratio is associated with lower overall_ctr (spearman=-0.451, n=180)."
all,ocr_element_count,overall_cvr,-0.4504075269263829,0.4504075269263829,1080,1,"In all, higher ocr_element_count is associated with lower overall_cvr (spearman=-0.450, n=1080)."
vertical=gaming,logo_in_top_left,overall_cvr,-0.44368227586028824,0.44368227586028824,180,1,"In vertical=gaming, higher logo_in_top_left is associated with lower overall_cvr (spearman=-0.444, n=180)."
vertical=ecommerce,text_area_total_rel,overall_cvr,0.4321306213154727,0.4321306213154727,180,1,"In vertical=ecommerce, higher text_area_total_rel is associated with higher overall_cvr (spearman=0.432, n=180)."
vertical=food_delivery,text_area_total_rel,overall_cvr,0.427068736689404,0.427068736689404,180,1,"In vertical=food_delivery, higher text_area_total_rel is associated with higher overall_cvr (spearman=0.427, n=180)."
vertical=entertainment,text_area_total_rel,overall_cvr,0.4231406319125076,0.4231406319125076,180,1,"In vertical=entertainment, higher text_area_total_rel is associated with higher overall_cvr (spearman=0.423, n=180)."
vertical=entertainment,image_aspect_ratio,ctr_decay_pct,0.4211478677786066,0.4211478677786066,180,1,"In vertical=entertainment, higher image_aspect_ratio is associated with higher ctr_decay_pct (spearman=0.421, n=180)."
all,subhead_y_relative,overall_ipm,-0.417501084219078,0.417501084219078,1080,1,"In all, higher subhead_y_relative is associated with lower overall_ipm (spearman=-0.418, n=1080)."
vertical=travel,headline_area_relative,overall_ctr,-0.4140093058160928,0.4140093058160928,180,1,"In vertical=travel, higher headline_area_relative is associated with lower overall_ctr (spearman=-0.414, n=180)."
vertical=gaming,image_aspect_ratio,overall_ipm,-0.4108872328049332,0.4108872328049332,180,1,"In vertical=gaming, higher image_aspect_ratio is associated with lower overall_ipm (spearman=-0.411, n=180)."
vertical=ecommerce,has_price_meta,overall_cvr,0.4065494838367414,0.4065494838367414,180,1,"In vertical=ecommerce, higher has_price_meta is associated with higher overall_cvr (spearman=0.407, n=180)."
all,bottom_zone_element_count,overall_cvr,-0.4052834394942975,0.4052834394942975,1080,1,"In all, higher bottom_zone_element_count is associated with lower overall_cvr (spearman=-0.405, n=1080)."
all,image_aspect_ratio,overall_ipm,-0.3976123778185882,0.3976123778185882,1080,0,"In all, higher image_aspect_ratio is associated with lower overall_ipm (spearman=-0.398, n=1080)."
vertical=food_delivery,has_price_meta,overall_cvr,0.3975812005620459,0.3975812005620459,180,0,"In vertical=food_delivery, higher has_price_meta is associated with higher overall_cvr (spearman=0.398, n=180)."
vertical=fintech,avg_text_area_rel,overall_cvr,0.3963858948249415,0.3963858948249415,180,0,"In vertical=fintech, higher avg_text_area_rel is associated with higher overall_cvr (spearman=0.396, n=180)."
vertical=ecommerce,middle_zone_element_count,overall_ctr,0.39348282396803835,0.39348282396803835,180,0,"In vertical=ecommerce, higher middle_zone_element_count is associated with higher overall_ctr (spearman=0.393, n=180)."
vertical=gaming,avg_text_area_rel,overall_ipm,0.3881354362788975,0.3881354362788975,180,0,"In vertical=gaming, higher avg_text_area_rel is associated with higher overall_ipm (spearman=0.388, n=180)."
vertical=entertainment,cta_headline_distance,ctr_decay_pct,-0.38701477685663593,0.38701477685663593,180,0,"In vertical=entertainment, higher cta_headline_distance is associated with lower ctr_decay_pct (spearman=-0.387, n=180)."
vertical=travel,image_aspect_ratio,overall_ipm,-0.3853169803436032,0.3853169803436032,180,0,"In vertical=travel, higher image_aspect_ratio is associated with lower overall_ipm (spearman=-0.385, n=180)."
vertical=gaming,text_area_total_rel,overall_ipm,0.3846147514840993,0.3846147514840993,180,0,"In vertical=gaming, higher text_area_total_rel is associated with higher overall_ipm (spearman=0.385, n=180)."
vertical=gaming,image_aspect_ratio,overall_ctr,-0.379781521114027,0.379781521114027,180,0,"In vertical=gaming, higher image_aspect_ratio is associated with lower overall_ctr (spearman=-0.380, n=180)."
all,subhead_y_relative,overall_roas,0.37802368501429323,0.37802368501429323,1080,0,"In all, higher subhead_y_relative is associated with higher overall_roas (spearman=0.378, n=1080)."
all,subhead_y_relative,overall_cvr,-0.3756825415989446,0.3756825415989446,1080,0,"In all, higher subhead_y_relative is associated with lower overall_cvr (spearman=-0.376, n=1080)."
vertical=fintech,headline_area_relative,overall_roas,0.3745002122575858,0.3745002122575858,180,0,"In vertical=fintech, higher headline_area_relative is associated with higher overall_roas (spearman=0.375, n=180)."
vertical=entertainment,image_aspect_ratio,overall_ctr,-0.36339865503488017,0.36339865503488017,180,0,"In vertical=entertainment, higher image_aspect_ratio is associated with lower overall_ctr (spearman=-0.363, n=180)."
vertical=ecommerce,image_aspect_ratio,overall_ctr,-0.36214063025818727,0.36214063025818727,180,0,"In vertical=ecommerce, higher image_aspect_ratio is associated with lower overall_ctr (spearman=-0.362, n=180)."
vertical=gaming,logo_in_top_left,overall_ipm,-0.35788736063868554,0.35788736063868554,180,0,"In vertical=gaming, higher logo_in_top_left is associated with lower overall_ipm (spearman=-0.358, n=180)."
vertical=ecommerce,middle_zone_element_count,ctr_decay_pct,-0.3574571772329504,0.3574571772329504,180,0,"In vertical=ecommerce, higher middle_zone_element_count is associated with lower ctr_decay_pct (spearman=-0.357, n=180)."
all,image_aspect_ratio,perf_score,-0.35249874763307143,0.35249874763307143,1080,0,"In all, higher image_aspect_ratio is associated with lower perf_score (spearman=-0.352, n=1080)."
vertical=entertainment,headline_area_relative,ctr_decay_pct,0.3521650017832254,0.3521650017832254,180,0,"In vertical=entertainment, higher headline_area_relative is associated with higher ctr_decay_pct (spearman=0.352, n=180)."
all,bottom_zone_element_count,overall_ipm,-0.3518732712333194,0.3518732712333194,1080,0,"In all, higher bottom_zone_element_count is associated with lower overall_ipm (spearman=-0.352, n=1080)."
vertical=travel,has_promo_text,overall_cvr,0.3515598910124554,0.3515598910124554,180,0,"In vertical=travel, higher has_promo_text is associated with higher overall_cvr (spearman=0.352, n=180)."
vertical=ecommerce,middle_zone_element_count,overall_ipm,0.3513717639331045,0.3513717639331045,180,0,"In vertical=ecommerce, higher middle_zone_element_count is associated with higher overall_ipm (spearman=0.351, n=180)."
vertical=travel,image_aspect_ratio,perf_score,-0.351000504007651,0.351000504007651,180,0,"In vertical=travel, higher image_aspect_ratio is associated with lower perf_score (spearman=-0.351, n=180)."
vertical=gaming,image_aspect_ratio,overall_cvr,-0.3492808404285504,0.3492808404285504,180,0,"In vertical=gaming, higher image_aspect_ratio is associated with lower overall_cvr (spearman=-0.349, n=180)."
vertical=fintech,text_area_total_rel,overall_ipm,0.34834117737238135,0.34834117737238135,180,0,"In vertical=fintech, higher text_area_total_rel is associated with higher overall_ipm (spearman=0.348, n=180)."
vertical=ecommerce,headline_area_relative,overall_ctr,-0.3480619886807048,0.3480619886807048,180,0,"In vertical=ecommerce, higher headline_area_relative is associated with lower overall_ctr (spearman=-0.348, n=180)."
vertical=ecommerce,middle_zone_element_count,perf_score,0.3462603730073641,0.3462603730073641,180,0,"In vertical=ecommerce, higher middle_zone_element_count is associated with higher perf_score (spearman=0.346, n=180)."
all,ocr_element_count,overall_ipm,-0.3452064368512449,0.3452064368512449,1080,0,"In all, higher ocr_element_count is associated with lower overall_ipm (spearman=-0.345, n=1080)."
vertical=entertainment,cta_area_relative,overall_ctr,-0.3445718010595553,0.3445718010595553,180,0,"In vertical=entertainment, higher cta_area_relative is associated with lower overall_ctr (spearman=-0.345, n=180)."
vertical=travel,headline_area_relative,overall_ipm,-0.3438591931531833,0.3438591931531833,180,0,"In vertical=travel, higher headline_area_relative is associated with lower overall_ipm (spearman=-0.344, n=180)."
vertical=fintech,cta_y_relative,overall_roas,0.3408565866900258,0.3408565866900258,180,0,"In vertical=fintech, higher cta_y_relative is associated with higher overall_roas (spearman=0.341, n=180)."
vertical=entertainment,headline_y_relative,ctr_decay_pct,0.3395713126739207,0.3395713126739207,180,0,"In vertical=entertainment, higher headline_y_relative is associated with higher ctr_decay_pct (spearman=0.340, n=180)."
vertical=fintech,text_area_total_rel,perf_score,0.33803103819107216,0.33803103819107216,180,0,"In vertical=fintech, higher text_area_total_rel is associated with higher perf_score (spearman=0.338, n=180)."
vertical=entertainment,image_aspect_ratio,overall_ipm,-0.3379064463254221,0.3379064463254221,180,0,"In vertical=entertainment, higher image_aspect_ratio is associated with lower overall_ipm (spearman=-0.338, n=180)."
all,has_price_text,overall_cvr,-0.33741263576436953,0.33741263576436953,1080,0,"In all, higher has_price_text is associated with lower overall_cvr (spearman=-0.337, n=1080)."
all,avg_text_area_rel,overall_cvr,0.337362925306775,0.337362925306775,1080,0,"In all, higher avg_text_area_rel is associated with higher overall_cvr (spearman=0.337, n=1080)."
vertical=ecommerce,text_area_total_rel,overall_roas,0.3335905429179913,0.3335905429179913,180,0,"In vertical=ecommerce, higher text_area_total_rel is associated with higher overall_roas (spearman=0.334, n=180)."
all,has_price_meta,overall_cvr,-0.3327248238890206,0.3327248238890206,1080,0,"In all, higher has_price_meta is associated with lower overall_cvr (spearman=-0.333, n=1080)."
vertical=fintech,text_area_total_rel,overall_roas,0.3299455384145721,0.3299455384145721,180,0,"In vertical=fintech, higher text_area_total_rel is associated with higher overall_roas (spearman=0.330, n=180)."
vertical=food_delivery,cta_y_relative,overall_cvr,0.3296204588454089,0.3296204588454089,180,0,"In vertical=food_delivery, higher cta_y_relative is associated with higher overall_cvr (spearman=0.330, n=180)."
vertical=travel,headline_area_relative,perf_score,-0.32956633705652416,0.32956633705652416,180,0,"In vertical=travel, higher headline_area_relative is associated with lower perf_score (spearman=-0.330, n=180)."
vertical=travel,cta_y_relative,overall_ctr,-0.3290177796062783,0.3290177796062783,180,0,"In vertical=travel, higher cta_y_relative is associated with lower overall_ctr (spearman=-0.329, n=180)."
vertical=entertainment,headline_y_relative,overall_ctr,-0.32787333787044237,0.32787333787044237,180,0,"In vertical=entertainment, higher headline_y_relative is associated with lower overall_ctr (spearman=-0.328, n=180)."
vertical=food_delivery,cta_area_relative,overall_roas,0.3249932227352122,0.3249932227352122,180,0,"In vertical=food_delivery, higher cta_area_relative is associated with higher overall_roas (spearman=0.325, n=180)."
all,cta_area_relative,overall_ctr,-0.3225366047365938,0.3225366047365938,1080,0,"In all, higher cta_area_relative is associated with lower overall_ctr (spearman=-0.323, n=1080)."
vertical=travel,cta_area_relative,overall_ctr,-0.3219904577430877,0.3219904577430877,180,0,"In vertical=travel, higher cta_area_relative is associated with lower overall_ctr (spearman=-0.322, n=180)."
all,cta_headline_distance,overall_ctr,0.3146627330952423,0.3146627330952423,1080,0,"In all, higher cta_headline_distance is associated with higher overall_ctr (spearman=0.315, n=1080)."
vertical=entertainment,cta_area_relative,overall_ipm,-0.31452392722409156,0.31452392722409156,180,0,"In vertical=entertainment, higher cta_area_relative is associated with lower overall_ipm (spearman=-0.315, n=180)."
vertical=fintech,brand_visibility_meta,overall_roas,0.3112369287654196,0.3112369287654196,180,0,"In vertical=fintech, higher brand_visibility_meta is associated with higher overall_roas (spearman=0.311, n=180)."
all,image_aspect_ratio,ctr_decay_pct,0.3103907909687687,0.3103907909687687,1080,0,"In all, higher image_aspect_ratio is associated with higher ctr_decay_pct (spearman=0.310, n=1080)."
vertical=gaming,image_aspect_ratio,perf_score,-0.308300314689116,0.308300314689116,180,0,"In vertical=gaming, higher image_aspect_ratio is associated with lower perf_score (spearman=-0.308, n=180)."
vertical=entertainment,headline_y_relative,overall_ipm,-0.30783042265654753,0.30783042265654753,180,0,"In vertical=entertainment, higher headline_y_relative is associated with lower overall_ipm (spearman=-0.308, n=180)."
vertical=entertainment,cta_headline_distance,overall_ctr,0.3077480170690259,0.3077480170690259,180,0,"In vertical=entertainment, higher cta_headline_distance is associated with higher overall_ctr (spearman=0.308, n=180)."
vertical=ecommerce,logo_in_top_left,overall_cvr,-0.3047093947800617,0.3047093947800617,180,0,"In vertical=ecommerce, higher logo_in_top_left is associated with lower overall_cvr (spearman=-0.305, n=180)."
all,headline_y_relative,overall_ctr,-0.3043234065851078,0.3043234065851078,1080,0,"In all, higher headline_y_relative is associated with lower overall_ctr (spearman=-0.304, n=1080)."
vertical=entertainment,cta_headline_distance,overall_ipm,0.3042563432702677,0.3042563432702677,180,0,"In vertical=entertainment, higher cta_headline_distance is associated with higher overall_ipm (spearman=0.304, n=180)."
all,cta_headline_distance,overall_ipm,0.3039375500454222,0.3039375500454222,1080,0,"In all, higher cta_headline_distance is associated with higher overall_ipm (spearman=0.304, n=1080)."
vertical=ecommerce,image_aspect_ratio,overall_ipm,-0.3032712876840887,0.3032712876840887,180,0,"In vertical=ecommerce, higher image_aspect_ratio is associated with lower overall_ipm (spearman=-0.303, n=180)."
vertical=food_delivery,ocr_element_count,overall_cvr,0.30192829041235464,0.30192829041235464,180,0,"In vertical=food_delivery, higher ocr_element_count is associated with higher overall_cvr (spearman=0.302, n=180)."
vertical=food_delivery,has_price_text,overall_cvr,0.3008688406043543,0.3008688406043543,180,0,"In vertical=food_delivery, higher has_price_text is associated with higher overall_cvr (spearman=0.301, n=180)."
vertical=travel,ocr_element_count,overall_cvr,0.30000673980850895,0.30000673980850895,180,0,"In vertical=travel, higher ocr_element_count is associated with higher overall_cvr (spearman=0.300, n=180)."
vertical=ecommerce,has_price_text,overall_cvr,0.2996990343471898,0.2996990343471898,180,0,"In vertical=ecommerce, higher has_price_text is associated with higher overall_cvr (spearman=0.300, n=180)."
vertical=food_delivery,text_area_total_rel,overall_roas,0.2987828842453985,0.2987828842453985,180,0,"In vertical=food_delivery, higher text_area_total_rel is associated with higher overall_roas (spearman=0.299, n=180)."
all,headline_y_relative,overall_ipm,-0.2971261244367737,0.2971261244367737,1080,0,"In all, higher headline_y_relative is associated with lower overall_ipm (spearman=-0.297, n=1080)."
vertical=entertainment,cta_area_relative,ctr_decay_pct,0.29611811219212025,0.29611811219212025,180,0,"In vertical=entertainment, higher cta_area_relative is associated with higher ctr_decay_pct (spearman=0.296, n=180)."
all,brand_visibility_meta,overall_roas,0.29536219336796843,0.29536219336796843,1080,0,"In all, higher brand_visibility_meta is associated with higher overall_roas (spearman=0.295, n=1080)."
vertical=fintech,cta_y_relative,overall_cvr,0.2930426069717749,0.2930426069717749,180,0,"In vertical=fintech, higher cta_y_relative is associated with higher overall_cvr (spearman=0.293, n=180)."
vertical=entertainment,cta_x_relative,overall_ctr,0.2913810331122563,0.2913810331122563,180,0,"In vertical=entertainment, higher cta_x_relative is associated with higher overall_ctr (spearman=0.291, n=180)."
all,subhead_y_relative,overall_ctr,-0.2904514407725452,0.2904514407725452,1080,0,"In all, higher subhead_y_relative is associated with lower overall_ctr (spearman=-0.290, n=1080)."
vertical=gaming,avg_text_area_rel,perf_score,0.29038685015365767,0.29038685015365767,180,0,"In vertical=gaming, higher avg_text_area_rel is associated with higher perf_score (spearman=0.290, n=180)."
vertical=food_delivery,logo_in_top_left,overall_cvr,-0.29030121305940115,0.29030121305940115,180,0,"In vertical=food_delivery, higher logo_in_top_left is associated with lower overall_cvr (spearman=-0.290, n=180)."
all,avg_text_area_rel,overall_ipm,0.2899288186449844,0.2899288186449844,1080,0,"In all, higher avg_text_area_rel is associated with higher overall_ipm (spearman=0.290, n=1080)."
vertical=fintech,avg_text_area_rel,overall_roas,0.2896829581587048,0.2896829581587048,180,0,"In vertical=fintech, higher avg_text_area_rel is associated with higher overall_roas (spearman=0.290, n=180)."
vertical=fintech,headline_y_relative,overall_roas,0.2840814866021667,0.2840814866021667,180,0,"In vertical=fintech, higher headline_y_relative is associated with higher overall_roas (spearman=0.284, n=180)."
vertical=fintech,avg_text_area_rel,perf_score,0.28238185776801566,0.28238185776801566,180,0,"In vertical=fintech, higher avg_text_area_rel is associated with higher perf_score (spearman=0.282, n=180)."
vertical=entertainment,cta_x_relative,overall_ipm,0.2823451476483375,0.2823451476483375,180,0,"In vertical=entertainment, higher cta_x_relative is associated with higher overall_ipm (spearman=0.282, n=180)."
vertical=gaming,text_area_total_rel,perf_score,0.2820038365589495,0.2820038365589495,180,0,"In vertical=gaming, higher text_area_total_rel is associated with higher perf_score (spearman=0.282, n=180)."
vertical=fintech,image_aspect_ratio,overall_ctr,-0.28160242796161045,0.28160242796161045,180,0,"In vertical=fintech, higher image_aspect_ratio is associated with lower overall_ctr (spearman=-0.282, n=180)."
vertical=food_delivery,subhead_y_relative,ctr_decay_pct,0.2813116489374401,0.2813116489374401,180,0,"In vertical=food_delivery, higher subhead_y_relative is associated with higher ctr_decay_pct (spearman=0.281, n=180)."
vertical=entertainment,avg_text_area_rel,overall_cvr,0.27934607035196557,0.27934607035196557,180,0,"In vertical=entertainment, higher avg_text_area_rel is associated with higher overall_cvr (spearman=0.279, n=180)."
vertical=gaming,avg_text_area_rel,overall_ctr,0.27861147977818246,0.27861147977818246,180,0,"In vertical=gaming, higher avg_text_area_rel is associated with higher overall_ctr (spearman=0.279, n=180)."
vertical=food_delivery,logo_in_top_left,ctr_decay_pct,0.27843765715178365,0.27843765715178365,180,0,"In vertical=food_delivery, higher logo_in_top_left is associated with higher ctr_decay_pct (spearman=0.278, n=180)."
vertical=travel,bottom_zone_element_count,overall_cvr,0.27821733504558266,0.27821733504558266,180,0,"In vertical=travel, higher bottom_zone_element_count is associated with higher overall_cvr (spearman=0.278, n=180)."
vertical=food_delivery,cta_headline_distance,ctr_decay_pct,-0.27780531232178224,0.27780531232178224,180,0,"In vertical=food_delivery, higher cta_headline_distance is associated with lower ctr_decay_pct (spearman=-0.278, n=180)."
vertical=fintech,cta_headline_distance,overall_ctr,0.2769297764174281,0.2769297764174281,180,0,"In vertical=fintech, higher cta_headline_distance is associated with higher overall_ctr (spearman=0.277, n=180)."
vertical=entertainment,cta_y_relative,overall_ctr,-0.2766641812419818,0.2766641812419818,180,0,"In vertical=entertainment, higher cta_y_relative is associated with lower overall_ctr (spearman=-0.277, n=180)."
vertical=fintech,avg_text_area_rel,overall_ipm,0.27561873083469746,0.27561873083469746,180,0,"In vertical=fintech, higher avg_text_area_rel is associated with higher overall_ipm (spearman=0.276, n=180)."
all,cta_headline_distance,ctr_decay_pct,-0.27510970172855775,0.27510970172855775,1080,0,"In all, higher cta_headline_distance is associated with lower ctr_decay_pct (spearman=-0.275, n=1080)."
all,has_price_text,overall_ipm,-0.2748354710348494,0.2748354710348494,1080,0,"In all, higher has_price_text is associated with lower overall_ipm (spearman=-0.275, n=1080)."
vertical=food_delivery,image_aspect_ratio,overall_roas,0.2721603901835214,0.2721603901835214,180,0,"In vertical=food_delivery, higher image_aspect_ratio is associated with higher overall_roas (spearman=0.272, n=180)."
vertical=entertainment,headline_area_relative,overall_ctr,-0.27204468992789554,0.27204468992789554,180,0,"In vertical=entertainment, higher headline_area_relative is associated with lower overall_ctr (spearman=-0.272, n=180)."
vertical=travel,cta_area_relative,overall_ipm,-0.2716724385261268,0.2716724385261268,180,0,"In vertical=travel, higher cta_area_relative is associated with lower overall_ipm (spearman=-0.272, n=180)."
all,has_discount_badge_meta,overall_cvr,-0.27103878596865305,0.27103878596865305,1080,0,"In all, higher has_discount_badge_meta is associated with lower overall_cvr (spearman=-0.271, n=1080)."
vertical=travel,logo_in_top_left,overall_cvr,-0.27069559982037095,0.27069559982037095,180,0,"In vertical=travel, higher logo_in_top_left is associated with lower overall_cvr (spearman=-0.271, n=180)."
all,subhead_y_relative,ctr_decay_pct,0.26968723031426284,0.26968723031426284,1080,0,"In all, higher subhead_y_relative is associated with higher ctr_decay_pct (spearman=0.270, n=1080)."
vertical=ecommerce,headline_area_relative,overall_ipm,-0.2690463701463261,0.2690463701463261,180,0,"In vertical=ecommerce, higher headline_area_relative is associated with lower overall_ipm (spearman=-0.269, n=180)."
all,bottom_zone_element_count,overall_roas,0.2684989470549999,0.2684989470549999,1080,0,"In all, higher bottom_zone_element_count is associated with higher overall_roas (spearman=0.268, n=1080)."
vertical=ecommerce,cta_x_relative,overall_ctr,0.2674209444944573,0.2674209444944573,180,0,"In vertical=ecommerce, higher cta_x_relative is associated with higher overall_ctr (spearman=0.267, n=180)."
vertical=food_delivery,image_aspect_ratio,ctr_decay_pct,0.26686874658366044,0.26686874658366044,180,0,"In vertical=food_delivery, higher image_aspect_ratio is associated with higher ctr_decay_pct (spearman=0.267, n=180)."
vertical=food_delivery,top_zone_element_count,overall_cvr,0.26685894243340547,0.26685894243340547,180,0,"In vertical=food_delivery, higher top_zone_element_count is associated with higher overall_cvr (spearman=0.267, n=180)."
all,cta_area_relative,overall_ipm,-0.2660444699848159,0.2660444699848159,1080,0,"In all, higher cta_area_relative is associated with lower overall_ipm (spearman=-0.266, n=1080)."
vertical=fintech,cta_area_relative,overall_roas,0.2660047090833406,0.2660047090833406,180,0,"In vertical=fintech, higher cta_area_relative is associated with higher overall_roas (spearman=0.266, n=180)."
vertical=food_delivery,cta_y_relative,overall_roas,0.26368521960319286,0.26368521960319286,180,0,"In vertical=food_delivery, higher cta_y_relative is associated with higher overall_roas (spearman=0.264, n=180)."
vertical=gaming,text_area_total_rel,overall_ctr,0.26360690144757554,0.26360690144757554,180,0,"In vertical=gaming, higher text_area_total_rel is associated with higher overall_ctr (spearman=0.264, n=180)."
vertical=travel,cta_x_relative,overall_ctr,0.26223540010744484,0.26223540010744484,180,0,"In vertical=travel, higher cta_x_relative is associated with higher overall_ctr (spearman=0.262, n=180)."
vertical=travel,cta_x_relative,overall_ipm,0.2621241349891467,0.2621241349891467,180,0,"In vertical=travel, higher cta_x_relative is associated with higher overall_ipm (spearman=0.262, n=180)."
vertical=ecommerce,ocr_element_count,overall_cvr,0.2613698657804852,0.2613698657804852,180,0,"In vertical=ecommerce, higher ocr_element_count is associated with higher overall_cvr (spearman=0.261, n=180)."
all,headline_area_relative,overall_ctr,-0.2613594742852763,0.2613594742852763,1080,0,"In all, higher headline_area_relative is associated with lower overall_ctr (spearman=-0.261, n=1080)."
vertical=fintech,image_aspect_ratio,overall_roas,0.2612930174454097,0.2612930174454097,180,0,"In vertical=fintech, higher image_aspect_ratio is associated with higher overall_roas (spearman=0.261, n=180)."
vertical=travel,text_area_total_rel,overall_roas,0.2595615091000751,0.2595615091000751,180,0,"In vertical=travel, higher text_area_total_rel is associated with higher overall_roas (spearman=0.260, n=180)."
vertical=ecommerce,logo_in_top_left,overall_roas,-0.25921296906634655,0.25921296906634655,180,0,"In vertical=ecommerce, higher logo_in_top_left is associated with lower overall_roas (spearman=-0.259, n=180)."
vertical=entertainment,headline_area_relative,overall_ipm,-0.2586247435510997,0.2586247435510997,180,0,"In vertical=entertainment, higher headline_area_relative is associated with lower overall_ipm (spearman=-0.259, n=180)."
all,headline_y_relative,ctr_decay_pct,0.25679064290641196,0.25679064290641196,1080,0,"In all, higher headline_y_relative is associated with higher ctr_decay_pct (spearman=0.257, n=1080)."
vertical=ecommerce,image_aspect_ratio,perf_score,-0.25675425882670927,0.25675425882670927,180,0,"In vertical=ecommerce, higher image_aspect_ratio is associated with lower perf_score (spearman=-0.257, n=180)."
vertical=travel,cta_area_relative,perf_score,-0.2557811722925415,0.2557811722925415,180,0,"In vertical=travel, higher cta_area_relative is associated with lower perf_score (spearman=-0.256, n=180)."
vertical=gaming,logo_in_top_left,overall_ctr,-0.25542371903117145,0.25542371903117145,180,0,"In vertical=gaming, higher logo_in_top_left is associated with lower overall_ctr (spearman=-0.255, n=180)."
vertical=food_delivery,headline_y_relative,ctr_decay_pct,0.2530748700249914,0.2530748700249914,180,0,"In vertical=food_delivery, higher headline_y_relative is associated with higher ctr_decay_pct (spearman=0.253, n=180)."
vertical=fintech,logo_in_top_left,overall_roas,-0.25236287871112834,0.25236287871112834,180,0,"In vertical=fintech, higher logo_in_top_left is associated with lower overall_roas (spearman=-0.252, n=180)."
vertical=travel,has_price_text,overall_roas,0.25129088776795633,0.25129088776795633,180,0,"In vertical=travel, higher has_price_text is associated with higher overall_roas (spearman=0.251, n=180)."
vertical=travel,has_price_meta,overall_roas,0.25129088776795633,0.25129088776795633,180,0,"In vertical=travel, higher has_price_meta is associated with higher overall_roas (spearman=0.251, n=180)."
vertical=fintech,cta_x_relative,ctr_decay_pct,-0.2512848297365299,0.2512848297365299,180,0,"In vertical=fintech, higher cta_x_relative is associated with lower ctr_decay_pct (spearman=-0.251, n=180)."
all,cta_y_relative,overall_ctr,-0.2502157583326553,0.2502157583326553,1080,0,"In all, higher cta_y_relative is associated with lower overall_ctr (spearman=-0.250, n=1080)."
all,cta_x_relative,overall_ctr,0.2494962255623067,0.2494962255623067,1080,0,"In all, higher cta_x_relative is associated with higher overall_ctr (spearman=0.249, n=1080)."
vertical=gaming,logo_in_top_left,perf_score,-0.24929666499057868,0.24929666499057868,180,0,"In vertical=gaming, higher logo_in_top_left is associated with lower perf_score (spearman=-0.249, n=180)."
vertical=ecommerce,has_discount_badge_meta,ctr_decay_pct,-0.2466182079464023,0.2466182079464023,180,0,"In vertical=ecommerce, higher has_discount_badge_meta is associated with lower ctr_decay_pct (spearman=-0.247, n=180)."
vertical=food_delivery,has_discount_badge_meta,overall_cvr,0.24661395886870233,0.24661395886870233,180,0,"In vertical=food_delivery, higher has_discount_badge_meta is associated with higher overall_cvr (spearman=0.247, n=180)."
vertical=fintech,headline_y_relative,overall_ctr,-0.24596056060673746,0.24596056060673746,180,0,"In vertical=fintech, higher headline_y_relative is associated with lower overall_ctr (spearman=-0.246, n=180)."
vertical=entertainment,logo_in_top_left,overall_cvr,-0.24560142399837806,0.24560142399837806,180,0,"In vertical=entertainment, higher logo_in_top_left is associated with lower overall_cvr (spearman=-0.246, n=180)."
vertical=ecommerce,headline_y_relative,ctr_decay_pct,0.2453405553961428,0.2453405553961428,180,0,"In vertical=ecommerce, higher headline_y_relative is associated with higher ctr_decay_pct (spearman=0.245, n=180)."
vertical=travel,logo_in_top_left,overall_ipm,-0.24372152329506064,0.24372152329506064,180,0,"In vertical=travel, higher logo_in_top_left is associated with lower overall_ipm (spearman=-0.244, n=180)."
vertical=travel,badge_in_top_right,overall_cvr,-0.24188177347580886,0.24188177347580886,180,0,"In vertical=travel, higher badge_in_top_right is associated with lower overall_cvr (spearman=-0.242, n=180)."
vertical=entertainment,cta_y_relative,ctr_decay_pct,0.24185347453342187,0.24185347453342187,180,0,"In vertical=entertainment, higher cta_y_relative is associated with higher ctr_decay_pct (spearman=0.242, n=180)."
all,cta_x_relative,overall_ipm,0.24177843133266572,0.24177843133266572,1080,0,"In all, higher cta_x_relative is associated with higher overall_ipm (spearman=0.242, n=1080)."
all,has_price_meta,overall_ipm,-0.24117387606668006,0.24117387606668006,1080,0,"In all, higher has_price_meta is associated with lower overall_ipm (spearman=-0.241, n=1080)."
vertical=fintech,text_area_total_rel,overall_ctr,0.23894885590548956,0.23894885590548956,180,0,"In vertical=fintech, higher text_area_total_rel is associated with higher overall_ctr (spearman=0.239, n=180)."
all,avg_text_area_rel,perf_score,0.23879206808908787,0.23879206808908787,1080,0,"In all, higher avg_text_area_rel is associated with higher perf_score (spearman=0.239, n=1080)."
vertical=fintech,cta_headline_distance,overall_roas,-0.23843618043486384,0.23843618043486384,180,0,"In vertical=fintech, higher cta_headline_distance is associated with lower overall_roas (spearman=-0.238, n=180)."
vertical=fintech,middle_zone_element_count,ctr_decay_pct,-0.2381439472206124,0.2381439472206124,180,0,"In vertical=fintech, higher middle_zone_element_count is associated with lower ctr_decay_pct (spearman=-0.238, n=180)."
vertical=entertainment,cta_area_relative,perf_score,-0.236482743950667,0.236482743950667,180,0,"In vertical=entertainment, higher cta_area_relative is associated with lower perf_score (spearman=-0.236, n=180)."
vertical=ecommerce,cta_x_relative,perf_score,0.23628028341232757,0.23628028341232757,180,0,"In vertical=ecommerce, higher cta_x_relative is associated with higher perf_score (spearman=0.236, n=180)."
all,cta_headline_distance,perf_score,0.23578403127437633,0.23578403127437633,1080,0,"In all, higher cta_headline_distance is associated with higher perf_score (spearman=0.236, n=1080)."
vertical=ecommerce,cta_x_relative,overall_ipm,0.23541415721237396,0.23541415721237396,180,0,"In vertical=ecommerce, higher cta_x_relative is associated with higher overall_ipm (spearman=0.235, n=180)."
vertical=ecommerce,headline_area_relative,perf_score,-0.2353426314849678,0.2353426314849678,180,0,"In vertical=ecommerce, higher headline_area_relative is associated with lower perf_score (spearman=-0.235, n=180)."
vertical=entertainment,image_aspect_ratio,perf_score,-0.23503136026665578,0.23503136026665578,180,0,"In vertical=entertainment, higher image_aspect_ratio is associated with lower perf_score (spearman=-0.235, n=180)."
vertical=travel,brand_visibility_meta,overall_cvr,0.23403430045565224,0.23403430045565224,180,0,"In vertical=travel, higher brand_visibility_meta is associated with higher overall_cvr (spearman=0.234, n=180)."
vertical=travel,cta_y_relative,overall_ipm,-0.23400336221323312,0.23400336221323312,180,0,"In vertical=travel, higher cta_y_relative is associated with lower overall_ipm (spearman=-0.234, n=180)."
vertical=gaming,headline_area_relative,overall_ctr,-0.23282780404390227,0.23282780404390227,180,0,"In vertical=gaming, higher headline_area_relative is associated with lower overall_ctr (spearman=-0.233, n=180)."
vertical=entertainment,cta_y_relative,overall_ipm,-0.23268198333197185,0.23268198333197185,180,0,"In vertical=entertainment, higher cta_y_relative is associated with lower overall_ipm (spearman=-0.233, n=180)."
vertical=travel,cta_x_relative,perf_score,0.23186862250594079,0.23186862250594079,180,0,"In vertical=travel, higher cta_x_relative is associated with higher perf_score (spearman=0.232, n=180)."
vertical=food_delivery,headline_y_relative,overall_roas,0.23176459189615772,0.23176459189615772,180,0,"In vertical=food_delivery, higher headline_y_relative is associated with higher overall_roas (spearman=0.232, n=180)."
vertical=ecommerce,cta_headline_distance,ctr_decay_pct,-0.23169793596230207,0.23169793596230207,180,0,"In vertical=ecommerce, higher cta_headline_distance is associated with lower ctr_decay_pct (spearman=-0.232, n=180)."
vertical=entertainment,cta_x_relative,perf_score,0.23160386952923662,0.23160386952923662,180,0,"In vertical=entertainment, higher cta_x_relative is associated with higher perf_score (spearman=0.232, n=180)."
vertical=entertainment,headline_y_relative,perf_score,-0.22949906432545594,0.22949906432545594,180,0,"In vertical=entertainment, higher headline_y_relative is associated with lower perf_score (spearman=-0.229, n=180)."
vertical=travel,cta_y_relative,perf_score,-0.22874881958759813,0.22874881958759813,180,0,"In vertical=travel, higher cta_y_relative is associated with lower perf_score (spearman=-0.229, n=180)."
vertical=gaming,text_area_total_rel,overall_roas,0.22873339712131033,0.22873339712131033,180,0,"In vertical=gaming, higher text_area_total_rel is associated with higher overall_roas (spearman=0.229, n=180)."
all,cta_area_relative,ctr_decay_pct,0.22728655353783273,0.22728655353783273,1080,0,"In all, higher cta_area_relative is associated with higher ctr_decay_pct (spearman=0.227, n=1080)."
vertical=travel,text_area_total_rel,overall_ipm,0.22728273506383942,0.22728273506383942,180,0,"In vertical=travel, higher text_area_total_rel is associated with higher overall_ipm (spearman=0.227, n=180)."
vertical=travel,cta_headline_distance,overall_ctr,0.22685006621762138,0.22685006621762138,180,0,"In vertical=travel, higher cta_headline_distance is associated with higher overall_ctr (spearman=0.227, n=180)."
vertical=travel,bottom_text_ratio,overall_ctr,0.22627643648808285,0.22627643648808285,180,0,"In vertical=travel, higher bottom_text_ratio is associated with higher overall_ctr (spearman=0.226, n=180)."
vertical=ecommerce,cta_area_relative,overall_ctr,-0.22596004271131728,0.22596004271131728,180,0,"In vertical=ecommerce, higher cta_area_relative is associated with lower overall_ctr (spearman=-0.226, n=180)."
vertical=gaming,avg_text_area_rel,overall_roas,0.2258999763367182,0.2258999763367182,180,0,"In vertical=gaming, higher avg_text_area_rel is associated with higher overall_roas (spearman=0.226, n=180)."
vertical=ecommerce,ocr_element_count,ctr_decay_pct,-0.2255284806439005,0.2255284806439005,180,0,"In vertical=ecommerce, higher ocr_element_count is associated with lower ctr_decay_pct (spearman=-0.226, n=180)."
vertical=ecommerce,cta_y_relative,overall_roas,0.22500894715506733,0.22500894715506733,180,0,"In vertical=ecommerce, higher cta_y_relative is associated with higher overall_roas (spearman=0.225, n=180)."
vertical=ecommerce,headline_area_relative,ctr_decay_pct,0.22483725916693265,0.22483725916693265,180,0,"In vertical=ecommerce, higher headline_area_relative is associated with higher ctr_decay_pct (spearman=0.225, n=180)."
vertical=food_delivery,avg_text_area_rel,overall_roas,0.22309536302560778,0.22309536302560778,180,0,"In vertical=food_delivery, higher avg_text_area_rel is associated with higher overall_roas (spearman=0.223, n=180)."
vertical=fintech,logo_in_top_left,overall_cvr,-0.22282422115206496,0.22282422115206496,180,0,"In vertical=fintech, higher logo_in_top_left is associated with lower overall_cvr (spearman=-0.223, n=180)."
vertical=ecommerce,has_promo_text,overall_cvr,0.22276459776809762,0.22276459776809762,180,0,"In vertical=ecommerce, higher has_promo_text is associated with higher overall_cvr (spearman=0.223, n=180)."
all,headline_y_relative,perf_score,-0.22213772900994175,0.22213772900994175,1080,0,"In all, higher headline_y_relative is associated with lower perf_score (spearman=-0.222, n=1080)."
all,cta_area_relative,perf_score,-0.22134024110467204,0.22134024110467204,1080,0,"In all, higher cta_area_relative is associated with lower perf_score (spearman=-0.221, n=1080)."
vertical=travel,avg_text_area_rel,overall_cvr,0.21966110065125466,0.21966110065125466,180,0,"In vertical=travel, higher avg_text_area_rel is associated with higher overall_cvr (spearman=0.220, n=180)."
vertical=entertainment,ocr_element_count,overall_cvr,0.2196077527551912,0.2196077527551912,180,0,"In vertical=entertainment, higher ocr_element_count is associated with higher overall_cvr (spearman=0.220, n=180)."
vertical=gaming,badge_in_top_right,overall_cvr,-0.21946030100272612,0.21946030100272612,180,0,"In vertical=gaming, higher badge_in_top_right is associated with lower overall_cvr (spearman=-0.219, n=180)."
vertical=fintech,cta_headline_distance,overall_ipm,0.2191219834076049,0.2191219834076049,180,0,"In vertical=fintech, higher cta_headline_distance is associated with higher overall_ipm (spearman=0.219, n=180)."
vertical=food_delivery,has_price_meta,overall_ipm,0.21911638075919496,0.21911638075919496,180,0,"In vertical=food_delivery, higher has_price_meta is associated with higher overall_ipm (spearman=0.219, n=180)."
vertical=fintech,subhead_y_relative,overall_ctr,-0.2190204919429617,0.2190204919429617,180,0,"In vertical=fintech, higher subhead_y_relative is associated with lower overall_ctr (spearman=-0.219, n=180)."
vertical=travel,middle_zone_element_count,overall_ctr,0.21729012614410198,0.21729012614410198,180,0,"In vertical=travel, higher middle_zone_element_count is associated with higher overall_ctr (spearman=0.217, n=180)."
vertical=food_delivery,text_area_total_rel,overall_ipm,0.21648199018488226,0.21648199018488226,180,0,"In vertical=food_delivery, higher text_area_total_rel is associated with higher overall_ipm (spearman=0.216, n=180)."
vertical=food_delivery,top_zone_element_count,ctr_decay_pct,-0.21503295398902297,0.21503295398902297,180,0,"In vertical=food_delivery, higher top_zone_element_count is associated with lower ctr_decay_pct (spearman=-0.215, n=180)."
vertical=gaming,headline_area_relative,overall_ipm,-0.21500510461181854,0.21500510461181854,180,0,"In vertical=gaming, higher headline_area_relative is associated with lower overall_ipm (spearman=-0.215, n=180)."
vertical=travel,subhead_y_relative,overall_ctr,-0.21434669001813225,0.21434669001813225,180,0,"In vertical=travel, higher subhead_y_relative is associated with lower overall_ctr (spearman=-0.214, n=180)."
vertical=travel,has_price_text,overall_ipm,0.2136346968380625,0.2136346968380625,180,0,"In vertical=travel, higher has_price_text is associated with higher overall_ipm (spearman=0.214, n=180)."
vertical=travel,has_price_meta,overall_ipm,0.2136346968380625,0.2136346968380625,180,0,"In vertical=travel, higher has_price_meta is associated with higher overall_ipm (spearman=0.214, n=180)."
vertical=ecommerce,image_aspect_ratio,ctr_decay_pct,0.21348897001946174,0.21348897001946174,180,0,"In vertical=ecommerce, higher image_aspect_ratio is associated with higher ctr_decay_pct (spearman=0.213, n=180)."
all,cta_y_relative,overall_ipm,-0.21202263625995552,0.21202263625995552,1080,0,"In all, higher cta_y_relative is associated with lower overall_ipm (spearman=-0.212, n=1080)."
vertical=fintech,cta_headline_distance,ctr_decay_pct,-0.21200855538152916,0.21200855538152916,180,0,"In vertical=fintech, higher cta_headline_distance is associated with lower ctr_decay_pct (spearman=-0.212, n=180)."
vertical=gaming,image_aspect_ratio,ctr_decay_pct,0.21172526184119078,0.21172526184119078,180,0,"In vertical=gaming, higher image_aspect_ratio is associated with higher ctr_decay_pct (spearman=0.212, n=180)."
vertical=food_delivery,headline_area_relative,overall_roas,0.21152750182622038,0.21152750182622038,180,0,"In vertical=food_delivery, higher headline_area_relative is associated with higher overall_roas (spearman=0.212, n=180)."
vertical=fintech,middle_zone_element_count,overall_ctr,0.21137936566835966,0.21137936566835966,180,0,"In vertical=fintech, higher middle_zone_element_count is associated with higher overall_ctr (spearman=0.211, n=180)."
vertical=travel,headline_y_relative,overall_ctr,-0.21073741525171405,0.21073741525171405,180,0,"In vertical=travel, higher headline_y_relative is associated with lower overall_ctr (spearman=-0.211, n=180)."
vertical=food_delivery,text_area_total_rel,perf_score,0.2103835776408948,0.2103835776408948,180,0,"In vertical=food_delivery, higher text_area_total_rel is associated with higher perf_score (spearman=0.210, n=180)."
vertical=gaming,cta_headline_distance,overall_ipm,0.20997598880006008,0.20997598880006008,180,0,"In vertical=gaming, higher cta_headline_distance is associated with higher overall_ipm (spearman=0.210, n=180)."
vertical=entertainment,headline_area_relative,perf_score,-0.20986162599165192,0.20986162599165192,180,0,"In vertical=entertainment, higher headline_area_relative is associated with lower perf_score (spearman=-0.210, n=180)."
all,cta_x_relative,perf_score,0.20851905005471127,0.20851905005471127,1080,0,"In all, higher cta_x_relative is associated with higher perf_score (spearman=0.209, n=1080)."
vertical=entertainment,cta_headline_distance,perf_score,0.20774555994838562,0.20774555994838562,180,0,"In vertical=entertainment, higher cta_headline_distance is associated with higher perf_score (spearman=0.208, n=180)."
vertical=food_delivery,bottom_text_ratio,ctr_decay_pct,0.2070987346980499,0.2070987346980499,180,0,"In vertical=food_delivery, higher bottom_text_ratio is associated with higher ctr_decay_pct (spearman=0.207, n=180)."
vertical=fintech,bottom_text_ratio,overall_roas,-0.2053416261818568,0.2053416261818568,180,0,"In vertical=fintech, higher bottom_text_ratio is associated with lower overall_roas (spearman=-0.205, n=180)."
vertical=ecommerce,badge_y_relative,overall_cvr,0.20448007862624434,0.20448007862624434,180,0,"In vertical=ecommerce, higher badge_y_relative is associated with higher overall_cvr (spearman=0.204, n=180)."
vertical=fintech,brand_visibility_meta,overall_cvr,0.20439808698005338,0.20439808698005338,180,0,"In vertical=fintech, higher brand_visibility_meta is associated with higher overall_cvr (spearman=0.204, n=180)."
vertical=food_delivery,has_discount_badge_meta,ctr_decay_pct,-0.20391731319890807,0.20391731319890807,180,0,"In vertical=food_delivery, higher has_discount_badge_meta is associated with lower ctr_decay_pct (spearman=-0.204, n=180)."
all,text_density_meta,overall_cvr,-0.20390270308371178,0.20390270308371178,1080,0,"In all, higher text_density_meta is associated with lower overall_cvr (spearman=-0.204, n=1080)."
all,text_area_total_rel,overall_roas,0.2025686898131407,0.2025686898131407,1080,0,"In all, higher text_area_total_rel is associated with higher overall_roas (spearman=0.203, n=1080)."
vertical=travel,logo_in_top_left,perf_score,-0.20242524065524944,0.20242524065524944,180,0,"In vertical=travel, higher logo_in_top_left is associated with lower perf_score (spearman=-0.202, n=180)."
vertical=fintech,image_aspect_ratio,overall_ipm,-0.20233426267857546,0.20233426267857546,180,0,"In vertical=fintech, higher image_aspect_ratio is associated with lower overall_ipm (spearman=-0.202, n=180)."
vertical=fintech,middle_zone_element_count,overall_ipm,0.20164679055844958,0.20164679055844958,180,0,"In vertical=fintech, higher middle_zone_element_count is associated with higher overall_ipm (spearman=0.202, n=180)."
vertical=fintech,avg_text_area_rel,overall_ctr,0.20148677504800913,0.20148677504800913,180,0,"In vertical=fintech, higher avg_text_area_rel is associated with higher overall_ctr (spearman=0.201, n=180)."
vertical=food_delivery,cta_headline_distance,overall_roas,-0.20135889015074734,0.20135889015074734,180,0,"In vertical=food_delivery, higher cta_headline_distance is associated with lower overall_roas (spearman=-0.201, n=180)."
vertical=fintech,cta_x_relative,overall_ipm,0.20128140806715614,0.20128140806715614,180,0,"In vertical=fintech, higher cta_x_relative is associated with higher overall_ipm (spearman=0.201, n=180)."
vertical=entertainment,image_aspect_ratio,overall_roas,0.2011468841134835,0.2011468841134835,180,0,"In vertical=entertainment, higher image_aspect_ratio is associated with higher overall_roas (spearman=0.201, n=180)."
all,top_zone_element_count,overall_cvr,-0.20102965464001435,0.20102965464001435,1080,0,"In all, higher top_zone_element_count is associated with lower overall_cvr (spearman=-0.201, n=1080)."
vertical=fintech,grounded_element_count,overall_roas,0.19974170679615577,0.19974170679615577,180,0,"In vertical=fintech, higher grounded_element_count is associated with higher overall_roas (spearman=0.200, n=180)."
vertical=gaming,grounded_element_count,ctr_decay_pct,-0.19859579628799415,0.19859579628799415,180,0,"In vertical=gaming, higher grounded_element_count is associated with lower ctr_decay_pct (spearman=-0.199, n=180)."
vertical=fintech,image_aspect_ratio,ctr_decay_pct,0.198067790803216,0.198067790803216,180,0,"In vertical=fintech, higher image_aspect_ratio is associated with higher ctr_decay_pct (spearman=0.198, n=180)."
vertical=ecommerce,has_discount_badge_meta,overall_cvr,0.19685807395367688,0.19685807395367688,180,0,"In vertical=ecommerce, higher has_discount_badge_meta is associated with higher overall_cvr (spearman=0.197, n=180)."
vertical=travel,top_zone_element_count,overall_ctr,-0.19662811136634042,0.19662811136634042,180,0,"In vertical=travel, higher top_zone_element_count is associated with lower overall_ctr (spearman=-0.197, n=180)."
vertical=travel,cta_area_relative,ctr_decay_pct,0.19590985681958953,0.19590985681958953,180,0,"In vertical=travel, higher cta_area_relative is associated with higher ctr_decay_pct (spearman=0.196, n=180)."
vertical=entertainment,logo_in_top_left,overall_ipm,-0.19557945564905807,0.19557945564905807,180,0,"In vertical=entertainment, higher logo_in_top_left is associated with lower overall_ipm (spearman=-0.196, n=180)."
vertical=fintech,logo_in_top_left,perf_score,-0.1952131024197434,0.1952131024197434,180,0,"In vertical=fintech, higher logo_in_top_left is associated with lower perf_score (spearman=-0.195, n=180)."
vertical=entertainment,brand_visibility_meta,overall_cvr,0.19516212670087713,0.19516212670087713,180,0,"In vertical=entertainment, higher brand_visibility_meta is associated with higher overall_cvr (spearman=0.195, n=180)."
vertical=gaming,cta_headline_distance,overall_ctr,0.194779239702636,0.194779239702636,180,0,"In vertical=gaming, higher cta_headline_distance is associated with higher overall_ctr (spearman=0.195, n=180)."
vertical=gaming,grounded_element_count,overall_cvr,0.19464405298790066,0.19464405298790066,180,0,"In vertical=gaming, higher grounded_element_count is associated with higher overall_cvr (spearman=0.195, n=180)."
all,text_density_meta,overall_ipm,-0.194552429572866,0.194552429572866,1080,0,"In all, higher text_density_meta is associated with lower overall_ipm (spearman=-0.195, n=1080)."
vertical=travel,avg_text_area_rel,overall_roas,0.19395866127555378,0.19395866127555378,180,0,"In vertical=travel, higher avg_text_area_rel is associated with higher overall_roas (spearman=0.194, n=180)."
vertical=food_delivery,has_discount_text,ctr_decay_pct,-0.1936009040940712,0.1936009040940712,180,0,"In vertical=food_delivery, higher has_discount_text is associated with lower ctr_decay_pct (spearman=-0.194, n=180)."
all,ocr_element_count,overall_roas,0.19352933183780704,0.19352933183780704,1080,0,"In all, higher ocr_element_count is associated with higher overall_roas (spearman=0.194, n=1080)."
vertical=food_delivery,middle_zone_element_count,ctr_decay_pct,-0.19311056021550793,0.19311056021550793,180,0,"In vertical=food_delivery, higher middle_zone_element_count is associated with lower ctr_decay_pct (spearman=-0.193, n=180)."
vertical=fintech,bottom_zone_element_count,overall_ctr,-0.1929317183508554,0.1929317183508554,180,0,"In vertical=fintech, higher bottom_zone_element_count is associated with lower overall_ctr (spearman=-0.193, n=180)."
vertical=fintech,bottom_zone_element_count,perf_score,-0.19220778868496363,0.19220778868496363,180,0,"In vertical=fintech, higher bottom_zone_element_count is associated with lower perf_score (spearman=-0.192, n=180)."
vertical=ecommerce,avg_text_area_rel,overall_roas,0.19056966778810044,0.19056966778810044,180,0,"In vertical=ecommerce, higher avg_text_area_rel is associated with higher overall_roas (spearman=0.191, n=180)."
all,headline_area_relative,perf_score,-0.19031610491524825,0.19031610491524825,1080,0,"In all, higher headline_area_relative is associated with lower perf_score (spearman=-0.190, n=1080)."
vertical=gaming,has_discount_badge_meta,ctr_decay_pct,-0.19008935761543136,0.19008935761543136,180,0,"In vertical=gaming, higher has_discount_badge_meta is associated with lower ctr_decay_pct (spearman=-0.190, n=180)."
vertical=fintech,cta_x_relative,overall_ctr,0.1895331013139028,0.1895331013139028,180,0,"In vertical=fintech, higher cta_x_relative is associated with higher overall_ctr (spearman=0.190, n=180)."
vertical=entertainment,top_zone_element_count,overall_cvr,0.1892603519756538,0.1892603519756538,180,0,"In vertical=entertainment, higher top_zone_element_count is associated with higher overall_cvr (spearman=0.189, n=180)."
vertical=entertainment,logo_in_top_left,overall_roas,-0.1891388588658838,0.1891388588658838,180,0,"In vertical=entertainment, higher logo_in_top_left is associated with lower overall_roas (spearman=-0.189, n=180)."
vertical=travel,bottom_text_ratio,perf_score,0.18799709880294663,0.18799709880294663,180,0,"In vertical=travel, higher bottom_text_ratio is associated with higher perf_score (spearman=0.188, n=180)."
vertical=entertainment,middle_zone_element_count,ctr_decay_pct,-0.18781715121806022,0.18781715121806022,180,0,"In vertical=entertainment, higher middle_zone_element_count is associated with lower ctr_decay_pct (spearman=-0.188, n=180)."
all,brand_visibility_meta,ctr_decay_pct,0.18756780766938266,0.18756780766938266,1080,0,"In all, higher brand_visibility_meta is associated with higher ctr_decay_pct (spearman=0.188, n=1080)."
all,text_area_total_rel,perf_score,0.18674450704561754,0.18674450704561754,1080,0,"In all, higher text_area_total_rel is associated with higher perf_score (spearman=0.187, n=1080)."
vertical=ecommerce,text_area_total_rel,overall_ipm,0.18474644279144417,0.18474644279144417,180,0,"In vertical=ecommerce, higher text_area_total_rel is associated with higher overall_ipm (spearman=0.185, n=180)."
vertical=entertainment,logo_in_top_left,perf_score,-0.18473844962957775,0.18473844962957775,180,0,"In vertical=entertainment, higher logo_in_top_left is associated with lower perf_score (spearman=-0.185, n=180)."
vertical=ecommerce,headline_area_relative,overall_roas,0.1842974066479725,0.1842974066479725,180,0,"In vertical=ecommerce, higher headline_area_relative is associated with higher overall_roas (spearman=0.184, n=180)."
all,has_discount_badge_meta,overall_ipm,-0.18419909274523572,0.18419909274523572,1080,0,"In all, higher has_discount_badge_meta is associated with lower overall_ipm (spearman=-0.184, n=1080)."
vertical=travel,image_aspect_ratio,ctr_decay_pct,0.18398476435733263,0.18398476435733263,180,0,"In vertical=travel, higher image_aspect_ratio is associated with higher ctr_decay_pct (spearman=0.184, n=180)."
vertical=food_delivery,has_promo_text,overall_cvr,0.1839062891175948,0.1839062891175948,180,0,"In vertical=food_delivery, higher has_promo_text is associated with higher overall_cvr (spearman=0.184, n=180)."
vertical=ecommerce,cta_area_relative,overall_roas,0.1834226350988621,0.1834226350988621,180,0,"In vertical=ecommerce, higher cta_area_relative is associated with higher overall_roas (spearman=0.183, n=180)."
vertical=food_delivery,bottom_text_ratio,overall_cvr,-0.18326649029272404,0.18326649029272404,180,0,"In vertical=food_delivery, higher bottom_text_ratio is associated with lower overall_cvr (spearman=-0.183, n=180)."
vertical=travel,cta_headline_distance,ctr_decay_pct,-0.18310433575377563,0.18310433575377563,180,0,"In vertical=travel, higher cta_headline_distance is associated with lower ctr_decay_pct (spearman=-0.183, n=180)."
vertical=ecommerce,has_discount_badge_meta,overall_roas,0.1826720708417157,0.1826720708417157,180,0,"In vertical=ecommerce, higher has_discount_badge_meta is associated with higher overall_roas (spearman=0.183, n=180)."
vertical=food_delivery,has_price_meta,perf_score,0.18248577322498138,0.18248577322498138,180,0,"In vertical=food_delivery, higher has_price_meta is associated with higher perf_score (spearman=0.182, n=180)."
vertical=travel,logo_in_top_left,overall_ctr,-0.18213469370629898,0.18213469370629898,180,0,"In vertical=travel, higher logo_in_top_left is associated with lower overall_ctr (spearman=-0.182, n=180)."
all,logo_in_top_left,overall_ctr,-0.18104723992014415,0.18104723992014415,1080,0,"In all, higher logo_in_top_left is associated with lower overall_ctr (spearman=-0.181, n=1080)."
vertical=gaming,cta_area_relative,overall_cvr,-0.18077301191288375,0.18077301191288375,180,0,"In vertical=gaming, higher cta_area_relative is associated with lower overall_cvr (spearman=-0.181, n=180)."
vertical=ecommerce,cta_y_relative,overall_ctr,-0.18064543123375185,0.18064543123375185,180,0,"In vertical=ecommerce, higher cta_y_relative is associated with lower overall_ctr (spearman=-0.181, n=180)."
vertical=fintech,cta_headline_distance,perf_score,0.18034437688893545,0.18034437688893545,180,0,"In vertical=fintech, higher cta_headline_distance is associated with higher perf_score (spearman=0.180, n=180)."
all,bottom_text_ratio,overall_roas,0.18032856122289356,0.18032856122289356,1080,0,"In all, higher bottom_text_ratio is associated with higher overall_roas (spearman=0.180, n=1080)."
vertical=entertainment,subhead_y_relative,overall_roas,0.17938260449577273,0.17938260449577273,180,0,"In vertical=entertainment, higher subhead_y_relative is associated with higher overall_roas (spearman=0.179, n=180)."
all,has_promo_text,overall_cvr,-0.1791724491188382,0.1791724491188382,1080,0,"In all, higher has_promo_text is associated with lower overall_cvr (spearman=-0.179, n=1080)."
vertical=travel,middle_zone_element_count,perf_score,0.17855850663405237,0.17855850663405237,180,0,"In vertical=travel, higher middle_zone_element_count is associated with higher perf_score (spearman=0.179, n=180)."
vertical=entertainment,subhead_y_relative,ctr_decay_pct,0.17850422282528677,0.17850422282528677,180,0,"In vertical=entertainment, higher subhead_y_relative is associated with higher ctr_decay_pct (spearman=0.179, n=180)."
all,headline_y_relative,overall_roas,0.17837946566148452,0.17837946566148452,1080,0,"In all, higher headline_y_relative is associated with higher overall_roas (spearman=0.178, n=1080)."
vertical=ecommerce,bottom_zone_element_count,overall_cvr,0.17801663030113118,0.17801663030113118,180,0,"In vertical=ecommerce, higher bottom_zone_element_count is associated with higher overall_cvr (spearman=0.178, n=180)."
vertical=fintech,middle_zone_element_count,overall_roas,-0.17792363872804376,0.17792363872804376,180,0,"In vertical=fintech, higher middle_zone_element_count is associated with lower overall_roas (spearman=-0.178, n=180)."
vertical=food_delivery,cta_x_relative,ctr_decay_pct,-0.17766572305305348,0.17766572305305348,180,0,"In vertical=food_delivery, higher cta_x_relative is associated with lower ctr_decay_pct (spearman=-0.178, n=180)."
vertical=fintech,cta_area_relative,overall_cvr,0.17756524308294527,0.17756524308294527,180,0,"In vertical=fintech, higher cta_area_relative is associated with higher overall_cvr (spearman=0.178, n=180)."
vertical=ecommerce,avg_text_area_rel,overall_cvr,0.17737996028684014,0.17737996028684014,180,0,"In vertical=ecommerce, higher avg_text_area_rel is associated with higher overall_cvr (spearman=0.177, n=180)."
vertical=gaming,cta_headline_distance,perf_score,0.17697788807308343,0.17697788807308343,180,0,"In vertical=gaming, higher cta_headline_distance is associated with higher perf_score (spearman=0.177, n=180)."
vertical=ecommerce,text_area_total_rel,perf_score,0.17646756223716062,0.17646756223716062,180,0,"In vertical=ecommerce, higher text_area_total_rel is associated with higher perf_score (spearman=0.176, n=180)."
vertical=gaming,badge_y_relative,overall_ipm,0.176322883790311,0.176322883790311,180,0,"In vertical=gaming, higher badge_y_relative is associated with higher overall_ipm (spearman=0.176, n=180)."
all,image_aspect_ratio,overall_cvr,-0.1761411244477292,0.1761411244477292,1080,0,"In all, higher image_aspect_ratio is associated with lower overall_cvr (spearman=-0.176, n=1080)."
all,cta_area_relative,overall_roas,0.1756232200534035,0.1756232200534035,1080,0,"In all, higher cta_area_relative is associated with higher overall_roas (spearman=0.176, n=1080)."
vertical=travel,text_area_total_rel,perf_score,0.1752947754996205,0.1752947754996205,180,0,"In vertical=travel, higher text_area_total_rel is associated with higher perf_score (spearman=0.175, n=180)."
vertical=travel,badge_in_top_right,overall_ipm,-0.1749644137422855,0.1749644137422855,180,0,"In vertical=travel, higher badge_in_top_right is associated with lower overall_ipm (spearman=-0.175, n=180)."
vertical=gaming,badge_in_top_right,overall_ipm,-0.17484189465229008,0.17484189465229008,180,0,"In vertical=gaming, higher badge_in_top_right is associated with lower overall_ipm (spearman=-0.175, n=180)."
all,image_aspect_ratio,overall_roas,0.1746264299731809,0.1746264299731809,1080,0,"In all, higher image_aspect_ratio is associated with higher overall_roas (spearman=0.175, n=1080)."
vertical=gaming,text_density_meta,overall_ctr,0.17437967981636052,0.17437967981636052,180,0,"In vertical=gaming, higher text_density_meta is associated with higher overall_ctr (spearman=0.174, n=180)."
vertical=travel,has_promo_text,overall_roas,0.1743654763031783,0.1743654763031783,180,0,"In vertical=travel, higher has_promo_text is associated with higher overall_roas (spearman=0.174, n=180)."
vertical=gaming,cta_headline_distance,overall_cvr,0.17427068541598278,0.17427068541598278,180,0,"In vertical=gaming, higher cta_headline_distance is associated with higher overall_cvr (spearman=0.174, n=180)."
vertical=food_delivery,has_discount_text,overall_cvr,0.1734241349329025,0.1734241349329025,180,0,"In vertical=food_delivery, higher has_discount_text is associated with higher overall_cvr (spearman=0.173, n=180)."
all,cta_y_relative,overall_roas,0.17327217075112533,0.17327217075112533,1080,0,"In all, higher cta_y_relative is associated with higher overall_roas (spearman=0.173, n=1080)."
all,subhead_y_relative,perf_score,-0.17326335631665712,0.17326335631665712,1080,0,"In all, higher subhead_y_relative is associated with lower perf_score (spearman=-0.173, n=1080)."
vertical=travel,headline_y_relative,ctr_decay_pct,0.17289859655346906,0.17289859655346906,180,0,"In vertical=travel, higher headline_y_relative is associated with higher ctr_decay_pct (spearman=0.173, n=180)."
vertical=food_delivery,has_price_meta,overall_roas,0.1728808141769795,0.1728808141769795,180,0,"In vertical=food_delivery, higher has_price_meta is associated with higher overall_roas (spearman=0.173, n=180)."
vertical=entertainment,cta_y_relative,perf_score,-0.1726371096426832,0.1726371096426832,180,0,"In vertical=entertainment, higher cta_y_relative is associated with lower perf_score (spearman=-0.173, n=180)."
vertical=ecommerce,grounded_element_count,overall_ipm,0.1723684717595245,0.1723684717595245,180,0,"In vertical=ecommerce, higher grounded_element_count is associated with higher overall_ipm (spearman=0.172, n=180)."
vertical=fintech,headline_y_relative,ctr_decay_pct,0.17218011650805987,0.17218011650805987,180,0,"In vertical=fintech, higher headline_y_relative is associated with higher ctr_decay_pct (spearman=0.172, n=180)."
vertical=food_delivery,has_price_text,overall_ipm,0.17197796264335888,0.17197796264335888,180,0,"In vertical=food_delivery, higher has_price_text is associated with higher overall_ipm (spearman=0.172, n=180)."
all,cta_headline_distance,overall_cvr,0.17187614400319445,0.17187614400319445,1080,0,"In all, higher cta_headline_distance is associated with higher overall_cvr (spearman=0.172, n=1080)."
vertical=fintech,headline_y_relative,overall_ipm,-0.171331497218036,0.171331497218036,180,0,"In vertical=fintech, higher headline_y_relative is associated with lower overall_ipm (spearman=-0.171, n=180)."
vertical=food_delivery,cta_y_relative,overall_ipm,0.17123550907647395,0.17123550907647395,180,0,"In vertical=food_delivery, higher cta_y_relative is associated with higher overall_ipm (spearman=0.171, n=180)."
vertical=gaming,badge_y_relative,overall_cvr,0.17106250304765427,0.17106250304765427,180,0,"In vertical=gaming, higher badge_y_relative is associated with higher overall_cvr (spearman=0.171, n=180)."
all,headline_y_relative,overall_cvr,-0.17041995763303616,0.17041995763303616,1080,0,"In all, higher headline_y_relative is associated with lower overall_cvr (spearman=-0.170, n=1080)."
vertical=food_delivery,cta_y_relative,perf_score,0.17041588560625495,0.17041588560625495,180,0,"In vertical=food_delivery, higher cta_y_relative is associated with higher perf_score (spearman=0.170, n=180)."
vertical=ecommerce,image_aspect_ratio,overall_roas,0.1698516318204694,0.1698516318204694,180,0,"In vertical=ecommerce, higher image_aspect_ratio is associated with higher overall_roas (spearman=0.170, n=180)."
vertical=ecommerce,text_density_meta,overall_ctr,-0.16963584351753783,0.16963584351753783,180,0,"In vertical=ecommerce, higher text_density_meta is associated with lower overall_ctr (spearman=-0.170, n=180)."
vertical=travel,top_zone_element_count,overall_cvr,0.1696193746364515,0.1696193746364515,180,0,"In vertical=travel, higher top_zone_element_count is associated with higher overall_cvr (spearman=0.170, n=180)."
vertical=travel,has_discount_text,overall_cvr,0.16953538474369112,0.16953538474369112,180,0,"In vertical=travel, higher has_discount_text is associated with higher overall_cvr (spearman=0.170, n=180)."
vertical=ecommerce,top_zone_element_count,ctr_decay_pct,-0.1692580279449546,0.1692580279449546,180,0,"In vertical=ecommerce, higher top_zone_element_count is associated with lower ctr_decay_pct (spearman=-0.169, n=180)."
vertical=travel,cta_x_relative,ctr_decay_pct,-0.1690941333009945,0.1690941333009945,180,0,"In vertical=travel, higher cta_x_relative is associated with lower ctr_decay_pct (spearman=-0.169, n=180)."
vertical=gaming,logo_in_top_left,overall_roas,-0.16864829049275046,0.16864829049275046,180,0,"In vertical=gaming, higher logo_in_top_left is associated with lower overall_roas (spearman=-0.169, n=180)."
vertical=ecommerce,has_price_meta,ctr_decay_pct,-0.16827420178241073,0.16827420178241073,180,0,"In vertical=ecommerce, higher has_price_meta is associated with lower ctr_decay_pct (spearman=-0.168, n=180)."
vertical=fintech,cta_area_relative,overall_ctr,-0.16825425510331063,0.16825425510331063,180,0,"In vertical=fintech, higher cta_area_relative is associated with lower overall_ctr (spearman=-0.168, n=180)."
vertical=entertainment,bottom_text_ratio,ctr_decay_pct,-0.1681622112374951,0.1681622112374951,180,0,"In vertical=entertainment, higher bottom_text_ratio is associated with lower ctr_decay_pct (spearman=-0.168, n=180)."
vertical=fintech,image_aspect_ratio,perf_score,-0.16776783765656836,0.16776783765656836,180,0,"In vertical=fintech, higher image_aspect_ratio is associated with lower perf_score (spearman=-0.168, n=180)."
all,cta_headline_distance,overall_roas,-0.16747680566022957,0.16747680566022957,1080,0,"In all, higher cta_headline_distance is associated with lower overall_roas (spearman=-0.167, n=1080)."
vertical=fintech,logo_in_top_left,overall_ipm,-0.16738572616802574,0.16738572616802574,180,0,"In vertical=fintech, higher logo_in_top_left is associated with lower overall_ipm (spearman=-0.167, n=180)."
vertical=travel,badge_y_relative,overall_cvr,0.16726486213270123,0.16726486213270123,180,0,"In vertical=travel, higher badge_y_relative is associated with higher overall_cvr (spearman=0.167, n=180)."
vertical=travel,cta_headline_distance,overall_ipm,0.16644473494269119,0.16644473494269119,180,0,"In vertical=travel, higher cta_headline_distance is associated with higher overall_ipm (spearman=0.166, n=180)."
vertical=gaming,cta_area_relative,ctr_decay_pct,0.1656035870368254,0.1656035870368254,180,0,"In vertical=gaming, higher cta_area_relative is associated with higher ctr_decay_pct (spearman=0.166, n=180)."
vertical=gaming,has_discount_badge_meta,overall_cvr,-0.16454134795191738,0.16454134795191738,180,0,"In vertical=gaming, higher has_discount_badge_meta is associated with lower overall_cvr (spearman=-0.165, n=180)."
all,brand_visibility_meta,overall_ctr,-0.16373996184933082,0.16373996184933082,1080,0,"In all, higher brand_visibility_meta is associated with lower overall_ctr (spearman=-0.164, n=1080)."
vertical=gaming,subhead_y_relative,ctr_decay_pct,0.16325029421049944,0.16325029421049944,180,0,"In vertical=gaming, higher subhead_y_relative is associated with higher ctr_decay_pct (spearman=0.163, n=180)."
vertical=ecommerce,middle_zone_element_count,overall_cvr,0.16296736816987423,0.16296736816987423,180,0,"In vertical=ecommerce, higher middle_zone_element_count is associated with higher overall_cvr (spearman=0.163, n=180)."
all,logo_in_top_left,ctr_decay_pct,0.16274220728303682,0.16274220728303682,1080,0,"In all, higher logo_in_top_left is associated with higher ctr_decay_pct (spearman=0.163, n=1080)."
all,has_discount_text,ctr_decay_pct,-0.16244142514533944,0.16244142514533944,1080,0,"In all, higher has_discount_text is associated with lower ctr_decay_pct (spearman=-0.162, n=1080)."
all,logo_in_top_left,perf_score,-0.16226878504573375,0.16226878504573375,1080,0,"In all, higher logo_in_top_left is associated with lower perf_score (spearman=-0.162, n=1080)."
all,text_density_meta,perf_score,-0.16212323780613194,0.16212323780613194,1080,0,"In all, higher text_density_meta is associated with lower perf_score (spearman=-0.162, n=1080)."
all,has_discount_badge_meta,ctr_decay_pct,-0.16062698540519238,0.16062698540519238,1080,0,"In all, higher has_discount_badge_meta is associated with lower ctr_decay_pct (spearman=-0.161, n=1080)."
vertical=fintech,bottom_zone_element_count,overall_ipm,-0.1601067208422066,0.1601067208422066,180,0,"In vertical=fintech, higher bottom_zone_element_count is associated with lower overall_ipm (spearman=-0.160, n=180)."
all,top_zone_element_count,overall_ipm,-0.1600837887656446,0.1600837887656446,1080,0,"In all, higher top_zone_element_count is associated with lower overall_ipm (spearman=-0.160, n=1080)."
vertical=fintech,subhead_y_relative,perf_score,-0.1600008074313755,0.1600008074313755,180,0,"In vertical=fintech, higher subhead_y_relative is associated with lower perf_score (spearman=-0.160, n=180)."
vertical=travel,has_price_text,perf_score,0.15993208045348142,0.15993208045348142,180,0,"In vertical=travel, higher has_price_text is associated with higher perf_score (spearman=0.160, n=180)."
vertical=travel,has_price_meta,perf_score,0.15993208045348142,0.15993208045348142,180,0,"In vertical=travel, higher has_price_meta is associated with higher perf_score (spearman=0.160, n=180)."
vertical=travel,bottom_text_ratio,overall_ipm,0.15960282091613937,0.15960282091613937,180,0,"In vertical=travel, higher bottom_text_ratio is associated with higher overall_ipm (spearman=0.160, n=180)."
vertical=gaming,cta_headline_distance,ctr_decay_pct,-0.15953650430342367,0.15953650430342367,180,0,"In vertical=gaming, higher cta_headline_distance is associated with lower ctr_decay_pct (spearman=-0.160, n=180)."
vertical=entertainment,cta_headline_distance,overall_roas,-0.15948261251226464,0.15948261251226464,180,0,"In vertical=entertainment, higher cta_headline_distance is associated with lower overall_roas (spearman=-0.159, n=180)."
vertical=travel,subhead_y_relative,overall_cvr,0.15922812803023706,0.15922812803023706,180,0,"In vertical=travel, higher subhead_y_relative is associated with higher overall_cvr (spearman=0.159, n=180)."
vertical=entertainment,has_discount_badge_meta,cvr_decay_pct,-0.15912728734903037,0.15912728734903037,180,0,"In vertical=entertainment, higher has_discount_badge_meta is associated with lower cvr_decay_pct (spearman=-0.159, n=180)."
vertical=fintech,cta_x_relative,perf_score,0.1591055987896435,0.1591055987896435,180,0,"In vertical=fintech, higher cta_x_relative is associated with higher perf_score (spearman=0.159, n=180)."
vertical=gaming,cta_area_relative,overall_ipm,-0.15867414022035112,0.15867414022035112,180,0,"In vertical=gaming, higher cta_area_relative is associated with lower overall_ipm (spearman=-0.159, n=180)."
vertical=entertainment,cta_y_relative,overall_roas,0.15781336399797416,0.15781336399797416,180,0,"In vertical=entertainment, higher cta_y_relative is associated with higher overall_roas (spearman=0.158, n=180)."
vertical=fintech,middle_zone_element_count,perf_score,0.15754695109108066,0.15754695109108066,180,0,"In vertical=fintech, higher middle_zone_element_count is associated with higher perf_score (spearman=0.158, n=180)."
vertical=food_delivery,cta_headline_distance,overall_ctr,0.1574217754333068,0.1574217754333068,180,0,"In vertical=food_delivery, higher cta_headline_distance is associated with higher overall_ctr (spearman=0.157, n=180)."
vertical=fintech,text_density_meta,perf_score,0.15660859975987193,0.15660859975987193,180,0,"In vertical=fintech, higher text_density_meta is associated with higher perf_score (spearman=0.157, n=180)."
vertical=ecommerce,cta_headline_distance,overall_ctr,0.15660336215892892,0.15660336215892892,180,0,"In vertical=ecommerce, higher cta_headline_distance is associated with higher overall_ctr (spearman=0.157, n=180)."
vertical=travel,cta_headline_distance,perf_score,0.15614862432888238,0.15614862432888238,180,0,"In vertical=travel, higher cta_headline_distance is associated with higher perf_score (spearman=0.156, n=180)."
all,cta_y_relative,perf_score,-0.15437259342106546,0.15437259342106546,1080,0,"In all, higher cta_y_relative is associated with lower perf_score (spearman=-0.154, n=1080)."
vertical=ecommerce,cta_area_relative,overall_ipm,-0.15421379355025835,0.15421379355025835,180,0,"In vertical=ecommerce, higher cta_area_relative is associated with lower overall_ipm (spearman=-0.154, n=180)."
vertical=gaming,text_density_meta,overall_ipm,0.15416765100858737,0.15416765100858737,180,0,"In vertical=gaming, higher text_density_meta is associated with higher overall_ipm (spearman=0.154, n=180)."
vertical=food_delivery,text_density_meta,overall_cvr,-0.15404464286333222,0.15404464286333222,180,0,"In vertical=food_delivery, higher text_density_meta is associated with lower overall_cvr (spearman=-0.154, n=180)."
vertical=travel,badge_in_top_right,perf_score,-0.1535837382615022,0.1535837382615022,180,0,"In vertical=travel, higher badge_in_top_right is associated with lower perf_score (spearman=-0.154, n=180)."
vertical=entertainment,has_price_text,perf_score,-0.15253741882407362,0.15253741882407362,180,0,"In vertical=entertainment, higher has_price_text is associated with lower perf_score (spearman=-0.153, n=180)."
vertical=entertainment,has_price_meta,perf_score,-0.15253741882407362,0.15253741882407362,180,0,"In vertical=entertainment, higher has_price_meta is associated with lower perf_score (spearman=-0.153, n=180)."
all,middle_zone_element_count,overall_cvr,-0.15250786186702384,0.15250786186702384,1080,0,"In all, higher middle_zone_element_count is associated with lower overall_cvr (spearman=-0.153, n=1080)."
all,cta_x_relative,ctr_decay_pct,-0.1519025520282833,0.1519025520282833,1080,0,"In all, higher cta_x_relative is associated with lower ctr_decay_pct (spearman=-0.152, n=1080)."
vertical=food_delivery,cta_area_relative,ctr_decay_pct,0.1518320381536581,0.1518320381536581,180,0,"In vertical=food_delivery, higher cta_area_relative is associated with higher ctr_decay_pct (spearman=0.152, n=180)."
all,avg_text_area_rel,overall_ctr,0.15107569477386693,0.15107569477386693,1080,0,"In all, higher avg_text_area_rel is associated with higher overall_ctr (spearman=0.151, n=1080)."
vertical=ecommerce,grounded_element_count,overall_ctr,0.15052338641469973,0.15052338641469973,180,0,"In vertical=ecommerce, higher grounded_element_count is associated with higher overall_ctr (spearman=0.151, n=180)."
vertical=fintech,text_density_meta,overall_ctr,0.15012524083099776,0.15012524083099776,180,0,"In vertical=fintech, higher text_density_meta is associated with higher overall_ctr (spearman=0.150, n=180)."
vertical=ecommerce,logo_in_top_left,overall_ipm,-0.14955491734610993,0.14955491734610993,180,0,"In vertical=ecommerce, higher logo_in_top_left is associated with lower overall_ipm (spearman=-0.150, n=180)."
vertical=entertainment,badge_y_relative,ctr_decay_pct,-0.14951226923989178,0.14951226923989178,180,0,"In vertical=entertainment, higher badge_y_relative is associated with lower ctr_decay_pct (spearman=-0.150, n=180)."
vertical=gaming,bottom_text_ratio,overall_ctr,0.14918344952527235,0.14918344952527235,180,0,"In vertical=gaming, higher bottom_text_ratio is associated with higher overall_ctr (spearman=0.149, n=180)."
all,bottom_zone_element_count,overall_ctr,-0.1491684847858701,0.1491684847858701,1080,0,"In all, higher bottom_zone_element_count is associated with lower overall_ctr (spearman=-0.149, n=1080)."
vertical=ecommerce,subhead_y_relative,ctr_decay_pct,0.14906650842743133,0.14906650842743133,180,0,"In vertical=ecommerce, higher subhead_y_relative is associated with higher ctr_decay_pct (spearman=0.149, n=180)."
vertical=ecommerce,text_density_meta,perf_score,-0.14879971604564937,0.14879971604564937,180,0,"In vertical=ecommerce, higher text_density_meta is associated with lower perf_score (spearman=-0.149, n=180)."
all,cta_y_relative,ctr_decay_pct,0.14791941687063384,0.14791941687063384,1080,0,"In all, higher cta_y_relative is associated with higher ctr_decay_pct (spearman=0.148, n=1080)."
vertical=food_delivery,avg_text_area_rel,overall_cvr,0.14747986048952128,0.14747986048952128,180,0,"In vertical=food_delivery, higher avg_text_area_rel is associated with higher overall_cvr (spearman=0.147, n=180)."
vertical=ecommerce,headline_y_relative,overall_ctr,-0.14706632499125669,0.14706632499125669,180,0,"In vertical=ecommerce, higher headline_y_relative is associated with lower overall_ctr (spearman=-0.147, n=180)."
vertical=gaming,headline_area_relative,perf_score,-0.14660648899110665,0.14660648899110665,180,0,"In vertical=gaming, higher headline_area_relative is associated with lower perf_score (spearman=-0.147, n=180)."
vertical=entertainment,logo_in_top_left,overall_ctr,-0.1464162335374946,0.1464162335374946,180,0,"In vertical=entertainment, higher logo_in_top_left is associated with lower overall_ctr (spearman=-0.146, n=180)."
all,headline_area_relative,overall_cvr,0.14612786368042122,0.14612786368042122,1080,0,"In all, higher headline_area_relative is associated with higher overall_cvr (spearman=0.146, n=1080)."
vertical=travel,cta_x_relative,overall_cvr,0.14606843520874419,0.14606843520874419,180,0,"In vertical=travel, higher cta_x_relative is associated with higher overall_cvr (spearman=0.146, n=180)."
vertical=gaming,text_density_meta,perf_score,0.14587423330709226,0.14587423330709226,180,0,"In vertical=gaming, higher text_density_meta is associated with higher perf_score (spearman=0.146, n=180)."
vertical=fintech,text_density_meta,overall_ipm,0.1458111374748123,0.1458111374748123,180,0,"In vertical=fintech, higher text_density_meta is associated with higher overall_ipm (spearman=0.146, n=180)."
vertical=ecommerce,logo_in_top_left,ctr_decay_pct,0.1455885622838886,0.1455885622838886,180,0,"In vertical=ecommerce, higher logo_in_top_left is associated with higher ctr_decay_pct (spearman=0.146, n=180)."
vertical=fintech,headline_area_relative,overall_cvr,0.14547952624685495,0.14547952624685495,180,0,"In vertical=fintech, higher headline_area_relative is associated with higher overall_cvr (spearman=0.145, n=180)."
vertical=ecommerce,has_price_text,ctr_decay_pct,-0.14526896424689115,0.14526896424689115,180,0,"In vertical=ecommerce, higher has_price_text is associated with lower ctr_decay_pct (spearman=-0.145, n=180)."
vertical=entertainment,top_zone_element_count,ctr_decay_pct,0.14510979257428006,0.14510979257428006,180,0,"In vertical=entertainment, higher top_zone_element_count is associated with higher ctr_decay_pct (spearman=0.145, n=180)."
vertical=food_delivery,image_aspect_ratio,cvr_decay_pct,-0.14509105827501548,0.14509105827501548,180,0,"In vertical=food_delivery, higher image_aspect_ratio is associated with lower cvr_decay_pct (spearman=-0.145, n=180)."
vertical=food_delivery,text_area_total_rel,cvr_decay_pct,-0.14419375083593114,0.14419375083593114,180,0,"In vertical=food_delivery, higher text_area_total_rel is associated with lower cvr_decay_pct (spearman=-0.144, n=180)."
vertical=gaming,badge_y_relative,overall_ctr,0.1441753097187728,0.1441753097187728,180,0,"In vertical=gaming, higher badge_y_relative is associated with higher overall_ctr (spearman=0.144, n=180)."
vertical=food_delivery,has_price_text,perf_score,0.14345937300579015,0.14345937300579015,180,0,"In vertical=food_delivery, higher has_price_text is associated with higher perf_score (spearman=0.143, n=180)."
vertical=entertainment,has_price_text,overall_ctr,-0.14327061111552158,0.14327061111552158,180,0,"In vertical=entertainment, higher has_price_text is associated with lower overall_ctr (spearman=-0.143, n=180)."
vertical=entertainment,has_price_meta,overall_ctr,-0.14327061111552158,0.14327061111552158,180,0,"In vertical=entertainment, higher has_price_meta is associated with lower overall_ctr (spearman=-0.143, n=180)."
vertical=gaming,badge_in_top_right,cvr_decay_pct,0.14267513658569664,0.14267513658569664,180,0,"In vertical=gaming, higher badge_in_top_right is associated with higher cvr_decay_pct (spearman=0.143, n=180)."
vertical=travel,middle_zone_element_count,overall_ipm,0.14262286272006694,0.14262286272006694,180,0,"In vertical=travel, higher middle_zone_element_count is associated with higher overall_ipm (spearman=0.143, n=180)."
vertical=travel,text_area_total_rel,ctr_decay_pct,0.1423541878864574,0.1423541878864574,180,0,"In vertical=travel, higher text_area_total_rel is associated with higher ctr_decay_pct (spearman=0.142, n=180)."
vertical=travel,brand_visibility_meta,overall_ipm,0.14186737293565918,0.14186737293565918,180,0,"In vertical=travel, higher brand_visibility_meta is associated with higher overall_ipm (spearman=0.142, n=180)."
vertical=ecommerce,has_discount_text,overall_roas,0.1416394575899737,0.1416394575899737,180,0,"In vertical=ecommerce, higher has_discount_text is associated with higher overall_roas (spearman=0.142, n=180)."
vertical=ecommerce,bottom_zone_element_count,overall_ctr,-0.1415278738288258,0.1415278738288258,180,0,"In vertical=ecommerce, higher bottom_zone_element_count is associated with lower overall_ctr (spearman=-0.142, n=180)."
all,top_zone_element_count,perf_score,-0.14152548195813827,0.14152548195813827,1080,0,"In all, higher top_zone_element_count is associated with lower perf_score (spearman=-0.142, n=1080)."
vertical=fintech,cta_x_relative,overall_cvr,0.14139367291446145,0.14139367291446145,180,0,"In vertical=fintech, higher cta_x_relative is associated with higher overall_cvr (spearman=0.141, n=180)."
all,ocr_element_count,perf_score,-0.14135614954596662,0.14135614954596662,1080,0,"In all, higher ocr_element_count is associated with lower perf_score (spearman=-0.141, n=1080)."
vertical=travel,badge_y_relative,overall_ipm,0.14132170283954054,0.14132170283954054,180,0,"In vertical=travel, higher badge_y_relative is associated with higher overall_ipm (spearman=0.141, n=180)."
all,badge_y_relative,overall_ipm,0.14093075959849993,0.14093075959849993,1080,0,"In all, higher badge_y_relative is associated with higher overall_ipm (spearman=0.141, n=1080)."
vertical=travel,has_discount_text,ctr_decay_pct,-0.14078182960125166,0.14078182960125166,180,0,"In vertical=travel, higher has_discount_text is associated with lower ctr_decay_pct (spearman=-0.141, n=180)."
vertical=food_delivery,ocr_element_count,overall_ipm,0.14055479099252777,0.14055479099252777,180,0,"In vertical=food_delivery, higher ocr_element_count is associated with higher overall_ipm (spearman=0.141, n=180)."
vertical=fintech,top_zone_element_count,overall_roas,0.1398205160619162,0.1398205160619162,180,0,"In vertical=fintech, higher top_zone_element_count is associated with higher overall_roas (spearman=0.140, n=180)."
vertical=fintech,subhead_y_relative,overall_ipm,-0.13980427486621738,0.13980427486621738,180,0,"In vertical=fintech, higher subhead_y_relative is associated with lower overall_ipm (spearman=-0.140, n=180)."
vertical=ecommerce,has_discount_text,cvr_decay_pct,0.13938524871586272,0.13938524871586272,180,0,"In vertical=ecommerce, higher has_discount_text is associated with higher cvr_decay_pct (spearman=0.139, n=180)."
vertical=entertainment,has_discount_text,cvr_decay_pct,-0.13921438310869794,0.13921438310869794,180,0,"In vertical=entertainment, higher has_discount_text is associated with lower cvr_decay_pct (spearman=-0.139, n=180)."
vertical=food_delivery,text_density_meta,overall_ipm,-0.13919318572703432,0.13919318572703432,180,0,"In vertical=food_delivery, higher text_density_meta is associated with lower overall_ipm (spearman=-0.139, n=180)."
vertical=gaming,headline_y_relative,overall_ipm,-0.1391539860520736,0.1391539860520736,180,0,"In vertical=gaming, higher headline_y_relative is associated with lower overall_ipm (spearman=-0.139, n=180)."
vertical=food_delivery,subhead_y_relative,overall_ctr,-0.13881735228182793,0.13881735228182793,180,0,"In vertical=food_delivery, higher subhead_y_relative is associated with lower overall_ctr (spearman=-0.139, n=180)."
vertical=entertainment,middle_zone_element_count,overall_cvr,0.13866006966469138,0.13866006966469138,180,0,"In vertical=entertainment, higher middle_zone_element_count is associated with higher overall_cvr (spearman=0.139, n=180)."
vertical=ecommerce,cta_area_relative,perf_score,-0.13865005210395856,0.13865005210395856,180,0,"In vertical=ecommerce, higher cta_area_relative is associated with lower perf_score (spearman=-0.139, n=180)."
vertical=ecommerce,ocr_element_count,overall_ipm,0.13859586440588495,0.13859586440588495,180,0,"In vertical=ecommerce, higher ocr_element_count is associated with higher overall_ipm (spearman=0.139, n=180)."
vertical=food_delivery,ocr_element_count,ctr_decay_pct,-0.13853688915842471,0.13853688915842471,180,0,"In vertical=food_delivery, higher ocr_element_count is associated with lower ctr_decay_pct (spearman=-0.139, n=180)."
vertical=fintech,has_discount_text,overall_roas,-0.13804976943062613,0.13804976943062613,180,0,"In vertical=fintech, higher has_discount_text is associated with lower overall_roas (spearman=-0.138, n=180)."
vertical=entertainment,cta_area_relative,overall_roas,0.13801170822927306,0.13801170822927306,180,0,"In vertical=entertainment, higher cta_area_relative is associated with higher overall_roas (spearman=0.138, n=180)."
vertical=ecommerce,grounded_element_count,perf_score,0.1379353059111608,0.1379353059111608,180,0,"In vertical=ecommerce, higher grounded_element_count is associated with higher perf_score (spearman=0.138, n=180)."
vertical=food_delivery,text_density_meta,perf_score,-0.13779893329095338,0.13779893329095338,180,0,"In vertical=food_delivery, higher text_density_meta is associated with lower perf_score (spearman=-0.138, n=180)."
vertical=entertainment,has_price_text,overall_roas,-0.1375682982353018,0.1375682982353018,180,0,"In vertical=entertainment, higher has_price_text is associated with lower overall_roas (spearman=-0.138, n=180)."
vertical=entertainment,has_price_meta,overall_roas,-0.1375682982353018,0.1375682982353018,180,0,"In vertical=entertainment, higher has_price_meta is associated with lower overall_roas (spearman=-0.138, n=180)."
vertical=entertainment,brand_visibility_meta,overall_roas,0.1374115700853278,0.1374115700853278,180,0,"In vertical=entertainment, higher brand_visibility_meta is associated with higher overall_roas (spearman=0.137, n=180)."
vertical=gaming,top_zone_element_count,overall_ctr,-0.13734470605807608,0.13734470605807608,180,0,"In vertical=gaming, higher top_zone_element_count is associated with lower overall_ctr (spearman=-0.137, n=180)."
vertical=ecommerce,cta_y_relative,ctr_decay_pct,0.13670894380793563,0.13670894380793563,180,0,"In vertical=ecommerce, higher cta_y_relative is associated with higher ctr_decay_pct (spearman=0.137, n=180)."
all,has_price_text,perf_score,-0.13666533634080116,0.13666533634080116,1080,0,"In all, higher has_price_text is associated with lower perf_score (spearman=-0.137, n=1080)."
vertical=ecommerce,text_density_meta,overall_ipm,-0.1365397802573764,0.1365397802573764,180,0,"In vertical=ecommerce, higher text_density_meta is associated with lower overall_ipm (spearman=-0.137, n=180)."
vertical=gaming,top_zone_element_count,overall_ipm,-0.1364063989287297,0.1364063989287297,180,0,"In vertical=gaming, higher top_zone_element_count is associated with lower overall_ipm (spearman=-0.136, n=180)."
vertical=entertainment,grounded_element_count,ctr_decay_pct,-0.13634082197085912,0.13634082197085912,180,0,"In vertical=entertainment, higher grounded_element_count is associated with lower ctr_decay_pct (spearman=-0.136, n=180)."
vertical=gaming,bottom_text_ratio,overall_ipm,0.13623140241769663,0.13623140241769663,180,0,"In vertical=gaming, higher bottom_text_ratio is associated with higher overall_ipm (spearman=0.136, n=180)."
all,logo_in_top_left,overall_ipm,-0.13618184168331302,0.13618184168331302,1080,0,"In all, higher logo_in_top_left is associated with lower overall_ipm (spearman=-0.136, n=1080)."
vertical=travel,grounded_element_count,overall_ctr,0.13582160140546126,0.13582160140546126,180,0,"In vertical=travel, higher grounded_element_count is associated with higher overall_ctr (spearman=0.136, n=180)."
all,has_discount_text,overall_roas,-0.13580862658599374,0.13580862658599374,1080,0,"In all, higher has_discount_text is associated with lower overall_roas (spearman=-0.136, n=1080)."
vertical=travel,has_promo_text,overall_ipm,0.13476033861779563,0.13476033861779563,180,0,"In vertical=travel, higher has_promo_text is associated with higher overall_ipm (spearman=0.135, n=180)."
vertical=travel,has_discount_badge_meta,ctr_decay_pct,-0.13459026149962955,0.13459026149962955,180,0,"In vertical=travel, higher has_discount_badge_meta is associated with lower ctr_decay_pct (spearman=-0.135, n=180)."
all,has_discount_text,overall_cvr,-0.13430451054133524,0.13430451054133524,1080,0,"In all, higher has_discount_text is associated with lower overall_cvr (spearman=-0.134, n=1080)."
vertical=travel,subhead_y_relative,overall_roas,0.13410728300587202,0.13410728300587202,180,0,"In vertical=travel, higher subhead_y_relative is associated with higher overall_roas (spearman=0.134, n=180)."
vertical=fintech,headline_y_relative,perf_score,-0.13390804127584607,0.13390804127584607,180,0,"In vertical=fintech, higher headline_y_relative is associated with lower perf_score (spearman=-0.134, n=180)."
vertical=entertainment,subhead_y_relative,overall_ctr,-0.13382740636916313,0.13382740636916313,180,0,"In vertical=entertainment, higher subhead_y_relative is associated with lower overall_ctr (spearman=-0.134, n=180)."
vertical=ecommerce,top_zone_element_count,overall_roas,0.1337155618199202,0.1337155618199202,180,0,"In vertical=ecommerce, higher top_zone_element_count is associated with higher overall_roas (spearman=0.134, n=180)."
vertical=ecommerce,cta_y_relative,cvr_decay_pct,-0.13365579321209528,0.13365579321209528,180,0,"In vertical=ecommerce, higher cta_y_relative is associated with lower cvr_decay_pct (spearman=-0.134, n=180)."
vertical=travel,avg_text_area_rel,overall_ipm,0.13263166558638642,0.13263166558638642,180,0,"In vertical=travel, higher avg_text_area_rel is associated with higher overall_ipm (spearman=0.133, n=180)."
vertical=fintech,brand_visibility_meta,perf_score,0.13259515461864008,0.13259515461864008,180,0,"In vertical=fintech, higher brand_visibility_meta is associated with higher perf_score (spearman=0.133, n=180)."
vertical=food_delivery,badge_y_relative,overall_ctr,-0.1320378765801399,0.1320378765801399,180,0,"In vertical=food_delivery, higher badge_y_relative is associated with lower overall_ctr (spearman=-0.132, n=180)."
vertical=food_delivery,text_density_meta,overall_roas,-0.13161673055892226,0.13161673055892226,180,0,"In vertical=food_delivery, higher text_density_meta is associated with lower overall_roas (spearman=-0.132, n=180)."
vertical=ecommerce,logo_in_top_left,perf_score,-0.1313564822052783,0.1313564822052783,180,0,"In vertical=ecommerce, higher logo_in_top_left is associated with lower perf_score (spearman=-0.131, n=180)."
vertical=travel,avg_text_area_rel,ctr_decay_pct,0.13096288980112555,0.13096288980112555,180,0,"In vertical=travel, higher avg_text_area_rel is associated with higher ctr_decay_pct (spearman=0.131, n=180)."
vertical=food_delivery,cta_area_relative,overall_cvr,0.1309010769485115,0.1309010769485115,180,0,"In vertical=food_delivery, higher cta_area_relative is associated with higher overall_cvr (spearman=0.131, n=180)."
all,badge_y_relative,perf_score,0.13038984253302224,0.13038984253302224,1080,0,"In all, higher badge_y_relative is associated with higher perf_score (spearman=0.130, n=1080)."
all,badge_y_relative,overall_ctr,0.13031132744429422,0.13031132744429422,1080,0,"In all, higher badge_y_relative is associated with higher overall_ctr (spearman=0.130, n=1080)."
vertical=food_delivery,top_zone_element_count,overall_ipm,0.13012211259850484,0.13012211259850484,180,0,"In vertical=food_delivery, higher top_zone_element_count is associated with higher overall_ipm (spearman=0.130, n=180)."
vertical=entertainment,headline_y_relative,overall_roas,0.12991641687273364,0.12991641687273364,180,0,"In vertical=entertainment, higher headline_y_relative is associated with higher overall_roas (spearman=0.130, n=180)."
vertical=ecommerce,has_price_meta,overall_ipm,0.12975508882855002,0.12975508882855002,180,0,"In vertical=ecommerce, higher has_price_meta is associated with higher overall_ipm (spearman=0.130, n=180)."
vertical=gaming,headline_y_relative,overall_ctr,-0.12825756285993373,0.12825756285993373,180,0,"In vertical=gaming, higher headline_y_relative is associated with lower overall_ctr (spearman=-0.128, n=180)."
vertical=gaming,ocr_element_count,overall_cvr,-0.1279648634231012,0.1279648634231012,180,0,"In vertical=gaming, higher ocr_element_count is associated with lower overall_cvr (spearman=-0.128, n=180)."
vertical=ecommerce,has_price_meta,overall_roas,0.127779749702711,0.127779749702711,180,0,"In vertical=ecommerce, higher has_price_meta is associated with higher overall_roas (spearman=0.128, n=180)."
vertical=travel,subhead_y_relative,ctr_decay_pct,0.12770655596874703,0.12770655596874703,180,0,"In vertical=travel, higher subhead_y_relative is associated with higher ctr_decay_pct (spearman=0.128, n=180)."
vertical=fintech,logo_in_top_left,overall_ctr,-0.1275727529362447,0.1275727529362447,180,0,"In vertical=fintech, higher logo_in_top_left is associated with lower overall_ctr (spearman=-0.128, n=180)."
vertical=fintech,text_density_meta,overall_roas,0.12740237590818462,0.12740237590818462,180,0,"In vertical=fintech, higher text_density_meta is associated with higher overall_roas (spearman=0.127, n=180)."
vertical=gaming,bottom_text_ratio,perf_score,0.12732375955753825,0.12732375955753825,180,0,"In vertical=gaming, higher bottom_text_ratio is associated with higher perf_score (spearman=0.127, n=180)."
all,brand_visibility_meta,overall_ipm,-0.12690864319056389,0.12690864319056389,1080,0,"In all, higher brand_visibility_meta is associated with lower overall_ipm (spearman=-0.127, n=1080)."
vertical=travel,avg_text_area_rel,perf_score,0.12667591593775582,0.12667591593775582,180,0,"In vertical=travel, higher avg_text_area_rel is associated with higher perf_score (spearman=0.127, n=180)."
vertical=travel,headline_y_relative,overall_ipm,-0.126507040939055,0.126507040939055,180,0,"In vertical=travel, higher headline_y_relative is associated with lower overall_ipm (spearman=-0.127, n=180)."
all,bottom_text_ratio,ctr_decay_pct,0.1264505605319023,0.1264505605319023,1080,0,"In all, higher bottom_text_ratio is associated with higher ctr_decay_pct (spearman=0.126, n=1080)."
vertical=travel,top_zone_element_count,perf_score,-0.12624643166166294,0.12624643166166294,180,0,"In vertical=travel, higher top_zone_element_count is associated with lower perf_score (spearman=-0.126, n=180)."
vertical=food_delivery,cta_x_relative,overall_cvr,0.12614451705594465,0.12614451705594465,180,0,"In vertical=food_delivery, higher cta_x_relative is associated with higher overall_cvr (spearman=0.126, n=180)."
vertical=travel,badge_in_top_right,overall_ctr,-0.12600049198604887,0.12600049198604887,180,0,"In vertical=travel, higher badge_in_top_right is associated with lower overall_ctr (spearman=-0.126, n=180)."
vertical=food_delivery,has_price_text,overall_roas,0.125804410576872,0.125804410576872,180,0,"In vertical=food_delivery, higher has_price_text is associated with higher overall_roas (spearman=0.126, n=180)."
vertical=entertainment,brand_visibility_meta,overall_ipm,0.12561679748122925,0.12561679748122925,180,0,"In vertical=entertainment, higher brand_visibility_meta is associated with higher overall_ipm (spearman=0.126, n=180)."
vertical=gaming,cta_y_relative,overall_roas,0.1256126601646882,0.1256126601646882,180,0,"In vertical=gaming, higher cta_y_relative is associated with higher overall_roas (spearman=0.126, n=180)."
vertical=travel,headline_y_relative,perf_score,-0.12553319876035698,0.12553319876035698,180,0,"In vertical=travel, higher headline_y_relative is associated with lower perf_score (spearman=-0.126, n=180)."
vertical=entertainment,cta_headline_distance,overall_cvr,0.12527820891994856,0.12527820891994856,180,0,"In vertical=entertainment, higher cta_headline_distance is associated with higher overall_cvr (spearman=0.125, n=180)."
vertical=food_delivery,badge_y_relative,ctr_decay_pct,0.12519821576103302,0.12519821576103302,180,0,"In vertical=food_delivery, higher badge_y_relative is associated with higher ctr_decay_pct (spearman=0.125, n=180)."
all,bottom_zone_element_count,perf_score,-0.12499669665188418,0.12499669665188418,1080,0,"In all, higher bottom_zone_element_count is associated with lower perf_score (spearman=-0.125, n=1080)."
vertical=travel,top_zone_element_count,ctr_decay_pct,-0.1240256002546961,0.1240256002546961,180,0,"In vertical=travel, higher top_zone_element_count is associated with lower ctr_decay_pct (spearman=-0.124, n=180)."
vertical=gaming,badge_y_relative,perf_score,0.12396894033452437,0.12396894033452437,180,0,"In vertical=gaming, higher badge_y_relative is associated with higher perf_score (spearman=0.124, n=180)."
vertical=fintech,has_discount_badge_meta,overall_cvr,0.12289270388342213,0.12289270388342213,180,0,"In vertical=fintech, higher has_discount_badge_meta is associated with higher overall_cvr (spearman=0.123, n=180)."
vertical=ecommerce,subhead_y_relative,overall_ctr,-0.12255695360930707,0.12255695360930707,180,0,"In vertical=ecommerce, higher subhead_y_relative is associated with lower overall_ctr (spearman=-0.123, n=180)."
vertical=gaming,ocr_element_count,overall_ipm,-0.12203483071407757,0.12203483071407757,180,0,"In vertical=gaming, higher ocr_element_count is associated with lower overall_ipm (spearman=-0.122, n=180)."
vertical=gaming,headline_y_relative,overall_cvr,-0.1216626070436717,0.1216626070436717,180,0,"In vertical=gaming, higher headline_y_relative is associated with lower overall_cvr (spearman=-0.122, n=180)."
vertical=fintech,product_zone_coverage,cvr_decay_pct,0.12155001410022201,0.12155001410022201,180,0,"In vertical=fintech, higher product_zone_coverage is associated with higher cvr_decay_pct (spearman=0.122, n=180)."
vertical=fintech,cta_area_relative,ctr_decay_pct,0.1214894089671171,0.1214894089671171,180,0,"In vertical=fintech, higher cta_area_relative is associated with higher ctr_decay_pct (spearman=0.121, n=180)."
vertical=food_delivery,cta_headline_distance,overall_ipm,0.12122016969401411,0.12122016969401411,180,0,"In vertical=food_delivery, higher cta_headline_distance is associated with higher overall_ipm (spearman=0.121, n=180)."
all,headline_area_relative,ctr_decay_pct,0.12096484335751513,0.12096484335751513,1080,0,"In all, higher headline_area_relative is associated with higher ctr_decay_pct (spearman=0.121, n=1080)."
vertical=gaming,has_promo_text,overall_cvr,-0.1209611472066525,0.1209611472066525,180,0,"In vertical=gaming, higher has_promo_text is associated with lower overall_cvr (spearman=-0.121, n=180)."
vertical=food_delivery,bottom_zone_element_count,ctr_decay_pct,0.12086002635744403,0.12086002635744403,180,0,"In vertical=food_delivery, higher bottom_zone_element_count is associated with higher ctr_decay_pct (spearman=0.121, n=180)."
vertical=entertainment,has_price_text,overall_ipm,-0.12081775414965625,0.12081775414965625,180,0,"In vertical=entertainment, higher has_price_text is associated with lower overall_ipm (spearman=-0.121, n=180)."
vertical=entertainment,has_price_meta,overall_ipm,-0.12081775414965625,0.12081775414965625,180,0,"In vertical=entertainment, higher has_price_meta is associated with lower overall_ipm (spearman=-0.121, n=180)."
vertical=ecommerce,has_promo_text,ctr_decay_pct,-0.1203167078854431,0.1203167078854431,180,0,"In vertical=ecommerce, higher has_promo_text is associated with lower ctr_decay_pct (spearman=-0.120, n=180)."
vertical=food_delivery,headline_y_relative,overall_ctr,-0.12013147993931501,0.12013147993931501,180,0,"In vertical=food_delivery, higher headline_y_relative is associated with lower overall_ctr (spearman=-0.120, n=180)."
all,cta_x_relative,overall_cvr,0.12001200322975773,0.12001200322975773,1080,0,"In all, higher cta_x_relative is associated with higher overall_cvr (spearman=0.120, n=1080)."
vertical=ecommerce,badge_in_top_right,cvr_decay_pct,-0.11984763286856268,0.11984763286856268,180,0,"In vertical=ecommerce, higher badge_in_top_right is associated with lower cvr_decay_pct (spearman=-0.120, n=180)."
vertical=ecommerce,bottom_text_ratio,overall_roas,-0.11940048622112663,0.11940048622112663,180,0,"In vertical=ecommerce, higher bottom_text_ratio is associated with lower overall_roas (spearman=-0.119, n=180)."
vertical=ecommerce,cta_headline_distance,overall_roas,-0.11934678849500774,0.11934678849500774,180,0,"In vertical=ecommerce, higher cta_headline_distance is associated with lower overall_roas (spearman=-0.119, n=180)."
vertical=gaming,subhead_y_relative,overall_roas,0.11883936016525765,0.11883936016525765,180,0,"In vertical=gaming, higher subhead_y_relative is associated with higher overall_roas (spearman=0.119, n=180)."
all,ocr_element_count,overall_ctr,-0.11860810365825877,0.11860810365825877,1080,0,"In all, higher ocr_element_count is associated with lower overall_ctr (spearman=-0.119, n=1080)."
vertical=entertainment,cta_x_relative,ctr_decay_pct,-0.11818567272465215,0.11818567272465215,180,0,"In vertical=entertainment, higher cta_x_relative is associated with lower ctr_decay_pct (spearman=-0.118, n=180)."
vertical=travel,subhead_y_relative,perf_score,-0.11769259990370423,0.11769259990370423,180,0,"In vertical=travel, higher subhead_y_relative is associated with lower perf_score (spearman=-0.118, n=180)."
vertical=food_delivery,avg_text_area_rel,perf_score,0.1175996110984967,0.1175996110984967,180,0,"In vertical=food_delivery, higher avg_text_area_rel is associated with higher perf_score (spearman=0.118, n=180)."
vertical=gaming,cta_area_relative,overall_ctr,-0.11736512477571472,0.11736512477571472,180,0,"In vertical=gaming, higher cta_area_relative is associated with lower overall_ctr (spearman=-0.117, n=180)."
vertical=travel,grounded_element_count,overall_ipm,0.1173512835952782,0.1173512835952782,180,0,"In vertical=travel, higher grounded_element_count is associated with higher overall_ipm (spearman=0.117, n=180)."
all,has_price_text,overall_roas,0.11699875139449302,0.11699875139449302,1080,0,"In all, higher has_price_text is associated with higher overall_roas (spearman=0.117, n=1080)."
vertical=food_delivery,badge_y_relative,overall_cvr,0.11643274525155008,0.11643274525155008,180,0,"In vertical=food_delivery, higher badge_y_relative is associated with higher overall_cvr (spearman=0.116, n=180)."
vertical=food_delivery,badge_in_top_right,overall_cvr,-0.11640289743314738,0.11640289743314738,180,0,"In vertical=food_delivery, higher badge_in_top_right is associated with lower overall_cvr (spearman=-0.116, n=180)."
vertical=travel,headline_y_relative,overall_roas,0.11610631852199813,0.11610631852199813,180,0,"In vertical=travel, higher headline_y_relative is associated with higher overall_roas (spearman=0.116, n=180)."
vertical=gaming,top_zone_element_count,perf_score,-0.11588146698035148,0.11588146698035148,180,0,"In vertical=gaming, higher top_zone_element_count is associated with lower perf_score (spearman=-0.116, n=180)."
vertical=travel,bottom_text_ratio,overall_roas,0.11535620401053914,0.11535620401053914,180,0,"In vertical=travel, higher bottom_text_ratio is associated with higher overall_roas (spearman=0.115, n=180)."
vertical=gaming,badge_in_top_right,overall_ctr,-0.11517774662554421,0.11517774662554421,180,0,"In vertical=gaming, higher badge_in_top_right is associated with lower overall_ctr (spearman=-0.115, n=180)."
vertical=fintech,text_density_meta,cvr_decay_pct,-0.11383244765520831,0.11383244765520831,180,0,"In vertical=fintech, higher text_density_meta is associated with lower cvr_decay_pct (spearman=-0.114, n=180)."
vertical=food_delivery,bottom_zone_element_count,overall_cvr,0.11326899515097967,0.11326899515097967,180,0,"In vertical=food_delivery, higher bottom_zone_element_count is associated with higher overall_cvr (spearman=0.113, n=180)."
vertical=food_delivery,subhead_y_relative,overall_ipm,-0.11267895753160682,0.11267895753160682,180,0,"In vertical=food_delivery, higher subhead_y_relative is associated with lower overall_ipm (spearman=-0.113, n=180)."
vertical=food_delivery,headline_area_relative,ctr_decay_pct,0.11244518069759199,0.11244518069759199,180,0,"In vertical=food_delivery, higher headline_area_relative is associated with higher ctr_decay_pct (spearman=0.112, n=180)."
vertical=ecommerce,badge_in_top_right,overall_roas,0.11149588144915064,0.11149588144915064,180,0,"In vertical=ecommerce, higher badge_in_top_right is associated with higher overall_roas (spearman=0.111, n=180)."
all,text_density_meta,overall_ctr,-0.11132029402037506,0.11132029402037506,1080,0,"In all, higher text_density_meta is associated with lower overall_ctr (spearman=-0.111, n=1080)."
vertical=gaming,top_zone_element_count,overall_cvr,-0.11130668321871408,0.11130668321871408,180,0,"In vertical=gaming, higher top_zone_element_count is associated with lower overall_cvr (spearman=-0.111, n=180)."
vertical=gaming,cta_x_relative,overall_cvr,0.11102459560666054,0.11102459560666054,180,0,"In vertical=gaming, higher cta_x_relative is associated with higher overall_cvr (spearman=0.111, n=180)."
vertical=travel,middle_zone_element_count,ctr_decay_pct,0.11102211078405211,0.11102211078405211,180,0,"In vertical=travel, higher middle_zone_element_count is associated with higher ctr_decay_pct (spearman=0.111, n=180)."
vertical=fintech,text_area_total_rel,ctr_decay_pct,-0.11062384159175183,0.11062384159175183,180,0,"In vertical=fintech, higher text_area_total_rel is associated with lower ctr_decay_pct (spearman=-0.111, n=180)."
vertical=ecommerce,cta_y_relative,overall_ipm,-0.11051992569023743,0.11051992569023743,180,0,"In vertical=ecommerce, higher cta_y_relative is associated with lower overall_ipm (spearman=-0.111, n=180)."
vertical=entertainment,subhead_y_relative,overall_cvr,0.11050688798188964,0.11050688798188964,180,0,"In vertical=entertainment, higher subhead_y_relative is associated with higher overall_cvr (spearman=0.111, n=180)."
vertical=gaming,headline_area_relative,overall_cvr,-0.11042494778708871,0.11042494778708871,180,0,"In vertical=gaming, higher headline_area_relative is associated with lower overall_cvr (spearman=-0.110, n=180)."
vertical=entertainment,brand_visibility_meta,perf_score,0.10997605336293427,0.10997605336293427,180,0,"In vertical=entertainment, higher brand_visibility_meta is associated with higher perf_score (spearman=0.110, n=180)."
vertical=entertainment,has_discount_text,overall_roas,0.10952105255382881,0.10952105255382881,180,0,"In vertical=entertainment, higher has_discount_text is associated with higher overall_roas (spearman=0.110, n=180)."
vertical=ecommerce,headline_y_relative,overall_roas,0.1085918916938837,0.1085918916938837,180,0,"In vertical=ecommerce, higher headline_y_relative is associated with higher overall_roas (spearman=0.109, n=180)."
vertical=ecommerce,has_price_text,overall_ipm,0.1083337120760099,0.1083337120760099,180,0,"In vertical=ecommerce, higher has_price_text is associated with higher overall_ipm (spearman=0.108, n=180)."
vertical=travel,headline_y_relative,overall_cvr,0.10818918130909363,0.10818918130909363,180,0,"In vertical=travel, higher headline_y_relative is associated with higher overall_cvr (spearman=0.108, n=180)."
vertical=food_delivery,image_aspect_ratio,overall_ctr,-0.10815984114936598,0.10815984114936598,180,0,"In vertical=food_delivery, higher image_aspect_ratio is associated with lower overall_ctr (spearman=-0.108, n=180)."
vertical=gaming,has_price_text,cvr_decay_pct,-0.10811837513765245,0.10811837513765245,180,0,"In vertical=gaming, higher has_price_text is associated with lower cvr_decay_pct (spearman=-0.108, n=180)."
vertical=gaming,has_price_meta,cvr_decay_pct,-0.10811837513765245,0.10811837513765245,180,0,"In vertical=gaming, higher has_price_meta is associated with lower cvr_decay_pct (spearman=-0.108, n=180)."
all,grounded_element_count,overall_cvr,-0.10805160687299586,0.10805160687299586,1080,0,"In all, higher grounded_element_count is associated with lower overall_cvr (spearman=-0.108, n=1080)."
vertical=ecommerce,top_zone_element_count,overall_cvr,0.10760632923701909,0.10760632923701909,180,0,"In vertical=ecommerce, higher top_zone_element_count is associated with higher overall_cvr (spearman=0.108, n=180)."
vertical=entertainment,bottom_text_ratio,overall_cvr,-0.10744290280192177,0.10744290280192177,180,0,"In vertical=entertainment, higher bottom_text_ratio is associated with lower overall_cvr (spearman=-0.107, n=180)."
vertical=ecommerce,bottom_text_ratio,cvr_decay_pct,0.10733367748994509,0.10733367748994509,180,0,"In vertical=ecommerce, higher bottom_text_ratio is associated with higher cvr_decay_pct (spearman=0.107, n=180)."
vertical=travel,grounded_element_count,perf_score,0.10732283369453173,0.10732283369453173,180,0,"In vertical=travel, higher grounded_element_count is associated with higher perf_score (spearman=0.107, n=180)."
vertical=food_delivery,headline_y_relative,cvr_decay_pct,-0.10731236167761651,0.10731236167761651,180,0,"In vertical=food_delivery, higher headline_y_relative is associated with lower cvr_decay_pct (spearman=-0.107, n=180)."
vertical=travel,cta_y_relative,ctr_decay_pct,0.10716849246885221,0.10716849246885221,180,0,"In vertical=travel, higher cta_y_relative is associated with higher ctr_decay_pct (spearman=0.107, n=180)."
vertical=gaming,ocr_element_count,overall_ctr,-0.10692420070835923,0.10692420070835923,180,0,"In vertical=gaming, higher ocr_element_count is associated with lower overall_ctr (spearman=-0.107, n=180)."
vertical=entertainment,text_area_total_rel,overall_ipm,0.10679753490334064,0.10679753490334064,180,0,"In vertical=entertainment, higher text_area_total_rel is associated with higher overall_ipm (spearman=0.107, n=180)."
vertical=travel,subhead_y_relative,overall_ipm,-0.10678635544552446,0.10678635544552446,180,0,"In vertical=travel, higher subhead_y_relative is associated with lower overall_ipm (spearman=-0.107, n=180)."
vertical=ecommerce,ocr_element_count,perf_score,0.10630389002292241,0.10630389002292241,180,0,"In vertical=ecommerce, higher ocr_element_count is associated with higher perf_score (spearman=0.106, n=180)."
vertical=fintech,subhead_y_relative,overall_cvr,0.10627667246383583,0.10627667246383583,180,0,"In vertical=fintech, higher subhead_y_relative is associated with higher overall_cvr (spearman=0.106, n=180)."
vertical=entertainment,text_density_meta,overall_cvr,-0.10613557245215675,0.10613557245215675,180,0,"In vertical=entertainment, higher text_density_meta is associated with lower overall_cvr (spearman=-0.106, n=180)."
vertical=food_delivery,cta_headline_distance,cvr_decay_pct,0.10602905840820613,0.10602905840820613,180,0,"In vertical=food_delivery, higher cta_headline_distance is associated with higher cvr_decay_pct (spearman=0.106, n=180)."
all,middle_zone_element_count,overall_roas,0.10591644080228321,0.10591644080228321,1080,0,"In all, higher middle_zone_element_count is associated with higher overall_roas (spearman=0.106, n=1080)."
vertical=travel,badge_y_relative,perf_score,0.10549263201598803,0.10549263201598803,180,0,"In vertical=travel, higher badge_y_relative is associated with higher perf_score (spearman=0.105, n=180)."
all,has_promo_text,overall_ipm,-0.1053592895014045,0.1053592895014045,1080,0,"In all, higher has_promo_text is associated with lower overall_ipm (spearman=-0.105, n=1080)."
vertical=travel,bottom_text_ratio,ctr_decay_pct,0.10509461641568027,0.10509461641568027,180,0,"In vertical=travel, higher bottom_text_ratio is associated with higher ctr_decay_pct (spearman=0.105, n=180)."
vertical=travel,ocr_element_count,overall_ipm,0.1049874153383326,0.1049874153383326,180,0,"In vertical=travel, higher ocr_element_count is associated with higher overall_ipm (spearman=0.105, n=180)."
vertical=ecommerce,text_area_total_rel,ctr_decay_pct,-0.10480570387974937,0.10480570387974937,180,0,"In vertical=ecommerce, higher text_area_total_rel is associated with lower ctr_decay_pct (spearman=-0.105, n=180)."
vertical=travel,badge_in_top_right,overall_roas,-0.10445636641330477,0.10445636641330477,180,0,"In vertical=travel, higher badge_in_top_right is associated with lower overall_roas (spearman=-0.104, n=180)."
vertical=gaming,headline_area_relative,cvr_decay_pct,0.10432993057317008,0.10432993057317008,180,0,"In vertical=gaming, higher headline_area_relative is associated with higher cvr_decay_pct (spearman=0.104, n=180)."
vertical=fintech,badge_in_top_right,perf_score,-0.10424771886798423,0.10424771886798423,180,0,"In vertical=fintech, higher badge_in_top_right is associated with lower perf_score (spearman=-0.104, n=180)."
vertical=travel,badge_y_relative,overall_ctr,0.10402693140437462,0.10402693140437462,180,0,"In vertical=travel, higher badge_y_relative is associated with higher overall_ctr (spearman=0.104, n=180)."
all,has_price_meta,perf_score,-0.10386603154450329,0.10386603154450329,1080,0,"In all, higher has_price_meta is associated with lower perf_score (spearman=-0.104, n=1080)."
vertical=food_delivery,avg_text_area_rel,cvr_decay_pct,-0.10337150323569658,0.10337150323569658,180,0,"In vertical=food_delivery, higher avg_text_area_rel is associated with lower cvr_decay_pct (spearman=-0.103, n=180)."
vertical=ecommerce,grounded_element_count,overall_cvr,0.10335761841375625,0.10335761841375625,180,0,"In vertical=ecommerce, higher grounded_element_count is associated with higher overall_cvr (spearman=0.103, n=180)."
vertical=entertainment,avg_text_area_rel,overall_roas,0.10330977293537866,0.10330977293537866,180,0,"In vertical=entertainment, higher avg_text_area_rel is associated with higher overall_roas (spearman=0.103, n=180)."
all,has_price_text,overall_ctr,-0.10320486024443751,0.10320486024443751,1080,0,"In all, higher has_price_text is associated with lower overall_ctr (spearman=-0.103, n=1080)."
vertical=entertainment,badge_y_relative,overall_ctr,0.10282070606135539,0.10282070606135539,180,0,"In vertical=entertainment, higher badge_y_relative is associated with higher overall_ctr (spearman=0.103, n=180)."
vertical=food_delivery,cta_area_relative,perf_score,0.10267083185704395,0.10267083185704395,180,0,"In vertical=food_delivery, higher cta_area_relative is associated with higher perf_score (spearman=0.103, n=180)."
vertical=fintech,has_price_text,ctr_decay_pct,0.10243861859611,0.10243861859611,180,0,"In vertical=fintech, higher has_price_text is associated with higher ctr_decay_pct (spearman=0.102, n=180)."
all,cta_area_relative,overall_cvr,-0.10241575995965947,0.10241575995965947,1080,0,"In all, higher cta_area_relative is associated with lower overall_cvr (spearman=-0.102, n=1080)."
vertical=ecommerce,bottom_zone_element_count,perf_score,-0.10238328393644461,0.10238328393644461,180,0,"In vertical=ecommerce, higher bottom_zone_element_count is associated with lower perf_score (spearman=-0.102, n=180)."
vertical=fintech,cta_x_relative,overall_roas,-0.10153923117612834,0.10153923117612834,180,0,"In vertical=fintech, higher cta_x_relative is associated with lower overall_roas (spearman=-0.102, n=180)."
vertical=fintech,headline_y_relative,overall_cvr,0.10111546011301453,0.10111546011301453,180,0,"In vertical=fintech, higher headline_y_relative is associated with higher overall_cvr (spearman=0.101, n=180)."
vertical=fintech,badge_in_top_right,overall_ipm,-0.10092891796737377,0.10092891796737377,180,0,"In vertical=fintech, higher badge_in_top_right is associated with lower overall_ipm (spearman=-0.101, n=180)."
all,badge_in_top_right,overall_cvr,-0.10091300920016877,0.10091300920016877,1080,0,"In all, higher badge_in_top_right is associated with lower overall_cvr (spearman=-0.101, n=1080)."
vertical=entertainment,text_area_total_rel,overall_roas,0.10080146506579421,0.10080146506579421,180,0,"In vertical=entertainment, higher text_area_total_rel is associated with higher overall_roas (spearman=0.101, n=180)."
vertical=entertainment,cta_x_relative,overall_cvr,0.10078772951556057,0.10078772951556057,180,0,"In vertical=entertainment, higher cta_x_relative is associated with higher overall_cvr (spearman=0.101, n=180)."
vertical=travel,cta_headline_distance,overall_roas,-0.10071294163810059,0.10071294163810059,180,0,"In vertical=travel, higher cta_headline_distance is associated with lower overall_roas (spearman=-0.101, n=180)."
vertical=gaming,image_aspect_ratio,cvr_decay_pct,0.10045294193087258,0.10045294193087258,180,0,"In vertical=gaming, higher image_aspect_ratio is associated with higher cvr_decay_pct (spearman=0.100, n=180)."
vertical=travel,has_price_text,cvr_decay_pct,-0.10045216841809748,0.10045216841809748,180,0,"In vertical=travel, higher has_price_text is associated with lower cvr_decay_pct (spearman=-0.100, n=180)."
vertical=travel,has_price_meta,cvr_decay_pct,-0.10045216841809748,0.10045216841809748,180,0,"In vertical=travel, higher has_price_meta is associated with lower cvr_decay_pct (spearman=-0.100, n=180)."
vertical=food_delivery,cta_x_relative,overall_roas,-0.1003123410933734,0.1003123410933734,180,0,"In vertical=food_delivery, higher cta_x_relative is associated with lower overall_roas (spearman=-0.100, n=180)."
vertical=travel,has_promo_text,ctr_decay_pct,-0.10029872530713797,0.10029872530713797,180,0,"In vertical=travel, higher has_promo_text is associated with lower ctr_decay_pct (spearman=-0.100, n=180)."
vertical=food_delivery,bottom_text_ratio,cvr_decay_pct,0.10017216906265047,0.10017216906265047,180,0,"In vertical=food_delivery, higher bottom_text_ratio is associated with higher cvr_decay_pct (spearman=0.100, n=180)."
vertical=ecommerce,headline_y_relative,cvr_decay_pct,-0.10004876927501417,0.10004876927501417,180,0,"In vertical=ecommerce, higher headline_y_relative is associated with lower cvr_decay_pct (spearman=-0.100, n=180)."
vertical=fintech,product_zone_coverage,overall_roas,-0.09997308852030094,0.09997308852030094,180,0,"In vertical=fintech, higher product_zone_coverage is associated with lower overall_roas (spearman=-0.100, n=180)."
vertical=food_delivery,text_density_meta,overall_ctr,-0.09991475974210573,0.09991475974210573,180,0,"In vertical=food_delivery, higher text_density_meta is associated with lower overall_ctr (spearman=-0.100, n=180)."
vertical=ecommerce,cta_x_relative,cvr_decay_pct,0.09965068744719653,0.09965068744719653,180,0,"In vertical=ecommerce, higher cta_x_relative is associated with higher cvr_decay_pct (spearman=0.100, n=180)."
vertical=gaming,cta_area_relative,overall_roas,0.09952625173517592,0.09952625173517592,180,0,"In vertical=gaming, higher cta_area_relative is associated with higher overall_roas (spearman=0.100, n=180)."
all,bottom_text_ratio,perf_score,0.09913813145246346,0.09913813145246346,1080,0,"In all, higher bottom_text_ratio is associated with higher perf_score (spearman=0.099, n=1080)."
vertical=ecommerce,top_zone_element_count,cvr_decay_pct,-0.09908808737888376,0.09908808737888376,180,0,"In vertical=ecommerce, higher top_zone_element_count is associated with lower cvr_decay_pct (spearman=-0.099, n=180)."
vertical=ecommerce,ocr_element_count,overall_roas,0.0989374480928775,0.0989374480928775,180,0,"In vertical=ecommerce, higher ocr_element_count is associated with higher overall_roas (spearman=0.099, n=180)."
vertical=food_delivery,badge_y_relative,overall_roas,0.09887813046300716,0.09887813046300716,180,0,"In vertical=food_delivery, higher badge_y_relative is associated with higher overall_roas (spearman=0.099, n=180)."
all,bottom_zone_element_count,ctr_decay_pct,0.0988459212275808,0.0988459212275808,1080,0,"In all, higher bottom_zone_element_count is associated with higher ctr_decay_pct (spearman=0.099, n=1080)."
vertical=travel,headline_y_relative,cvr_decay_pct,0.09861700850522095,0.09861700850522095,180,0,"In vertical=travel, higher headline_y_relative is associated with higher cvr_decay_pct (spearman=0.099, n=180)."
all,badge_y_relative,overall_cvr,0.09837115919347576,0.09837115919347576,1080,0,"In all, higher badge_y_relative is associated with higher overall_cvr (spearman=0.098, n=1080)."
vertical=fintech,brand_visibility_meta,overall_ipm,0.09797187751148272,0.09797187751148272,180,0,"In vertical=fintech, higher brand_visibility_meta is associated with higher overall_ipm (spearman=0.098, n=180)."
vertical=travel,middle_zone_element_count,overall_roas,0.09759878252804581,0.09759878252804581,180,0,"In vertical=travel, higher middle_zone_element_count is associated with higher overall_roas (spearman=0.098, n=180)."
vertical=travel,cta_x_relative,cvr_decay_pct,-0.09731061804489943,0.09731061804489943,180,0,"In vertical=travel, higher cta_x_relative is associated with lower cvr_decay_pct (spearman=-0.097, n=180)."
vertical=fintech,badge_in_top_right,overall_ctr,-0.09705767179876217,0.09705767179876217,180,0,"In vertical=fintech, higher badge_in_top_right is associated with lower overall_ctr (spearman=-0.097, n=180)."
vertical=food_delivery,bottom_text_ratio,overall_ipm,-0.09676711217562575,0.09676711217562575,180,0,"In vertical=food_delivery, higher bottom_text_ratio is associated with lower overall_ipm (spearman=-0.097, n=180)."
vertical=food_delivery,top_zone_element_count,perf_score,0.09672260237431338,0.09672260237431338,180,0,"In vertical=food_delivery, higher top_zone_element_count is associated with higher perf_score (spearman=0.097, n=180)."
all,top_zone_element_count,ctr_decay_pct,-0.09664942987995165,0.09664942987995165,1080,0,"In all, higher top_zone_element_count is associated with lower ctr_decay_pct (spearman=-0.097, n=1080)."
vertical=ecommerce,bottom_text_ratio,ctr_decay_pct,0.09617857854405666,0.09617857854405666,180,0,"In vertical=ecommerce, higher bottom_text_ratio is associated with higher ctr_decay_pct (spearman=0.096, n=180)."
vertical=food_delivery,grounded_element_count,ctr_decay_pct,0.09600497237727545,0.09600497237727545,180,0,"In vertical=food_delivery, higher grounded_element_count is associated with higher ctr_decay_pct (spearman=0.096, n=180)."
vertical=entertainment,badge_y_relative,perf_score,0.09593465606929069,0.09593465606929069,180,0,"In vertical=entertainment, higher badge_y_relative is associated with higher perf_score (spearman=0.096, n=180)."
vertical=ecommerce,has_promo_text,overall_ipm,0.09589598994829872,0.09589598994829872,180,0,"In vertical=ecommerce, higher has_promo_text is associated with higher overall_ipm (spearman=0.096, n=180)."
vertical=travel,has_discount_badge_meta,overall_cvr,0.09576820997543362,0.09576820997543362,180,0,"In vertical=travel, higher has_discount_badge_meta is associated with higher overall_cvr (spearman=0.096, n=180)."
vertical=travel,ocr_element_count,overall_roas,0.09568556910607287,0.09568556910607287,180,0,"In vertical=travel, higher ocr_element_count is associated with higher overall_roas (spearman=0.096, n=180)."
vertical=fintech,product_zone_coverage,ctr_decay_pct,0.09565770340431673,0.09565770340431673,180,0,"In vertical=fintech, higher product_zone_coverage is associated with higher ctr_decay_pct (spearman=0.096, n=180)."
all,text_area_total_rel,overall_ipm,0.09562288646895961,0.09562288646895961,1080,0,"In all, higher text_area_total_rel is associated with higher overall_ipm (spearman=0.096, n=1080)."
vertical=travel,brand_visibility_meta,perf_score,0.09556490800317458,0.09556490800317458,180,0,"In vertical=travel, higher brand_visibility_meta is associated with higher perf_score (spearman=0.096, n=180)."
all,text_area_total_rel,overall_ctr,0.09550801249426658,0.09550801249426658,1080,0,"In all, higher text_area_total_rel is associated with higher overall_ctr (spearman=0.096, n=1080)."
vertical=fintech,bottom_zone_element_count,overall_roas,-0.09534941432726218,0.09534941432726218,180,0,"In vertical=fintech, higher bottom_zone_element_count is associated with lower overall_roas (spearman=-0.095, n=180)."
vertical=travel,logo_in_top_left,overall_roas,-0.09524474808494535,0.09524474808494535,180,0,"In vertical=travel, higher logo_in_top_left is associated with lower overall_roas (spearman=-0.095, n=180)."
all,cta_y_relative,overall_cvr,-0.09480743866100069,0.09480743866100069,1080,0,"In all, higher cta_y_relative is associated with lower overall_cvr (spearman=-0.095, n=1080)."
vertical=travel,cta_headline_distance,cvr_decay_pct,-0.09474228230732587,0.09474228230732587,180,0,"In vertical=travel, higher cta_headline_distance is associated with lower cvr_decay_pct (spearman=-0.095, n=180)."
vertical=gaming,badge_y_relative,cvr_decay_pct,-0.09451549873609419,0.09451549873609419,180,0,"In vertical=gaming, higher badge_y_relative is associated with lower cvr_decay_pct (spearman=-0.095, n=180)."
vertical=entertainment,product_zone_coverage,overall_roas,-0.09421924169898865,0.09421924169898865,180,0,"In vertical=entertainment, higher product_zone_coverage is associated with lower overall_roas (spearman=-0.094, n=180)."
vertical=gaming,brand_visibility_meta,overall_ctr,-0.09414643081092157,0.09414643081092157,180,0,"In vertical=gaming, higher brand_visibility_meta is associated with lower overall_ctr (spearman=-0.094, n=180)."
vertical=travel,subhead_y_relative,cvr_decay_pct,0.0941040780880745,0.0941040780880745,180,0,"In vertical=travel, higher subhead_y_relative is associated with higher cvr_decay_pct (spearman=0.094, n=180)."
vertical=entertainment,cta_headline_distance,cvr_decay_pct,-0.0940435809495126,0.0940435809495126,180,0,"In vertical=entertainment, higher cta_headline_distance is associated with lower cvr_decay_pct (spearman=-0.094, n=180)."
vertical=travel,product_zone_coverage,ctr_decay_pct,0.09390079215994765,0.09390079215994765,180,0,"In vertical=travel, higher product_zone_coverage is associated with higher ctr_decay_pct (spearman=0.094, n=180)."
all,badge_y_relative,ctr_decay_pct,-0.09380875304020815,0.09380875304020815,1080,0,"In all, higher badge_y_relative is associated with lower ctr_decay_pct (spearman=-0.094, n=1080)."
vertical=entertainment,headline_area_relative,cvr_decay_pct,0.09367509585870651,0.09367509585870651,180,0,"In vertical=entertainment, higher headline_area_relative is associated with higher cvr_decay_pct (spearman=0.094, n=180)."
vertical=gaming,has_discount_text,overall_cvr,-0.09336339167699742,0.09336339167699742,180,0,"In vertical=gaming, higher has_discount_text is associated with lower overall_cvr (spearman=-0.093, n=180)."
all,cta_x_relative,overall_roas,-0.09331104640960373,0.09331104640960373,1080,0,"In all, higher cta_x_relative is associated with lower overall_roas (spearman=-0.093, n=1080)."
vertical=ecommerce,has_discount_badge_meta,perf_score,0.09319122401425232,0.09319122401425232,180,0,"In vertical=ecommerce, higher has_discount_badge_meta is associated with higher perf_score (spearman=0.093, n=180)."
all,has_price_meta,overall_roas,0.0929738116530363,0.0929738116530363,1080,0,"In all, higher has_price_meta is associated with higher overall_roas (spearman=0.093, n=1080)."
vertical=gaming,has_discount_badge_meta,overall_ipm,-0.0927636065163305,0.0927636065163305,180,0,"In vertical=gaming, higher has_discount_badge_meta is associated with lower overall_ipm (spearman=-0.093, n=180)."
vertical=fintech,text_area_total_rel,cvr_decay_pct,0.09263356514788984,0.09263356514788984,180,0,"In vertical=fintech, higher text_area_total_rel is associated with higher cvr_decay_pct (spearman=0.093, n=180)."
vertical=travel,product_zone_coverage,cvr_decay_pct,0.0924671490233556,0.0924671490233556,180,0,"In vertical=travel, higher product_zone_coverage is associated with higher cvr_decay_pct (spearman=0.092, n=180)."
vertical=ecommerce,cta_headline_distance,overall_ipm,0.0920135697046141,0.0920135697046141,180,0,"In vertical=ecommerce, higher cta_headline_distance is associated with higher overall_ipm (spearman=0.092, n=180)."
vertical=entertainment,image_aspect_ratio,overall_cvr,-0.09195324786875388,0.09195324786875388,180,0,"In vertical=entertainment, higher image_aspect_ratio is associated with lower overall_cvr (spearman=-0.092, n=180)."
vertical=food_delivery,cta_area_relative,cvr_decay_pct,-0.09194065926212892,0.09194065926212892,180,0,"In vertical=food_delivery, higher cta_area_relative is associated with lower cvr_decay_pct (spearman=-0.092, n=180)."
vertical=food_delivery,text_density_meta,ctr_decay_pct,0.0917004172567436,0.0917004172567436,180,0,"In vertical=food_delivery, higher text_density_meta is associated with higher ctr_decay_pct (spearman=0.092, n=180)."
all,has_discount_badge_meta,perf_score,-0.09133574443924256,0.09133574443924256,1080,0,"In all, higher has_discount_badge_meta is associated with lower perf_score (spearman=-0.091, n=1080)."
vertical=fintech,image_aspect_ratio,overall_cvr,0.09090707435755069,0.09090707435755069,180,0,"In vertical=fintech, higher image_aspect_ratio is associated with higher overall_cvr (spearman=0.091, n=180)."
vertical=food_delivery,has_discount_text,overall_ctr,-0.09079546122525921,0.09079546122525921,180,0,"In vertical=food_delivery, higher has_discount_text is associated with lower overall_ctr (spearman=-0.091, n=180)."
vertical=entertainment,headline_y_relative,overall_cvr,-0.09063197301012675,0.09063197301012675,180,0,"In vertical=entertainment, higher headline_y_relative is associated with lower overall_cvr (spearman=-0.091, n=180)."
vertical=ecommerce,brand_visibility_meta,overall_cvr,0.09055941809982994,0.09055941809982994,180,0,"In vertical=ecommerce, higher brand_visibility_meta is associated with higher overall_cvr (spearman=0.091, n=180)."
vertical=ecommerce,has_discount_badge_meta,overall_ipm,0.09035392751310668,0.09035392751310668,180,0,"In vertical=ecommerce, higher has_discount_badge_meta is associated with higher overall_ipm (spearman=0.090, n=180)."
vertical=food_delivery,cta_x_relative,overall_ipm,0.09018296448805324,0.09018296448805324,180,0,"In vertical=food_delivery, higher cta_x_relative is associated with higher overall_ipm (spearman=0.090, n=180)."
vertical=entertainment,middle_zone_element_count,overall_ipm,0.09012131618117623,0.09012131618117623,180,0,"In vertical=entertainment, higher middle_zone_element_count is associated with higher overall_ipm (spearman=0.090, n=180)."
vertical=food_delivery,has_promo_text,overall_roas,0.09008607563374568,0.09008607563374568,180,0,"In vertical=food_delivery, higher has_promo_text is associated with higher overall_roas (spearman=0.090, n=180)."
vertical=entertainment,product_zone_coverage,perf_score,-0.08990418032262364,0.08990418032262364,180,0,"In vertical=entertainment, higher product_zone_coverage is associated with lower perf_score (spearman=-0.090, n=180)."
vertical=fintech,product_zone_coverage,overall_cvr,-0.08990385658300444,0.08990385658300444,180,0,"In vertical=fintech, higher product_zone_coverage is associated with lower overall_cvr (spearman=-0.090, n=180)."
vertical=food_delivery,badge_y_relative,cvr_decay_pct,-0.08984298483921181,0.08984298483921181,180,0,"In vertical=food_delivery, higher badge_y_relative is associated with lower cvr_decay_pct (spearman=-0.090, n=180)."
vertical=gaming,bottom_text_ratio,overall_cvr,0.08951687133476673,0.08951687133476673,180,0,"In vertical=gaming, higher bottom_text_ratio is associated with higher overall_cvr (spearman=0.090, n=180)."
vertical=entertainment,middle_zone_element_count,cvr_decay_pct,-0.08950298811132253,0.08950298811132253,180,0,"In vertical=entertainment, higher middle_zone_element_count is associated with lower cvr_decay_pct (spearman=-0.090, n=180)."
all,grounded_element_count,overall_roas,0.08935473311731418,0.08935473311731418,1080,0,"In all, higher grounded_element_count is associated with higher overall_roas (spearman=0.089, n=1080)."
vertical=ecommerce,product_zone_coverage,overall_ctr,-0.08905587167857927,0.08905587167857927,180,0,"In vertical=ecommerce, higher product_zone_coverage is associated with lower overall_ctr (spearman=-0.089, n=180)."
vertical=fintech,ocr_element_count,overall_cvr,0.0887801034417911,0.0887801034417911,180,0,"In vertical=fintech, higher ocr_element_count is associated with higher overall_cvr (spearman=0.089, n=180)."
vertical=gaming,ocr_element_count,perf_score,-0.08840259666097788,0.08840259666097788,180,0,"In vertical=gaming, higher ocr_element_count is associated with lower perf_score (spearman=-0.088, n=180)."
vertical=gaming,bottom_zone_element_count,ctr_decay_pct,0.0881991753438852,0.0881991753438852,180,0,"In vertical=gaming, higher bottom_zone_element_count is associated with higher ctr_decay_pct (spearman=0.088, n=180)."
vertical=ecommerce,product_zone_coverage,perf_score,-0.08801897925570355,0.08801897925570355,180,0,"In vertical=ecommerce, higher product_zone_coverage is associated with lower perf_score (spearman=-0.088, n=180)."
vertical=travel,has_discount_text,cvr_decay_pct,0.08769834318444035,0.08769834318444035,180,0,"In vertical=travel, higher has_discount_text is associated with higher cvr_decay_pct (spearman=0.088, n=180)."
vertical=gaming,badge_in_top_right,perf_score,-0.08768076260831706,0.08768076260831706,180,0,"In vertical=gaming, higher badge_in_top_right is associated with lower perf_score (spearman=-0.088, n=180)."
all,middle_zone_element_count,overall_ctr,0.08739800125902687,0.08739800125902687,1080,0,"In all, higher middle_zone_element_count is associated with higher overall_ctr (spearman=0.087, n=1080)."
vertical=ecommerce,grounded_element_count,cvr_decay_pct,0.08737820452266755,0.08737820452266755,180,0,"In vertical=ecommerce, higher grounded_element_count is associated with higher cvr_decay_pct (spearman=0.087, n=180)."
vertical=food_delivery,headline_area_relative,overall_cvr,0.08725578909211992,0.08725578909211992,180,0,"In vertical=food_delivery, higher headline_area_relative is associated with higher overall_cvr (spearman=0.087, n=180)."
vertical=entertainment,has_discount_text,ctr_decay_pct,-0.08714347010668108,0.08714347010668108,180,0,"In vertical=entertainment, higher has_discount_text is associated with lower ctr_decay_pct (spearman=-0.087, n=180)."
all,grounded_element_count,overall_ipm,-0.0871418779329414,0.0871418779329414,1080,0,"In all, higher grounded_element_count is associated with lower overall_ipm (spearman=-0.087, n=1080)."
vertical=entertainment,badge_y_relative,overall_roas,0.08677012724513576,0.08677012724513576,180,0,"In vertical=entertainment, higher badge_y_relative is associated with higher overall_roas (spearman=0.087, n=180)."
vertical=travel,cta_y_relative,overall_roas,0.08649572681125034,0.08649572681125034,180,0,"In vertical=travel, higher cta_y_relative is associated with higher overall_roas (spearman=0.086, n=180)."
vertical=food_delivery,has_promo_text,ctr_decay_pct,-0.08635193778364222,0.08635193778364222,180,0,"In vertical=food_delivery, higher has_promo_text is associated with lower ctr_decay_pct (spearman=-0.086, n=180)."
vertical=travel,has_promo_text,perf_score,0.08615416623481063,0.08615416623481063,180,0,"In vertical=travel, higher has_promo_text is associated with higher perf_score (spearman=0.086, n=180)."
vertical=fintech,middle_zone_element_count,overall_cvr,0.08607246112826732,0.08607246112826732,180,0,"In vertical=fintech, higher middle_zone_element_count is associated with higher overall_cvr (spearman=0.086, n=180)."
vertical=fintech,cta_y_relative,perf_score,0.08540344671629495,0.08540344671629495,180,0,"In vertical=fintech, higher cta_y_relative is associated with higher perf_score (spearman=0.085, n=180)."
vertical=food_delivery,grounded_element_count,overall_cvr,-0.08520238696337244,0.08520238696337244,180,0,"In vertical=food_delivery, higher grounded_element_count is associated with lower overall_cvr (spearman=-0.085, n=180)."
vertical=food_delivery,has_price_meta,overall_ctr,0.08510024573828061,0.08510024573828061,180,0,"In vertical=food_delivery, higher has_price_meta is associated with higher overall_ctr (spearman=0.085, n=180)."
vertical=gaming,bottom_zone_element_count,overall_cvr,-0.08508626327292455,0.08508626327292455,180,0,"In vertical=gaming, higher bottom_zone_element_count is associated with lower overall_cvr (spearman=-0.085, n=180)."
vertical=entertainment,ocr_element_count,cvr_decay_pct,-0.08506203240676351,0.08506203240676351,180,0,"In vertical=entertainment, higher ocr_element_count is associated with lower cvr_decay_pct (spearman=-0.085, n=180)."
vertical=entertainment,text_density_meta,ctr_decay_pct,0.08504840791182715,0.08504840791182715,180,0,"In vertical=entertainment, higher text_density_meta is associated with higher ctr_decay_pct (spearman=0.085, n=180)."
vertical=food_delivery,logo_in_top_left,overall_ipm,-0.08458715362131305,0.08458715362131305,180,0,"In vertical=food_delivery, higher logo_in_top_left is associated with lower overall_ipm (spearman=-0.085, n=180)."
vertical=ecommerce,subhead_y_relative,overall_ipm,-0.08438356236701977,0.08438356236701977,180,0,"In vertical=ecommerce, higher subhead_y_relative is associated with lower overall_ipm (spearman=-0.084, n=180)."
vertical=travel,bottom_zone_element_count,overall_ipm,0.08435343115392364,0.08435343115392364,180,0,"In vertical=travel, higher bottom_zone_element_count is associated with higher overall_ipm (spearman=0.084, n=180)."
vertical=gaming,has_price_text,overall_ctr,0.08433786295903835,0.08433786295903835,180,0,"In vertical=gaming, higher has_price_text is associated with higher overall_ctr (spearman=0.084, n=180)."
vertical=gaming,has_price_meta,overall_ctr,0.08433786295903835,0.08433786295903835,180,0,"In vertical=gaming, higher has_price_meta is associated with higher overall_ctr (spearman=0.084, n=180)."
vertical=entertainment,ocr_element_count,overall_ipm,0.08424704663307639,0.08424704663307639,180,0,"In vertical=entertainment, higher ocr_element_count is associated with higher overall_ipm (spearman=0.084, n=180)."
vertical=travel,text_density_meta,overall_roas,0.0842290892413872,0.0842290892413872,180,0,"In vertical=travel, higher text_density_meta is associated with higher overall_roas (spearman=0.084, n=180)."
vertical=food_delivery,avg_text_area_rel,overall_ipm,0.08422482175375783,0.08422482175375783,180,0,"In vertical=food_delivery, higher avg_text_area_rel is associated with higher overall_ipm (spearman=0.084, n=180)."
vertical=fintech,badge_y_relative,overall_ctr,0.08412576681094683,0.08412576681094683,180,0,"In vertical=fintech, higher badge_y_relative is associated with higher overall_ctr (spearman=0.084, n=180)."
vertical=food_delivery,grounded_element_count,overall_ctr,0.08408069561226665,0.08408069561226665,180,0,"In vertical=food_delivery, higher grounded_element_count is associated with higher overall_ctr (spearman=0.084, n=180)."
vertical=gaming,has_price_text,perf_score,0.08406173456317602,0.08406173456317602,180,0,"In vertical=gaming, higher has_price_text is associated with higher perf_score (spearman=0.084, n=180)."
vertical=gaming,has_price_meta,perf_score,0.08406173456317602,0.08406173456317602,180,0,"In vertical=gaming, higher has_price_meta is associated with higher perf_score (spearman=0.084, n=180)."
vertical=food_delivery,has_price_meta,cvr_decay_pct,-0.08398344461310632,0.08398344461310632,180,0,"In vertical=food_delivery, higher has_price_meta is associated with lower cvr_decay_pct (spearman=-0.084, n=180)."
vertical=travel,logo_in_top_left,cvr_decay_pct,-0.08378673327773387,0.08378673327773387,180,0,"In vertical=travel, higher logo_in_top_left is associated with lower cvr_decay_pct (spearman=-0.084, n=180)."
vertical=gaming,cta_area_relative,perf_score,-0.08350583143212742,0.08350583143212742,180,0,"In vertical=gaming, higher cta_area_relative is associated with lower perf_score (spearman=-0.084, n=180)."
vertical=fintech,avg_text_area_rel,cvr_decay_pct,0.08333080410446081,0.08333080410446081,180,0,"In vertical=fintech, higher avg_text_area_rel is associated with higher cvr_decay_pct (spearman=0.083, n=180)."
vertical=travel,top_zone_element_count,overall_ipm,-0.08319969705075386,0.08319969705075386,180,0,"In vertical=travel, higher top_zone_element_count is associated with lower overall_ipm (spearman=-0.083, n=180)."
vertical=food_delivery,subhead_y_relative,overall_roas,0.08311365062501883,0.08311365062501883,180,0,"In vertical=food_delivery, higher subhead_y_relative is associated with higher overall_roas (spearman=0.083, n=180)."
all,top_zone_element_count,overall_ctr,-0.08284814921850231,0.08284814921850231,1080,0,"In all, higher top_zone_element_count is associated with lower overall_ctr (spearman=-0.083, n=1080)."
vertical=fintech,has_promo_text,ctr_decay_pct,0.08279059490133216,0.08279059490133216,180,0,"In vertical=fintech, higher has_promo_text is associated with higher ctr_decay_pct (spearman=0.083, n=180)."
vertical=entertainment,product_zone_coverage,cvr_decay_pct,0.08271154805636409,0.08271154805636409,180,0,"In vertical=entertainment, higher product_zone_coverage is associated with higher cvr_decay_pct (spearman=0.083, n=180)."
vertical=food_delivery,middle_zone_element_count,overall_ctr,0.08265432538406954,0.08265432538406954,180,0,"In vertical=food_delivery, higher middle_zone_element_count is associated with higher overall_ctr (spearman=0.083, n=180)."
vertical=travel,badge_in_top_right,cvr_decay_pct,0.08258581469551908,0.08258581469551908,180,0,"In vertical=travel, higher badge_in_top_right is associated with higher cvr_decay_pct (spearman=0.083, n=180)."
vertical=food_delivery,ocr_element_count,perf_score,0.08258105296623394,0.08258105296623394,180,0,"In vertical=food_delivery, higher ocr_element_count is associated with higher perf_score (spearman=0.083, n=180)."
vertical=entertainment,badge_y_relative,overall_ipm,0.08251729536530082,0.08251729536530082,180,0,"In vertical=entertainment, higher badge_y_relative is associated with higher overall_ipm (spearman=0.083, n=180)."
vertical=ecommerce,badge_in_top_right,perf_score,0.08226483611846938,0.08226483611846938,180,0,"In vertical=ecommerce, higher badge_in_top_right is associated with higher perf_score (spearman=0.082, n=180)."
vertical=ecommerce,badge_in_top_right,overall_ctr,0.08142957633926731,0.08142957633926731,180,0,"In vertical=ecommerce, higher badge_in_top_right is associated with higher overall_ctr (spearman=0.081, n=180)."
vertical=travel,cta_y_relative,overall_cvr,0.08116651325571816,0.08116651325571816,180,0,"In vertical=travel, higher cta_y_relative is associated with higher overall_cvr (spearman=0.081, n=180)."
vertical=food_delivery,bottom_text_ratio,perf_score,-0.0810803003862352,0.0810803003862352,180,0,"In vertical=food_delivery, higher bottom_text_ratio is associated with lower perf_score (spearman=-0.081, n=180)."
vertical=ecommerce,cta_headline_distance,cvr_decay_pct,0.08092118743957692,0.08092118743957692,180,0,"In vertical=ecommerce, higher cta_headline_distance is associated with higher cvr_decay_pct (spearman=0.081, n=180)."
vertical=fintech,cta_area_relative,overall_ipm,-0.08084579915436778,0.08084579915436778,180,0,"In vertical=fintech, higher cta_area_relative is associated with lower overall_ipm (spearman=-0.081, n=180)."
vertical=fintech,badge_in_top_right,overall_roas,-0.08046661679042676,0.08046661679042676,180,0,"In vertical=fintech, higher badge_in_top_right is associated with lower overall_roas (spearman=-0.080, n=180)."
vertical=ecommerce,headline_y_relative,overall_ipm,-0.08020750907012912,0.08020750907012912,180,0,"In vertical=ecommerce, higher headline_y_relative is associated with lower overall_ipm (spearman=-0.080, n=180)."
vertical=food_delivery,subhead_y_relative,perf_score,-0.0802064582622036,0.0802064582622036,180,0,"In vertical=food_delivery, higher subhead_y_relative is associated with lower perf_score (spearman=-0.080, n=180)."
vertical=fintech,logo_in_top_left,ctr_decay_pct,0.08005404294992537,0.08005404294992537,180,0,"In vertical=fintech, higher logo_in_top_left is associated with higher ctr_decay_pct (spearman=0.080, n=180)."
vertical=entertainment,headline_y_relative,cvr_decay_pct,0.07989215537402904,0.07989215537402904,180,0,"In vertical=entertainment, higher headline_y_relative is associated with higher cvr_decay_pct (spearman=0.080, n=180)."
vertical=fintech,has_price_text,overall_ctr,0.07985016907105819,0.07985016907105819,180,0,"In vertical=fintech, higher has_price_text is associated with higher overall_ctr (spearman=0.080, n=180)."
vertical=gaming,bottom_zone_element_count,cvr_decay_pct,-0.07937925780949669,0.07937925780949669,180,0,"In vertical=gaming, higher bottom_zone_element_count is associated with lower cvr_decay_pct (spearman=-0.079, n=180)."
vertical=gaming,has_promo_text,overall_roas,0.07894663109005612,0.07894663109005612,180,0,"In vertical=gaming, higher has_promo_text is associated with higher overall_roas (spearman=0.079, n=180)."
vertical=gaming,badge_y_relative,ctr_decay_pct,-0.0788479047580636,0.0788479047580636,180,0,"In vertical=gaming, higher badge_y_relative is associated with lower ctr_decay_pct (spearman=-0.079, n=180)."
vertical=gaming,brand_visibility_meta,overall_cvr,0.07849857093065901,0.07849857093065901,180,0,"In vertical=gaming, higher brand_visibility_meta is associated with higher overall_cvr (spearman=0.078, n=180)."
vertical=food_delivery,top_zone_element_count,cvr_decay_pct,-0.07841104514852063,0.07841104514852063,180,0,"In vertical=food_delivery, higher top_zone_element_count is associated with lower cvr_decay_pct (spearman=-0.078, n=180)."
vertical=travel,image_aspect_ratio,overall_roas,0.07839607133908197,0.07839607133908197,180,0,"In vertical=travel, higher image_aspect_ratio is associated with higher overall_roas (spearman=0.078, n=180)."
vertical=gaming,headline_y_relative,overall_roas,0.07836137795764049,0.07836137795764049,180,0,"In vertical=gaming, higher headline_y_relative is associated with higher overall_roas (spearman=0.078, n=180)."
vertical=fintech,grounded_element_count,overall_ipm,-0.07831972716560948,0.07831972716560948,180,0,"In vertical=fintech, higher grounded_element_count is associated with lower overall_ipm (spearman=-0.078, n=180)."
vertical=entertainment,has_discount_text,perf_score,0.0782142356788433,0.0782142356788433,180,0,"In vertical=entertainment, higher has_discount_text is associated with higher perf_score (spearman=0.078, n=180)."
vertical=travel,bottom_zone_element_count,overall_roas,0.07821299099286719,0.07821299099286719,180,0,"In vertical=travel, higher bottom_zone_element_count is associated with higher overall_roas (spearman=0.078, n=180)."
vertical=fintech,badge_y_relative,ctr_decay_pct,0.07821176739703252,0.07821176739703252,180,0,"In vertical=fintech, higher badge_y_relative is associated with higher ctr_decay_pct (spearman=0.078, n=180)."
vertical=travel,avg_text_area_rel,overall_ctr,0.07781104355072688,0.07781104355072688,180,0,"In vertical=travel, higher avg_text_area_rel is associated with higher overall_ctr (spearman=0.078, n=180)."
vertical=food_delivery,has_price_text,overall_ctr,0.07740860199381623,0.07740860199381623,180,0,"In vertical=food_delivery, higher has_price_text is associated with higher overall_ctr (spearman=0.077, n=180)."
vertical=ecommerce,cta_y_relative,perf_score,-0.07726954484777354,0.07726954484777354,180,0,"In vertical=ecommerce, higher cta_y_relative is associated with lower perf_score (spearman=-0.077, n=180)."
vertical=ecommerce,ocr_element_count,cvr_decay_pct,-0.07723413138975269,0.07723413138975269,180,0,"In vertical=ecommerce, higher ocr_element_count is associated with lower cvr_decay_pct (spearman=-0.077, n=180)."
vertical=fintech,has_discount_text,overall_cvr,0.07718437587974304,0.07718437587974304,180,0,"In vertical=fintech, higher has_discount_text is associated with higher overall_cvr (spearman=0.077, n=180)."
vertical=gaming,grounded_element_count,overall_ipm,0.07705245894393946,0.07705245894393946,180,0,"In vertical=gaming, higher grounded_element_count is associated with higher overall_ipm (spearman=0.077, n=180)."
vertical=entertainment,brand_visibility_meta,cvr_decay_pct,0.0770158320003841,0.0770158320003841,180,0,"In vertical=entertainment, higher brand_visibility_meta is associated with higher cvr_decay_pct (spearman=0.077, n=180)."
vertical=ecommerce,image_aspect_ratio,cvr_decay_pct,-0.07693750017217574,0.07693750017217574,180,0,"In vertical=ecommerce, higher image_aspect_ratio is associated with lower cvr_decay_pct (spearman=-0.077, n=180)."
vertical=fintech,has_promo_text,overall_roas,-0.0769235448689543,0.0769235448689543,180,0,"In vertical=fintech, higher has_promo_text is associated with lower overall_roas (spearman=-0.077, n=180)."
vertical=food_delivery,brand_visibility_meta,ctr_decay_pct,-0.07678129297926142,0.07678129297926142,180,0,"In vertical=food_delivery, higher brand_visibility_meta is associated with lower ctr_decay_pct (spearman=-0.077, n=180)."
vertical=gaming,has_discount_badge_meta,overall_roas,0.07664402899054193,0.07664402899054193,180,0,"In vertical=gaming, higher has_discount_badge_meta is associated with higher overall_roas (spearman=0.077, n=180)."
vertical=food_delivery,middle_zone_element_count,overall_ipm,0.07664310171977358,0.07664310171977358,180,0,"In vertical=food_delivery, higher middle_zone_element_count is associated with higher overall_ipm (spearman=0.077, n=180)."
vertical=gaming,text_density_meta,overall_cvr,0.07658017104993588,0.07658017104993588,180,0,"In vertical=gaming, higher text_density_meta is associated with higher overall_cvr (spearman=0.077, n=180)."
vertical=gaming,has_promo_text,ctr_decay_pct,0.07646190164230042,0.07646190164230042,180,0,"In vertical=gaming, higher has_promo_text is associated with higher ctr_decay_pct (spearman=0.076, n=180)."
vertical=fintech,headline_area_relative,ctr_decay_pct,0.07637796041036173,0.07637796041036173,180,0,"In vertical=fintech, higher headline_area_relative is associated with higher ctr_decay_pct (spearman=0.076, n=180)."
vertical=gaming,text_density_meta,overall_roas,0.07626840945714645,0.07626840945714645,180,0,"In vertical=gaming, higher text_density_meta is associated with higher overall_roas (spearman=0.076, n=180)."
vertical=entertainment,subhead_y_relative,overall_ipm,-0.07618673581144536,0.07618673581144536,180,0,"In vertical=entertainment, higher subhead_y_relative is associated with lower overall_ipm (spearman=-0.076, n=180)."
vertical=fintech,cta_headline_distance,cvr_decay_pct,-0.07593247422655948,0.07593247422655948,180,0,"In vertical=fintech, higher cta_headline_distance is associated with lower cvr_decay_pct (spearman=-0.076, n=180)."
vertical=entertainment,has_promo_text,overall_roas,0.075773078086293,0.075773078086293,180,0,"In vertical=entertainment, higher has_promo_text is associated with higher overall_roas (spearman=0.076, n=180)."
vertical=ecommerce,grounded_element_count,overall_roas,-0.07574408859193307,0.07574408859193307,180,0,"In vertical=ecommerce, higher grounded_element_count is associated with lower overall_roas (spearman=-0.076, n=180)."
vertical=ecommerce,avg_text_area_rel,perf_score,0.07568348373254594,0.07568348373254594,180,0,"In vertical=ecommerce, higher avg_text_area_rel is associated with higher perf_score (spearman=0.076, n=180)."
vertical=entertainment,product_zone_coverage,overall_ctr,-0.07551923952972373,0.07551923952972373,180,0,"In vertical=entertainment, higher product_zone_coverage is associated with lower overall_ctr (spearman=-0.076, n=180)."
vertical=ecommerce,cta_headline_distance,perf_score,0.07532104744635851,0.07532104744635851,180,0,"In vertical=ecommerce, higher cta_headline_distance is associated with higher perf_score (spearman=0.075, n=180)."
vertical=gaming,badge_in_top_right,ctr_decay_pct,-0.07522870838154914,0.07522870838154914,180,0,"In vertical=gaming, higher badge_in_top_right is associated with lower ctr_decay_pct (spearman=-0.075, n=180)."
vertical=travel,middle_zone_element_count,overall_cvr,-0.07494691609603518,0.07494691609603518,180,0,"In vertical=travel, higher middle_zone_element_count is associated with lower overall_cvr (spearman=-0.075, n=180)."
vertical=fintech,top_zone_element_count,overall_cvr,0.07486111143990302,0.07486111143990302,180,0,"In vertical=fintech, higher top_zone_element_count is associated with higher overall_cvr (spearman=0.075, n=180)."
vertical=travel,product_zone_coverage,overall_roas,0.07483277178590722,0.07483277178590722,180,0,"In vertical=travel, higher product_zone_coverage is associated with higher overall_roas (spearman=0.075, n=180)."
vertical=fintech,has_price_text,perf_score,0.07465524812648949,0.07465524812648949,180,0,"In vertical=fintech, higher has_price_text is associated with higher perf_score (spearman=0.075, n=180)."
vertical=entertainment,has_promo_text,cvr_decay_pct,-0.07448878862720328,0.07448878862720328,180,0,"In vertical=entertainment, higher has_promo_text is associated with lower cvr_decay_pct (spearman=-0.074, n=180)."
vertical=food_delivery,has_price_meta,ctr_decay_pct,-0.07437895493660746,0.07437895493660746,180,0,"In vertical=food_delivery, higher has_price_meta is associated with lower ctr_decay_pct (spearman=-0.074, n=180)."
vertical=gaming,headline_y_relative,perf_score,-0.07404927227903899,0.07404927227903899,180,0,"In vertical=gaming, higher headline_y_relative is associated with lower perf_score (spearman=-0.074, n=180)."
vertical=fintech,ocr_element_count,ctr_decay_pct,-0.07393751230514861,0.07393751230514861,180,0,"In vertical=fintech, higher ocr_element_count is associated with lower ctr_decay_pct (spearman=-0.074, n=180)."
vertical=ecommerce,image_aspect_ratio,overall_cvr,-0.07352097582635751,0.07352097582635751,180,0,"In vertical=ecommerce, higher image_aspect_ratio is associated with lower overall_cvr (spearman=-0.074, n=180)."
vertical=ecommerce,bottom_zone_element_count,ctr_decay_pct,0.07341458846649691,0.07341458846649691,180,0,"In vertical=ecommerce, higher bottom_zone_element_count is associated with higher ctr_decay_pct (spearman=0.073, n=180)."
vertical=fintech,grounded_element_count,overall_ctr,-0.07339055056838191,0.07339055056838191,180,0,"In vertical=fintech, higher grounded_element_count is associated with lower overall_ctr (spearman=-0.073, n=180)."
all,middle_zone_element_count,perf_score,0.07337892363423076,0.07337892363423076,1080,0,"In all, higher middle_zone_element_count is associated with higher perf_score (spearman=0.073, n=1080)."
vertical=entertainment,has_price_text,cvr_decay_pct,0.07306088377781572,0.07306088377781572,180,0,"In vertical=entertainment, higher has_price_text is associated with higher cvr_decay_pct (spearman=0.073, n=180)."
vertical=entertainment,has_price_meta,cvr_decay_pct,0.07306088377781572,0.07306088377781572,180,0,"In vertical=entertainment, higher has_price_meta is associated with higher cvr_decay_pct (spearman=0.073, n=180)."
vertical=ecommerce,subhead_y_relative,perf_score,-0.07305009139532995,0.07305009139532995,180,0,"In vertical=ecommerce, higher subhead_y_relative is associated with lower perf_score (spearman=-0.073, n=180)."
vertical=fintech,badge_y_relative,perf_score,0.07290748921552488,0.07290748921552488,180,0,"In vertical=fintech, higher badge_y_relative is associated with higher perf_score (spearman=0.073, n=180)."
vertical=fintech,has_discount_text,cvr_decay_pct,-0.0727738401151863,0.0727738401151863,180,0,"In vertical=fintech, higher has_discount_text is associated with lower cvr_decay_pct (spearman=-0.073, n=180)."
vertical=gaming,has_price_text,overall_roas,0.07272412445320356,0.07272412445320356,180,0,"In vertical=gaming, higher has_price_text is associated with higher overall_roas (spearman=0.073, n=180)."
vertical=gaming,has_price_meta,overall_roas,0.07272412445320356,0.07272412445320356,180,0,"In vertical=gaming, higher has_price_meta is associated with higher overall_roas (spearman=0.073, n=180)."
all,text_area_total_rel,overall_cvr,0.0726659765861186,0.0726659765861186,1080,0,"In all, higher text_area_total_rel is associated with higher overall_cvr (spearman=0.073, n=1080)."
vertical=gaming,has_price_text,ctr_decay_pct,0.07217108928625905,0.07217108928625905,180,0,"In vertical=gaming, higher has_price_text is associated with higher ctr_decay_pct (spearman=0.072, n=180)."
vertical=gaming,has_price_meta,ctr_decay_pct,0.07217108928625905,0.07217108928625905,180,0,"In vertical=gaming, higher has_price_meta is associated with higher ctr_decay_pct (spearman=0.072, n=180)."
vertical=gaming,cta_x_relative,cvr_decay_pct,0.07179452746893993,0.07179452746893993,180,0,"In vertical=gaming, higher cta_x_relative is associated with higher cvr_decay_pct (spearman=0.072, n=180)."
vertical=ecommerce,badge_y_relative,overall_ipm,0.07176312383061925,0.07176312383061925,180,0,"In vertical=ecommerce, higher badge_y_relative is associated with higher overall_ipm (spearman=0.072, n=180)."
vertical=food_delivery,has_discount_badge_meta,overall_ipm,0.07162770612364391,0.07162770612364391,180,0,"In vertical=food_delivery, higher has_discount_badge_meta is associated with higher overall_ipm (spearman=0.072, n=180)."
vertical=fintech,text_density_meta,overall_cvr,0.0710597539458496,0.0710597539458496,180,0,"In vertical=fintech, higher text_density_meta is associated with higher overall_cvr (spearman=0.071, n=180)."
vertical=gaming,cta_headline_distance,cvr_decay_pct,-0.07099336838536992,0.07099336838536992,180,0,"In vertical=gaming, higher cta_headline_distance is associated with lower cvr_decay_pct (spearman=-0.071, n=180)."
all,has_promo_text,ctr_decay_pct,-0.07097289608094035,0.07097289608094035,1080,0,"In all, higher has_promo_text is associated with lower ctr_decay_pct (spearman=-0.071, n=1080)."
vertical=ecommerce,has_price_meta,perf_score,0.07037152875897874,0.07037152875897874,180,0,"In vertical=ecommerce, higher has_price_meta is associated with higher perf_score (spearman=0.070, n=180)."
all,grounded_element_count,ctr_decay_pct,0.07027655304078334,0.07027655304078334,1080,0,"In all, higher grounded_element_count is associated with higher ctr_decay_pct (spearman=0.070, n=1080)."
vertical=fintech,text_density_meta,ctr_decay_pct,-0.07005659373304711,0.07005659373304711,180,0,"In vertical=fintech, higher text_density_meta is associated with lower ctr_decay_pct (spearman=-0.070, n=180)."
vertical=gaming,bottom_zone_element_count,overall_ctr,0.07004052159661472,0.07004052159661472,180,0,"In vertical=gaming, higher bottom_zone_element_count is associated with higher overall_ctr (spearman=0.070, n=180)."
vertical=entertainment,headline_area_relative,overall_cvr,-0.06988397447864363,0.06988397447864363,180,0,"In vertical=entertainment, higher headline_area_relative is associated with lower overall_cvr (spearman=-0.070, n=180)."
vertical=ecommerce,cta_y_relative,overall_cvr,0.0698408198798482,0.0698408198798482,180,0,"In vertical=ecommerce, higher cta_y_relative is associated with higher overall_cvr (spearman=0.070, n=180)."
vertical=fintech,product_zone_coverage,perf_score,-0.0697657874869713,0.0697657874869713,180,0,"In vertical=fintech, higher product_zone_coverage is associated with lower perf_score (spearman=-0.070, n=180)."
vertical=entertainment,product_zone_coverage,ctr_decay_pct,0.06976539270841145,0.06976539270841145,180,0,"In vertical=entertainment, higher product_zone_coverage is associated with higher ctr_decay_pct (spearman=0.070, n=180)."
vertical=entertainment,has_promo_text,ctr_decay_pct,-0.06956567903402605,0.06956567903402605,180,0,"In vertical=entertainment, higher has_promo_text is associated with lower ctr_decay_pct (spearman=-0.070, n=180)."
vertical=entertainment,has_discount_badge_meta,overall_cvr,-0.0694089570344298,0.0694089570344298,180,0,"In vertical=entertainment, higher has_discount_badge_meta is associated with lower overall_cvr (spearman=-0.069, n=180)."
vertical=fintech,badge_in_top_right,ctr_decay_pct,0.06940591345153649,0.06940591345153649,180,0,"In vertical=fintech, higher badge_in_top_right is associated with higher ctr_decay_pct (spearman=0.069, n=180)."
vertical=food_delivery,brand_visibility_meta,overall_ctr,-0.06919967015720835,0.06919967015720835,180,0,"In vertical=food_delivery, higher brand_visibility_meta is associated with lower overall_ctr (spearman=-0.069, n=180)."
vertical=ecommerce,has_promo_text,overall_roas,0.06909276294411584,0.06909276294411584,180,0,"In vertical=ecommerce, higher has_promo_text is associated with higher overall_roas (spearman=0.069, n=180)."
vertical=food_delivery,headline_y_relative,overall_ipm,-0.06888589881539439,0.06888589881539439,180,0,"In vertical=food_delivery, higher headline_y_relative is associated with lower overall_ipm (spearman=-0.069, n=180)."
vertical=travel,cta_area_relative,cvr_decay_pct,0.06861295497553163,0.06861295497553163,180,0,"In vertical=travel, higher cta_area_relative is associated with higher cvr_decay_pct (spearman=0.069, n=180)."
vertical=fintech,badge_y_relative,overall_ipm,0.0684648870542256,0.0684648870542256,180,0,"In vertical=fintech, higher badge_y_relative is associated with higher overall_ipm (spearman=0.068, n=180)."
vertical=ecommerce,has_discount_text,perf_score,0.06781418673270999,0.06781418673270999,180,0,"In vertical=ecommerce, higher has_discount_text is associated with higher perf_score (spearman=0.068, n=180)."
vertical=fintech,badge_in_top_right,overall_cvr,-0.06774680795070294,0.06774680795070294,180,0,"In vertical=fintech, higher badge_in_top_right is associated with lower overall_cvr (spearman=-0.068, n=180)."
vertical=entertainment,subhead_y_relative,cvr_decay_pct,-0.06759860547538761,0.06759860547538761,180,0,"In vertical=entertainment, higher subhead_y_relative is associated with lower cvr_decay_pct (spearman=-0.068, n=180)."
vertical=gaming,cta_y_relative,overall_ipm,-0.06750813624028214,0.06750813624028214,180,0,"In vertical=gaming, higher cta_y_relative is associated with lower overall_ipm (spearman=-0.068, n=180)."
vertical=gaming,has_discount_text,overall_roas,0.0673606223263811,0.0673606223263811,180,0,"In vertical=gaming, higher has_discount_text is associated with higher overall_roas (spearman=0.067, n=180)."
vertical=gaming,bottom_zone_element_count,perf_score,0.06718732992767491,0.06718732992767491,180,0,"In vertical=gaming, higher bottom_zone_element_count is associated with higher perf_score (spearman=0.067, n=180)."
vertical=gaming,has_discount_text,ctr_decay_pct,0.0671364605216344,0.0671364605216344,180,0,"In vertical=gaming, higher has_discount_text is associated with higher ctr_decay_pct (spearman=0.067, n=180)."
vertical=fintech,bottom_zone_element_count,ctr_decay_pct,0.06706731328085047,0.06706731328085047,180,0,"In vertical=fintech, higher bottom_zone_element_count is associated with higher ctr_decay_pct (spearman=0.067, n=180)."
vertical=gaming,bottom_zone_element_count,overall_roas,0.06692760952565406,0.06692760952565406,180,0,"In vertical=gaming, higher bottom_zone_element_count is associated with higher overall_roas (spearman=0.067, n=180)."
vertical=travel,text_density_meta,cvr_decay_pct,0.06689785272963425,0.06689785272963425,180,0,"In vertical=travel, higher text_density_meta is associated with higher cvr_decay_pct (spearman=0.067, n=180)."
vertical=fintech,product_zone_coverage,overall_ipm,-0.0668884692977553,0.0668884692977553,180,0,"In vertical=fintech, higher product_zone_coverage is associated with lower overall_ipm (spearman=-0.067, n=180)."
vertical=travel,middle_zone_element_count,cvr_decay_pct,0.06683698860803138,0.06683698860803138,180,0,"In vertical=travel, higher middle_zone_element_count is associated with higher cvr_decay_pct (spearman=0.067, n=180)."
vertical=entertainment,has_discount_text,overall_ctr,0.0667024092174596,0.0667024092174596,180,0,"In vertical=entertainment, higher has_discount_text is associated with higher overall_ctr (spearman=0.067, n=180)."
vertical=ecommerce,headline_y_relative,perf_score,-0.06668379943925908,0.06668379943925908,180,0,"In vertical=ecommerce, higher headline_y_relative is associated with lower perf_score (spearman=-0.067, n=180)."
vertical=fintech,has_price_meta,overall_roas,-0.06627207109347598,0.06627207109347598,180,0,"In vertical=fintech, higher has_price_meta is associated with lower overall_roas (spearman=-0.066, n=180)."
vertical=food_delivery,has_discount_text,overall_roas,-0.06613496558383078,0.06613496558383078,180,0,"In vertical=food_delivery, higher has_discount_text is associated with lower overall_roas (spearman=-0.066, n=180)."
vertical=ecommerce,has_discount_text,overall_cvr,0.06612346030725563,0.06612346030725563,180,0,"In vertical=ecommerce, higher has_discount_text is associated with higher overall_cvr (spearman=0.066, n=180)."
vertical=entertainment,top_zone_element_count,overall_ipm,0.06604772530411578,0.06604772530411578,180,0,"In vertical=entertainment, higher top_zone_element_count is associated with higher overall_ipm (spearman=0.066, n=180)."
vertical=entertainment,middle_zone_element_count,overall_roas,-0.06600652145688207,0.06600652145688207,180,0,"In vertical=entertainment, higher middle_zone_element_count is associated with lower overall_roas (spearman=-0.066, n=180)."
vertical=entertainment,top_zone_element_count,overall_roas,-0.0659767204792594,0.0659767204792594,180,0,"In vertical=entertainment, higher top_zone_element_count is associated with lower overall_roas (spearman=-0.066, n=180)."
vertical=food_delivery,cta_y_relative,overall_ctr,0.0655347559481337,0.0655347559481337,180,0,"In vertical=food_delivery, higher cta_y_relative is associated with higher overall_ctr (spearman=0.066, n=180)."
vertical=fintech,has_price_text,overall_roas,0.06539356137502503,0.06539356137502503,180,0,"In vertical=fintech, higher has_price_text is associated with higher overall_roas (spearman=0.065, n=180)."
vertical=food_delivery,text_area_total_rel,overall_ctr,0.06526333117277282,0.06526333117277282,180,0,"In vertical=food_delivery, higher text_area_total_rel is associated with higher overall_ctr (spearman=0.065, n=180)."
all,product_zone_coverage,cvr_decay_pct,0.06508599921986168,0.06508599921986168,1080,0,"In all, higher product_zone_coverage is associated with higher cvr_decay_pct (spearman=0.065, n=1080)."
vertical=entertainment,cta_x_relative,overall_roas,-0.06493988881474788,0.06493988881474788,180,0,"In vertical=entertainment, higher cta_x_relative is associated with lower overall_roas (spearman=-0.065, n=180)."
vertical=ecommerce,product_zone_coverage,overall_ipm,-0.06471227122482663,0.06471227122482663,180,0,"In vertical=ecommerce, higher product_zone_coverage is associated with lower overall_ipm (spearman=-0.065, n=180)."
vertical=fintech,subhead_y_relative,ctr_decay_pct,0.0645018328440337,0.0645018328440337,180,0,"In vertical=fintech, higher subhead_y_relative is associated with higher ctr_decay_pct (spearman=0.065, n=180)."
vertical=gaming,text_area_total_rel,cvr_decay_pct,-0.06429622313445889,0.06429622313445889,180,0,"In vertical=gaming, higher text_area_total_rel is associated with lower cvr_decay_pct (spearman=-0.064, n=180)."
vertical=fintech,cta_y_relative,overall_ipm,0.06406150865856931,0.06406150865856931,180,0,"In vertical=fintech, higher cta_y_relative is associated with higher overall_ipm (spearman=0.064, n=180)."
vertical=ecommerce,avg_text_area_rel,overall_ipm,0.06401432142967375,0.06401432142967375,180,0,"In vertical=ecommerce, higher avg_text_area_rel is associated with higher overall_ipm (spearman=0.064, n=180)."
vertical=food_delivery,headline_y_relative,overall_cvr,0.06396687496318669,0.06396687496318669,180,0,"In vertical=food_delivery, higher headline_y_relative is associated with higher overall_cvr (spearman=0.064, n=180)."
vertical=entertainment,brand_visibility_meta,overall_ctr,0.06393396409554168,0.06393396409554168,180,0,"In vertical=entertainment, higher brand_visibility_meta is associated with higher overall_ctr (spearman=0.064, n=180)."
vertical=gaming,cta_x_relative,overall_ipm,0.06374950651599941,0.06374950651599941,180,0,"In vertical=gaming, higher cta_x_relative is associated with higher overall_ipm (spearman=0.064, n=180)."
vertical=gaming,bottom_text_ratio,overall_roas,0.06373999259738103,0.06373999259738103,180,0,"In vertical=gaming, higher bottom_text_ratio is associated with higher overall_roas (spearman=0.064, n=180)."
vertical=fintech,has_promo_text,cvr_decay_pct,-0.06323376146007259,0.06323376146007259,180,0,"In vertical=fintech, higher has_promo_text is associated with lower cvr_decay_pct (spearman=-0.063, n=180)."
vertical=ecommerce,badge_y_relative,overall_roas,0.06289707462623971,0.06289707462623971,180,0,"In vertical=ecommerce, higher badge_y_relative is associated with higher overall_roas (spearman=0.063, n=180)."
vertical=fintech,avg_text_area_rel,ctr_decay_pct,-0.06283839153389904,0.06283839153389904,180,0,"In vertical=fintech, higher avg_text_area_rel is associated with lower ctr_decay_pct (spearman=-0.063, n=180)."
vertical=entertainment,badge_in_top_right,overall_cvr,-0.06278387358743646,0.06278387358743646,180,0,"In vertical=entertainment, higher badge_in_top_right is associated with lower overall_cvr (spearman=-0.063, n=180)."
vertical=food_delivery,has_price_text,ctr_decay_pct,-0.06259355855002366,0.06259355855002366,180,0,"In vertical=food_delivery, higher has_price_text is associated with lower ctr_decay_pct (spearman=-0.063, n=180)."
vertical=travel,badge_y_relative,cvr_decay_pct,-0.06256873538166388,0.06256873538166388,180,0,"In vertical=travel, higher badge_y_relative is associated with lower cvr_decay_pct (spearman=-0.063, n=180)."
vertical=ecommerce,badge_y_relative,cvr_decay_pct,-0.06256462351258582,0.06256462351258582,180,0,"In vertical=ecommerce, higher badge_y_relative is associated with lower cvr_decay_pct (spearman=-0.063, n=180)."
vertical=gaming,ocr_element_count,cvr_decay_pct,-0.06254329394221356,0.06254329394221356,180,0,"In vertical=gaming, higher ocr_element_count is associated with lower cvr_decay_pct (spearman=-0.063, n=180)."
vertical=ecommerce,has_promo_text,perf_score,0.06254092735429692,0.06254092735429692,180,0,"In vertical=ecommerce, higher has_promo_text is associated with higher perf_score (spearman=0.063, n=180)."
all,grounded_element_count,overall_ctr,-0.062437406690502885,0.062437406690502885,1080,0,"In all, higher grounded_element_count is associated with lower overall_ctr (spearman=-0.062, n=1080)."
vertical=food_delivery,middle_zone_element_count,perf_score,0.0619909034848026,0.0619909034848026,180,0,"In vertical=food_delivery, higher middle_zone_element_count is associated with higher perf_score (spearman=0.062, n=180)."
vertical=ecommerce,cta_area_relative,ctr_decay_pct,0.06198493171102357,0.06198493171102357,180,0,"In vertical=ecommerce, higher cta_area_relative is associated with higher ctr_decay_pct (spearman=0.062, n=180)."
vertical=food_delivery,image_aspect_ratio,overall_ipm,-0.061778792469197985,0.061778792469197985,180,0,"In vertical=food_delivery, higher image_aspect_ratio is associated with lower overall_ipm (spearman=-0.062, n=180)."
vertical=travel,image_aspect_ratio,overall_cvr,-0.061716216962782545,0.061716216962782545,180,0,"In vertical=travel, higher image_aspect_ratio is associated with lower overall_cvr (spearman=-0.062, n=180)."
vertical=ecommerce,text_density_meta,overall_roas,-0.06147999117676593,0.06147999117676593,180,0,"In vertical=ecommerce, higher text_density_meta is associated with lower overall_roas (spearman=-0.061, n=180)."
vertical=ecommerce,badge_in_top_right,overall_cvr,-0.06138537293267844,0.06138537293267844,180,0,"In vertical=ecommerce, higher badge_in_top_right is associated with lower overall_cvr (spearman=-0.061, n=180)."
all,badge_in_top_right,overall_ipm,-0.06123717317110622,0.06123717317110622,1080,0,"In all, higher badge_in_top_right is associated with lower overall_ipm (spearman=-0.061, n=1080)."
vertical=food_delivery,badge_y_relative,overall_ipm,-0.061043329501572936,0.061043329501572936,180,0,"In vertical=food_delivery, higher badge_y_relative is associated with lower overall_ipm (spearman=-0.061, n=180)."
all,headline_area_relative,overall_ipm,-0.061021425262412186,0.061021425262412186,1080,0,"In all, higher headline_area_relative is associated with lower overall_ipm (spearman=-0.061, n=1080)."
vertical=gaming,headline_y_relative,ctr_decay_pct,0.060975627007824454,0.060975627007824454,180,0,"In vertical=gaming, higher headline_y_relative is associated with higher ctr_decay_pct (spearman=0.061, n=180)."
vertical=ecommerce,brand_visibility_meta,ctr_decay_pct,0.0605783748770139,0.0605783748770139,180,0,"In vertical=ecommerce, higher brand_visibility_meta is associated with higher ctr_decay_pct (spearman=0.061, n=180)."
vertical=entertainment,grounded_element_count,overall_cvr,-0.060537422358302256,0.060537422358302256,180,0,"In vertical=entertainment, higher grounded_element_count is associated with lower overall_cvr (spearman=-0.061, n=180)."
vertical=food_delivery,top_zone_element_count,overall_roas,0.060442809671423035,0.060442809671423035,180,0,"In vertical=food_delivery, higher top_zone_element_count is associated with higher overall_roas (spearman=0.060, n=180)."
vertical=gaming,text_density_meta,ctr_decay_pct,0.0603685682248863,0.0603685682248863,180,0,"In vertical=gaming, higher text_density_meta is associated with higher ctr_decay_pct (spearman=0.060, n=180)."
all,has_discount_text,perf_score,-0.060233044550471626,0.060233044550471626,1080,0,"In all, higher has_discount_text is associated with lower perf_score (spearman=-0.060, n=1080)."
vertical=ecommerce,logo_in_top_left,cvr_decay_pct,-0.0601952709443001,0.0601952709443001,180,0,"In vertical=ecommerce, higher logo_in_top_left is associated with lower cvr_decay_pct (spearman=-0.060, n=180)."
vertical=food_delivery,logo_in_top_left,cvr_decay_pct,0.06014822845162092,0.06014822845162092,180,0,"In vertical=food_delivery, higher logo_in_top_left is associated with higher cvr_decay_pct (spearman=0.060, n=180)."
vertical=ecommerce,has_discount_text,ctr_decay_pct,-0.060112236642959664,0.060112236642959664,180,0,"In vertical=ecommerce, higher has_discount_text is associated with lower ctr_decay_pct (spearman=-0.060, n=180)."
vertical=ecommerce,has_price_meta,cvr_decay_pct,0.05938363247053526,0.05938363247053526,180,0,"In vertical=ecommerce, higher has_price_meta is associated with higher cvr_decay_pct (spearman=0.059, n=180)."
vertical=food_delivery,headline_area_relative,cvr_decay_pct,-0.059342580354424954,0.059342580354424954,180,0,"In vertical=food_delivery, higher headline_area_relative is associated with lower cvr_decay_pct (spearman=-0.059, n=180)."
vertical=ecommerce,headline_y_relative,overall_cvr,0.059299259736136326,0.059299259736136326,180,0,"In vertical=ecommerce, higher headline_y_relative is associated with higher overall_cvr (spearman=0.059, n=180)."
vertical=fintech,headline_area_relative,perf_score,0.059252373381551315,0.059252373381551315,180,0,"In vertical=fintech, higher headline_area_relative is associated with higher perf_score (spearman=0.059, n=180)."
vertical=travel,text_area_total_rel,overall_ctr,0.059224050125003855,0.059224050125003855,180,0,"In vertical=travel, higher text_area_total_rel is associated with higher overall_ctr (spearman=0.059, n=180)."
vertical=ecommerce,ocr_element_count,overall_ctr,0.059195164615993716,0.059195164615993716,180,0,"In vertical=ecommerce, higher ocr_element_count is associated with higher overall_ctr (spearman=0.059, n=180)."
vertical=travel,brand_visibility_meta,overall_ctr,0.05917322314394081,0.05917322314394081,180,0,"In vertical=travel, higher brand_visibility_meta is associated with higher overall_ctr (spearman=0.059, n=180)."
vertical=entertainment,cta_area_relative,overall_cvr,-0.05911802880040793,0.05911802880040793,180,0,"In vertical=entertainment, higher cta_area_relative is associated with lower overall_cvr (spearman=-0.059, n=180)."
vertical=food_delivery,bottom_text_ratio,overall_roas,-0.05907074605801768,0.05907074605801768,180,0,"In vertical=food_delivery, higher bottom_text_ratio is associated with lower overall_roas (spearman=-0.059, n=180)."
vertical=food_delivery,cta_headline_distance,perf_score,0.058919476615760205,0.058919476615760205,180,0,"In vertical=food_delivery, higher cta_headline_distance is associated with higher perf_score (spearman=0.059, n=180)."
vertical=food_delivery,middle_zone_element_count,cvr_decay_pct,0.058609430726885674,0.058609430726885674,180,0,"In vertical=food_delivery, higher middle_zone_element_count is associated with higher cvr_decay_pct (spearman=0.059, n=180)."
vertical=fintech,cta_area_relative,perf_score,-0.05850191984328937,0.05850191984328937,180,0,"In vertical=fintech, higher cta_area_relative is associated with lower perf_score (spearman=-0.059, n=180)."
vertical=fintech,headline_y_relative,cvr_decay_pct,0.058489848711560516,0.058489848711560516,180,0,"In vertical=fintech, higher headline_y_relative is associated with higher cvr_decay_pct (spearman=0.058, n=180)."
vertical=gaming,cta_y_relative,overall_ctr,-0.05848033620728826,0.05848033620728826,180,0,"In vertical=gaming, higher cta_y_relative is associated with lower overall_ctr (spearman=-0.058, n=180)."
vertical=food_delivery,has_discount_text,perf_score,-0.05812846066696011,0.05812846066696011,180,0,"In vertical=food_delivery, higher has_discount_text is associated with lower perf_score (spearman=-0.058, n=180)."
vertical=food_delivery,image_aspect_ratio,overall_cvr,0.057999515024064106,0.057999515024064106,180,0,"In vertical=food_delivery, higher image_aspect_ratio is associated with higher overall_cvr (spearman=0.058, n=180)."
vertical=travel,ocr_element_count,perf_score,0.05797636378592348,0.05797636378592348,180,0,"In vertical=travel, higher ocr_element_count is associated with higher perf_score (spearman=0.058, n=180)."
vertical=food_delivery,bottom_zone_element_count,overall_roas,-0.05779092471566641,0.05779092471566641,180,0,"In vertical=food_delivery, higher bottom_zone_element_count is associated with lower overall_roas (spearman=-0.058, n=180)."
vertical=gaming,brand_visibility_meta,perf_score,-0.05761256115047086,0.05761256115047086,180,0,"In vertical=gaming, higher brand_visibility_meta is associated with lower perf_score (spearman=-0.058, n=180)."
vertical=gaming,grounded_element_count,overall_roas,-0.05716739122439523,0.05716739122439523,180,0,"In vertical=gaming, higher grounded_element_count is associated with lower overall_roas (spearman=-0.057, n=180)."
vertical=gaming,logo_in_top_left,cvr_decay_pct,-0.05686977237546236,0.05686977237546236,180,0,"In vertical=gaming, higher logo_in_top_left is associated with lower cvr_decay_pct (spearman=-0.057, n=180)."
vertical=fintech,has_discount_badge_meta,ctr_decay_pct,-0.05673160040907663,0.05673160040907663,180,0,"In vertical=fintech, higher has_discount_badge_meta is associated with lower ctr_decay_pct (spearman=-0.057, n=180)."
vertical=ecommerce,cta_area_relative,overall_cvr,0.056241527683818196,0.056241527683818196,180,0,"In vertical=ecommerce, higher cta_area_relative is associated with higher overall_cvr (spearman=0.056, n=180)."
vertical=entertainment,middle_zone_element_count,overall_ctr,0.05611327233922293,0.05611327233922293,180,0,"In vertical=entertainment, higher middle_zone_element_count is associated with higher overall_ctr (spearman=0.056, n=180)."
vertical=ecommerce,avg_text_area_rel,ctr_decay_pct,0.056055228042017756,0.056055228042017756,180,0,"In vertical=ecommerce, higher avg_text_area_rel is associated with higher ctr_decay_pct (spearman=0.056, n=180)."
vertical=food_delivery,bottom_text_ratio,overall_ctr,-0.05598737716340715,0.05598737716340715,180,0,"In vertical=food_delivery, higher bottom_text_ratio is associated with lower overall_ctr (spearman=-0.056, n=180)."
all,has_discount_text,overall_ctr,0.05572998559681988,0.05572998559681988,1080,0,"In all, higher has_discount_text is associated with higher overall_ctr (spearman=0.056, n=1080)."
vertical=fintech,has_price_text,overall_ipm,0.055680528079252736,0.055680528079252736,180,0,"In vertical=fintech, higher has_price_text is associated with higher overall_ipm (spearman=0.056, n=180)."
vertical=travel,has_discount_badge_meta,cvr_decay_pct,0.05565923961618146,0.05565923961618146,180,0,"In vertical=travel, higher has_discount_badge_meta is associated with higher cvr_decay_pct (spearman=0.056, n=180)."
vertical=ecommerce,has_price_text,perf_score,0.05554834978524867,0.05554834978524867,180,0,"In vertical=ecommerce, higher has_price_text is associated with higher perf_score (spearman=0.056, n=180)."
all,subhead_y_relative,cvr_decay_pct,0.05520505981655957,0.05520505981655957,1080,0,"In all, higher subhead_y_relative is associated with higher cvr_decay_pct (spearman=0.055, n=1080)."
vertical=travel,grounded_element_count,overall_cvr,0.054927061109472444,0.054927061109472444,180,0,"In vertical=travel, higher grounded_element_count is associated with higher overall_cvr (spearman=0.055, n=180)."
vertical=travel,grounded_element_count,cvr_decay_pct,-0.0547928813610516,0.0547928813610516,180,0,"In vertical=travel, higher grounded_element_count is associated with lower cvr_decay_pct (spearman=-0.055, n=180)."
vertical=ecommerce,badge_in_top_right,ctr_decay_pct,-0.054703971797148816,0.054703971797148816,180,0,"In vertical=ecommerce, higher badge_in_top_right is associated with lower ctr_decay_pct (spearman=-0.055, n=180)."
vertical=fintech,badge_in_top_right,cvr_decay_pct,-0.05447396394403461,0.05447396394403461,180,0,"In vertical=fintech, higher badge_in_top_right is associated with lower cvr_decay_pct (spearman=-0.054, n=180)."
vertical=travel,product_zone_coverage,overall_cvr,-0.054263109391325726,0.054263109391325726,180,0,"In vertical=travel, higher product_zone_coverage is associated with lower overall_cvr (spearman=-0.054, n=180)."
vertical=food_delivery,cta_x_relative,cvr_decay_pct,-0.05419566624965217,0.05419566624965217,180,0,"In vertical=food_delivery, higher cta_x_relative is associated with lower cvr_decay_pct (spearman=-0.054, n=180)."
vertical=entertainment,ocr_element_count,overall_roas,-0.05410943478128137,0.05410943478128137,180,0,"In vertical=entertainment, higher ocr_element_count is associated with lower overall_roas (spearman=-0.054, n=180)."
vertical=food_delivery,top_zone_element_count,overall_ctr,0.05408610133421557,0.05408610133421557,180,0,"In vertical=food_delivery, higher top_zone_element_count is associated with higher overall_ctr (spearman=0.054, n=180)."
vertical=entertainment,text_area_total_rel,perf_score,0.05395041907343512,0.05395041907343512,180,0,"In vertical=entertainment, higher text_area_total_rel is associated with higher perf_score (spearman=0.054, n=180)."
vertical=food_delivery,has_promo_text,overall_ipm,0.05367823159523706,0.05367823159523706,180,0,"In vertical=food_delivery, higher has_promo_text is associated with higher overall_ipm (spearman=0.054, n=180)."
vertical=gaming,cta_y_relative,ctr_decay_pct,-0.05360100546268484,0.05360100546268484,180,0,"In vertical=gaming, higher cta_y_relative is associated with lower ctr_decay_pct (spearman=-0.054, n=180)."
vertical=gaming,headline_area_relative,overall_roas,0.05327347787837139,0.05327347787837139,180,0,"In vertical=gaming, higher headline_area_relative is associated with higher overall_roas (spearman=0.053, n=180)."
vertical=ecommerce,subhead_y_relative,cvr_decay_pct,-0.05251090149662329,0.05251090149662329,180,0,"In vertical=ecommerce, higher subhead_y_relative is associated with lower cvr_decay_pct (spearman=-0.053, n=180)."
vertical=fintech,product_zone_coverage,overall_ctr,-0.05250385224447459,0.05250385224447459,180,0,"In vertical=fintech, higher product_zone_coverage is associated with lower overall_ctr (spearman=-0.053, n=180)."
vertical=fintech,brand_visibility_meta,overall_ctr,0.052341534728485246,0.052341534728485246,180,0,"In vertical=fintech, higher brand_visibility_meta is associated with higher overall_ctr (spearman=0.052, n=180)."
all,logo_in_top_left,overall_cvr,-0.05233881098298849,0.05233881098298849,1080,0,"In all, higher logo_in_top_left is associated with lower overall_cvr (spearman=-0.052, n=1080)."
all,text_density_meta,ctr_decay_pct,0.05222231103154248,0.05222231103154248,1080,0,"In all, higher text_density_meta is associated with higher ctr_decay_pct (spearman=0.052, n=1080)."
vertical=travel,ocr_element_count,ctr_decay_pct,-0.05206759864793298,0.05206759864793298,180,0,"In vertical=travel, higher ocr_element_count is associated with lower ctr_decay_pct (spearman=-0.052, n=180)."
vertical=gaming,cta_y_relative,overall_cvr,-0.051866247659656695,0.051866247659656695,180,0,"In vertical=gaming, higher cta_y_relative is associated with lower overall_cvr (spearman=-0.052, n=180)."
vertical=entertainment,brand_visibility_meta,ctr_decay_pct,0.05159081275819253,0.05159081275819253,180,0,"In vertical=entertainment, higher brand_visibility_meta is associated with higher ctr_decay_pct (spearman=0.052, n=180)."
vertical=gaming,headline_area_relative,ctr_decay_pct,0.051589856803061884,0.051589856803061884,180,0,"In vertical=gaming, higher headline_area_relative is associated with higher ctr_decay_pct (spearman=0.052, n=180)."
vertical=fintech,ocr_element_count,overall_roas,-0.051584050517887704,0.051584050517887704,180,0,"In vertical=fintech, higher ocr_element_count is associated with lower overall_roas (spearman=-0.052, n=180)."
vertical=food_delivery,has_promo_text,cvr_decay_pct,-0.051344395438922406,0.051344395438922406,180,0,"In vertical=food_delivery, higher has_promo_text is associated with lower cvr_decay_pct (spearman=-0.051, n=180)."
vertical=entertainment,logo_in_top_left,cvr_decay_pct,-0.05131008770595486,0.05131008770595486,180,0,"In vertical=entertainment, higher logo_in_top_left is associated with lower cvr_decay_pct (spearman=-0.051, n=180)."
vertical=entertainment,grounded_element_count,overall_roas,-0.05116318323008631,0.05116318323008631,180,0,"In vertical=entertainment, higher grounded_element_count is associated with lower overall_roas (spearman=-0.051, n=180)."
vertical=entertainment,has_discount_badge_meta,overall_ipm,-0.05110820308966053,0.05110820308966053,180,0,"In vertical=entertainment, higher has_discount_badge_meta is associated with lower overall_ipm (spearman=-0.051, n=180)."
vertical=entertainment,bottom_text_ratio,overall_ipm,-0.05108083125295875,0.05108083125295875,180,0,"In vertical=entertainment, higher bottom_text_ratio is associated with lower overall_ipm (spearman=-0.051, n=180)."
vertical=fintech,has_price_meta,cvr_decay_pct,0.05106679071272176,0.05106679071272176,180,0,"In vertical=fintech, higher has_price_meta is associated with higher cvr_decay_pct (spearman=0.051, n=180)."
vertical=entertainment,product_zone_coverage,overall_cvr,0.05106539053914652,0.05106539053914652,180,0,"In vertical=entertainment, higher product_zone_coverage is associated with higher overall_cvr (spearman=0.051, n=180)."
vertical=gaming,cta_x_relative,perf_score,0.050955307294481576,0.050955307294481576,180,0,"In vertical=gaming, higher cta_x_relative is associated with higher perf_score (spearman=0.051, n=180)."
vertical=ecommerce,has_discount_text,overall_ipm,0.05071969966749722,0.05071969966749722,180,0,"In vertical=ecommerce, higher has_discount_text is associated with higher overall_ipm (spearman=0.051, n=180)."
all,has_discount_text,overall_ipm,-0.0507079783072163,0.0507079783072163,1080,0,"In all, higher has_discount_text is associated with lower overall_ipm (spearman=-0.051, n=1080)."
all,bottom_text_ratio,cvr_decay_pct,0.0506568232697567,0.0506568232697567,1080,0,"In all, higher bottom_text_ratio is associated with higher cvr_decay_pct (spearman=0.051, n=1080)."
vertical=gaming,top_zone_element_count,overall_roas,-0.05031671981119952,0.05031671981119952,180,0,"In vertical=gaming, higher top_zone_element_count is associated with lower overall_roas (spearman=-0.050, n=180)."
all,brand_visibility_meta,cvr_decay_pct,0.050300787160125676,0.050300787160125676,1080,0,"In all, higher brand_visibility_meta is associated with higher cvr_decay_pct (spearman=0.050, n=1080)."
vertical=gaming,brand_visibility_meta,overall_ipm,-0.050169040928487285,0.050169040928487285,180,0,"In vertical=gaming, higher brand_visibility_meta is associated with lower overall_ipm (spearman=-0.050, n=180)."
all,product_zone_coverage,overall_roas,-0.05010106109443823,0.05010106109443823,1080,0,"In all, higher product_zone_coverage is associated with lower overall_roas (spearman=-0.050, n=1080)."
vertical=food_delivery,ocr_element_count,cvr_decay_pct,-0.049825232746580406,0.049825232746580406,180,0,"In vertical=food_delivery, higher ocr_element_count is associated with lower cvr_decay_pct (spearman=-0.050, n=180)."
vertical=travel,has_price_text,ctr_decay_pct,0.0497446840409109,0.0497446840409109,180,0,"In vertical=travel, higher has_price_text is associated with higher ctr_decay_pct (spearman=0.050, n=180)."
vertical=travel,has_price_meta,ctr_decay_pct,0.0497446840409109,0.0497446840409109,180,0,"In vertical=travel, higher has_price_meta is associated with higher ctr_decay_pct (spearman=0.050, n=180)."
vertical=entertainment,avg_text_area_rel,overall_ipm,0.04964968054569586,0.04964968054569586,180,0,"In vertical=entertainment, higher avg_text_area_rel is associated with higher overall_ipm (spearman=0.050, n=180)."
vertical=ecommerce,brand_visibility_meta,overall_roas,-0.049497529458011544,0.049497529458011544,180,0,"In vertical=ecommerce, higher brand_visibility_meta is associated with lower overall_roas (spearman=-0.049, n=180)."
vertical=travel,grounded_element_count,ctr_decay_pct,-0.049370751684706816,0.049370751684706816,180,0,"In vertical=travel, higher grounded_element_count is associated with lower ctr_decay_pct (spearman=-0.049, n=180)."
vertical=food_delivery,grounded_element_count,cvr_decay_pct,0.04901093501578021,0.04901093501578021,180,0,"In vertical=food_delivery, higher grounded_element_count is associated with higher cvr_decay_pct (spearman=0.049, n=180)."
vertical=ecommerce,cta_x_relative,overall_cvr,0.04889511139788777,0.04889511139788777,180,0,"In vertical=ecommerce, higher cta_x_relative is associated with higher overall_cvr (spearman=0.049, n=180)."
vertical=travel,grounded_element_count,overall_roas,-0.04885093722625755,0.04885093722625755,180,0,"In vertical=travel, higher grounded_element_count is associated with lower overall_roas (spearman=-0.049, n=180)."
vertical=food_delivery,headline_area_relative,perf_score,0.04882148633295937,0.04882148633295937,180,0,"In vertical=food_delivery, higher headline_area_relative is associated with higher perf_score (spearman=0.049, n=180)."
vertical=travel,has_discount_badge_meta,overall_ctr,-0.048795672495881626,0.048795672495881626,180,0,"In vertical=travel, higher has_discount_badge_meta is associated with lower overall_ctr (spearman=-0.049, n=180)."
vertical=travel,top_zone_element_count,overall_roas,-0.04877235516696415,0.04877235516696415,180,0,"In vertical=travel, higher top_zone_element_count is associated with lower overall_roas (spearman=-0.049, n=180)."
vertical=ecommerce,cta_headline_distance,overall_cvr,-0.04869678274086882,0.04869678274086882,180,0,"In vertical=ecommerce, higher cta_headline_distance is associated with lower overall_cvr (spearman=-0.049, n=180)."
vertical=gaming,headline_y_relative,cvr_decay_pct,0.04854184494319724,0.04854184494319724,180,0,"In vertical=gaming, higher headline_y_relative is associated with higher cvr_decay_pct (spearman=0.049, n=180)."
vertical=food_delivery,brand_visibility_meta,overall_roas,0.04850222052886775,0.04850222052886775,180,0,"In vertical=food_delivery, higher brand_visibility_meta is associated with higher overall_roas (spearman=0.049, n=180)."
vertical=entertainment,bottom_zone_element_count,overall_roas,0.04821163216134597,0.04821163216134597,180,0,"In vertical=entertainment, higher bottom_zone_element_count is associated with higher overall_roas (spearman=0.048, n=180)."
vertical=entertainment,product_zone_coverage,overall_ipm,-0.04818846712849038,0.04818846712849038,180,0,"In vertical=entertainment, higher product_zone_coverage is associated with lower overall_ipm (spearman=-0.048, n=180)."
vertical=fintech,ocr_element_count,overall_ctr,-0.04818019739059492,0.04818019739059492,180,0,"In vertical=fintech, higher ocr_element_count is associated with lower overall_ctr (spearman=-0.048, n=180)."
vertical=gaming,has_price_text,overall_ipm,0.047837541940700445,0.047837541940700445,180,0,"In vertical=gaming, higher has_price_text is associated with higher overall_ipm (spearman=0.048, n=180)."
vertical=gaming,has_price_meta,overall_ipm,0.047837541940700445,0.047837541940700445,180,0,"In vertical=gaming, higher has_price_meta is associated with higher overall_ipm (spearman=0.048, n=180)."
vertical=entertainment,bottom_text_ratio,overall_roas,0.04772237261812109,0.04772237261812109,180,0,"In vertical=entertainment, higher bottom_text_ratio is associated with higher overall_roas (spearman=0.048, n=180)."
vertical=travel,brand_visibility_meta,ctr_decay_pct,0.04730421436003975,0.04730421436003975,180,0,"In vertical=travel, higher brand_visibility_meta is associated with higher ctr_decay_pct (spearman=0.047, n=180)."
vertical=fintech,image_aspect_ratio,cvr_decay_pct,0.04696503418784269,0.04696503418784269,180,0,"In vertical=fintech, higher image_aspect_ratio is associated with higher cvr_decay_pct (spearman=0.047, n=180)."
vertical=ecommerce,subhead_y_relative,overall_roas,0.046920611960746,0.046920611960746,180,0,"In vertical=ecommerce, higher subhead_y_relative is associated with higher overall_roas (spearman=0.047, n=180)."
all,bottom_zone_element_count,cvr_decay_pct,0.04664898511913229,0.04664898511913229,1080,0,"In all, higher bottom_zone_element_count is associated with higher cvr_decay_pct (spearman=0.047, n=1080)."
all,headline_area_relative,overall_roas,-0.04660165822414596,0.04660165822414596,1080,0,"In all, higher headline_area_relative is associated with lower overall_roas (spearman=-0.047, n=1080)."
vertical=gaming,has_promo_text,overall_ipm,-0.04641926377398149,0.04641926377398149,180,0,"In vertical=gaming, higher has_promo_text is associated with lower overall_ipm (spearman=-0.046, n=180)."
vertical=food_delivery,badge_y_relative,perf_score,-0.04639659053031997,0.04639659053031997,180,0,"In vertical=food_delivery, higher badge_y_relative is associated with lower perf_score (spearman=-0.046, n=180)."
vertical=travel,bottom_zone_element_count,ctr_decay_pct,-0.04635596750178417,0.04635596750178417,180,0,"In vertical=travel, higher bottom_zone_element_count is associated with lower ctr_decay_pct (spearman=-0.046, n=180)."
vertical=travel,has_discount_text,overall_ctr,-0.0463374600180082,0.0463374600180082,180,0,"In vertical=travel, higher has_discount_text is associated with lower overall_ctr (spearman=-0.046, n=180)."
vertical=travel,logo_in_top_left,ctr_decay_pct,0.04630947651247969,0.04630947651247969,180,0,"In vertical=travel, higher logo_in_top_left is associated with higher ctr_decay_pct (spearman=0.046, n=180)."
vertical=gaming,subhead_y_relative,overall_ctr,-0.04612132357809606,0.04612132357809606,180,0,"In vertical=gaming, higher subhead_y_relative is associated with lower overall_ctr (spearman=-0.046, n=180)."
vertical=food_delivery,bottom_zone_element_count,overall_ctr,-0.046112227891609466,0.046112227891609466,180,0,"In vertical=food_delivery, higher bottom_zone_element_count is associated with lower overall_ctr (spearman=-0.046, n=180)."
vertical=ecommerce,bottom_text_ratio,overall_ctr,0.04607012948347444,0.04607012948347444,180,0,"In vertical=ecommerce, higher bottom_text_ratio is associated with higher overall_ctr (spearman=0.046, n=180)."
vertical=ecommerce,bottom_zone_element_count,overall_ipm,-0.045885880192858504,0.045885880192858504,180,0,"In vertical=ecommerce, higher bottom_zone_element_count is associated with lower overall_ipm (spearman=-0.046, n=180)."
vertical=gaming,logo_in_top_left,ctr_decay_pct,0.0458389975612563,0.0458389975612563,180,0,"In vertical=gaming, higher logo_in_top_left is associated with higher ctr_decay_pct (spearman=0.046, n=180)."
all,has_price_meta,overall_ctr,-0.045837203361525816,0.045837203361525816,1080,0,"In all, higher has_price_meta is associated with lower overall_ctr (spearman=-0.046, n=1080)."
vertical=food_delivery,middle_zone_element_count,overall_cvr,0.04583558044025675,0.04583558044025675,180,0,"In vertical=food_delivery, higher middle_zone_element_count is associated with higher overall_cvr (spearman=0.046, n=180)."
vertical=travel,headline_area_relative,overall_cvr,-0.045734855007260745,0.045734855007260745,180,0,"In vertical=travel, higher headline_area_relative is associated with lower overall_cvr (spearman=-0.046, n=180)."
all,avg_text_area_rel,overall_roas,0.045546225904462806,0.045546225904462806,1080,0,"In all, higher avg_text_area_rel is associated with higher overall_roas (spearman=0.046, n=1080)."
vertical=food_delivery,cta_x_relative,overall_ctr,0.045253679968237474,0.045253679968237474,180,0,"In vertical=food_delivery, higher cta_x_relative is associated with higher overall_ctr (spearman=0.045, n=180)."
all,has_discount_badge_meta,cvr_decay_pct,0.04523691507614706,0.04523691507614706,1080,0,"In all, higher has_discount_badge_meta is associated with higher cvr_decay_pct (spearman=0.045, n=1080)."
all,middle_zone_element_count,ctr_decay_pct,-0.04507138029547709,0.04507138029547709,1080,0,"In all, higher middle_zone_element_count is associated with lower ctr_decay_pct (spearman=-0.045, n=1080)."
vertical=food_delivery,text_area_total_rel,ctr_decay_pct,-0.04493760095476198,0.04493760095476198,180,0,"In vertical=food_delivery, higher text_area_total_rel is associated with lower ctr_decay_pct (spearman=-0.045, n=180)."
vertical=ecommerce,cta_area_relative,cvr_decay_pct,-0.044934779769995215,0.044934779769995215,180,0,"In vertical=ecommerce, higher cta_area_relative is associated with lower cvr_decay_pct (spearman=-0.045, n=180)."
vertical=travel,brand_visibility_meta,cvr_decay_pct,0.04476497080259629,0.04476497080259629,180,0,"In vertical=travel, higher brand_visibility_meta is associated with higher cvr_decay_pct (spearman=0.045, n=180)."
vertical=travel,text_density_meta,overall_ipm,-0.044730949159095965,0.044730949159095965,180,0,"In vertical=travel, higher text_density_meta is associated with lower overall_ipm (spearman=-0.045, n=180)."
vertical=entertainment,subhead_y_relative,perf_score,-0.04471309319658915,0.04471309319658915,180,0,"In vertical=entertainment, higher subhead_y_relative is associated with lower perf_score (spearman=-0.045, n=180)."
vertical=gaming,has_discount_badge_meta,cvr_decay_pct,0.04470901691114946,0.04470901691114946,180,0,"In vertical=gaming, higher has_discount_badge_meta is associated with higher cvr_decay_pct (spearman=0.045, n=180)."
vertical=fintech,has_discount_badge_meta,overall_ipm,0.04467420304692955,0.04467420304692955,180,0,"In vertical=fintech, higher has_discount_badge_meta is associated with higher overall_ipm (spearman=0.045, n=180)."
vertical=ecommerce,has_price_text,overall_roas,0.04464221423803361,0.04464221423803361,180,0,"In vertical=ecommerce, higher has_price_text is associated with higher overall_roas (spearman=0.045, n=180)."
vertical=fintech,top_zone_element_count,overall_ctr,-0.0445248064878819,0.0445248064878819,180,0,"In vertical=fintech, higher top_zone_element_count is associated with lower overall_ctr (spearman=-0.045, n=180)."
vertical=food_delivery,avg_text_area_rel,ctr_decay_pct,0.0444828544090867,0.0444828544090867,180,0,"In vertical=food_delivery, higher avg_text_area_rel is associated with higher ctr_decay_pct (spearman=0.044, n=180)."
all,has_promo_text,perf_score,-0.04431891762407511,0.04431891762407511,1080,0,"In all, higher has_promo_text is associated with lower perf_score (spearman=-0.044, n=1080)."
vertical=ecommerce,text_density_meta,overall_cvr,-0.04413871580216941,0.04413871580216941,180,0,"In vertical=ecommerce, higher text_density_meta is associated with lower overall_cvr (spearman=-0.044, n=180)."
vertical=food_delivery,badge_in_top_right,overall_ctr,0.04412985381943356,0.04412985381943356,180,0,"In vertical=food_delivery, higher badge_in_top_right is associated with higher overall_ctr (spearman=0.044, n=180)."
vertical=fintech,ocr_element_count,perf_score,-0.04390211594806899,0.04390211594806899,180,0,"In vertical=fintech, higher ocr_element_count is associated with lower perf_score (spearman=-0.044, n=180)."
all,top_zone_element_count,overall_roas,-0.04385510574214074,0.04385510574214074,1080,0,"In all, higher top_zone_element_count is associated with lower overall_roas (spearman=-0.044, n=1080)."
vertical=entertainment,has_discount_badge_meta,perf_score,-0.04352024231417641,0.04352024231417641,180,0,"In vertical=entertainment, higher has_discount_badge_meta is associated with lower perf_score (spearman=-0.044, n=180)."
vertical=fintech,headline_area_relative,overall_ctr,-0.043480342233017354,0.043480342233017354,180,0,"In vertical=fintech, higher headline_area_relative is associated with lower overall_ctr (spearman=-0.043, n=180)."
vertical=entertainment,has_discount_text,overall_cvr,-0.04346415052234464,0.04346415052234464,180,0,"In vertical=entertainment, higher has_discount_text is associated with lower overall_cvr (spearman=-0.043, n=180)."
vertical=entertainment,has_discount_text,overall_ipm,0.04346415052234464,0.04346415052234464,180,0,"In vertical=entertainment, higher has_discount_text is associated with higher overall_ipm (spearman=0.043, n=180)."
vertical=gaming,has_price_text,overall_cvr,-0.04341326060514433,0.04341326060514433,180,0,"In vertical=gaming, higher has_price_text is associated with lower overall_cvr (spearman=-0.043, n=180)."
vertical=gaming,has_price_meta,overall_cvr,-0.04341326060514433,0.04341326060514433,180,0,"In vertical=gaming, higher has_price_meta is associated with lower overall_cvr (spearman=-0.043, n=180)."
vertical=food_delivery,has_promo_text,overall_ctr,-0.04340935250745258,0.04340935250745258,180,0,"In vertical=food_delivery, higher has_promo_text is associated with lower overall_ctr (spearman=-0.043, n=180)."
vertical=gaming,bottom_text_ratio,ctr_decay_pct,0.043195322717806246,0.043195322717806246,180,0,"In vertical=gaming, higher bottom_text_ratio is associated with higher ctr_decay_pct (spearman=0.043, n=180)."
vertical=fintech,bottom_text_ratio,overall_cvr,-0.042935303076675,0.042935303076675,180,0,"In vertical=fintech, higher bottom_text_ratio is associated with lower overall_cvr (spearman=-0.043, n=180)."
vertical=travel,has_discount_text,overall_ipm,0.042798560923554115,0.042798560923554115,180,0,"In vertical=travel, higher has_discount_text is associated with higher overall_ipm (spearman=0.043, n=180)."
vertical=travel,cta_headline_distance,overall_cvr,-0.04230709176263529,0.04230709176263529,180,0,"In vertical=travel, higher cta_headline_distance is associated with lower overall_cvr (spearman=-0.042, n=180)."
all,has_price_text,ctr_decay_pct,0.04218371372391757,0.04218371372391757,1080,0,"In all, higher has_price_text is associated with higher ctr_decay_pct (spearman=0.042, n=1080)."
vertical=ecommerce,has_discount_text,overall_ctr,0.042078565650071766,0.042078565650071766,180,0,"In vertical=ecommerce, higher has_discount_text is associated with higher overall_ctr (spearman=0.042, n=180)."
vertical=fintech,middle_zone_element_count,cvr_decay_pct,-0.041971730161487246,0.041971730161487246,180,0,"In vertical=fintech, higher middle_zone_element_count is associated with lower cvr_decay_pct (spearman=-0.042, n=180)."
vertical=ecommerce,product_zone_coverage,cvr_decay_pct,0.04194397824922651,0.04194397824922651,180,0,"In vertical=ecommerce, higher product_zone_coverage is associated with higher cvr_decay_pct (spearman=0.042, n=180)."
vertical=travel,has_discount_text,overall_roas,0.0419138361499406,0.0419138361499406,180,0,"In vertical=travel, higher has_discount_text is associated with higher overall_roas (spearman=0.042, n=180)."
vertical=travel,bottom_text_ratio,overall_cvr,-0.04191343829948272,0.04191343829948272,180,0,"In vertical=travel, higher bottom_text_ratio is associated with lower overall_cvr (spearman=-0.042, n=180)."
vertical=ecommerce,top_zone_element_count,perf_score,0.041532948386884504,0.041532948386884504,180,0,"In vertical=ecommerce, higher top_zone_element_count is associated with higher perf_score (spearman=0.042, n=180)."
vertical=ecommerce,middle_zone_element_count,overall_roas,0.0415025187049493,0.0415025187049493,180,0,"In vertical=ecommerce, higher middle_zone_element_count is associated with higher overall_roas (spearman=0.042, n=180)."
all,cta_headline_distance,cvr_decay_pct,-0.04141418729797644,0.04141418729797644,1080,0,"In all, higher cta_headline_distance is associated with lower cvr_decay_pct (spearman=-0.041, n=1080)."
all,product_zone_coverage,overall_cvr,0.04140334918961468,0.04140334918961468,1080,0,"In all, higher product_zone_coverage is associated with higher overall_cvr (spearman=0.041, n=1080)."
vertical=gaming,has_discount_text,overall_ipm,-0.04135785297576477,0.04135785297576477,180,0,"In vertical=gaming, higher has_discount_text is associated with lower overall_ipm (spearman=-0.041, n=180)."
vertical=ecommerce,product_zone_coverage,overall_roas,-0.04133198829368524,0.04133198829368524,180,0,"In vertical=ecommerce, higher product_zone_coverage is associated with lower overall_roas (spearman=-0.041, n=180)."
vertical=gaming,grounded_element_count,cvr_decay_pct,-0.04130159935307176,0.04130159935307176,180,0,"In vertical=gaming, higher grounded_element_count is associated with lower cvr_decay_pct (spearman=-0.041, n=180)."
vertical=entertainment,text_area_total_rel,cvr_decay_pct,-0.04109797627498791,0.04109797627498791,180,0,"In vertical=entertainment, higher text_area_total_rel is associated with lower cvr_decay_pct (spearman=-0.041, n=180)."
vertical=entertainment,middle_zone_element_count,perf_score,0.04096438213811698,0.04096438213811698,180,0,"In vertical=entertainment, higher middle_zone_element_count is associated with higher perf_score (spearman=0.041, n=180)."
vertical=travel,text_density_meta,overall_cvr,-0.040581535276525485,0.040581535276525485,180,0,"In vertical=travel, higher text_density_meta is associated with lower overall_cvr (spearman=-0.041, n=180)."
vertical=gaming,has_promo_text,cvr_decay_pct,0.04054626689746802,0.04054626689746802,180,0,"In vertical=gaming, higher has_promo_text is associated with higher cvr_decay_pct (spearman=0.041, n=180)."
vertical=fintech,top_zone_element_count,ctr_decay_pct,-0.04047470595679282,0.04047470595679282,180,0,"In vertical=fintech, higher top_zone_element_count is associated with lower ctr_decay_pct (spearman=-0.040, n=180)."
vertical=entertainment,has_discount_badge_meta,overall_ctr,-0.04039556663418583,0.04039556663418583,180,0,"In vertical=entertainment, higher has_discount_badge_meta is associated with lower overall_ctr (spearman=-0.040, n=180)."
vertical=food_delivery,grounded_element_count,overall_roas,-0.039891423322962236,0.039891423322962236,180,0,"In vertical=food_delivery, higher grounded_element_count is associated with lower overall_roas (spearman=-0.040, n=180)."
vertical=food_delivery,brand_visibility_meta,overall_cvr,0.03964893454925494,0.03964893454925494,180,0,"In vertical=food_delivery, higher brand_visibility_meta is associated with higher overall_cvr (spearman=0.040, n=180)."
vertical=food_delivery,has_discount_text,cvr_decay_pct,0.039552872879433904,0.039552872879433904,180,0,"In vertical=food_delivery, higher has_discount_text is associated with higher cvr_decay_pct (spearman=0.040, n=180)."
vertical=entertainment,headline_area_relative,overall_roas,0.03948580939612235,0.03948580939612235,180,0,"In vertical=entertainment, higher headline_area_relative is associated with higher overall_roas (spearman=0.039, n=180)."
vertical=ecommerce,cta_x_relative,ctr_decay_pct,-0.039448645887767315,0.039448645887767315,180,0,"In vertical=ecommerce, higher cta_x_relative is associated with lower ctr_decay_pct (spearman=-0.039, n=180)."
vertical=fintech,bottom_zone_element_count,cvr_decay_pct,0.0394465495280669,0.0394465495280669,180,0,"In vertical=fintech, higher bottom_zone_element_count is associated with higher cvr_decay_pct (spearman=0.039, n=180)."
vertical=entertainment,has_promo_text,overall_cvr,-0.039384876745417824,0.039384876745417824,180,0,"In vertical=entertainment, higher has_promo_text is associated with lower overall_cvr (spearman=-0.039, n=180)."
vertical=entertainment,bottom_zone_element_count,cvr_decay_pct,-0.0390343697049097,0.0390343697049097,180,0,"In vertical=entertainment, higher bottom_zone_element_count is associated with lower cvr_decay_pct (spearman=-0.039, n=180)."
vertical=travel,bottom_zone_element_count,overall_ctr,-0.03898922626818497,0.03898922626818497,180,0,"In vertical=travel, higher bottom_zone_element_count is associated with lower overall_ctr (spearman=-0.039, n=180)."
vertical=entertainment,cta_x_relative,cvr_decay_pct,0.03872757842848123,0.03872757842848123,180,0,"In vertical=entertainment, higher cta_x_relative is associated with higher cvr_decay_pct (spearman=0.039, n=180)."
vertical=ecommerce,bottom_zone_element_count,overall_roas,-0.03833927783512997,0.03833927783512997,180,0,"In vertical=ecommerce, higher bottom_zone_element_count is associated with lower overall_roas (spearman=-0.038, n=180)."
vertical=ecommerce,text_area_total_rel,overall_ctr,0.03821105589678694,0.03821105589678694,180,0,"In vertical=ecommerce, higher text_area_total_rel is associated with higher overall_ctr (spearman=0.038, n=180)."
vertical=entertainment,badge_in_top_right,ctr_decay_pct,0.03806069020585527,0.03806069020585527,180,0,"In vertical=entertainment, higher badge_in_top_right is associated with higher ctr_decay_pct (spearman=0.038, n=180)."
vertical=fintech,subhead_y_relative,cvr_decay_pct,0.03755263309457533,0.03755263309457533,180,0,"In vertical=fintech, higher subhead_y_relative is associated with higher cvr_decay_pct (spearman=0.038, n=180)."
vertical=food_delivery,badge_in_top_right,ctr_decay_pct,-0.03746874380895302,0.03746874380895302,180,0,"In vertical=food_delivery, higher badge_in_top_right is associated with lower ctr_decay_pct (spearman=-0.037, n=180)."
vertical=ecommerce,text_density_meta,ctr_decay_pct,-0.037302004151965086,0.037302004151965086,180,0,"In vertical=ecommerce, higher text_density_meta is associated with lower ctr_decay_pct (spearman=-0.037, n=180)."
vertical=fintech,cta_x_relative,cvr_decay_pct,0.03722013522756679,0.03722013522756679,180,0,"In vertical=fintech, higher cta_x_relative is associated with higher cvr_decay_pct (spearman=0.037, n=180)."
vertical=gaming,text_area_total_rel,ctr_decay_pct,-0.03718427523483235,0.03718427523483235,180,0,"In vertical=gaming, higher text_area_total_rel is associated with lower ctr_decay_pct (spearman=-0.037, n=180)."
vertical=food_delivery,has_price_text,cvr_decay_pct,-0.03691414991411651,0.03691414991411651,180,0,"In vertical=food_delivery, higher has_price_text is associated with lower cvr_decay_pct (spearman=-0.037, n=180)."
vertical=food_delivery,subhead_y_relative,overall_cvr,-0.036602309902670334,0.036602309902670334,180,0,"In vertical=food_delivery, higher subhead_y_relative is associated with lower overall_cvr (spearman=-0.037, n=180)."
all,brand_visibility_meta,overall_cvr,-0.03655356741105236,0.03655356741105236,1080,0,"In all, higher brand_visibility_meta is associated with lower overall_cvr (spearman=-0.037, n=1080)."
vertical=gaming,cta_x_relative,overall_ctr,0.036492942462876106,0.036492942462876106,180,0,"In vertical=gaming, higher cta_x_relative is associated with higher overall_ctr (spearman=0.036, n=180)."
vertical=fintech,cta_y_relative,overall_ctr,-0.036466400923202795,0.036466400923202795,180,0,"In vertical=fintech, higher cta_y_relative is associated with lower overall_ctr (spearman=-0.036, n=180)."
vertical=gaming,has_discount_text,cvr_decay_pct,0.03620213146659084,0.03620213146659084,180,0,"In vertical=gaming, higher has_discount_text is associated with higher cvr_decay_pct (spearman=0.036, n=180)."
all,product_zone_coverage,perf_score,-0.03591024120756474,0.03591024120756474,1080,0,"In all, higher product_zone_coverage is associated with lower perf_score (spearman=-0.036, n=1080)."
vertical=food_delivery,ocr_element_count,overall_ctr,0.035721641133199124,0.035721641133199124,180,0,"In vertical=food_delivery, higher ocr_element_count is associated with higher overall_ctr (spearman=0.036, n=180)."
vertical=fintech,cta_headline_distance,overall_cvr,-0.03570502518107933,0.03570502518107933,180,0,"In vertical=fintech, higher cta_headline_distance is associated with lower overall_cvr (spearman=-0.036, n=180)."
vertical=travel,bottom_zone_element_count,perf_score,0.03566386104855568,0.03566386104855568,180,0,"In vertical=travel, higher bottom_zone_element_count is associated with higher perf_score (spearman=0.036, n=180)."
vertical=ecommerce,text_area_total_rel,cvr_decay_pct,-0.035636902373530045,0.035636902373530045,180,0,"In vertical=ecommerce, higher text_area_total_rel is associated with lower cvr_decay_pct (spearman=-0.036, n=180)."
vertical=food_delivery,cta_y_relative,cvr_decay_pct,-0.03554186017636924,0.03554186017636924,180,0,"In vertical=food_delivery, higher cta_y_relative is associated with lower cvr_decay_pct (spearman=-0.036, n=180)."
vertical=travel,has_discount_badge_meta,overall_roas,0.03528302472779133,0.03528302472779133,180,0,"In vertical=travel, higher has_discount_badge_meta is associated with higher overall_roas (spearman=0.035, n=180)."
vertical=ecommerce,logo_in_top_left,overall_ctr,-0.03523056555267176,0.03523056555267176,180,0,"In vertical=ecommerce, higher logo_in_top_left is associated with lower overall_ctr (spearman=-0.035, n=180)."
all,logo_in_top_left,cvr_decay_pct,-0.03507426182116942,0.03507426182116942,1080,0,"In all, higher logo_in_top_left is associated with lower cvr_decay_pct (spearman=-0.035, n=1080)."
vertical=food_delivery,avg_text_area_rel,overall_ctr,0.034922888566519546,0.034922888566519546,180,0,"In vertical=food_delivery, higher avg_text_area_rel is associated with higher overall_ctr (spearman=0.035, n=180)."
vertical=ecommerce,grounded_element_count,ctr_decay_pct,0.03469934641220163,0.03469934641220163,180,0,"In vertical=ecommerce, higher grounded_element_count is associated with higher ctr_decay_pct (spearman=0.035, n=180)."
vertical=fintech,brand_visibility_meta,ctr_decay_pct,-0.034540720643083084,0.034540720643083084,180,0,"In vertical=fintech, higher brand_visibility_meta is associated with lower ctr_decay_pct (spearman=-0.035, n=180)."
vertical=ecommerce,has_discount_badge_meta,cvr_decay_pct,0.03448289987215183,0.03448289987215183,180,0,"In vertical=ecommerce, higher has_discount_badge_meta is associated with higher cvr_decay_pct (spearman=0.034, n=180)."
all,middle_zone_element_count,overall_ipm,-0.03437897922711473,0.03437897922711473,1080,0,"In all, higher middle_zone_element_count is associated with lower overall_ipm (spearman=-0.034, n=1080)."
vertical=ecommerce,bottom_zone_element_count,cvr_decay_pct,0.03431747807325782,0.03431747807325782,180,0,"In vertical=ecommerce, higher bottom_zone_element_count is associated with higher cvr_decay_pct (spearman=0.034, n=180)."
vertical=food_delivery,has_promo_text,perf_score,0.03430747974006506,0.03430747974006506,180,0,"In vertical=food_delivery, higher has_promo_text is associated with higher perf_score (spearman=0.034, n=180)."
vertical=travel,cta_y_relative,cvr_decay_pct,-0.03421514060406366,0.03421514060406366,180,0,"In vertical=travel, higher cta_y_relative is associated with lower cvr_decay_pct (spearman=-0.034, n=180)."
all,badge_in_top_right,ctr_decay_pct,-0.03407162418995746,0.03407162418995746,1080,0,"In all, higher badge_in_top_right is associated with lower ctr_decay_pct (spearman=-0.034, n=1080)."
vertical=fintech,has_promo_text,overall_cvr,0.03389851129818325,0.03389851129818325,180,0,"In vertical=fintech, higher has_promo_text is associated with higher overall_cvr (spearman=0.034, n=180)."
vertical=ecommerce,badge_in_top_right,overall_ipm,0.03382459324861873,0.03382459324861873,180,0,"In vertical=ecommerce, higher badge_in_top_right is associated with higher overall_ipm (spearman=0.034, n=180)."
vertical=food_delivery,brand_visibility_meta,overall_ipm,-0.03376697801869754,0.03376697801869754,180,0,"In vertical=food_delivery, higher brand_visibility_meta is associated with lower overall_ipm (spearman=-0.034, n=180)."
vertical=ecommerce,top_zone_element_count,overall_ipm,0.033714687556277004,0.033714687556277004,180,0,"In vertical=ecommerce, higher top_zone_element_count is associated with higher overall_ipm (spearman=0.034, n=180)."
vertical=travel,has_price_text,overall_ctr,0.033698011769649316,0.033698011769649316,180,0,"In vertical=travel, higher has_price_text is associated with higher overall_ctr (spearman=0.034, n=180)."
vertical=travel,has_price_meta,overall_ctr,0.033698011769649316,0.033698011769649316,180,0,"In vertical=travel, higher has_price_meta is associated with higher overall_ctr (spearman=0.034, n=180)."
vertical=fintech,has_discount_badge_meta,perf_score,0.03354448760530201,0.03354448760530201,180,0,"In vertical=fintech, higher has_discount_badge_meta is associated with higher perf_score (spearman=0.034, n=180)."
vertical=travel,badge_y_relative,ctr_decay_pct,-0.03350300764784457,0.03350300764784457,180,0,"In vertical=travel, higher badge_y_relative is associated with lower ctr_decay_pct (spearman=-0.034, n=180)."
vertical=gaming,has_discount_badge_meta,overall_ctr,-0.03345572694031592,0.03345572694031592,180,0,"In vertical=gaming, higher has_discount_badge_meta is associated with lower overall_ctr (spearman=-0.033, n=180)."
vertical=food_delivery,logo_in_top_left,perf_score,-0.03345531370986556,0.03345531370986556,180,0,"In vertical=food_delivery, higher logo_in_top_left is associated with lower perf_score (spearman=-0.033, n=180)."
vertical=ecommerce,badge_y_relative,ctr_decay_pct,0.033093810084561776,0.033093810084561776,180,0,"In vertical=ecommerce, higher badge_y_relative is associated with higher ctr_decay_pct (spearman=0.033, n=180)."
all,badge_y_relative,cvr_decay_pct,-0.033069418689208874,0.033069418689208874,1080,0,"In all, higher badge_y_relative is associated with lower cvr_decay_pct (spearman=-0.033, n=1080)."
vertical=gaming,top_zone_element_count,cvr_decay_pct,-0.03295803791829152,0.03295803791829152,180,0,"In vertical=gaming, higher top_zone_element_count is associated with lower cvr_decay_pct (spearman=-0.033, n=180)."
vertical=ecommerce,brand_visibility_meta,cvr_decay_pct,0.032721932006123576,0.032721932006123576,180,0,"In vertical=ecommerce, higher brand_visibility_meta is associated with higher cvr_decay_pct (spearman=0.033, n=180)."
all,badge_in_top_right,overall_roas,0.03257138164010853,0.03257138164010853,1080,0,"In all, higher badge_in_top_right is associated with higher overall_roas (spearman=0.033, n=1080)."
vertical=ecommerce,headline_area_relative,cvr_decay_pct,-0.03250781899620568,0.03250781899620568,180,0,"In vertical=ecommerce, higher headline_area_relative is associated with lower cvr_decay_pct (spearman=-0.033, n=180)."
all,text_density_meta,overall_roas,-0.03234146800539483,0.03234146800539483,1080,0,"In all, higher text_density_meta is associated with lower overall_roas (spearman=-0.032, n=1080)."
vertical=fintech,grounded_element_count,cvr_decay_pct,-0.03226716462058024,0.03226716462058024,180,0,"In vertical=fintech, higher grounded_element_count is associated with lower cvr_decay_pct (spearman=-0.032, n=180)."
vertical=fintech,badge_y_relative,cvr_decay_pct,0.03224086871577896,0.03224086871577896,180,0,"In vertical=fintech, higher badge_y_relative is associated with higher cvr_decay_pct (spearman=0.032, n=180)."
vertical=entertainment,avg_text_area_rel,cvr_decay_pct,0.03199687233145056,0.03199687233145056,180,0,"In vertical=entertainment, higher avg_text_area_rel is associated with higher cvr_decay_pct (spearman=0.032, n=180)."
vertical=gaming,avg_text_area_rel,ctr_decay_pct,-0.031682047799829215,0.031682047799829215,180,0,"In vertical=gaming, higher avg_text_area_rel is associated with lower ctr_decay_pct (spearman=-0.032, n=180)."
vertical=ecommerce,has_promo_text,overall_ctr,0.03156824513825982,0.03156824513825982,180,0,"In vertical=ecommerce, higher has_promo_text is associated with higher overall_ctr (spearman=0.032, n=180)."
vertical=ecommerce,has_promo_text,cvr_decay_pct,-0.03156824513825982,0.03156824513825982,180,0,"In vertical=ecommerce, higher has_promo_text is associated with lower cvr_decay_pct (spearman=-0.032, n=180)."
vertical=ecommerce,badge_y_relative,perf_score,0.031370345796702934,0.031370345796702934,180,0,"In vertical=ecommerce, higher badge_y_relative is associated with higher perf_score (spearman=0.031, n=180)."
all,bottom_text_ratio,overall_ctr,0.03135618604542862,0.03135618604542862,1080,0,"In all, higher bottom_text_ratio is associated with higher overall_ctr (spearman=0.031, n=1080)."
vertical=entertainment,has_promo_text,perf_score,0.03114413153109533,0.03114413153109533,180,0,"In vertical=entertainment, higher has_promo_text is associated with higher perf_score (spearman=0.031, n=180)."
vertical=entertainment,bottom_zone_element_count,overall_cvr,0.030566329811618623,0.030566329811618623,180,0,"In vertical=entertainment, higher bottom_zone_element_count is associated with higher overall_cvr (spearman=0.031, n=180)."
all,badge_in_top_right,cvr_decay_pct,0.03051319764610091,0.03051319764610091,1080,0,"In all, higher badge_in_top_right is associated with higher cvr_decay_pct (spearman=0.031, n=1080)."
all,headline_y_relative,cvr_decay_pct,0.030426773955468556,0.030426773955468556,1080,0,"In all, higher headline_y_relative is associated with higher cvr_decay_pct (spearman=0.030, n=1080)."
vertical=food_delivery,has_discount_badge_meta,overall_ctr,-0.030330950475810126,0.030330950475810126,180,0,"In vertical=food_delivery, higher has_discount_badge_meta is associated with lower overall_ctr (spearman=-0.030, n=180)."
all,grounded_element_count,perf_score,-0.03023882766233346,0.03023882766233346,1080,0,"In all, higher grounded_element_count is associated with lower perf_score (spearman=-0.030, n=1080)."
vertical=ecommerce,bottom_text_ratio,overall_ipm,0.030089563132073623,0.030089563132073623,180,0,"In vertical=ecommerce, higher bottom_text_ratio is associated with higher overall_ipm (spearman=0.030, n=180)."
vertical=entertainment,avg_text_area_rel,overall_ctr,-0.030060598578145414,0.030060598578145414,180,0,"In vertical=entertainment, higher avg_text_area_rel is associated with lower overall_ctr (spearman=-0.030, n=180)."
vertical=gaming,cta_x_relative,ctr_decay_pct,0.029895529313052675,0.029895529313052675,180,0,"In vertical=gaming, higher cta_x_relative is associated with higher ctr_decay_pct (spearman=0.030, n=180)."
vertical=food_delivery,cta_x_relative,perf_score,0.02922501559197199,0.02922501559197199,180,0,"In vertical=food_delivery, higher cta_x_relative is associated with higher perf_score (spearman=0.029, n=180)."
vertical=food_delivery,cta_area_relative,overall_ipm,0.02899961370334054,0.02899961370334054,180,0,"In vertical=food_delivery, higher cta_area_relative is associated with higher overall_ipm (spearman=0.029, n=180)."
all,product_zone_coverage,overall_ctr,-0.02851645926793372,0.02851645926793372,1080,0,"In all, higher product_zone_coverage is associated with lower overall_ctr (spearman=-0.029, n=1080)."
vertical=fintech,has_price_meta,overall_cvr,-0.028402316182918278,0.028402316182918278,180,0,"In vertical=fintech, higher has_price_meta is associated with lower overall_cvr (spearman=-0.028, n=180)."
vertical=food_delivery,grounded_element_count,perf_score,0.028381547655263017,0.028381547655263017,180,0,"In vertical=food_delivery, higher grounded_element_count is associated with higher perf_score (spearman=0.028, n=180)."
vertical=food_delivery,logo_in_top_left,overall_roas,-0.028353898619205918,0.028353898619205918,180,0,"In vertical=food_delivery, higher logo_in_top_left is associated with lower overall_roas (spearman=-0.028, n=180)."
vertical=gaming,subhead_y_relative,overall_ipm,-0.02833825717821952,0.02833825717821952,180,0,"In vertical=gaming, higher subhead_y_relative is associated with lower overall_ipm (spearman=-0.028, n=180)."
vertical=food_delivery,brand_visibility_meta,perf_score,-0.028333674572843432,0.028333674572843432,180,0,"In vertical=food_delivery, higher brand_visibility_meta is associated with lower perf_score (spearman=-0.028, n=180)."
vertical=entertainment,badge_in_top_right,cvr_decay_pct,-0.028301538871020583,0.028301538871020583,180,0,"In vertical=entertainment, higher badge_in_top_right is associated with lower cvr_decay_pct (spearman=-0.028, n=180)."
vertical=food_delivery,headline_area_relative,overall_ctr,-0.02810049045966874,0.02810049045966874,180,0,"In vertical=food_delivery, higher headline_area_relative is associated with lower overall_ctr (spearman=-0.028, n=180)."
vertical=fintech,logo_in_top_left,cvr_decay_pct,0.028040319856792038,0.028040319856792038,180,0,"In vertical=fintech, higher logo_in_top_left is associated with higher cvr_decay_pct (spearman=0.028, n=180)."
vertical=fintech,top_zone_element_count,cvr_decay_pct,-0.027982512760251824,0.027982512760251824,180,0,"In vertical=fintech, higher top_zone_element_count is associated with lower cvr_decay_pct (spearman=-0.028, n=180)."
vertical=fintech,has_price_text,cvr_decay_pct,0.027896735163438997,0.027896735163438997,180,0,"In vertical=fintech, higher has_price_text is associated with higher cvr_decay_pct (spearman=0.028, n=180)."
vertical=entertainment,avg_text_area_rel,perf_score,0.027806513907809815,0.027806513907809815,180,0,"In vertical=entertainment, higher avg_text_area_rel is associated with higher perf_score (spearman=0.028, n=180)."
vertical=food_delivery,grounded_element_count,overall_ipm,0.02772885423264674,0.02772885423264674,180,0,"In vertical=food_delivery, higher grounded_element_count is associated with higher overall_ipm (spearman=0.028, n=180)."
vertical=gaming,cta_area_relative,cvr_decay_pct,-0.027380117000586894,0.027380117000586894,180,0,"In vertical=gaming, higher cta_area_relative is associated with lower cvr_decay_pct (spearman=-0.027, n=180)."
vertical=travel,ocr_element_count,overall_ctr,-0.02736410410817267,0.02736410410817267,180,0,"In vertical=travel, higher ocr_element_count is associated with lower overall_ctr (spearman=-0.027, n=180)."
vertical=food_delivery,cta_y_relative,ctr_decay_pct,0.027225638783530563,0.027225638783530563,180,0,"In vertical=food_delivery, higher cta_y_relative is associated with higher ctr_decay_pct (spearman=0.027, n=180)."
vertical=gaming,ocr_element_count,overall_roas,-0.027225219569508442,0.027225219569508442,180,0,"In vertical=gaming, higher ocr_element_count is associated with lower overall_roas (spearman=-0.027, n=180)."
vertical=food_delivery,subhead_y_relative,cvr_decay_pct,0.02718398402305719,0.02718398402305719,180,0,"In vertical=food_delivery, higher subhead_y_relative is associated with higher cvr_decay_pct (spearman=0.027, n=180)."
vertical=travel,headline_area_relative,overall_roas,0.027025001210930825,0.027025001210930825,180,0,"In vertical=travel, higher headline_area_relative is associated with higher overall_roas (spearman=0.027, n=180)."
vertical=food_delivery,logo_in_top_left,overall_ctr,0.026930271910291813,0.026930271910291813,180,0,"In vertical=food_delivery, higher logo_in_top_left is associated with higher overall_ctr (spearman=0.027, n=180)."
vertical=fintech,badge_y_relative,overall_roas,0.02686516058162051,0.02686516058162051,180,0,"In vertical=fintech, higher badge_y_relative is associated with higher overall_roas (spearman=0.027, n=180)."
vertical=travel,text_density_meta,overall_ctr,-0.026837952176258582,0.026837952176258582,180,0,"In vertical=travel, higher text_density_meta is associated with lower overall_ctr (spearman=-0.027, n=180)."
all,top_zone_element_count,cvr_decay_pct,-0.026774144673821883,0.026774144673821883,1080,0,"In all, higher top_zone_element_count is associated with lower cvr_decay_pct (spearman=-0.027, n=1080)."
vertical=fintech,bottom_text_ratio,cvr_decay_pct,0.026745678727526544,0.026745678727526544,180,0,"In vertical=fintech, higher bottom_text_ratio is associated with higher cvr_decay_pct (spearman=0.027, n=180)."
vertical=travel,product_zone_coverage,perf_score,0.026729269215808336,0.026729269215808336,180,0,"In vertical=travel, higher product_zone_coverage is associated with higher perf_score (spearman=0.027, n=180)."
vertical=entertainment,bottom_text_ratio,overall_ctr,-0.026300448488657174,0.026300448488657174,180,0,"In vertical=entertainment, higher bottom_text_ratio is associated with lower overall_ctr (spearman=-0.026, n=180)."
all,has_discount_text,cvr_decay_pct,0.02628784632596327,0.02628784632596327,1080,0,"In all, higher has_discount_text is associated with higher cvr_decay_pct (spearman=0.026, n=1080)."
all,has_price_meta,cvr_decay_pct,0.026219584038526818,0.026219584038526818,1080,0,"In all, higher has_price_meta is associated with higher cvr_decay_pct (spearman=0.026, n=1080)."
vertical=ecommerce,brand_visibility_meta,overall_ipm,0.025888229566660845,0.025888229566660845,180,0,"In vertical=ecommerce, higher brand_visibility_meta is associated with higher overall_ipm (spearman=0.026, n=180)."
vertical=entertainment,text_density_meta,overall_ctr,0.025728151856203443,0.025728151856203443,180,0,"In vertical=entertainment, higher text_density_meta is associated with higher overall_ctr (spearman=0.026, n=180)."
vertical=entertainment,has_price_text,ctr_decay_pct,0.025660407960988937,0.025660407960988937,180,0,"In vertical=entertainment, higher has_price_text is associated with higher ctr_decay_pct (spearman=0.026, n=180)."
vertical=entertainment,has_price_meta,ctr_decay_pct,0.025660407960988937,0.025660407960988937,180,0,"In vertical=entertainment, higher has_price_meta is associated with higher ctr_decay_pct (spearman=0.026, n=180)."
all,text_area_total_rel,ctr_decay_pct,-0.02564954194169296,0.02564954194169296,1080,0,"In all, higher text_area_total_rel is associated with lower ctr_decay_pct (spearman=-0.026, n=1080)."
vertical=travel,brand_visibility_meta,overall_roas,0.02546754285956161,0.02546754285956161,180,0,"In vertical=travel, higher brand_visibility_meta is associated with higher overall_roas (spearman=0.025, n=180)."
vertical=travel,headline_area_relative,cvr_decay_pct,-0.02529546702044803,0.02529546702044803,180,0,"In vertical=travel, higher headline_area_relative is associated with lower cvr_decay_pct (spearman=-0.025, n=180)."
vertical=fintech,has_price_meta,perf_score,-0.0252466461350554,0.0252466461350554,180,0,"In vertical=fintech, higher has_price_meta is associated with lower perf_score (spearman=-0.025, n=180)."
vertical=fintech,bottom_text_ratio,perf_score,-0.02506590794010373,0.02506590794010373,180,0,"In vertical=fintech, higher bottom_text_ratio is associated with lower perf_score (spearman=-0.025, n=180)."
vertical=entertainment,badge_in_top_right,overall_ctr,0.02504848842607569,0.02504848842607569,180,0,"In vertical=entertainment, higher badge_in_top_right is associated with higher overall_ctr (spearman=0.025, n=180)."
vertical=gaming,top_zone_element_count,ctr_decay_pct,-0.02498242731884731,0.02498242731884731,180,0,"In vertical=gaming, higher top_zone_element_count is associated with lower ctr_decay_pct (spearman=-0.025, n=180)."
vertical=ecommerce,badge_y_relative,overall_ctr,-0.02474033256624923,0.02474033256624923,180,0,"In vertical=ecommerce, higher badge_y_relative is associated with lower overall_ctr (spearman=-0.025, n=180)."
vertical=entertainment,text_density_meta,cvr_decay_pct,-0.024704253324209106,0.024704253324209106,180,0,"In vertical=entertainment, higher text_density_meta is associated with lower cvr_decay_pct (spearman=-0.025, n=180)."
vertical=travel,product_zone_coverage,overall_ctr,0.024621262563211184,0.024621262563211184,180,0,"In vertical=travel, higher product_zone_coverage is associated with higher overall_ctr (spearman=0.025, n=180)."
vertical=fintech,has_discount_badge_meta,overall_roas,0.024578540776684425,0.024578540776684425,180,0,"In vertical=fintech, higher has_discount_badge_meta is associated with higher overall_roas (spearman=0.025, n=180)."
vertical=fintech,bottom_text_ratio,overall_ctr,0.024464369268808676,0.024464369268808676,180,0,"In vertical=fintech, higher bottom_text_ratio is associated with higher overall_ctr (spearman=0.024, n=180)."
all,product_zone_coverage,ctr_decay_pct,0.024456288888073087,0.024456288888073087,1080,0,"In all, higher product_zone_coverage is associated with higher ctr_decay_pct (spearman=0.024, n=1080)."
vertical=entertainment,has_discount_badge_meta,ctr_decay_pct,-0.024326611950973787,0.024326611950973787,180,0,"In vertical=entertainment, higher has_discount_badge_meta is associated with lower ctr_decay_pct (spearman=-0.024, n=180)."
vertical=food_delivery,has_discount_badge_meta,cvr_decay_pct,-0.0242647603806481,0.0242647603806481,180,0,"In vertical=food_delivery, higher has_discount_badge_meta is associated with lower cvr_decay_pct (spearman=-0.024, n=180)."
all,has_price_text,cvr_decay_pct,0.024130297824128025,0.024130297824128025,1080,0,"In all, higher has_price_text is associated with higher cvr_decay_pct (spearman=0.024, n=1080)."
vertical=fintech,has_discount_badge_meta,cvr_decay_pct,0.02396021270683073,0.02396021270683073,180,0,"In vertical=fintech, higher has_discount_badge_meta is associated with higher cvr_decay_pct (spearman=0.024, n=180)."
vertical=entertainment,badge_in_top_right,overall_roas,0.023096658159108753,0.023096658159108753,180,0,"In vertical=entertainment, higher badge_in_top_right is associated with higher overall_roas (spearman=0.023, n=180)."
all,has_price_meta,ctr_decay_pct,-0.022972614949824027,0.022972614949824027,1080,0,"In all, higher has_price_meta is associated with lower ctr_decay_pct (spearman=-0.023, n=1080)."
all,has_discount_badge_meta,overall_ctr,-0.022903152340292905,0.022903152340292905,1080,0,"In all, higher has_discount_badge_meta is associated with lower overall_ctr (spearman=-0.023, n=1080)."
vertical=entertainment,text_density_meta,perf_score,0.022785683300832974,0.022785683300832974,180,0,"In vertical=entertainment, higher text_density_meta is associated with higher perf_score (spearman=0.023, n=180)."
vertical=entertainment,ocr_element_count,perf_score,0.022474016210963826,0.022474016210963826,180,0,"In vertical=entertainment, higher ocr_element_count is associated with higher perf_score (spearman=0.022, n=180)."
vertical=food_delivery,bottom_zone_element_count,perf_score,-0.02242439721752349,0.02242439721752349,180,0,"In vertical=food_delivery, higher bottom_zone_element_count is associated with lower perf_score (spearman=-0.022, n=180)."
vertical=food_delivery,bottom_zone_element_count,overall_ipm,0.02235191068202352,0.02235191068202352,180,0,"In vertical=food_delivery, higher bottom_zone_element_count is associated with higher overall_ipm (spearman=0.022, n=180)."
vertical=entertainment,cta_area_relative,cvr_decay_pct,-0.0221921600052783,0.0221921600052783,180,0,"In vertical=entertainment, higher cta_area_relative is associated with lower cvr_decay_pct (spearman=-0.022, n=180)."
vertical=food_delivery,middle_zone_element_count,overall_roas,-0.022166387262091376,0.022166387262091376,180,0,"In vertical=food_delivery, higher middle_zone_element_count is associated with lower overall_roas (spearman=-0.022, n=180)."
all,cta_y_relative,cvr_decay_pct,-0.022049926850684333,0.022049926850684333,1080,0,"In all, higher cta_y_relative is associated with lower cvr_decay_pct (spearman=-0.022, n=1080)."
all,has_discount_badge_meta,overall_roas,0.021727036108173527,0.021727036108173527,1080,0,"In all, higher has_discount_badge_meta is associated with higher overall_roas (spearman=0.022, n=1080)."
vertical=travel,cta_area_relative,overall_cvr,-0.02133877511814391,0.02133877511814391,180,0,"In vertical=travel, higher cta_area_relative is associated with lower overall_cvr (spearman=-0.021, n=180)."
vertical=entertainment,bottom_text_ratio,cvr_decay_pct,-0.021319375774201694,0.021319375774201694,180,0,"In vertical=entertainment, higher bottom_text_ratio is associated with lower cvr_decay_pct (spearman=-0.021, n=180)."
vertical=entertainment,bottom_zone_element_count,overall_ctr,-0.021164286433529772,0.021164286433529772,180,0,"In vertical=entertainment, higher bottom_zone_element_count is associated with lower overall_ctr (spearman=-0.021, n=180)."
vertical=entertainment,ocr_element_count,overall_ctr,0.02085801521484732,0.02085801521484732,180,0,"In vertical=entertainment, higher ocr_element_count is associated with higher overall_ctr (spearman=0.021, n=180)."
vertical=entertainment,bottom_zone_element_count,ctr_decay_pct,-0.02076510652093985,0.02076510652093985,180,0,"In vertical=entertainment, higher bottom_zone_element_count is associated with lower ctr_decay_pct (spearman=-0.021, n=180)."
vertical=fintech,brand_visibility_meta,cvr_decay_pct,0.02062955782323501,0.02062955782323501,180,0,"In vertical=fintech, higher brand_visibility_meta is associated with higher cvr_decay_pct (spearman=0.021, n=180)."
vertical=fintech,has_discount_text,overall_ipm,0.02028846451696103,0.02028846451696103,180,0,"In vertical=fintech, higher has_discount_text is associated with higher overall_ipm (spearman=0.020, n=180)."
vertical=entertainment,has_promo_text,overall_ctr,0.02012053485907215,0.02012053485907215,180,0,"In vertical=entertainment, higher has_promo_text is associated with higher overall_ctr (spearman=0.020, n=180)."
vertical=fintech,cta_y_relative,cvr_decay_pct,-0.019760759145550175,0.019760759145550175,180,0,"In vertical=fintech, higher cta_y_relative is associated with lower cvr_decay_pct (spearman=-0.020, n=180)."
all,avg_text_area_rel,ctr_decay_pct,-0.019726154361810615,0.019726154361810615,1080,0,"In all, higher avg_text_area_rel is associated with lower ctr_decay_pct (spearman=-0.020, n=1080)."
vertical=fintech,cta_area_relative,cvr_decay_pct,-0.01964989915428035,0.01964989915428035,180,0,"In vertical=fintech, higher cta_area_relative is associated with lower cvr_decay_pct (spearman=-0.020, n=180)."
vertical=ecommerce,avg_text_area_rel,cvr_decay_pct,-0.019648754591191087,0.019648754591191087,180,0,"In vertical=ecommerce, higher avg_text_area_rel is associated with lower cvr_decay_pct (spearman=-0.020, n=180)."
vertical=fintech,bottom_zone_element_count,overall_cvr,-0.019569040624883426,0.019569040624883426,180,0,"In vertical=fintech, higher bottom_zone_element_count is associated with lower overall_cvr (spearman=-0.020, n=180)."
vertical=travel,text_area_total_rel,cvr_decay_pct,-0.019521178637200737,0.019521178637200737,180,0,"In vertical=travel, higher text_area_total_rel is associated with lower cvr_decay_pct (spearman=-0.020, n=180)."
vertical=travel,text_density_meta,perf_score,-0.01928045163730081,0.01928045163730081,180,0,"In vertical=travel, higher text_density_meta is associated with lower perf_score (spearman=-0.019, n=180)."
vertical=fintech,has_promo_text,overall_ipm,0.01890493899321758,0.01890493899321758,180,0,"In vertical=fintech, higher has_promo_text is associated with higher overall_ipm (spearman=0.019, n=180)."
vertical=gaming,has_promo_text,perf_score,0.018861442677809488,0.018861442677809488,180,0,"In vertical=gaming, higher has_promo_text is associated with higher perf_score (spearman=0.019, n=180)."
all,badge_y_relative,overall_roas,-0.01862269719246119,0.01862269719246119,1080,0,"In all, higher badge_y_relative is associated with lower overall_roas (spearman=-0.019, n=1080)."
vertical=gaming,brand_visibility_meta,cvr_decay_pct,-0.01849470242669471,0.01849470242669471,180,0,"In vertical=gaming, higher brand_visibility_meta is associated with lower cvr_decay_pct (spearman=-0.018, n=180)."
vertical=ecommerce,has_discount_badge_meta,overall_ctr,0.01833268094468831,0.01833268094468831,180,0,"In vertical=ecommerce, higher has_discount_badge_meta is associated with higher overall_ctr (spearman=0.018, n=180)."
vertical=food_delivery,cta_area_relative,overall_ctr,-0.01827947976063679,0.01827947976063679,180,0,"In vertical=food_delivery, higher cta_area_relative is associated with lower overall_ctr (spearman=-0.018, n=180)."
vertical=entertainment,badge_in_top_right,perf_score,0.01821714809056084,0.01821714809056084,180,0,"In vertical=entertainment, higher badge_in_top_right is associated with higher perf_score (spearman=0.018, n=180)."
vertical=gaming,badge_in_top_right,overall_roas,-0.018158653747270482,0.018158653747270482,180,0,"In vertical=gaming, higher badge_in_top_right is associated with lower overall_roas (spearman=-0.018, n=180)."
vertical=travel,has_promo_text,overall_ctr,-0.018002335311537585,0.018002335311537585,180,0,"In vertical=travel, higher has_promo_text is associated with lower overall_ctr (spearman=-0.018, n=180)."
all,has_promo_text,overall_ctr,0.017732274012532117,0.017732274012532117,1080,0,"In all, higher has_promo_text is associated with higher overall_ctr (spearman=0.018, n=1080)."
vertical=gaming,bottom_zone_element_count,overall_ipm,0.01763983506877704,0.01763983506877704,180,0,"In vertical=gaming, higher bottom_zone_element_count is associated with higher overall_ipm (spearman=0.018, n=180)."
vertical=entertainment,top_zone_element_count,cvr_decay_pct,-0.017532174381486465,0.017532174381486465,180,0,"In vertical=entertainment, higher top_zone_element_count is associated with lower cvr_decay_pct (spearman=-0.018, n=180)."
vertical=travel,text_density_meta,ctr_decay_pct,-0.017181022173331114,0.017181022173331114,180,0,"In vertical=travel, higher text_density_meta is associated with lower ctr_decay_pct (spearman=-0.017, n=180)."
vertical=entertainment,badge_y_relative,overall_cvr,-0.016953662002325016,0.016953662002325016,180,0,"In vertical=entertainment, higher badge_y_relative is associated with lower overall_cvr (spearman=-0.017, n=180)."
vertical=fintech,has_price_meta,ctr_decay_pct,0.01692663287668867,0.01692663287668867,180,0,"In vertical=fintech, higher has_price_meta is associated with higher ctr_decay_pct (spearman=0.017, n=180)."
vertical=entertainment,badge_y_relative,cvr_decay_pct,0.016885699071557677,0.016885699071557677,180,0,"In vertical=entertainment, higher badge_y_relative is associated with higher cvr_decay_pct (spearman=0.017, n=180)."
vertical=food_delivery,badge_in_top_right,cvr_decay_pct,0.016819302776463357,0.016819302776463357,180,0,"In vertical=food_delivery, higher badge_in_top_right is associated with higher cvr_decay_pct (spearman=0.017, n=180)."
all,headline_area_relative,cvr_decay_pct,-0.01679353856347639,0.01679353856347639,1080,0,"In all, higher headline_area_relative is associated with lower cvr_decay_pct (spearman=-0.017, n=1080)."
vertical=fintech,has_promo_text,overall_ctr,0.016731957499744293,0.016731957499744293,180,0,"In vertical=fintech, higher has_promo_text is associated with higher overall_ctr (spearman=0.017, n=180)."
vertical=gaming,badge_y_relative,overall_roas,0.016721528188833684,0.016721528188833684,180,0,"In vertical=gaming, higher badge_y_relative is associated with higher overall_roas (spearman=0.017, n=180)."
vertical=travel,bottom_zone_element_count,cvr_decay_pct,-0.016543895981398566,0.016543895981398566,180,0,"In vertical=travel, higher bottom_zone_element_count is associated with lower cvr_decay_pct (spearman=-0.017, n=180)."
vertical=food_delivery,has_discount_badge_meta,perf_score,0.016448750065851628,0.016448750065851628,180,0,"In vertical=food_delivery, higher has_discount_badge_meta is associated with higher perf_score (spearman=0.016, n=180)."
vertical=fintech,grounded_element_count,overall_cvr,-0.016173794571066127,0.016173794571066127,180,0,"In vertical=fintech, higher grounded_element_count is associated with lower overall_cvr (spearman=-0.016, n=180)."
vertical=entertainment,bottom_text_ratio,perf_score,-0.016087331161285603,0.016087331161285603,180,0,"In vertical=entertainment, higher bottom_text_ratio is associated with lower perf_score (spearman=-0.016, n=180)."
vertical=travel,cta_area_relative,overall_roas,0.01608048602841466,0.01608048602841466,180,0,"In vertical=travel, higher cta_area_relative is associated with higher overall_roas (spearman=0.016, n=180)."
vertical=travel,cta_x_relative,overall_roas,-0.015901639823439975,0.015901639823439975,180,0,"In vertical=travel, higher cta_x_relative is associated with lower overall_roas (spearman=-0.016, n=180)."
vertical=fintech,has_discount_text,perf_score,-0.015547226546016452,0.015547226546016452,180,0,"In vertical=fintech, higher has_discount_text is associated with lower perf_score (spearman=-0.016, n=180)."
vertical=gaming,image_aspect_ratio,overall_roas,0.015410495608881428,0.015410495608881428,180,0,"In vertical=gaming, higher image_aspect_ratio is associated with higher overall_roas (spearman=0.015, n=180)."
vertical=fintech,grounded_element_count,perf_score,-0.015375456555156231,0.015375456555156231,180,0,"In vertical=fintech, higher grounded_element_count is associated with lower perf_score (spearman=-0.015, n=180)."
vertical=entertainment,grounded_element_count,perf_score,-0.015162443200380977,0.015162443200380977,180,0,"In vertical=entertainment, higher grounded_element_count is associated with lower perf_score (spearman=-0.015, n=180)."
vertical=entertainment,text_area_total_rel,overall_ctr,-0.014946963383643527,0.014946963383643527,180,0,"In vertical=entertainment, higher text_area_total_rel is associated with lower overall_ctr (spearman=-0.015, n=180)."
vertical=gaming,grounded_element_count,overall_ctr,0.01483755436435317,0.01483755436435317,180,0,"In vertical=gaming, higher grounded_element_count is associated with higher overall_ctr (spearman=0.015, n=180)."
vertical=fintech,has_discount_text,ctr_decay_pct,-0.014775294811265096,0.014775294811265096,180,0,"In vertical=fintech, higher has_discount_text is associated with lower ctr_decay_pct (spearman=-0.015, n=180)."
vertical=ecommerce,has_price_text,overall_ctr,0.014686852241177183,0.014686852241177183,180,0,"In vertical=ecommerce, higher has_price_text is associated with higher overall_ctr (spearman=0.015, n=180)."
vertical=travel,has_discount_badge_meta,perf_score,-0.014585102639223666,0.014585102639223666,180,0,"In vertical=travel, higher has_discount_badge_meta is associated with lower perf_score (spearman=-0.015, n=180)."
vertical=gaming,subhead_y_relative,perf_score,-0.014448548721579258,0.014448548721579258,180,0,"In vertical=gaming, higher subhead_y_relative is associated with lower perf_score (spearman=-0.014, n=180)."
vertical=fintech,top_zone_element_count,overall_ipm,-0.014372597014546637,0.014372597014546637,180,0,"In vertical=fintech, higher top_zone_element_count is associated with lower overall_ipm (spearman=-0.014, n=180)."
vertical=ecommerce,cta_x_relative,overall_roas,0.01421036697228147,0.01421036697228147,180,0,"In vertical=ecommerce, higher cta_x_relative is associated with higher overall_roas (spearman=0.014, n=180)."
vertical=entertainment,top_zone_element_count,overall_ctr,0.014197354556452213,0.014197354556452213,180,0,"In vertical=entertainment, higher top_zone_element_count is associated with higher overall_ctr (spearman=0.014, n=180)."
vertical=entertainment,has_discount_badge_meta,overall_roas,-0.014060335347810538,0.014060335347810538,180,0,"In vertical=entertainment, higher has_discount_badge_meta is associated with lower overall_roas (spearman=-0.014, n=180)."
vertical=gaming,has_discount_text,perf_score,0.013561851975609895,0.013561851975609895,180,0,"In vertical=gaming, higher has_discount_text is associated with higher perf_score (spearman=0.014, n=180)."
vertical=ecommerce,product_zone_coverage,ctr_decay_pct,0.01351477818486966,0.01351477818486966,180,0,"In vertical=ecommerce, higher product_zone_coverage is associated with higher ctr_decay_pct (spearman=0.014, n=180)."
vertical=travel,badge_y_relative,overall_roas,0.013496125845233681,0.013496125845233681,180,0,"In vertical=travel, higher badge_y_relative is associated with higher overall_roas (spearman=0.013, n=180)."
vertical=ecommerce,top_zone_element_count,overall_ctr,-0.0134746305463942,0.0134746305463942,180,0,"In vertical=ecommerce, higher top_zone_element_count is associated with lower overall_ctr (spearman=-0.013, n=180)."
vertical=travel,avg_text_area_rel,cvr_decay_pct,-0.012924267209893309,0.012924267209893309,180,0,"In vertical=travel, higher avg_text_area_rel is associated with lower cvr_decay_pct (spearman=-0.013, n=180)."
all,text_area_total_rel,cvr_decay_pct,-0.012891705375289686,0.012891705375289686,1080,0,"In all, higher text_area_total_rel is associated with lower cvr_decay_pct (spearman=-0.013, n=1080)."
vertical=fintech,has_discount_badge_meta,overall_ctr,0.012830307449464198,0.012830307449464198,180,0,"In vertical=fintech, higher has_discount_badge_meta is associated with higher overall_ctr (spearman=0.013, n=180)."
vertical=food_delivery,badge_in_top_right,perf_score,0.012822669751353058,0.012822669751353058,180,0,"In vertical=food_delivery, higher badge_in_top_right is associated with higher perf_score (spearman=0.013, n=180)."
vertical=food_delivery,badge_in_top_right,overall_roas,-0.012822636770175033,0.012822636770175033,180,0,"In vertical=food_delivery, higher badge_in_top_right is associated with lower overall_roas (spearman=-0.013, n=180)."
vertical=ecommerce,brand_visibility_meta,overall_ctr,-0.012821680186778771,0.012821680186778771,180,0,"In vertical=ecommerce, higher brand_visibility_meta is associated with lower overall_ctr (spearman=-0.013, n=180)."
vertical=entertainment,cta_y_relative,cvr_decay_pct,-0.012763753403168305,0.012763753403168305,180,0,"In vertical=entertainment, higher cta_y_relative is associated with lower cvr_decay_pct (spearman=-0.013, n=180)."
all,ocr_element_count,cvr_decay_pct,0.012629443531048688,0.012629443531048688,1080,0,"In all, higher ocr_element_count is associated with higher cvr_decay_pct (spearman=0.013, n=1080)."
vertical=fintech,has_price_meta,overall_ipm,-0.01262325163685257,0.01262325163685257,180,0,"In vertical=fintech, higher has_price_meta is associated with lower overall_ipm (spearman=-0.013, n=180)."
vertical=fintech,ocr_element_count,cvr_decay_pct,-0.012515878373973274,0.012515878373973274,180,0,"In vertical=fintech, higher ocr_element_count is associated with lower cvr_decay_pct (spearman=-0.013, n=180)."
vertical=food_delivery,headline_y_relative,perf_score,-0.012423733603993684,0.012423733603993684,180,0,"In vertical=food_delivery, higher headline_y_relative is associated with lower perf_score (spearman=-0.012, n=180)."
vertical=gaming,has_discount_badge_meta,perf_score,0.012317847402443424,0.012317847402443424,180,0,"In vertical=gaming, higher has_discount_badge_meta is associated with higher perf_score (spearman=0.012, n=180)."
vertical=ecommerce,bottom_text_ratio,overall_cvr,0.012283483731819521,0.012283483731819521,180,0,"In vertical=ecommerce, higher bottom_text_ratio is associated with higher overall_cvr (spearman=0.012, n=180)."
vertical=fintech,bottom_text_ratio,overall_ipm,0.012255959531652937,0.012255959531652937,180,0,"In vertical=fintech, higher bottom_text_ratio is associated with higher overall_ipm (spearman=0.012, n=180)."
vertical=food_delivery,brand_visibility_meta,cvr_decay_pct,0.012206320146673602,0.012206320146673602,180,0,"In vertical=food_delivery, higher brand_visibility_meta is associated with higher cvr_decay_pct (spearman=0.012, n=180)."
vertical=food_delivery,ocr_element_count,overall_roas,0.012196468028513154,0.012196468028513154,180,0,"In vertical=food_delivery, higher ocr_element_count is associated with higher overall_roas (spearman=0.012, n=180)."
vertical=gaming,subhead_y_relative,cvr_decay_pct,-0.012094229811548831,0.012094229811548831,180,0,"In vertical=gaming, higher subhead_y_relative is associated with lower cvr_decay_pct (spearman=-0.012, n=180)."
vertical=ecommerce,headline_area_relative,overall_cvr,-0.011966762729904474,0.011966762729904474,180,0,"In vertical=ecommerce, higher headline_area_relative is associated with lower overall_cvr (spearman=-0.012, n=180)."
all,avg_text_area_rel,cvr_decay_pct,-0.011520800371058466,0.011520800371058466,1080,0,"In all, higher avg_text_area_rel is associated with lower cvr_decay_pct (spearman=-0.012, n=1080)."
vertical=gaming,cta_headline_distance,overall_roas,0.011385971867990717,0.011385971867990717,180,0,"In vertical=gaming, higher cta_headline_distance is associated with higher overall_roas (spearman=0.011, n=180)."
vertical=gaming,brand_visibility_meta,overall_roas,0.011339013987794971,0.011339013987794971,180,0,"In vertical=gaming, higher brand_visibility_meta is associated with higher overall_roas (spearman=0.011, n=180)."
all,product_zone_coverage,overall_ipm,0.011051629571562804,0.011051629571562804,1080,0,"In all, higher product_zone_coverage is associated with higher overall_ipm (spearman=0.011, n=1080)."
all,badge_in_top_right,perf_score,-0.01092325974599319,0.01092325974599319,1080,0,"In all, higher badge_in_top_right is associated with lower perf_score (spearman=-0.011, n=1080)."
vertical=entertainment,image_aspect_ratio,cvr_decay_pct,0.01077201408267073,0.01077201408267073,180,0,"In vertical=entertainment, higher image_aspect_ratio is associated with higher cvr_decay_pct (spearman=0.011, n=180)."
vertical=fintech,grounded_element_count,ctr_decay_pct,-0.010726091453305827,0.010726091453305827,180,0,"In vertical=fintech, higher grounded_element_count is associated with lower ctr_decay_pct (spearman=-0.011, n=180)."
vertical=entertainment,top_zone_element_count,perf_score,0.010163354324959725,0.010163354324959725,180,0,"In vertical=entertainment, higher top_zone_element_count is associated with higher perf_score (spearman=0.010, n=180)."
vertical=entertainment,text_density_meta,overall_roas,0.010015682826031042,0.010015682826031042,180,0,"In vertical=entertainment, higher text_density_meta is associated with higher overall_roas (spearman=0.010, n=180)."
vertical=fintech,subhead_y_relative,overall_roas,0.009971148830251264,0.009971148830251264,180,0,"In vertical=fintech, higher subhead_y_relative is associated with higher overall_roas (spearman=0.010, n=180)."
vertical=entertainment,grounded_element_count,overall_ctr,0.009897522014161012,0.009897522014161012,180,0,"In vertical=entertainment, higher grounded_element_count is associated with higher overall_ctr (spearman=0.010, n=180)."
vertical=ecommerce,text_density_meta,cvr_decay_pct,-0.009882109164817538,0.009882109164817538,180,0,"In vertical=ecommerce, higher text_density_meta is associated with lower cvr_decay_pct (spearman=-0.010, n=180)."
vertical=food_delivery,image_aspect_ratio,perf_score,0.009880089649372115,0.009880089649372115,180,0,"In vertical=food_delivery, higher image_aspect_ratio is associated with higher perf_score (spearman=0.010, n=180)."
vertical=gaming,avg_text_area_rel,cvr_decay_pct,-0.009383005648322479,0.009383005648322479,180,0,"In vertical=gaming, higher avg_text_area_rel is associated with lower cvr_decay_pct (spearman=-0.009, n=180)."
vertical=gaming,cta_y_relative,perf_score,0.009231840325757041,0.009231840325757041,180,0,"In vertical=gaming, higher cta_y_relative is associated with higher perf_score (spearman=0.009, n=180)."
vertical=entertainment,has_promo_text,overall_ipm,0.0092040744568096,0.0092040744568096,180,0,"In vertical=entertainment, higher has_promo_text is associated with higher overall_ipm (spearman=0.009, n=180)."
vertical=entertainment,ocr_element_count,ctr_decay_pct,0.009066014158326254,0.009066014158326254,180,0,"In vertical=entertainment, higher ocr_element_count is associated with higher ctr_decay_pct (spearman=0.009, n=180)."
all,has_promo_text,overall_roas,-0.009059867911780137,0.009059867911780137,1080,0,"In all, higher has_promo_text is associated with lower overall_roas (spearman=-0.009, n=1080)."
vertical=gaming,bottom_text_ratio,cvr_decay_pct,0.009029779802996239,0.009029779802996239,180,0,"In vertical=gaming, higher bottom_text_ratio is associated with higher cvr_decay_pct (spearman=0.009, n=180)."
all,middle_zone_element_count,cvr_decay_pct,0.008546972096887541,0.008546972096887541,1080,0,"In all, higher middle_zone_element_count is associated with higher cvr_decay_pct (spearman=0.009, n=1080)."
all,text_density_meta,cvr_decay_pct,0.00852810541592579,0.00852810541592579,1080,0,"In all, higher text_density_meta is associated with higher cvr_decay_pct (spearman=0.009, n=1080)."
vertical=travel,has_promo_text,cvr_decay_pct,-0.00848681521829629,0.00848681521829629,180,0,"In vertical=travel, higher has_promo_text is associated with lower cvr_decay_pct (spearman=-0.008, n=180)."
vertical=food_delivery,text_density_meta,cvr_decay_pct,-0.008442747298958117,0.008442747298958117,180,0,"In vertical=food_delivery, higher text_density_meta is associated with lower cvr_decay_pct (spearman=-0.008, n=180)."
vertical=fintech,ocr_element_count,overall_ipm,-0.008408860850647636,0.008408860850647636,180,0,"In vertical=fintech, higher ocr_element_count is associated with lower overall_ipm (spearman=-0.008, n=180)."
vertical=entertainment,text_area_total_rel,ctr_decay_pct,0.008257456505859235,0.008257456505859235,180,0,"In vertical=entertainment, higher text_area_total_rel is associated with higher ctr_decay_pct (spearman=0.008, n=180)."
all,brand_visibility_meta,perf_score,-0.008051251778575212,0.008051251778575212,1080,0,"In all, higher brand_visibility_meta is associated with lower perf_score (spearman=-0.008, n=1080)."
vertical=food_delivery,headline_area_relative,overall_ipm,0.00802224343135995,0.00802224343135995,180,0,"In vertical=food_delivery, higher headline_area_relative is associated with higher overall_ipm (spearman=0.008, n=180)."
vertical=travel,has_discount_text,perf_score,0.007962535250773485,0.007962535250773485,180,0,"In vertical=travel, higher has_discount_text is associated with higher perf_score (spearman=0.008, n=180)."
vertical=food_delivery,has_discount_text,overall_ipm,-0.0078465213404545,0.0078465213404545,180,0,"In vertical=food_delivery, higher has_discount_text is associated with lower overall_ipm (spearman=-0.008, n=180)."
vertical=gaming,has_discount_text,overall_ctr,-0.007509420459014199,0.007509420459014199,180,0,"In vertical=gaming, higher has_discount_text is associated with lower overall_ctr (spearman=-0.008, n=180)."
vertical=gaming,cta_x_relative,overall_roas,0.007111980377483895,0.007111980377483895,180,0,"In vertical=gaming, higher cta_x_relative is associated with higher overall_roas (spearman=0.007, n=180)."
vertical=entertainment,grounded_element_count,cvr_decay_pct,-0.006763164319775754,0.006763164319775754,180,0,"In vertical=entertainment, higher grounded_element_count is associated with lower cvr_decay_pct (spearman=-0.007, n=180)."
vertical=travel,ocr_element_count,cvr_decay_pct,-0.006750606450745881,0.006750606450745881,180,0,"In vertical=travel, higher ocr_element_count is associated with lower cvr_decay_pct (spearman=-0.007, n=180)."
vertical=ecommerce,subhead_y_relative,overall_cvr,0.006627717004362862,0.006627717004362862,180,0,"In vertical=ecommerce, higher subhead_y_relative is associated with higher overall_cvr (spearman=0.007, n=180)."
vertical=ecommerce,has_price_text,cvr_decay_pct,0.006252818280897216,0.006252818280897216,180,0,"In vertical=ecommerce, higher has_price_text is associated with higher cvr_decay_pct (spearman=0.006, n=180)."
vertical=fintech,headline_area_relative,cvr_decay_pct,0.005876890031305756,0.005876890031305756,180,0,"In vertical=fintech, higher headline_area_relative is associated with higher cvr_decay_pct (spearman=0.006, n=180)."
vertical=food_delivery,has_discount_badge_meta,overall_roas,-0.005832875091501947,0.005832875091501947,180,0,"In vertical=food_delivery, higher has_discount_badge_meta is associated with lower overall_roas (spearman=-0.006, n=180)."
vertical=entertainment,bottom_zone_element_count,overall_ipm,-0.005716411369612967,0.005716411369612967,180,0,"In vertical=entertainment, higher bottom_zone_element_count is associated with lower overall_ipm (spearman=-0.006, n=180)."
vertical=travel,badge_in_top_right,ctr_decay_pct,0.005549244465706816,0.005549244465706816,180,0,"In vertical=travel, higher badge_in_top_right is associated with higher ctr_decay_pct (spearman=0.006, n=180)."
vertical=ecommerce,brand_visibility_meta,perf_score,-0.005388156653973529,0.005388156653973529,180,0,"In vertical=ecommerce, higher brand_visibility_meta is associated with lower perf_score (spearman=-0.005, n=180)."
vertical=fintech,headline_area_relative,overall_ipm,0.005350017732929193,0.005350017732929193,180,0,"In vertical=fintech, higher headline_area_relative is associated with higher overall_ipm (spearman=0.005, n=180)."
vertical=entertainment,has_price_text,overall_cvr,-0.005345918325206029,0.005345918325206029,180,0,"In vertical=entertainment, higher has_price_text is associated with lower overall_cvr (spearman=-0.005, n=180)."
vertical=entertainment,has_price_meta,overall_cvr,-0.005345918325206029,0.005345918325206029,180,0,"In vertical=entertainment, higher has_price_meta is associated with lower overall_cvr (spearman=-0.005, n=180)."
vertical=entertainment,text_density_meta,overall_ipm,0.0047655016097143486,0.0047655016097143486,180,0,"In vertical=entertainment, higher text_density_meta is associated with higher overall_ipm (spearman=0.005, n=180)."
all,bottom_text_ratio,overall_cvr,-0.004535852363485997,0.004535852363485997,1080,0,"In all, higher bottom_text_ratio is associated with lower overall_cvr (spearman=-0.005, n=1080)."
vertical=fintech,cta_y_relative,ctr_decay_pct,0.004450091593293542,0.004450091593293542,180,0,"In vertical=fintech, higher cta_y_relative is associated with higher ctr_decay_pct (spearman=0.004, n=180)."
vertical=gaming,subhead_y_relative,overall_cvr,0.004401111621272879,0.004401111621272879,180,0,"In vertical=gaming, higher subhead_y_relative is associated with higher overall_cvr (spearman=0.004, n=180)."
vertical=travel,has_discount_badge_meta,overall_ipm,-0.004396972686442081,0.004396972686442081,180,0,"In vertical=travel, higher has_discount_badge_meta is associated with lower overall_ipm (spearman=-0.004, n=180)."
vertical=entertainment,badge_in_top_right,overall_ipm,0.004228965578428363,0.004228965578428363,180,0,"In vertical=entertainment, higher badge_in_top_right is associated with higher overall_ipm (spearman=0.004, n=180)."
vertical=travel,top_zone_element_count,cvr_decay_pct,-0.004144574945691891,0.004144574945691891,180,0,"In vertical=travel, higher top_zone_element_count is associated with lower cvr_decay_pct (spearman=-0.004, n=180)."
vertical=fintech,has_price_meta,overall_ctr,0.004016489157180363,0.004016489157180363,180,0,"In vertical=fintech, higher has_price_meta is associated with higher overall_ctr (spearman=0.004, n=180)."
vertical=gaming,has_promo_text,overall_ctr,-0.003952978666884069,0.003952978666884069,180,0,"In vertical=gaming, higher has_promo_text is associated with lower overall_ctr (spearman=-0.004, n=180)."
vertical=fintech,has_promo_text,perf_score,0.003911388821341806,0.003911388821341806,180,0,"In vertical=fintech, higher has_promo_text is associated with higher perf_score (spearman=0.004, n=180)."
vertical=fintech,has_discount_text,overall_ctr,-0.0037489553998732335,0.0037489553998732335,180,0,"In vertical=fintech, higher has_discount_text is associated with lower overall_ctr (spearman=-0.004, n=180)."
vertical=food_delivery,bottom_zone_element_count,cvr_decay_pct,0.0036603962215904983,0.0036603962215904983,180,0,"In vertical=food_delivery, higher bottom_zone_element_count is associated with higher cvr_decay_pct (spearman=0.004, n=180)."
vertical=fintech,badge_y_relative,overall_cvr,-0.003580717709886513,0.003580717709886513,180,0,"In vertical=fintech, higher badge_y_relative is associated with lower overall_cvr (spearman=-0.004, n=180)."
vertical=ecommerce,middle_zone_element_count,cvr_decay_pct,0.003529539713910644,0.003529539713910644,180,0,"In vertical=ecommerce, higher middle_zone_element_count is associated with higher cvr_decay_pct (spearman=0.004, n=180)."
vertical=gaming,cta_y_relative,cvr_decay_pct,0.003434218319818742,0.003434218319818742,180,0,"In vertical=gaming, higher cta_y_relative is associated with higher cvr_decay_pct (spearman=0.003, n=180)."
vertical=travel,image_aspect_ratio,cvr_decay_pct,0.0033001977394581244,0.0033001977394581244,180,0,"In vertical=travel, higher image_aspect_ratio is associated with higher cvr_decay_pct (spearman=0.003, n=180)."
vertical=fintech,has_price_text,overall_cvr,-0.003275325181132514,0.003275325181132514,180,0,"In vertical=fintech, higher has_price_text is associated with lower overall_cvr (spearman=-0.003, n=180)."
all,badge_in_top_right,overall_ctr,0.0031616681835659214,0.0031616681835659214,1080,0,"In all, higher badge_in_top_right is associated with higher overall_ctr (spearman=0.003, n=1080)."
vertical=entertainment,logo_in_top_left,ctr_decay_pct,0.0027909252727088417,0.0027909252727088417,180,0,"In vertical=entertainment, higher logo_in_top_left is associated with higher ctr_decay_pct (spearman=0.003, n=180)."
vertical=ecommerce,avg_text_area_rel,overall_ctr,-0.0027737481609514695,0.0027737481609514695,180,0,"In vertical=ecommerce, higher avg_text_area_rel is associated with lower overall_ctr (spearman=-0.003, n=180)."
all,cta_x_relative,cvr_decay_pct,0.0027712319717389656,0.0027712319717389656,1080,0,"In all, higher cta_x_relative is associated with higher cvr_decay_pct (spearman=0.003, n=1080)."
all,has_promo_text,cvr_decay_pct,0.002759401941148357,0.002759401941148357,1080,0,"In all, higher has_promo_text is associated with higher cvr_decay_pct (spearman=0.003, n=1080)."
vertical=entertainment,cta_y_relative,overall_cvr,-0.0026706654203387816,0.0026706654203387816,180,0,"In vertical=entertainment, higher cta_y_relative is associated with lower overall_cvr (spearman=-0.003, n=180)."
vertical=gaming,text_density_meta,cvr_decay_pct,-0.002616533763905881,0.002616533763905881,180,0,"In vertical=gaming, higher text_density_meta is associated with lower cvr_decay_pct (spearman=-0.003, n=180)."
vertical=gaming,grounded_element_count,perf_score,0.0025542670734204193,0.0025542670734204193,180,0,"In vertical=gaming, higher grounded_element_count is associated with higher perf_score (spearman=0.003, n=180)."
vertical=fintech,top_zone_element_count,perf_score,-0.0025379020314958054,0.0025379020314958054,180,0,"In vertical=fintech, higher top_zone_element_count is associated with lower perf_score (spearman=-0.003, n=180)."
vertical=food_delivery,badge_in_top_right,overall_ipm,0.0024979162539302013,0.0024979162539302013,180,0,"In vertical=food_delivery, higher badge_in_top_right is associated with higher overall_ipm (spearman=0.002, n=180)."
vertical=entertainment,grounded_element_count,overall_ipm,0.0022490484853067644,0.0022490484853067644,180,0,"In vertical=entertainment, higher grounded_element_count is associated with higher overall_ipm (spearman=0.002, n=180)."
all,ocr_element_count,ctr_decay_pct,-0.0020681830583516537,0.0020681830583516537,1080,0,"In all, higher ocr_element_count is associated with lower ctr_decay_pct (spearman=-0.002, n=1080)."
all,grounded_element_count,cvr_decay_pct,0.0019810464723656607,0.0019810464723656607,1080,0,"In all, higher grounded_element_count is associated with higher cvr_decay_pct (spearman=0.002, n=1080)."
vertical=ecommerce,has_price_meta,overall_ctr,0.0018518804304740726,0.0018518804304740726,180,0,"In vertical=ecommerce, higher has_price_meta is associated with higher overall_ctr (spearman=0.002, n=180)."
all,image_aspect_ratio,cvr_decay_pct,0.0016703180837100767,0.0016703180837100767,1080,0,"In all, higher image_aspect_ratio is associated with higher cvr_decay_pct (spearman=0.002, n=1080)."
vertical=gaming,ocr_element_count,ctr_decay_pct,0.0014992865102464185,0.0014992865102464185,180,0,"In vertical=gaming, higher ocr_element_count is associated with higher ctr_decay_pct (spearman=0.001, n=180)."
vertical=travel,headline_area_relative,ctr_decay_pct,0.0013517133286332778,0.0013517133286332778,180,0,"In vertical=travel, higher headline_area_relative is associated with higher ctr_decay_pct (spearman=0.001, n=180)."
vertical=entertainment,bottom_zone_element_count,perf_score,0.001245988388649291,0.001245988388649291,180,0,"In vertical=entertainment, higher bottom_zone_element_count is associated with higher perf_score (spearman=0.001, n=180)."
all,logo_in_top_left,overall_roas,-0.0011993596945688095,0.0011993596945688095,1080,0,"In all, higher logo_in_top_left is associated with lower overall_roas (spearman=-0.001, n=1080)."
vertical=travel,bottom_text_ratio,cvr_decay_pct,-0.0011383146969702607,0.0011383146969702607,180,0,"In vertical=travel, higher bottom_text_ratio is associated with lower cvr_decay_pct (spearman=-0.001, n=180)."
all,bottom_text_ratio,overall_ipm,-0.000679887931865666,0.000679887931865666,1080,0,"In all, higher bottom_text_ratio is associated with lower overall_ipm (spearman=-0.001, n=1080)."
vertical=food_delivery,cta_headline_distance,overall_cvr,0.0006668364796913404,0.0006668364796913404,180,0,"In vertical=food_delivery, higher cta_headline_distance is associated with higher overall_cvr (spearman=0.001, n=180)."
vertical=ecommerce,bottom_text_ratio,perf_score,-0.0005971652900581891,0.0005971652900581891,180,0,"In vertical=ecommerce, higher bottom_text_ratio is associated with lower perf_score (spearman=-0.001, n=180)."
vertical=fintech,bottom_text_ratio,ctr_decay_pct,0.0005857270140336736,0.0005857270140336736,180,0,"In vertical=fintech, higher bottom_text_ratio is associated with higher ctr_decay_pct (spearman=0.001, n=180)."
vertical=gaming,brand_visibility_meta,ctr_decay_pct,-0.0005751300988274556,0.0005751300988274556,180,0,"In vertical=gaming, higher brand_visibility_meta is associated with lower ctr_decay_pct (spearman=-0.001, n=180)."
vertical=ecommerce,product_zone_coverage,overall_cvr,0.000509991629617723,0.000509991629617723,180,0,"In vertical=ecommerce, higher product_zone_coverage is associated with higher overall_cvr (spearman=0.001, n=180)."
vertical=entertainment,avg_text_area_rel,ctr_decay_pct,-0.000413593012130004,0.000413593012130004,180,0,"In vertical=entertainment, higher avg_text_area_rel is associated with lower ctr_decay_pct (spearman=-0.000, n=180)."
all,cta_area_relative,cvr_decay_pct,-0.00023426807170080663,0.00023426807170080663,1080,0,"In all, higher cta_area_relative is associated with lower cvr_decay_pct (spearman=-0.000, n=1080)."
vertical=travel,product_zone_coverage,overall_ipm,6.233231028661059e-05,6.233231028661059e-05,180,0,"In vertical=travel, higher product_zone_coverage is associated with higher overall_ipm (spearman=0.000, n=180)."
