creative_id,landscape_x,landscape_y,landscape_method,vertical,format,creative_status,perf_score,overall_roas,asset_file
500000,0.8632107,-0.36240685,umap,gaming,interstitial,stable,0.3410493827160494,0.6732220740687788,assets/creative_500000.png
500001,0.93034625,-0.4189791,umap,gaming,rewarded_video,fatigued,0.5978395061728395,1.1266953986429848,assets/creative_500001.png
500002,0.9375372,-0.46967524,umap,gaming,rewarded_video,fatigued,0.6074074074074074,1.1081073729861737,assets/creative_500002.png
500003,0.7896576,-0.32630193,umap,gaming,interstitial,stable,0.4916666666666667,0.9491882669871504,assets/creative_500003.png
500004,0.9528314,-0.40386748,umap,gaming,rewarded_video,stable,0.5191358024691358,0.8619217377295777,assets/creative_500004.png
500005,0.9473814,-0.3975228,umap,gaming,rewarded_video,stable,0.5419753086419753,0.9345498333374836,assets/creative_500005.png
500006,-0.5896504,0.7837163,umap,ecommerce,banner,underperformer,0.1296296296296296,1.941227777254894,assets/creative_500006.png
500007,-0.56071156,0.83378804,umap,ecommerce,interstitial,stable,0.4419753086419752,3.050351291416699,assets/creative_500007.png
500008,-0.61149657,0.68337834,umap,ecommerce,native,stable,0.2496913580246913,2.642289116341278,assets/creative_500008.png
500009,-0.5521645,0.7676226,umap,ecommerce,banner,underperformer,0.1925925925925926,2.428691311133428,assets/creative_500009.png
500010,-0.5709764,0.5806143,umap,ecommerce,native,stable,0.2487654320987654,2.588338237265342,assets/creative_500010.png
500011,-0.5950317,0.89334023,umap,ecommerce,interstitial,underperformer,0.2095679012345679,1.977829338344585,assets/creative_500011.png
500012,-0.65147203,-0.25387752,umap,fintech,native,stable,0.3620370370370371,6.185969994816537,assets/creative_500012.png
500013,-0.75711083,-0.44910812,umap,fintech,banner,stable,0.2617283950617284,5.085934194846565,assets/creative_500013.png
500014,-0.97417295,0.59714806,umap,fintech,native,stable,0.3932098765432099,6.586175894670943,assets/creative_500014.png
500015,-0.7392909,-0.43986416,umap,fintech,banner,stable,0.3101851851851852,6.06685674054334,assets/creative_500015.png
500016,-0.7483575,-0.5042918,umap,fintech,interstitial,stable,0.4858024691358024,6.453928537255652,assets/creative_500016.png
500017,-0.76461226,-0.27428013,umap,fintech,banner,stable,0.2935185185185185,5.647415270613856,assets/creative_500017.png
500018,-0.75289685,-0.80380833,umap,travel,rewarded_video,top_performer,0.8944444444444444,10.289326807917238,assets/creative_500018.png
500019,-0.70729923,-0.77633446,umap,travel,interstitial,stable,0.4132716049382716,5.191783577837914,assets/creative_500019.png
500020,-0.61248755,-0.16788232,umap,travel,native,stable,0.645679012345679,9.194727717911022,assets/creative_500020.png
500021,-0.8316993,-0.72559226,umap,travel,banner,stable,0.3435185185185185,5.713236568668226,assets/creative_500021.png
500022,-0.7608646,-0.9693959,umap,travel,rewarded_video,stable,0.6885802469135802,6.640464526292745,assets/creative_500022.png
500023,-0.8611685,-0.8671833,umap,travel,interstitial,fatigued,0.7404320987654321,8.705089147456153,assets/creative_500023.png
500024,-0.51724946,0.840696,umap,food_delivery,banner,stable,0.5972222222222222,2.151357482608445,assets/creative_500024.png
500025,-0.50678706,0.8073294,umap,food_delivery,banner,stable,0.3759259259259259,1.6872810313486946,assets/creative_500025.png
500026,-0.5127653,0.8005506,umap,food_delivery,banner,stable,0.4817901234567901,1.853571245098207,assets/creative_500026.png
500027,-0.4236756,0.7307522,umap,food_delivery,banner,stable,0.2700617283950617,1.3782703782442098,assets/creative_500027.png
500028,-0.47061712,0.75177705,umap,food_delivery,banner,stable,0.683641975308642,2.4328943580654863,assets/creative_500028.png
500029,-0.49471068,0.76699436,umap,food_delivery,banner,stable,0.2435185185185185,1.4724911182311624,assets/creative_500029.png
500030,-0.6468892,-0.72317064,umap,entertainment,rewarded_video,fatigued,0.6953703703703704,2.40967365807916,assets/creative_500030.png
500031,-0.64419204,-0.79930943,umap,entertainment,interstitial,stable,0.3253086419753086,1.7159389441873223,assets/creative_500031.png
500032,-0.6307386,-0.7941622,umap,entertainment,interstitial,stable,0.4759259259259258,1.977986707824744,assets/creative_500032.png
500033,-0.5538089,-0.4651485,umap,entertainment,native,stable,0.3271604938271604,2.03790345822002,assets/creative_500033.png
500034,-0.6612937,-0.49746805,umap,entertainment,banner,underperformer,0.1950617283950617,1.8182816302299845,assets/creative_500034.png
500035,-0.7162211,-0.6826379,umap,entertainment,rewarded_video,stable,0.6972222222222223,2.4511588694097983,assets/creative_500035.png
500036,0.93610203,-0.5216081,umap,gaming,rewarded_video,fatigued,0.6990740740740741,1.6792476112788166,assets/creative_500036.png
500037,0.8463371,-0.47902024,umap,gaming,native,fatigued,0.5916666666666667,1.7615166158630438,assets/creative_500037.png
500038,0.94820416,-0.50301325,umap,gaming,rewarded_video,top_performer,0.7802469135802469,2.0314427869495115,assets/creative_500038.png
500039,0.90912354,-0.3459853,umap,gaming,interstitial,fatigued,0.65,1.599214387565447,assets/creative_500039.png
500040,0.94161034,-0.50546837,umap,gaming,rewarded_video,fatigued,0.6895061728395063,1.6974533095208426,assets/creative_500040.png
500041,0.93119967,-0.5165204,umap,gaming,rewarded_video,stable,0.5780864197530864,1.316435287900001,assets/creative_500041.png
500042,-0.52036905,0.8901384,umap,ecommerce,banner,stable,0.3040123456790123,1.862391222519128,assets/creative_500042.png
500043,-0.57306504,0.98859715,umap,ecommerce,interstitial,stable,0.7777777777777778,2.8590471441043595,assets/creative_500043.png
500044,-0.6008152,0.6156683,umap,ecommerce,native,stable,0.649074074074074,2.467511005844395,assets/creative_500044.png
500045,-0.6148928,0.8167255,umap,ecommerce,rewarded_video,stable,0.578395061728395,1.779816300722664,assets/creative_500045.png
500046,-0.49453747,0.89995885,umap,ecommerce,banner,stable,0.5981481481481481,2.4469275799038885,assets/creative_500046.png
500047,-0.77311313,0.3517239,umap,ecommerce,rewarded_video,stable,0.7435185185185186,2.3564451941460614,assets/creative_500047.png
500048,-0.64612734,-0.3106584,umap,fintech,native,stable,0.6052469135802468,7.980125027952726,assets/creative_500048.png
500049,-0.7899513,-0.40133095,umap,fintech,banner,stable,0.3657407407407407,5.789343806789043,assets/creative_500049.png
500050,-0.757108,-0.43718702,umap,fintech,banner,stable,0.2876543209876543,5.087406242331003,assets/creative_500050.png
500051,-0.81428945,-0.39446098,umap,fintech,banner,stable,0.3126543209876544,5.292489391659645,assets/creative_500051.png
500052,-0.8117296,0.20642495,umap,fintech,banner,stable,0.2685185185185185,4.750693877929218,assets/creative_500052.png
500053,-0.75184363,-0.50029135,umap,fintech,interstitial,stable,0.4805555555555555,5.730642006482579,assets/creative_500053.png
500054,-0.7657534,-0.902935,umap,travel,rewarded_video,fatigued,0.7222222222222222,7.150438808452111,assets/creative_500054.png
500055,-0.99156016,0.732762,umap,travel,rewarded_video,top_performer,0.854320987654321,9.660271947292308,assets/creative_500055.png
500056,-0.77011406,-0.89169693,umap,travel,rewarded_video,fatigued,0.7768518518518519,7.852382015637678,assets/creative_500056.png
500057,-0.7662675,-0.8038212,umap,travel,interstitial,stable,0.4993827160493827,5.679441634512126,assets/creative_500057.png
500058,-0.57578266,-0.17530668,umap,travel,native,stable,0.4598765432098765,7.2703720416047775,assets/creative_500058.png
500059,-0.7011919,-0.9555216,umap,travel,rewarded_video,fatigued,0.6216049382716049,6.013565089664496,assets/creative_500059.png
500060,-0.63345325,0.41408896,umap,food_delivery,native,stable,0.3824074074074073,2.407225541094152,assets/creative_500060.png
500061,-0.6333287,0.42187548,umap,food_delivery,native,stable,0.3148148148148148,2.1707934878017023,assets/creative_500061.png
500062,-0.4707271,0.96713614,umap,food_delivery,interstitial,stable,0.4802469135802469,2.3493449299389786,assets/creative_500062.png
500063,-0.46781135,0.956728,umap,food_delivery,interstitial,stable,0.412037037037037,2.003405443334677,assets/creative_500063.png
500064,-0.4840842,0.94727683,umap,food_delivery,interstitial,stable,0.5638888888888888,2.439404085138611,assets/creative_500064.png
500065,-0.42371106,0.6042367,umap,food_delivery,native,stable,0.4037037037037037,2.4721365954941814,assets/creative_500065.png
500066,-0.65466356,-0.86189103,umap,entertainment,rewarded_video,stable,0.5151234567901234,1.7640644780150223,assets/creative_500066.png
500067,-0.6214397,-0.6671201,umap,entertainment,interstitial,stable,0.2398148148148148,1.4347813591993264,assets/creative_500067.png
500068,-0.79435766,0.26980388,umap,entertainment,rewarded_video,stable,0.3175925925925926,1.4047334882166385,assets/creative_500068.png
500069,-0.55684,-0.78411084,umap,entertainment,rewarded_video,stable,0.5558641975308642,1.8132314882693672,assets/creative_500069.png
500070,-0.61125684,-0.88519454,umap,entertainment,rewarded_video,fatigued,0.6811728395061728,2.203755520198999,assets/creative_500070.png
500071,-0.561696,-0.39694202,umap,entertainment,native,underperformer,0.2169753086419753,1.6147991130235102,assets/creative_500071.png
500072,0.818418,-0.4382211,umap,gaming,interstitial,stable,0.5530864197530864,1.0806670939235414,assets/creative_500072.png
500073,0.8288946,-0.44340128,umap,gaming,banner,stable,0.3601851851851851,0.821152500920901,assets/creative_500073.png
500074,0.94463444,-0.5262703,umap,gaming,rewarded_video,fatigued,0.645679012345679,1.2865844509643354,assets/creative_500074.png
500075,0.9062351,-0.32287556,umap,gaming,interstitial,stable,0.5635802469135802,1.0444223763637257,assets/creative_500075.png
500076,0.9471452,-0.5228481,umap,gaming,playable,stable,0.5188271604938272,0.8868538675813281,assets/creative_500076.png
500077,0.88117874,-0.26975864,umap,gaming,interstitial,stable,0.5580246913580247,1.1582750687956958,assets/creative_500077.png
500078,-0.5866194,0.78205836,umap,ecommerce,banner,underperformer,0.1854938271604938,2.3402753971769106,assets/creative_500078.png
500079,-0.9023874,0.7272606,umap,ecommerce,banner,underperformer,0.1935185185185185,2.257436047448962,assets/creative_500079.png
500080,-0.9298643,0.6912687,umap,ecommerce,interstitial,stable,0.4435185185185185,2.9140685983842083,assets/creative_500080.png
500081,-0.54394996,0.61148214,umap,ecommerce,native,stable,0.3290123456790123,3.075088705372562,assets/creative_500081.png
500082,-0.63797295,0.89128375,umap,ecommerce,rewarded_video,stable,0.4302469135802469,2.707077403785389,assets/creative_500082.png
500083,-0.56693506,0.60204506,umap,ecommerce,native,stable,0.3854938271604938,3.472076565402454,assets/creative_500083.png
500084,-0.95430094,0.61592615,umap,fintech,native,stable,0.719753086419753,9.254314865350988,assets/creative_500084.png
500085,-0.6201898,-0.04289329,umap,fintech,native,stable,0.587037037037037,7.583132408734466,assets/creative_500085.png
500086,-0.8143307,-0.4931233,umap,fintech,interstitial,stable,0.4450617283950617,5.1322460689446325,assets/creative_500086.png
500087,-0.7871895,-0.31151807,umap,fintech,interstitial,fatigued,0.6768518518518519,7.154073706069809,assets/creative_500087.png
500088,-0.7908064,0.19499946,umap,fintech,native,stable,0.5984567901234569,8.044623611234359,assets/creative_500088.png
500089,-0.78402907,-0.29354894,umap,fintech,interstitial,stable,0.5373456790123458,6.018475622423272,assets/creative_500089.png
500090,-0.7769588,-0.98202395,umap,travel,rewarded_video,top_performer,0.8975308641975309,9.894449070578972,assets/creative_500090.png
500091,-0.70071125,-0.9533677,umap,travel,rewarded_video,top_performer,0.8478395061728395,8.432853323948484,assets/creative_500091.png
500092,-0.5428145,-0.23506409,umap,travel,native,stable,0.6858024691358025,9.316727564056889,assets/creative_500092.png
500093,-0.5505816,-0.23205847,umap,travel,native,stable,0.7404320987654321,9.842602391369589,assets/creative_500093.png
500094,-0.7955233,-0.9947328,umap,travel,rewarded_video,top_performer,0.9209876543209876,10.86979608380635,assets/creative_500094.png
500095,-0.96110356,0.6045432,umap,travel,native,stable,0.7632716049382716,9.768010297216604,assets/creative_500095.png
500096,-0.41975194,0.62914455,umap,food_delivery,native,stable,0.2916666666666667,2.3503444487221747,assets/creative_500096.png
500097,-0.5145372,0.905012,umap,food_delivery,banner,stable,0.362962962962963,2.55851435046144,assets/creative_500097.png
500098,-0.40209615,0.71567833,umap,food_delivery,interstitial,stable,0.5608024691358025,2.7421905260314547,assets/creative_500098.png
500099,-0.4176253,0.8404243,umap,food_delivery,interstitial,stable,0.407716049382716,2.190700643398236,assets/creative_500099.png
500100,-0.41376513,0.8225492,umap,food_delivery,banner,underperformer,0.0848765432098765,1.5819462119856738,assets/creative_500100.png
500101,-0.49531895,0.5621866,umap,food_delivery,native,stable,0.337037037037037,2.2273522888740733,assets/creative_500101.png
500102,-0.5671108,-0.8038323,umap,entertainment,rewarded_video,stable,0.475,1.5453653059383363,assets/creative_500102.png
500103,-0.5548579,-0.6469214,umap,entertainment,banner,underperformer,0.191358024691358,1.4939672792130436,assets/creative_500103.png
500104,-0.542621,-0.47573757,umap,entertainment,native,stable,0.4858024691358024,2.090932548306793,assets/creative_500104.png
500105,-0.59480596,-0.65568703,umap,entertainment,interstitial,stable,0.5509259259259259,1.847842274068944,assets/creative_500105.png
500106,-0.567122,-0.8040112,umap,entertainment,rewarded_video,stable,0.579320987654321,1.7124983774732303,assets/creative_500106.png
500107,-0.83198017,0.23661256,umap,entertainment,interstitial,stable,0.4981481481481482,1.6991287700119309,assets/creative_500107.png
500108,0.874035,-0.29440075,umap,gaming,banner,stable,0.3802469135802469,1.2016122548344184,assets/creative_500108.png
500109,0.9077029,-0.33142447,umap,gaming,interstitial,stable,0.5509259259259259,1.1981818901365635,assets/creative_500109.png
500110,0.82018244,-0.41553366,umap,gaming,interstitial,stable,0.441358024691358,1.0410351395649533,assets/creative_500110.png
500111,0.9801271,-0.43204093,umap,gaming,playable,stable,0.4972222222222222,1.0348318977675073,assets/creative_500111.png
500112,0.8250073,-0.58825874,umap,gaming,playable,fatigued,0.650925925925926,1.4348041166125531,assets/creative_500112.png
500113,0.75491524,-0.37528563,umap,gaming,playable,fatigued,0.5830246913580247,1.1456034471882637,assets/creative_500113.png
500114,-0.63466984,0.88749766,umap,ecommerce,rewarded_video,fatigued,0.616358024691358,1.9889263800876007,assets/creative_500114.png
500115,-0.6371167,0.44801557,umap,ecommerce,native,stable,0.5558641975308642,2.4955163996748744,assets/creative_500115.png
500116,-0.5619759,0.9523014,umap,ecommerce,interstitial,stable,0.575925925925926,2.08853790236587,assets/creative_500116.png
500117,-0.596927,0.7782724,umap,ecommerce,banner,stable,0.3052469135802469,1.820426118118708,assets/creative_500117.png
500118,-0.6712761,0.41658115,umap,ecommerce,native,fatigued,0.6901234567901234,3.033275687332677,assets/creative_500118.png
500119,-0.5649364,0.9943838,umap,ecommerce,interstitial,stable,0.6796296296296296,2.347871612598087,assets/creative_500119.png
500120,-0.6280374,-0.28449106,umap,fintech,native,stable,0.3006172839506173,6.717705951976957,assets/creative_500120.png
500121,-0.74803567,-0.42056847,umap,fintech,banner,stable,0.2546296296296296,5.602640212770087,assets/creative_500121.png
500122,-0.81332994,0.20540154,umap,fintech,banner,stable,0.2944444444444444,6.795763631962036,assets/creative_500122.png
500123,-0.8014673,-0.47649843,umap,fintech,banner,stable,0.2691358024691357,6.066732990588764,assets/creative_500123.png
500124,-0.6706065,-0.30317372,umap,fintech,native,stable,0.3327160493827161,7.413085775008813,assets/creative_500124.png
500125,-0.81506705,-0.41219568,umap,fintech,interstitial,stable,0.3225308641975309,6.303279137829585,assets/creative_500125.png
500126,-0.5549954,-0.26811844,umap,travel,native,top_performer,0.7907407407407407,10.422594070375231,assets/creative_500126.png
500127,-0.8412694,-0.773035,umap,travel,interstitial,fatigued,0.5916666666666667,6.155751719796082,assets/creative_500127.png
500128,-0.9963572,0.7495614,umap,travel,rewarded_video,fatigued,0.7175925925925926,6.647550559046208,assets/creative_500128.png
500129,-0.7748396,-0.9832217,umap,travel,rewarded_video,top_performer,0.8969135802469136,9.33692948459687,assets/creative_500129.png
500130,-0.5944241,-0.2807361,umap,travel,native,stable,0.5108024691358025,6.561437789538839,assets/creative_500130.png
500131,-0.8703225,-0.8352225,umap,travel,interstitial,stable,0.5555555555555556,5.560026288791998,assets/creative_500131.png
500132,-0.51188797,0.54205847,umap,food_delivery,native,stable,0.4768518518518518,1.6148164348377885,assets/creative_500132.png
500133,-0.5143318,0.7618741,umap,food_delivery,banner,stable,0.5611111111111111,1.9173793277957256,assets/creative_500133.png
500134,-0.43140793,0.77203155,umap,food_delivery,banner,stable,0.4833333333333333,1.590773145765426,assets/creative_500134.png
500135,-0.516628,0.6013948,umap,food_delivery,native,fatigued,0.6521604938271605,1.9178122283910104,assets/creative_500135.png
500136,-0.50264657,0.5395012,umap,food_delivery,native,stable,0.7373456790123457,2.4131806635973967,assets/creative_500136.png
500137,-0.38703704,0.73697114,umap,food_delivery,banner,stable,0.4518518518518519,1.5998142006963627,assets/creative_500137.png
500138,-0.6480706,-0.80215853,umap,entertainment,interstitial,underperformer,0.1388888888888888,1.5232494766872764,assets/creative_500138.png
500139,-0.58759224,-0.82891154,umap,entertainment,rewarded_video,stable,0.4126543209876543,1.9724866596207489,assets/creative_500139.png
500140,-0.6260715,-0.79093426,umap,entertainment,interstitial,underperformer,0.1567901234567901,1.6053414634568826,assets/creative_500140.png
500141,-0.6735246,-0.84273404,umap,entertainment,rewarded_video,stable,0.3302469135802469,1.759381214696151,assets/creative_500141.png
500142,-0.808553,0.33452582,umap,entertainment,interstitial,underperformer,0.1037037037037037,1.3934895674305263,assets/creative_500142.png
500143,-0.831232,0.23858249,umap,entertainment,interstitial,underperformer,0.15,1.5777174944778092,assets/creative_500143.png
500144,0.8740448,-0.35309392,umap,gaming,interstitial,stable,0.5317901234567901,1.3586099464292778,assets/creative_500144.png
500145,0.85607815,-0.4128455,umap,gaming,native,fatigued,0.6024691358024691,1.741360444895807,assets/creative_500145.png
500146,0.7609099,-0.37748158,umap,gaming,rewarded_video,stable,0.7737654320987654,1.9752103169377488,assets/creative_500146.png
500147,0.83323836,-0.60572815,umap,gaming,rewarded_video,top_performer,0.858641975308642,2.7024443874158663,assets/creative_500147.png
500148,0.92775905,-0.51270854,umap,gaming,playable,fatigued,0.7419753086419753,1.8293660060704056,assets/creative_500148.png
500149,0.81093657,-0.5450882,umap,gaming,rewarded_video,top_performer,0.8040123456790124,2.17380448726829,assets/creative_500149.png
500150,-0.7752759,0.45432222,umap,ecommerce,interstitial,stable,0.5935185185185186,1.998870164731189,assets/creative_500150.png
500151,-0.55908465,0.95098877,umap,ecommerce,interstitial,stable,0.520679012345679,1.879729239976661,assets/creative_500151.png
500152,-0.57066464,0.95340526,umap,ecommerce,interstitial,stable,0.3910493827160494,1.6838886975283769,assets/creative_500152.png
500153,-0.7872052,0.45371234,umap,ecommerce,interstitial,stable,0.5018518518518519,1.927535237814821,assets/creative_500153.png
500154,-0.8915897,0.7125186,umap,ecommerce,banner,stable,0.304320987654321,1.862236325402036,assets/creative_500154.png
500155,-0.7336304,0.75284207,umap,ecommerce,interstitial,stable,0.6126543209876544,2.088866582123336,assets/creative_500155.png
500156,-0.6345242,-0.3060068,umap,fintech,native,stable,0.5401234567901235,8.540124413390695,assets/creative_500156.png
500157,-0.6353099,-0.29770166,umap,fintech,native,fatigued,0.6253086419753086,9.772059222348004,assets/creative_500157.png
500158,-0.8396211,0.22122717,umap,fintech,interstitial,stable,0.6296296296296297,8.119812120546076,assets/creative_500158.png
500159,-0.7913193,-0.30234104,umap,fintech,interstitial,stable,0.6962962962962963,8.509122590500082,assets/creative_500159.png
500160,-0.7671576,-0.27508867,umap,fintech,banner,stable,0.3675925925925926,6.751417742240131,assets/creative_500160.png
500161,-0.7948414,-0.38643187,umap,fintech,banner,stable,0.382716049382716,7.091985114722904,assets/creative_500161.png
500162,-0.7587725,-0.9411082,umap,travel,rewarded_video,stable,0.5006172839506173,5.89271478887092,assets/creative_500162.png
500163,-0.8149412,-0.7846148,umap,travel,banner,stable,0.4925925925925926,7.6083507539602975,assets/creative_500163.png
500164,-0.9831535,0.6982956,umap,travel,interstitial,fatigued,0.6311728395061728,8.268724254821741,assets/creative_500164.png
500165,-0.8058382,-0.8463536,umap,travel,interstitial,stable,0.7469135802469137,8.757660212614828,assets/creative_500165.png
500166,-0.742038,-0.9826219,umap,travel,rewarded_video,fatigued,0.7154320987654321,7.364208388108953,assets/creative_500166.png
500167,-0.8355472,-0.75731456,umap,travel,banner,stable,0.4564814814814815,8.039853047661111,assets/creative_500167.png
500168,-0.42337132,0.9023361,umap,food_delivery,interstitial,stable,0.3018518518518518,1.1495130554741004,assets/creative_500168.png
500169,-0.46692872,0.9440377,umap,food_delivery,interstitial,underperformer,0.1228395061728395,0.8848625453832959,assets/creative_500169.png
500170,-0.46665913,0.8051233,umap,food_delivery,banner,underperformer,0.0910493827160493,1.100058716409841,assets/creative_500170.png
500171,-0.5073168,0.9124526,umap,food_delivery,banner,underperformer,0.1345679012345678,1.1817875687850494,assets/creative_500171.png
500172,-0.5009111,0.6211606,umap,food_delivery,native,underperformer,0.2166666666666666,1.2711869521266164,assets/creative_500172.png
500173,-0.38536888,0.73457384,umap,food_delivery,banner,underperformer,0.1382716049382716,1.1846425457636764,assets/creative_500173.png
500174,-0.59950256,-0.73754436,umap,entertainment,interstitial,stable,0.4052469135802468,1.625960376142718,assets/creative_500174.png
500175,-0.60680306,-0.68021905,umap,entertainment,interstitial,stable,0.3429012345679012,1.5624832685964811,assets/creative_500175.png
500176,-0.5491249,-0.66993594,umap,entertainment,interstitial,stable,0.5765432098765432,2.0461741192468987,assets/creative_500176.png
500177,-0.6198769,-0.1968469,umap,entertainment,native,stable,0.2632716049382715,1.6287986674798436,assets/creative_500177.png
500178,-0.5538055,-0.47214878,umap,entertainment,native,stable,0.5179012345679012,2.33959209260014,assets/creative_500178.png
500179,-0.58288944,-0.33847135,umap,entertainment,native,stable,0.4052469135802468,1.9918976878777224,assets/creative_500179.png
500180,0.84050167,-0.59994626,umap,gaming,playable,fatigued,0.6003086419753086,1.4669541602767808,assets/creative_500180.png
500181,0.8200996,-0.579008,umap,gaming,playable,fatigued,0.8444444444444444,2.626345336017448,assets/creative_500181.png
500182,0.84203184,-0.6067698,umap,gaming,rewarded_video,fatigued,0.7984567901234568,2.277770349421023,assets/creative_500182.png
500183,0.8253298,-0.41983098,umap,gaming,interstitial,fatigued,0.6950617283950616,1.9630406126159268,assets/creative_500183.png
500184,0.87860215,-0.26797962,umap,gaming,interstitial,fatigued,0.6759259259259259,1.8718528115594173,assets/creative_500184.png
500185,0.8396039,-0.5914947,umap,gaming,playable,fatigued,0.8052469135802469,2.2948131572418267,assets/creative_500185.png
500186,-0.7111643,0.7579237,umap,ecommerce,banner,underperformer,0.187037037037037,1.7083718243147863,assets/creative_500186.png
500187,-0.5487268,0.57206285,umap,ecommerce,native,underperformer,0.1348765432098765,1.6370076751253837,assets/creative_500187.png
500188,-0.7612745,0.36981213,umap,ecommerce,banner,underperformer,0.0790123456790123,1.3477811020098158,assets/creative_500188.png
500189,-0.61391705,0.8993491,umap,ecommerce,rewarded_video,stable,0.5780864197530864,2.1585557543205,assets/creative_500189.png
500190,-0.87797946,0.6806036,umap,ecommerce,native,stable,0.3641975308641975,2.203762001226317,assets/creative_500190.png
500191,-0.60773516,0.6592485,umap,ecommerce,native,stable,0.2626543209876543,1.8922461791672385,assets/creative_500191.png
500192,-0.8227264,-0.5611008,umap,fintech,interstitial,stable,0.571604938271605,5.747555354173752,assets/creative_500192.png
500193,-0.7797642,-0.27407396,umap,fintech,interstitial,stable,0.5768518518518518,5.852506536677107,assets/creative_500193.png
500194,-0.80520767,-0.40475905,umap,fintech,banner,stable,0.4314814814814814,6.131447730346502,assets/creative_500194.png
500195,-0.81131756,0.21796739,umap,fintech,interstitial,stable,0.4712962962962962,4.955404551508257,assets/creative_500195.png
500196,-0.65404654,-0.26202935,umap,fintech,native,stable,0.6432098765432098,8.033855622946845,assets/creative_500196.png
500197,-0.7068025,-0.25521147,umap,fintech,native,stable,0.5845679012345678,7.408223797622045,assets/creative_500197.png
500198,-0.720281,-0.95120966,umap,travel,rewarded_video,fatigued,0.6030864197530864,5.971331765849122,assets/creative_500198.png
500199,-0.5520946,-0.21553773,umap,travel,native,stable,0.55,7.658294930468276,assets/creative_500199.png
500200,-0.9692457,0.7663598,umap,travel,banner,stable,0.3067901234567901,5.243861078977811,assets/creative_500200.png
500201,-0.5499675,-0.22713304,umap,travel,native,stable,0.5567901234567901,7.7845316615612,assets/creative_500201.png
500202,-0.5517257,-0.2389797,umap,travel,native,stable,0.4799382716049383,6.705524836953856,assets/creative_500202.png
500203,-0.5396619,-0.24986565,umap,travel,native,stable,0.5015432098765432,7.176573388942586,assets/creative_500203.png
500204,-0.4707963,0.5777173,umap,food_delivery,native,top_performer,0.7975308641975308,2.922165304106543,assets/creative_500204.png
500205,-0.5251745,0.9580234,umap,food_delivery,interstitial,stable,0.5351851851851852,1.5229695308348068,assets/creative_500205.png
500206,-0.41556644,0.8264109,umap,food_delivery,banner,stable,0.4160493827160494,1.6895629558401266,assets/creative_500206.png
500207,-0.52460206,0.5621344,umap,food_delivery,native,fatigued,0.6503086419753087,2.083185519876788,assets/creative_500207.png
500208,-0.7706021,0.43371594,umap,food_delivery,banner,stable,0.3089506172839506,1.4280300948962,assets/creative_500208.png
500209,-0.46863723,0.60196066,umap,food_delivery,native,stable,0.4320987654320987,1.6127197199779548,assets/creative_500209.png
500210,-0.5829601,-0.590134,umap,entertainment,banner,stable,0.4459876543209876,1.916458828447153,assets/creative_500210.png
500211,-0.5997881,-0.73073834,umap,entertainment,interstitial,stable,0.5518518518518518,1.7690147659480944,assets/creative_500211.png
500212,-0.6043305,-0.06633353,umap,entertainment,native,stable,0.4987654320987655,1.9976412605716063,assets/creative_500212.png
500213,-0.65064013,-0.639717,umap,entertainment,interstitial,stable,0.5373456790123456,1.7616765693488856,assets/creative_500213.png
500214,-0.61586964,-0.80650663,umap,entertainment,rewarded_video,stable,0.7271604938271605,2.202904368453443,assets/creative_500214.png
500215,-0.5863831,-0.8283474,umap,entertainment,rewarded_video,fatigued,0.6123456790123457,1.7694353432542365,assets/creative_500215.png
500216,0.83321464,-0.52254176,umap,gaming,playable,stable,0.712037037037037,1.498903288074516,assets/creative_500216.png
500217,0.9254644,-0.4056211,umap,gaming,rewarded_video,top_performer,0.7944444444444444,1.9830225348945536,assets/creative_500217.png
500218,0.8285575,-0.50194323,umap,gaming,interstitial,stable,0.6509259259259259,1.3375007857187755,assets/creative_500218.png
500219,0.84187627,-0.5481784,umap,gaming,playable,top_performer,0.8018518518518518,2.0286845482994096,assets/creative_500219.png
500220,0.79788613,-0.31778592,umap,gaming,banner,fatigued,0.5901234567901235,1.3556886945302284,assets/creative_500220.png
500221,0.94347,-0.38207996,umap,gaming,rewarded_video,stable,0.7185185185185184,1.5824358187158765,assets/creative_500221.png
500222,-0.6088749,0.7660762,umap,ecommerce,banner,underperformer,0.0453703703703703,1.19447145739005,assets/creative_500222.png
500223,-0.5864432,0.78441215,umap,ecommerce,banner,underperformer,0.0635802469135802,1.3854519455908094,assets/creative_500223.png
500224,-0.90692896,0.6757846,umap,ecommerce,native,stable,0.266358024691358,1.83458872671126,assets/creative_500224.png
500225,-0.55535907,0.82718265,umap,ecommerce,interstitial,stable,0.2932098765432099,1.5622892230490972,assets/creative_500225.png
500226,-0.63222945,0.90311337,umap,ecommerce,rewarded_video,stable,0.5092592592592592,1.860413921101728,assets/creative_500226.png
500227,-0.56384635,0.8005465,umap,ecommerce,banner,underperformer,0.0265432098765432,1.1161954704388195,assets/creative_500227.png
500228,-0.690666,-0.2631057,umap,fintech,native,stable,0.2725308641975308,4.664075678455785,assets/creative_500228.png
500229,-0.9786076,0.7792249,umap,fintech,rewarded_video,stable,0.3540123456790123,4.057664376405147,assets/creative_500229.png
500230,-0.8222246,-0.5567258,umap,fintech,interstitial,stable,0.3709876543209876,4.947479651618547,assets/creative_500230.png
500231,-0.8038426,-0.54531264,umap,fintech,banner,stable,0.2330246913580247,3.97950896776251,assets/creative_500231.png
500232,-0.9766161,0.6167252,umap,fintech,native,stable,0.3382716049382716,5.569657959506507,assets/creative_500232.png
500233,-0.7941872,0.181754,umap,fintech,native,stable,0.3083333333333333,5.143403715244662,assets/creative_500233.png
500234,-0.857902,-0.8841472,umap,travel,interstitial,stable,0.5351851851851852,6.3151350412941065,assets/creative_500234.png
500235,-0.816685,-0.94426227,umap,travel,rewarded_video,fatigued,0.7805555555555556,7.86742745913762,assets/creative_500235.png
500236,-0.8536463,-0.88682336,umap,travel,interstitial,stable,0.5530864197530864,6.360943402823702,assets/creative_500236.png
500237,-0.85458016,-0.81476897,umap,travel,interstitial,stable,0.7049382716049383,7.683603695178304,assets/creative_500237.png
500238,-0.7809652,-0.7524589,umap,travel,interstitial,stable,0.4104938271604939,4.904972209628186,assets/creative_500238.png
500239,-0.59532773,-0.20652509,umap,travel,native,stable,0.4574074074074074,6.854440875476209,assets/creative_500239.png
500240,-0.5157745,0.8039619,umap,food_delivery,banner,underperformer,0.2141975308641975,1.336915780778827,assets/creative_500240.png
500241,-0.46023804,0.77017856,umap,food_delivery,interstitial,stable,0.5484567901234568,1.6443111113909288,assets/creative_500241.png
500242,-0.4727779,0.8303623,umap,food_delivery,rewarded_video,fatigued,0.6746913580246914,1.875738388341876,assets/creative_500242.png
500243,-0.49638724,0.7342782,umap,food_delivery,banner,underperformer,0.0543209876543209,1.017666193836778,assets/creative_500243.png
500244,-0.39614624,0.7034857,umap,food_delivery,banner,underperformer,0.1274691358024691,1.1549417133828677,assets/creative_500244.png
500245,-0.45931107,0.7642714,umap,food_delivery,interstitial,stable,0.4962962962962963,1.5052569698269818,assets/creative_500245.png
500246,-0.60412955,-0.6841417,umap,entertainment,interstitial,stable,0.4003086419753086,1.7367365002082449,assets/creative_500246.png
500247,-0.5619804,-0.65956813,umap,entertainment,interstitial,fatigued,0.6237654320987653,2.2557090500106654,assets/creative_500247.png
500248,-0.80201936,0.25989628,umap,entertainment,rewarded_video,stable,0.7793209876543209,2.9898556284582227,assets/creative_500248.png
500249,-0.78765297,0.20227385,umap,entertainment,native,stable,0.4469135802469136,2.17426775314214,assets/creative_500249.png
500250,-0.6493036,-0.6360539,umap,entertainment,interstitial,stable,0.4969135802469136,1.967041430747388,assets/creative_500250.png
500251,-0.60699356,-0.38870513,umap,entertainment,native,underperformer,0.2114197530864197,1.684409654240029,assets/creative_500251.png
500252,0.83467317,-0.5904268,umap,gaming,playable,fatigued,0.7191358024691358,1.898366610268144,assets/creative_500252.png
500253,0.8460115,-0.4608652,umap,gaming,native,stable,0.5030864197530864,1.7898034268527854,assets/creative_500253.png
500254,0.9428557,-0.4959854,umap,gaming,rewarded_video,fatigued,0.7691358024691358,2.195094784916809,assets/creative_500254.png
500255,0.81070817,-0.4373973,umap,gaming,interstitial,fatigued,0.6660493827160494,1.9030192431994128,assets/creative_500255.png
500256,0.9239856,-0.53031373,umap,gaming,rewarded_video,stable,0.5212962962962963,1.4577996545518466,assets/creative_500256.png
500257,0.8635535,-0.42391413,umap,gaming,native,stable,0.4219135802469135,1.5953955269261444,assets/creative_500257.png
500258,-0.53412807,0.9702982,umap,ecommerce,interstitial,stable,0.466358024691358,1.8822311411936503,assets/creative_500258.png
500259,-0.5866787,0.6310309,umap,ecommerce,native,stable,0.5429012345679013,2.5867450674257624,assets/creative_500259.png
500260,-0.90506756,0.66023636,umap,ecommerce,native,stable,0.3999999999999999,2.1035621637538973,assets/creative_500260.png
500261,-0.62207496,0.89543545,umap,ecommerce,rewarded_video,stable,0.5783950617283952,2.0133340356372607,assets/creative_500261.png
500262,-0.54324687,0.97124684,umap,ecommerce,interstitial,stable,0.5203703703703704,2.1403006073840323,assets/creative_500262.png
500263,-0.7911255,0.39792168,umap,ecommerce,interstitial,underperformer,0.2089506172839506,1.505380296576912,assets/creative_500263.png
500264,-0.82237244,0.21278441,umap,fintech,banner,stable,0.5287037037037038,6.372480171667206,assets/creative_500264.png
500265,-0.8306837,0.20660138,umap,fintech,interstitial,stable,0.7058641975308642,6.152379971102259,assets/creative_500265.png
500266,-0.7904028,-0.31147832,umap,fintech,interstitial,stable,0.6018518518518519,5.358474869434784,assets/creative_500266.png
500267,-0.8291039,0.21024024,umap,fintech,banner,stable,0.6234567901234568,7.238963281515091,assets/creative_500267.png
500268,-0.80833185,-0.58064336,umap,fintech,interstitial,stable,0.7611111111111111,6.9617129141172205,assets/creative_500268.png
500269,-0.68265116,-0.9455072,umap,fintech,rewarded_video,top_performer,0.8151234567901234,7.182436513496025,assets/creative_500269.png
500270,-0.851854,-0.8928826,umap,travel,interstitial,fatigued,0.5993827160493828,9.10589099538748,assets/creative_500270.png
500271,-0.8474257,-0.8678884,umap,travel,interstitial,stable,0.755246913580247,11.436730556639889,assets/creative_500271.png
500272,-0.9913795,0.75837326,umap,travel,rewarded_video,fatigued,0.8077160493827161,10.984220008760738,assets/creative_500272.png
500273,-0.7693969,-0.7797657,umap,travel,interstitial,stable,0.6959876543209877,9.71647522754889,assets/creative_500273.png
500274,-0.58128107,-0.09308809,umap,travel,native,fatigued,0.6027777777777777,10.636166320649254,assets/creative_500274.png
500275,-0.57030857,-0.08744073,umap,travel,native,stable,0.7175925925925926,13.192217481759064,assets/creative_500275.png
500276,-0.4920255,0.77059543,umap,food_delivery,banner,stable,0.3348765432098765,1.7714099758987971,assets/creative_500276.png
500277,-0.4864294,0.7642275,umap,food_delivery,banner,stable,0.5450617283950617,2.324903623906544,assets/creative_500277.png
500278,-0.47394323,0.7470807,umap,food_delivery,banner,stable,0.4141975308641974,1.918067963580277,assets/creative_500278.png
500279,-0.4575112,0.98590255,umap,food_delivery,interstitial,stable,0.5740740740740741,1.871310778171396,assets/creative_500279.png
500280,-0.48540133,0.55356944,umap,food_delivery,native,stable,0.3203703703703703,1.6485211469955825,assets/creative_500280.png
500281,-0.414774,0.87048984,umap,food_delivery,interstitial,fatigued,0.5959876543209877,1.9584964160271985,assets/creative_500281.png
500282,-0.65645677,-0.875659,umap,entertainment,rewarded_video,stable,0.2259259259259259,1.3258580990953035,assets/creative_500282.png
500283,-0.55538744,-0.37218624,umap,entertainment,native,underperformer,0.191358024691358,1.70242598236133,assets/creative_500283.png
500284,-0.76988864,0.26330483,umap,entertainment,native,underperformer,0.074074074074074,1.3549098181808754,assets/creative_500284.png
500285,-0.667694,-0.6375544,umap,entertainment,interstitial,underperformer,0.207716049382716,1.4605468973914917,assets/creative_500285.png
500286,-0.55407864,-0.40742743,umap,entertainment,native,underperformer,0.1478395061728395,1.5955802741972134,assets/creative_500286.png
500287,-0.774744,0.26873982,umap,entertainment,interstitial,underperformer,0.1722222222222222,1.4038636770938244,assets/creative_500287.png
500288,0.85093737,-0.6258446,umap,gaming,rewarded_video,stable,0.5367283950617284,1.104957649984749,assets/creative_500288.png
500289,0.8927016,-0.29738444,umap,gaming,interstitial,stable,0.5040123456790124,1.1777295972557889,assets/creative_500289.png
500290,0.82270014,-0.57655156,umap,gaming,rewarded_video,fatigued,0.7166666666666667,1.6264505595431014,assets/creative_500290.png
500291,0.9621005,-0.55021656,umap,gaming,rewarded_video,stable,0.717283950617284,1.6626788624606876,assets/creative_500291.png
500292,0.983781,-0.4329859,umap,gaming,rewarded_video,fatigued,0.5919753086419753,1.1891264917570674,assets/creative_500292.png
500293,0.9546535,-0.4963944,umap,gaming,rewarded_video,fatigued,0.653395061728395,1.40889361706135,assets/creative_500293.png
500294,-0.60306793,0.48527706,umap,ecommerce,native,stable,0.4049382716049383,1.94744856674512,assets/creative_500294.png
500295,-0.44620937,0.9192302,umap,ecommerce,interstitial,stable,0.5015432098765432,1.7761958845214507,assets/creative_500295.png
500296,-0.54570806,0.5681764,umap,ecommerce,native,stable,0.3719135802469135,1.7890384477359351,assets/creative_500296.png
500297,-0.6719126,0.41846967,umap,ecommerce,native,stable,0.2759259259259259,1.7077023725027185,assets/creative_500297.png
500298,-0.7915131,0.69998646,umap,ecommerce,native,stable,0.5737654320987654,2.3625016779590364,assets/creative_500298.png
500299,-0.62753224,0.76872087,umap,ecommerce,banner,stable,0.2493827160493827,1.678322022914176,assets/creative_500299.png
500300,-0.96814597,0.6090796,umap,fintech,native,stable,0.5021604938271605,6.966146869234955,assets/creative_500300.png
500301,-0.98801124,0.66674733,umap,fintech,interstitial,stable,0.5132716049382716,5.767273184102584,assets/creative_500301.png
500302,-0.72732735,-0.27939588,umap,fintech,native,stable,0.4654320987654321,6.824046083669385,assets/creative_500302.png
500303,-0.96880853,0.77385294,umap,fintech,banner,stable,0.2703703703703703,4.752939444449247,assets/creative_500303.png
500304,-1.0,0.71149194,umap,fintech,rewarded_video,stable,0.6811728395061728,6.434442012018808,assets/creative_500304.png
500305,-0.8069701,-0.39498836,umap,fintech,interstitial,stable,0.3265432098765432,4.347341576072958,assets/creative_500305.png
500306,-0.5798453,-0.26831,umap,travel,native,stable,0.5367283950617284,6.500488705435914,assets/creative_500306.png
500307,-0.59506327,-0.232719,umap,travel,native,stable,0.6333333333333334,7.034815929060022,assets/creative_500307.png
500308,-0.59359664,-0.28722864,umap,travel,native,stable,0.5660493827160494,6.786131486772004,assets/creative_500308.png
500309,-0.8021037,-0.79521185,umap,travel,interstitial,stable,0.5697530864197531,5.33970512478544,assets/creative_500309.png
500310,-0.5531384,-0.2630229,umap,travel,native,stable,0.5478395061728395,6.986778382323749,assets/creative_500310.png
500311,-0.57182723,-0.22428823,umap,travel,native,stable,0.4657407407407408,6.094292933385115,assets/creative_500311.png
500312,-0.46409792,0.9731046,umap,food_delivery,interstitial,fatigued,0.645679012345679,2.1578676957609653,assets/creative_500312.png
500313,-0.4850763,0.8688091,umap,food_delivery,banner,underperformer,0.0410493827160493,1.080977805385796,assets/creative_500313.png
500314,-0.45610595,0.84824836,umap,food_delivery,rewarded_video,fatigued,0.5836419753086419,1.852723005182142,assets/creative_500314.png
500315,-0.5382111,0.7435894,umap,food_delivery,banner,stable,0.4305555555555556,2.0664289326246674,assets/creative_500315.png
500316,-0.38509256,0.7209203,umap,food_delivery,banner,stable,0.2422839506172839,1.66210342419756,assets/creative_500316.png
500317,-0.43146062,0.91664445,umap,food_delivery,interstitial,stable,0.4175925925925925,1.712385746774946,assets/creative_500317.png
500318,-0.6399566,-0.66768813,umap,entertainment,interstitial,stable,0.6046296296296297,1.816406839932576,assets/creative_500318.png
500319,-0.55705595,-0.6750752,umap,entertainment,interstitial,stable,0.5231481481481481,1.6893814165523886,assets/creative_500319.png
500320,-0.653533,-0.869624,umap,entertainment,rewarded_video,fatigued,0.6330246913580247,1.8413110865592552,assets/creative_500320.png
500321,-0.6419695,-0.62864226,umap,entertainment,interstitial,stable,0.4614197530864197,1.5544220197813956,assets/creative_500321.png
500322,-0.64838433,-0.6447837,umap,entertainment,interstitial,stable,0.5024691358024692,1.590758052858573,assets/creative_500322.png
500323,-0.5293962,-0.4339553,umap,entertainment,native,fatigued,0.5947530864197531,2.1564205842749256,assets/creative_500323.png
500324,0.80384004,-0.31832486,umap,gaming,interstitial,stable,0.542283950617284,0.8778804320034898,assets/creative_500324.png
500325,0.82335865,-0.43215877,umap,gaming,interstitial,stable,0.5459876543209877,0.9299153656421766,assets/creative_500325.png
500326,0.8327174,-0.59261096,umap,gaming,rewarded_video,fatigued,0.6688271604938271,1.3018728131440236,assets/creative_500326.png
500327,0.86171377,-0.39913017,umap,gaming,native,stable,0.4299382716049383,0.931399856205351,assets/creative_500327.png
500328,0.8834293,-0.27980536,umap,gaming,interstitial,stable,0.4679012345679012,0.8175861103502293,assets/creative_500328.png
500329,0.99571943,-0.42693037,umap,gaming,rewarded_video,stable,0.5444444444444444,0.7856854493649545,assets/creative_500329.png
500330,-0.7651085,0.53106666,umap,ecommerce,rewarded_video,stable,0.4145061728395061,1.9685499134905544,assets/creative_500330.png
500331,-0.8918031,0.72420275,umap,ecommerce,interstitial,underperformer,0.1429012345679012,1.4972697497878154,assets/creative_500331.png
500332,-0.6126783,0.78002894,umap,ecommerce,banner,underperformer,0.1679012345679012,1.84489187669462,assets/creative_500332.png
500333,-0.6426037,0.44220567,umap,ecommerce,native,stable,0.2410493827160494,1.969307752277369,assets/creative_500333.png
500334,-0.56434274,0.82193613,umap,ecommerce,banner,underperformer,0.1040123456790123,1.6447949782459317,assets/creative_500334.png
500335,-0.6758274,0.40885675,umap,ecommerce,native,stable,0.4283950617283951,2.59953901929028,assets/creative_500335.png
500336,-0.75156724,-0.41236955,umap,fintech,banner,stable,0.3802469135802469,4.745056741225114,assets/creative_500336.png
500337,-0.98781615,0.76514566,umap,fintech,rewarded_video,stable,0.763888888888889,6.475334345760055,assets/creative_500337.png
500338,-0.6198801,-0.04872191,umap,fintech,native,stable,0.7157407407407407,7.353865793064501,assets/creative_500338.png
500339,-0.63921595,-0.24470574,umap,fintech,native,stable,0.5537037037037037,5.870673634000219,assets/creative_500339.png
500340,-0.7618667,-0.31427044,umap,fintech,banner,stable,0.5287037037037038,5.787528668720042,assets/creative_500340.png
500341,-0.9833727,0.78585505,umap,fintech,rewarded_video,top_performer,0.820679012345679,6.81912278203412,assets/creative_500341.png
500342,-0.55811113,-0.23354173,umap,travel,native,stable,0.3475308641975308,6.951194029261552,assets/creative_500342.png
500343,-0.99869514,0.753299,umap,travel,rewarded_video,stable,0.4882716049382716,5.87722328430835,assets/creative_500343.png
500344,-0.7789013,-0.9760113,umap,travel,rewarded_video,stable,0.4740740740740741,6.05486979392147,assets/creative_500344.png
500345,-0.84414285,-0.8916952,umap,travel,interstitial,stable,0.4317901234567902,6.240355919153888,assets/creative_500345.png
500346,-0.87157357,-0.8702748,umap,travel,interstitial,stable,0.3515432098765432,5.569891851263709,assets/creative_500346.png
500347,-0.9858152,0.77368903,umap,travel,interstitial,stable,0.3388888888888888,5.268057996376407,assets/creative_500347.png
500348,-0.47497636,0.564502,umap,food_delivery,native,fatigued,0.6194444444444445,2.168084048306802,assets/creative_500348.png
500349,-0.42139143,0.5981834,umap,food_delivery,native,stable,0.4929012345679012,1.8428334424583148,assets/creative_500349.png
500350,-0.47909802,0.91621685,umap,food_delivery,banner,stable,0.2645061728395061,1.4754029147006409,assets/creative_500350.png
500351,-0.5375772,0.4763981,umap,food_delivery,native,stable,0.524074074074074,1.943731613988204,assets/creative_500351.png
500352,-0.5232433,0.5996232,umap,food_delivery,native,stable,0.4558641975308642,1.807477350419244,assets/creative_500352.png
500353,-0.48042595,0.57297933,umap,food_delivery,native,stable,0.3925925925925926,1.6743192270762972,assets/creative_500353.png
500354,-0.5659759,-0.80440784,umap,entertainment,rewarded_video,stable,0.5271604938271605,1.787188331965676,assets/creative_500354.png
500355,-0.733303,-0.93400323,umap,entertainment,rewarded_video,stable,0.4746913580246913,1.7978005909226171,assets/creative_500355.png
500356,-0.6142807,-0.90081006,umap,entertainment,rewarded_video,stable,0.4632716049382716,1.7882226163683246,assets/creative_500356.png
500357,-0.6572704,-0.7984276,umap,entertainment,interstitial,stable,0.345679012345679,1.7104515481296876,assets/creative_500357.png
500358,-0.54959166,-0.67331946,umap,entertainment,interstitial,stable,0.3407407407407408,1.6385343508431045,assets/creative_500358.png
500359,-0.5616299,-0.38628513,umap,entertainment,native,stable,0.3126543209876543,1.911948868360502,assets/creative_500359.png
500360,0.90276194,-0.32670617,umap,gaming,interstitial,stable,0.5555555555555556,1.1436634855354535,assets/creative_500360.png
500361,0.8077984,-0.32271641,umap,gaming,interstitial,fatigued,0.6453703703703703,1.3740055243669786,assets/creative_500361.png
500362,0.869128,-0.29059124,umap,gaming,interstitial,stable,0.5404320987654321,1.0910478250378732,assets/creative_500362.png
500363,0.82220304,-0.42211884,umap,gaming,interstitial,fatigued,0.633641975308642,1.3288418863316949,assets/creative_500363.png
500364,0.8726034,-0.3419807,umap,gaming,interstitial,stable,0.5577160493827161,1.1863148118729607,assets/creative_500364.png
500365,0.79684615,-0.32284588,umap,gaming,interstitial,fatigued,0.6401234567901235,1.360609093235507,assets/creative_500365.png
500366,-0.53930056,0.88089204,umap,ecommerce,interstitial,stable,0.7416666666666667,2.6721017790057284,assets/creative_500366.png
500367,-0.63764846,0.42253077,umap,ecommerce,native,stable,0.6058641975308642,2.5846629584073884,assets/creative_500367.png
500368,-0.6282984,0.7873498,umap,ecommerce,banner,stable,0.4145061728395061,2.110627974474841,assets/creative_500368.png
500369,-0.5821798,0.7853551,umap,ecommerce,banner,underperformer,0.1432098765432098,1.3999569535297,assets/creative_500369.png
500370,-0.6127308,0.7488854,umap,ecommerce,banner,stable,0.4558641975308642,2.123190208593536,assets/creative_500370.png
500371,-0.5387236,0.88442254,umap,ecommerce,interstitial,top_performer,0.7972222222222222,3.218803008960949,assets/creative_500371.png
500372,-0.69860184,-0.29869372,umap,fintech,native,stable,0.4888888888888889,7.93796167438304,assets/creative_500372.png
500373,-0.77667654,-0.4050429,umap,fintech,banner,stable,0.4037037037037037,7.342658014350647,assets/creative_500373.png
500374,-0.78554916,-0.4783848,umap,fintech,banner,stable,0.4814814814814815,7.777922880275569,assets/creative_500374.png
500375,-0.6342895,-0.26995713,umap,fintech,native,stable,0.4787037037037036,7.432276007105794,assets/creative_500375.png
500376,-0.8161166,-0.3903585,umap,fintech,interstitial,stable,0.7484567901234568,9.349663974623258,assets/creative_500376.png
500377,-0.76858664,-0.4480998,umap,fintech,banner,stable,0.4015432098765432,7.066241427666965,assets/creative_500377.png
500378,-0.58143413,-0.09786737,umap,travel,native,stable,0.3314814814814814,5.208470734441319,assets/creative_500378.png
500379,-0.5673741,-0.19686615,umap,travel,native,stable,0.3444444444444444,5.2561051553357965,assets/creative_500379.png
500380,-0.74260306,-0.8169093,umap,travel,rewarded_video,stable,0.4722222222222222,5.088572252867344,assets/creative_500380.png
500381,-0.98020566,0.7845341,umap,travel,interstitial,stable,0.3802469135802469,4.658450581765702,assets/creative_500381.png
500382,-0.80767035,-0.8179008,umap,travel,interstitial,stable,0.3407407407407407,4.184783973145148,assets/creative_500382.png
500383,-0.70492625,-0.93754846,umap,travel,rewarded_video,fatigued,0.6975308641975309,7.005295251409241,assets/creative_500383.png
500384,-0.5056641,0.9268875,umap,food_delivery,banner,stable,0.3444444444444444,1.654652561005802,assets/creative_500384.png
500385,-0.438868,0.91959894,umap,food_delivery,interstitial,fatigued,0.6601851851851852,1.973012126892984,assets/creative_500385.png
500386,-0.77288646,0.45399868,umap,food_delivery,banner,stable,0.4367283950617284,1.8174962807418484,assets/creative_500386.png
500387,-0.4185648,0.6118928,umap,food_delivery,native,stable,0.5567901234567901,2.105776331461374,assets/creative_500387.png
500388,-0.48373836,0.596761,umap,food_delivery,native,stable,0.6953703703703704,2.2653530765786227,assets/creative_500388.png
500389,-0.47669476,0.8631531,umap,food_delivery,banner,stable,0.549074074074074,1.8992645377215844,assets/creative_500389.png
500390,-0.56953835,-0.806124,umap,entertainment,rewarded_video,fatigued,0.6469135802469136,2.8718825597156736,assets/creative_500390.png
500391,-0.62160707,-0.90396917,umap,entertainment,rewarded_video,fatigued,0.7682098765432098,3.662572042880188,assets/creative_500391.png
500392,-0.80375326,0.27186573,umap,entertainment,rewarded_video,fatigued,0.6734567901234567,2.920374736897293,assets/creative_500392.png
500393,-0.55264413,-0.66320217,umap,entertainment,interstitial,stable,0.6645061728395062,3.245990758358249,assets/creative_500393.png
500394,-0.56619143,-0.36045152,umap,entertainment,native,stable,0.4503086419753086,3.0128529116516884,assets/creative_500394.png
500395,-0.58502084,-0.35578716,umap,entertainment,native,stable,0.3490740740740741,2.729000925016187,assets/creative_500395.png
500396,0.7813643,-0.3200432,umap,gaming,interstitial,fatigued,0.641358024691358,1.2236355409927906,assets/creative_500396.png
500397,0.89761746,-0.315396,umap,gaming,interstitial,stable,0.561111111111111,0.98467742199281,assets/creative_500397.png
500398,0.8438159,-0.5908517,umap,gaming,playable,stable,0.7345679012345679,1.6254591374652814,assets/creative_500398.png
500399,0.8061745,-0.5836129,umap,gaming,playable,fatigued,0.7126543209876544,1.5296330641192348,assets/creative_500399.png
500400,0.78533983,-0.3279332,umap,gaming,interstitial,fatigued,0.7015432098765432,1.5589697612669446,assets/creative_500400.png
500401,0.99633324,-0.43180192,umap,gaming,playable,fatigued,0.7024691358024691,1.457210074805561,assets/creative_500401.png
500402,-0.63520586,0.42842507,umap,ecommerce,native,stable,0.4885802469135802,2.991397644922845,assets/creative_500402.png
500403,-0.8671303,0.68153846,umap,ecommerce,native,stable,0.4632716049382715,3.1162609744660688,assets/creative_500403.png
500404,-0.81552464,0.6959245,umap,ecommerce,native,stable,0.5256172839506172,3.2074515959007543,assets/creative_500404.png
500405,-0.78887236,0.41670728,umap,ecommerce,interstitial,stable,0.2679012345679012,1.9336819273549823,assets/creative_500405.png
500406,-0.5389614,0.9761634,umap,ecommerce,interstitial,stable,0.5614197530864198,2.624910844130048,assets/creative_500406.png
500407,-0.6399094,0.90474856,umap,ecommerce,rewarded_video,fatigued,0.7234567901234569,3.214744412915515,assets/creative_500407.png
500408,-0.7842429,-0.40928662,umap,fintech,banner,stable,0.5780864197530864,7.605977764235175,assets/creative_500408.png
500409,-0.7498269,-0.5060662,umap,fintech,interstitial,stable,0.4589506172839506,5.143628356606959,assets/creative_500409.png
500410,-0.8187947,0.19887221,umap,fintech,banner,stable,0.312037037037037,5.326048644870456,assets/creative_500410.png
500411,-0.96503633,0.61148787,umap,fintech,native,stable,0.6194444444444445,7.831340591919308,assets/creative_500411.png
500412,-0.77876437,-0.29552042,umap,fintech,interstitial,stable,0.629320987654321,6.216000395846786,assets/creative_500412.png
500413,-0.9881639,0.651,umap,fintech,banner,stable,0.3641975308641975,5.711673409811875,assets/creative_500413.png
500414,-0.7330642,-1.0,umap,travel,rewarded_video,fatigued,0.6864197530864198,8.910075991125135,assets/creative_500414.png
500415,-0.5421852,-0.2742452,umap,travel,native,fatigued,0.6246913580246913,11.61530082626934,assets/creative_500415.png
500416,-0.7013512,-0.95770955,umap,travel,rewarded_video,fatigued,0.7722222222222223,10.673170166863716,assets/creative_500416.png
500417,-0.7788713,-0.9697709,umap,travel,rewarded_video,top_performer,0.8135802469135802,11.25840752261807,assets/creative_500417.png
500418,-0.8248148,-0.73848915,umap,travel,interstitial,stable,0.5268518518518518,7.7289341227894655,assets/creative_500418.png
500419,-0.84572816,-0.7770101,umap,travel,interstitial,stable,0.5496913580246914,8.384198017653333,assets/creative_500419.png
500420,-0.42784613,0.88549435,umap,food_delivery,interstitial,stable,0.2734567901234568,1.164201099398346,assets/creative_500420.png
500421,-0.45436454,0.9698956,umap,food_delivery,interstitial,stable,0.3095679012345679,1.230983329865687,assets/creative_500421.png
500422,-0.4269358,0.5910815,umap,food_delivery,native,stable,0.3188271604938271,1.498015244227706,assets/creative_500422.png
500423,-0.42256474,0.9179604,umap,food_delivery,interstitial,stable,0.3728395061728395,1.3176595194305023,assets/creative_500423.png
500424,-0.7777802,0.4514699,umap,food_delivery,interstitial,stable,0.3212962962962963,1.207385203316268,assets/creative_500424.png
500425,-0.44617802,0.8663095,umap,food_delivery,interstitial,underperformer,0.1808641975308641,0.9980064568416358,assets/creative_500425.png
500426,-0.579553,-0.7844268,umap,entertainment,rewarded_video,fatigued,0.7586419753086421,3.248322829353934,assets/creative_500426.png
500427,-0.60119355,-0.6300926,umap,entertainment,banner,underperformer,0.1422839506172839,1.881747463266349,assets/creative_500427.png
500428,-0.55386066,-0.7252908,umap,entertainment,interstitial,stable,0.4589506172839506,2.288894745131166,assets/creative_500428.png
500429,-0.61086845,-0.0550285,umap,entertainment,native,stable,0.4567901234567901,2.849579173817719,assets/creative_500429.png
500430,-0.5606738,-0.6897022,umap,entertainment,interstitial,stable,0.554320987654321,2.580194926236929,assets/creative_500430.png
500431,-0.60520834,-0.057217836,umap,entertainment,native,stable,0.3929012345679012,2.4722544961989805,assets/creative_500431.png
500432,0.8214965,-0.48642838,umap,gaming,banner,stable,0.4462962962962963,1.2725934608854022,assets/creative_500432.png
500433,0.8157507,-0.49005747,umap,gaming,interstitial,stable,0.4780864197530864,1.1422331493797462,assets/creative_500433.png
500434,0.9071554,-0.3757193,umap,gaming,interstitial,stable,0.5577160493827161,1.2326257845172386,assets/creative_500434.png
500435,0.929675,-0.49115914,umap,gaming,rewarded_video,fatigued,0.6524691358024691,1.5379064684036612,assets/creative_500435.png
500436,0.7599597,-0.35692877,umap,gaming,playable,fatigued,0.6438271604938272,1.3606762064759186,assets/creative_500436.png
500437,0.9208311,-0.34977925,umap,gaming,interstitial,stable,0.5018518518518519,1.146804746179421,assets/creative_500437.png
500438,-0.62119734,0.88423395,umap,ecommerce,rewarded_video,stable,0.3626543209876542,1.7593056671144385,assets/creative_500438.png
500439,-0.631154,0.8899015,umap,ecommerce,rewarded_video,fatigued,0.6722222222222222,2.4501101528629,assets/creative_500439.png
500440,-0.6247597,0.8782635,umap,ecommerce,rewarded_video,stable,0.4231481481481481,1.837101932843012,assets/creative_500440.png
500441,-0.575871,0.5590886,umap,ecommerce,native,stable,0.2567901234567901,1.93513649404406,assets/creative_500441.png
500442,-0.57257116,0.76835907,umap,ecommerce,banner,underperformer,0.053395061728395,1.3828547580294168,assets/creative_500442.png
500443,-0.58625233,0.7510046,umap,ecommerce,banner,underperformer,0.0601851851851851,1.2836844315630656,assets/creative_500443.png
500444,-0.6411301,-0.22985071,umap,fintech,native,stable,0.3469135802469136,6.573162155996352,assets/creative_500444.png
500445,-0.7910175,-0.515972,umap,fintech,interstitial,stable,0.4966049382716049,7.246987692220824,assets/creative_500445.png
500446,-0.82169664,-0.5368492,umap,fintech,banner,stable,0.2805555555555555,5.880826694415323,assets/creative_500446.png
500447,-0.62978786,-0.29313117,umap,fintech,native,stable,0.5175925925925925,8.734314774755585,assets/creative_500447.png
500448,-0.8113079,0.19914353,umap,fintech,banner,stable,0.3867283950617284,7.513637603990586,assets/creative_500448.png
500449,-0.81067747,-0.55043125,umap,fintech,interstitial,stable,0.5638888888888889,7.752688581294339,assets/creative_500449.png
500450,-0.8282589,-0.8805597,umap,travel,rewarded_video,top_performer,0.8172839506172839,7.132664237786908,assets/creative_500450.png
500451,-0.8086873,-0.8237709,umap,travel,interstitial,stable,0.4694444444444444,4.779267943273542,assets/creative_500451.png
500452,-0.8530021,-0.89534044,umap,travel,interstitial,stable,0.7182098765432099,6.507610378550189,assets/creative_500452.png
500453,-0.84449154,-0.8641366,umap,travel,interstitial,fatigued,0.6314814814814814,5.969654477557767,assets/creative_500453.png
500454,-0.8450576,-0.88366485,umap,travel,interstitial,stable,0.5774691358024692,6.021506006737846,assets/creative_500454.png
500455,-0.547984,-0.2357161,umap,travel,native,stable,0.5793209876543209,7.235740316477087,assets/creative_500455.png
500456,-0.4499765,0.7660253,umap,food_delivery,interstitial,stable,0.2743827160493827,1.419891261721202,assets/creative_500456.png
500457,-0.5070088,0.7373067,umap,food_delivery,banner,underperformer,0.2117283950617283,1.6171565738827345,assets/creative_500457.png
500458,-0.49915218,0.5710535,umap,food_delivery,native,fatigued,0.6151234567901235,2.613177977542366,assets/creative_500458.png
500459,-0.51820236,0.55566657,umap,food_delivery,native,fatigued,0.6506172839506172,2.8518712490345384,assets/creative_500459.png
500460,-0.4279638,0.5908166,umap,food_delivery,native,underperformer,0.2179012345679012,1.596067471551134,assets/creative_500460.png
500461,-0.49905747,0.53833413,umap,food_delivery,native,stable,0.4969135802469135,2.395910559369954,assets/creative_500461.png
500462,-0.77773,0.26645243,umap,entertainment,interstitial,stable,0.5015432098765432,1.604645315423453,assets/creative_500462.png
500463,-0.6352842,-0.7688986,umap,entertainment,interstitial,stable,0.6188271604938271,1.8764542872627887,assets/creative_500463.png
500464,-0.6030839,-0.3918754,umap,entertainment,native,stable,0.5691358024691359,2.127307575328052,assets/creative_500464.png
500465,-0.6338787,-0.6717081,umap,entertainment,interstitial,stable,0.4978395061728395,1.5927500451103829,assets/creative_500465.png
500466,-0.57035375,-0.45127964,umap,entertainment,native,stable,0.3518518518518518,1.642823206300455,assets/creative_500466.png
500467,-0.60709697,-0.66406524,umap,entertainment,interstitial,stable,0.4481481481481482,1.5202714968991895,assets/creative_500467.png
500468,0.9761933,-0.41969383,umap,gaming,rewarded_video,fatigued,0.7274691358024691,1.7137401694416037,assets/creative_500468.png
500469,0.89047873,-0.34073782,umap,gaming,banner,stable,0.4179012345679012,1.2195981449805735,assets/creative_500469.png
500470,0.83630025,-0.58199716,umap,gaming,playable,stable,0.7700617283950617,1.8789786841659737,assets/creative_500470.png
500471,0.9770639,-0.4228595,umap,gaming,playable,fatigued,0.6654320987654321,1.4408116742630663,assets/creative_500471.png
500472,0.8144797,-0.5522258,umap,gaming,rewarded_video,fatigued,0.6567901234567901,1.3803580640758415,assets/creative_500472.png
500473,0.78545165,-0.33684808,umap,gaming,interstitial,stable,0.6731481481481482,1.5530328798949915,assets/creative_500473.png
500474,-0.6116318,0.63291025,umap,ecommerce,native,stable,0.5271604938271605,3.2839223270329385,assets/creative_500474.png
500475,-0.5563292,0.91206264,umap,ecommerce,interstitial,stable,0.533641975308642,2.6509562123407515,assets/creative_500475.png
500476,-0.7139307,0.7706442,umap,ecommerce,interstitial,stable,0.3422839506172839,2.1758804596752563,assets/creative_500476.png
500477,-0.55274636,0.83124197,umap,ecommerce,banner,stable,0.4148148148148148,2.906737580523143,assets/creative_500477.png
500478,-0.49708712,0.9909923,umap,ecommerce,interstitial,stable,0.5188271604938272,2.534782205257301,assets/creative_500478.png
500479,-0.7437265,0.36927247,umap,ecommerce,native,stable,0.5657407407407408,3.365332786527991,assets/creative_500479.png
500480,-0.78615487,-0.29945797,umap,fintech,rewarded_video,fatigued,0.6805555555555557,5.219567700434048,assets/creative_500480.png
500481,-0.7794449,-0.5973505,umap,fintech,interstitial,stable,0.5623456790123457,4.977515724588813,assets/creative_500481.png
500482,-0.6708816,-0.2801653,umap,fintech,native,stable,0.587037037037037,5.829378157282623,assets/creative_500482.png
500483,-0.6779518,-0.28892404,umap,fintech,native,stable,0.5287037037037038,5.5415046400734935,assets/creative_500483.png
500484,-0.9868341,0.6707015,umap,fintech,interstitial,stable,0.5339506172839507,4.371921705119743,assets/creative_500484.png
500485,-0.9720473,0.5967518,umap,fintech,native,stable,0.5086419753086419,5.521233104924245,assets/creative_500485.png
500486,-0.80067635,-0.81754845,umap,travel,interstitial,fatigued,0.6339506172839506,6.24295608409436,assets/creative_500486.png
500487,-0.7979429,-0.9731154,umap,travel,rewarded_video,fatigued,0.7787037037037038,6.794165960240916,assets/creative_500487.png
500488,-0.8259162,-0.8372124,umap,travel,interstitial,stable,0.571604938271605,5.733582806522088,assets/creative_500488.png
500489,-0.7669011,-0.89860713,umap,travel,rewarded_video,fatigued,0.837037037037037,7.659898212927305,assets/creative_500489.png
500490,-0.58142483,-0.20364618,umap,travel,native,stable,0.3203703703703703,4.731798944612072,assets/creative_500490.png
500491,-0.71041113,-0.96864283,umap,travel,rewarded_video,fatigued,0.7231481481481481,6.113803075686949,assets/creative_500491.png
500492,-0.781016,0.39189434,umap,food_delivery,banner,underperformer,0.1265432098765432,1.8212811978678147,assets/creative_500492.png
500493,-0.76744163,0.4352064,umap,food_delivery,banner,underperformer,0.1910493827160494,2.2021730694606134,assets/creative_500493.png
500494,-0.39205414,0.7037176,umap,food_delivery,banner,underperformer,0.1228395061728395,1.884087912267272,assets/creative_500494.png
500495,-0.76548624,0.41014826,umap,food_delivery,banner,underperformer,0.1666666666666666,2.0736325975217347,assets/creative_500495.png
500496,-0.7853023,0.44426167,umap,food_delivery,interstitial,stable,0.2876543209876543,2.2380797197384767,assets/creative_500496.png
500497,-0.44459957,0.81434596,umap,food_delivery,rewarded_video,stable,0.4660493827160494,2.2912207127678257,assets/creative_500497.png
500498,-0.5499581,-0.46469402,umap,entertainment,native,stable,0.5669753086419753,2.6932457078450254,assets/creative_500498.png
500499,-0.5606002,-0.6894305,umap,entertainment,interstitial,stable,0.5524691358024691,2.197441628362516,assets/creative_500499.png
500500,-0.60757554,-0.65295726,umap,entertainment,interstitial,stable,0.4725308641975308,1.983140713261951,assets/creative_500500.png
500501,-0.57272834,-0.7311387,umap,entertainment,interstitial,fatigued,0.6188271604938271,2.320801235883552,assets/creative_500501.png
500502,-0.5584097,-0.40461385,umap,entertainment,native,stable,0.6191358024691357,2.8440330537232423,assets/creative_500502.png
500503,-0.60687876,-0.6550371,umap,entertainment,interstitial,stable,0.4117283950617283,1.920121270111239,assets/creative_500503.png
500504,0.8143101,-0.43720537,umap,gaming,interstitial,fatigued,0.6188271604938271,1.3120184424515202,assets/creative_500504.png
500505,0.94521224,-0.5723406,umap,gaming,playable,stable,0.6932098765432099,1.4443653030972274,assets/creative_500505.png
500506,0.88114834,-0.266809,umap,gaming,interstitial,fatigued,0.5882716049382716,1.2306561741658963,assets/creative_500506.png
500507,0.9549533,-0.5568733,umap,gaming,playable,top_performer,0.8416666666666667,2.401432361845693,assets/creative_500507.png
500508,0.910697,-0.31959862,umap,gaming,interstitial,stable,0.4280864197530865,0.8586314662055392,assets/creative_500508.png
500509,0.9742539,-0.43834,umap,gaming,playable,fatigued,0.678395061728395,1.392240552091573,assets/creative_500509.png
500510,-0.4952721,0.9035318,umap,ecommerce,interstitial,stable,0.3947530864197531,2.872679293259874,assets/creative_500510.png
500511,-0.63130975,0.45858276,umap,ecommerce,native,stable,0.4660493827160493,4.014781702201274,assets/creative_500511.png
500512,-0.6127556,0.4650551,umap,ecommerce,native,stable,0.5419753086419753,4.854554422911934,assets/creative_500512.png
500513,-0.5492738,0.8620107,umap,ecommerce,interstitial,stable,0.4234567901234567,3.088576072716223,assets/creative_500513.png
500514,-0.7130274,0.7781724,umap,ecommerce,interstitial,stable,0.5030864197530863,3.694492077010553,assets/creative_500514.png
500515,-0.6226259,0.45114028,umap,ecommerce,native,stable,0.5345679012345679,5.124723496209135,assets/creative_500515.png
500516,-0.78832936,0.18452394,umap,fintech,native,stable,0.5185185185185185,10.13728367143949,assets/creative_500516.png
500517,-0.7864698,-0.428414,umap,fintech,banner,stable,0.3410493827160494,7.167327651185714,assets/creative_500517.png
500518,-0.7587598,-0.5623437,umap,fintech,interstitial,stable,0.6716049382716051,9.979363178153214,assets/creative_500518.png
500519,-0.7521387,-0.40553427,umap,fintech,banner,stable,0.4364197530864198,8.931140374239748,assets/creative_500519.png
500520,-0.8255726,-0.3969295,umap,fintech,rewarded_video,fatigued,0.7561728395061729,9.614111876467398,assets/creative_500520.png
500521,-0.76751757,-0.4081884,umap,fintech,banner,stable,0.4987654320987654,10.328374744648883,assets/creative_500521.png
500522,-0.55069995,-0.22726083,umap,travel,native,stable,0.3228395061728396,4.787313101836439,assets/creative_500522.png
500523,-0.5400406,-0.26890802,umap,travel,native,stable,0.5114197530864197,6.692202074348175,assets/creative_500523.png
500524,-0.7349013,-0.94098186,umap,travel,rewarded_video,fatigued,0.6820987654320988,6.024818750726801,assets/creative_500524.png
500525,-0.7586401,-0.8770771,umap,travel,rewarded_video,top_performer,0.8333333333333334,7.743698949125434,assets/creative_500525.png
500526,-0.99176884,0.7007282,umap,travel,interstitial,stable,0.4756172839506172,5.047410831555157,assets/creative_500526.png
500527,-0.992832,0.75509965,umap,travel,rewarded_video,top_performer,0.7885802469135802,7.122713910586939,assets/creative_500527.png
500528,-0.42698652,0.8997787,umap,food_delivery,banner,underperformer,0.024074074074074,1.0140610207445964,assets/creative_500528.png
500529,-0.48726982,0.54318976,umap,food_delivery,native,stable,0.299074074074074,1.7595091396178075,assets/creative_500529.png
500530,-0.45535696,0.8353648,umap,food_delivery,playable,stable,0.3024691358024691,1.1732710700927826,assets/creative_500530.png
500531,-0.66817117,-0.90341437,umap,food_delivery,rewarded_video,stable,0.3632716049382716,1.4186329981926624,assets/creative_500531.png
500532,-0.7840096,0.4425634,umap,food_delivery,interstitial,underperformer,0.1314814814814815,1.1412603052389212,assets/creative_500532.png
500533,-0.42716938,0.780812,umap,food_delivery,banner,underperformer,0.0459876543209876,1.1184319361798116,assets/creative_500533.png
500534,-0.54499745,-0.46940428,umap,entertainment,native,underperformer,0.1743827160493827,1.954388577327339,assets/creative_500534.png
500535,-0.59862924,-0.6633498,umap,entertainment,interstitial,stable,0.341358024691358,2.0912255536177176,assets/creative_500535.png
500536,-0.6124949,-0.88768053,umap,entertainment,rewarded_video,stable,0.4018518518518518,2.086874126945085,assets/creative_500536.png
500537,-0.6343615,-0.8099997,umap,entertainment,interstitial,underperformer,0.1669753086419753,1.7371886629106024,assets/creative_500537.png
500538,-0.5462053,-0.43105382,umap,entertainment,native,stable,0.2231481481481481,2.1011146248242705,assets/creative_500538.png
500539,-0.64797914,-0.876748,umap,entertainment,rewarded_video,stable,0.4774691358024691,2.2658354753730467,assets/creative_500539.png
500540,0.88186026,-0.2713229,umap,gaming,interstitial,stable,0.3515432098765432,0.8533569215832197,assets/creative_500540.png
500541,0.7830224,-0.30741447,umap,gaming,interstitial,stable,0.5033950617283951,1.2006184565145157,assets/creative_500541.png
500542,0.75864506,-0.38616145,umap,gaming,playable,stable,0.5774691358024692,1.2719106930253972,assets/creative_500542.png
500543,0.804232,-0.54132557,umap,gaming,rewarded_video,stable,0.5790123456790123,1.226790225485861,assets/creative_500543.png
500544,0.8106561,-0.5538474,umap,gaming,rewarded_video,stable,0.5342592592592593,1.16294301400637,assets/creative_500544.png
500545,0.8315017,-0.5966619,umap,gaming,playable,fatigued,0.6203703703703703,1.3529604415219223,assets/creative_500545.png
500546,-0.7888801,0.4217211,umap,ecommerce,interstitial,stable,0.3629629629629629,2.0226761020532784,assets/creative_500546.png
500547,-0.63442385,0.7515321,umap,ecommerce,banner,stable,0.3466049382716049,2.405355002312834,assets/creative_500547.png
500548,-0.62284636,0.7630006,umap,ecommerce,banner,underperformer,0.1682098765432098,1.8557713963267195,assets/creative_500548.png
500549,-0.8788042,0.7222109,umap,ecommerce,interstitial,stable,0.4558641975308641,2.2639405961119854,assets/creative_500549.png
500550,-0.6299047,0.44288886,umap,ecommerce,native,stable,0.3839506172839506,2.711567224629677,assets/creative_500550.png
500551,-0.79688513,0.6988591,umap,ecommerce,native,stable,0.4342592592592593,2.766092044775869,assets/creative_500551.png
500552,-0.96266013,0.5896213,umap,fintech,native,stable,0.6425925925925925,9.552503384656404,assets/creative_500552.png
500553,-0.9716103,0.6001086,umap,fintech,native,stable,0.45,7.134724667677001,assets/creative_500553.png
500554,-0.6154446,-0.0607661,umap,fintech,native,stable,0.6358024691358025,9.45580065832053,assets/creative_500554.png
500555,-0.7994349,-0.47420287,umap,fintech,interstitial,stable,0.4641975308641975,5.943934938639875,assets/creative_500555.png
500556,-0.986658,0.6616285,umap,fintech,interstitial,stable,0.686111111111111,7.901154762549412,assets/creative_500556.png
500557,-0.6517295,-0.35969967,umap,fintech,native,stable,0.4898148148148148,7.575162030537618,assets/creative_500557.png
500558,-0.9900912,0.73047984,umap,travel,interstitial,stable,0.7777777777777777,12.609035902007008,assets/creative_500558.png
500559,-0.8482994,-0.77730983,umap,travel,interstitial,fatigued,0.696604938271605,10.699081978819434,assets/creative_500559.png
500560,-0.7160802,-0.9553302,umap,travel,rewarded_video,top_performer,0.8654320987654321,13.391615987485372,assets/creative_500560.png
500561,-0.9740054,0.79192996,umap,travel,interstitial,fatigued,0.6024691358024691,8.890627927073199,assets/creative_500561.png
500562,-0.7704828,-0.8988404,umap,travel,rewarded_video,fatigued,0.766358024691358,10.260437991688736,assets/creative_500562.png
500563,-0.7809267,-0.9907926,umap,travel,rewarded_video,fatigued,0.7527777777777778,10.634869896210365,assets/creative_500563.png
500564,-0.38575315,0.7320343,umap,food_delivery,banner,stable,0.4564814814814815,1.8721071521383368,assets/creative_500564.png
500565,-0.53204346,0.59978783,umap,food_delivery,native,fatigued,0.7441358024691359,2.7117296077791253,assets/creative_500565.png
500566,-0.5028149,0.54330516,umap,food_delivery,native,stable,0.7320987654320987,2.582747685145017,assets/creative_500566.png
500567,-0.41118443,0.8312546,umap,food_delivery,banner,underperformer,0.1808641975308641,1.2943824051260924,assets/creative_500567.png
500568,-0.51431155,0.50889933,umap,food_delivery,native,stable,0.4765432098765432,1.843610899822319,assets/creative_500568.png
500569,-0.49597514,0.54034996,umap,food_delivery,native,fatigued,0.6391975308641976,2.207796858409081,assets/creative_500569.png
500570,-0.57086265,-0.36326307,umap,entertainment,native,stable,0.654320987654321,2.963071012310832,assets/creative_500570.png
500571,-0.627692,-0.5939771,umap,entertainment,banner,stable,0.2858024691358025,1.9713017414654064,assets/creative_500571.png
500572,-0.5527909,-0.73049116,umap,entertainment,interstitial,stable,0.4567901234567901,1.9317392645873217,assets/creative_500572.png
500573,-0.6539624,-0.86001223,umap,entertainment,rewarded_video,fatigued,0.6570987654320987,2.2661262279057097,assets/creative_500573.png
500574,-0.60870516,-0.67342615,umap,entertainment,interstitial,stable,0.7191358024691358,2.7006019873664617,assets/creative_500574.png
500575,-0.6582372,-0.7965607,umap,entertainment,interstitial,fatigued,0.582716049382716,2.349449929478138,assets/creative_500575.png
500576,0.8303443,-0.40886468,umap,gaming,interstitial,stable,0.4725308641975309,0.8444973277899612,assets/creative_500576.png
500577,0.95792913,-0.53917634,umap,gaming,playable,stable,0.5635802469135802,0.9867690469653896,assets/creative_500577.png
500578,0.8442625,-0.3159781,umap,gaming,interstitial,stable,0.4373456790123457,0.8078741315323686,assets/creative_500578.png
500579,0.8285017,-0.40612757,umap,gaming,interstitial,stable,0.5709876543209876,1.08918629609447,assets/creative_500579.png
500580,0.9423872,-0.54213345,umap,gaming,rewarded_video,stable,0.571604938271605,0.9910828778088864,assets/creative_500580.png
500581,0.81322145,-0.43753517,umap,gaming,interstitial,stable,0.5243827160493827,0.977217171818009,assets/creative_500581.png
500582,-0.62036777,0.7928418,umap,ecommerce,banner,underperformer,0.0746913580246913,1.5911021082526735,assets/creative_500582.png
500583,-0.5624137,0.8793061,umap,ecommerce,interstitial,stable,0.3873456790123457,2.167136001523355,assets/creative_500583.png
500584,-0.62009716,0.4340787,umap,ecommerce,native,stable,0.3256172839506173,2.4383543813540727,assets/creative_500584.png
500585,-0.6366111,0.85618687,umap,ecommerce,rewarded_video,stable,0.457716049382716,2.108017974997003,assets/creative_500585.png
500586,-0.6255497,0.43379474,umap,ecommerce,native,stable,0.324074074074074,2.466508948036258,assets/creative_500586.png
500587,-0.5785708,0.8772485,umap,ecommerce,interstitial,stable,0.312037037037037,2.015158103825956,assets/creative_500587.png
500588,-0.81218904,-0.5482743,umap,fintech,banner,stable,0.4030864197530864,5.291175563698956,assets/creative_500588.png
500589,-0.8322042,-0.54478085,umap,fintech,banner,stable,0.6620370370370371,7.218215233192783,assets/creative_500589.png
500590,-0.7918377,-0.38282156,umap,fintech,banner,stable,0.3509259259259258,4.529101931606313,assets/creative_500590.png
500591,-0.61717117,-0.29195064,umap,fintech,native,stable,0.5475308641975309,6.084210257874258,assets/creative_500591.png
500592,-0.9948487,0.7581608,umap,fintech,rewarded_video,fatigued,0.7083333333333334,5.787031281404861,assets/creative_500592.png
500593,-0.82197803,-0.58803976,umap,fintech,interstitial,stable,0.770679012345679,6.461365718040491,assets/creative_500593.png
500594,-0.94987714,0.61083615,umap,travel,native,fatigued,0.6589506172839507,9.79551852356194,assets/creative_500594.png
500595,-0.79621786,-0.96390706,umap,travel,rewarded_video,top_performer,0.8790123456790123,10.41913601589925,assets/creative_500595.png
500596,-0.7406466,-0.9589345,umap,travel,rewarded_video,fatigued,0.7030864197530864,7.16451149333651,assets/creative_500596.png
500597,-0.8392024,-0.79475754,umap,travel,interstitial,fatigued,0.6290123456790123,7.33940152402404,assets/creative_500597.png
500598,-0.8458946,-0.77491987,umap,travel,interstitial,fatigued,0.7388888888888889,8.579681793924244,assets/creative_500598.png
500599,-0.72060466,-0.96715444,umap,travel,rewarded_video,stable,0.7206790123456791,7.660942405730999,assets/creative_500599.png
500600,-0.41657114,0.8596978,umap,food_delivery,interstitial,stable,0.5209876543209876,1.44857709337839,assets/creative_500600.png
500601,-0.46076047,0.9549488,umap,food_delivery,interstitial,stable,0.5333333333333333,1.5155916158296268,assets/creative_500601.png
500602,-0.5554745,0.92201257,umap,food_delivery,rewarded_video,fatigued,0.6015432098765432,1.5232592849757205,assets/creative_500602.png
500603,-0.43127126,0.8933865,umap,food_delivery,interstitial,stable,0.3567901234567901,1.265024770724582,assets/creative_500603.png
500604,-0.4901635,0.57825696,umap,food_delivery,native,stable,0.4083333333333334,1.539199974465408,assets/creative_500604.png
500605,-0.48321706,0.8726791,umap,food_delivery,banner,stable,0.2231481481481481,1.2435957432988465,assets/creative_500605.png
500606,-0.5526582,-0.3996871,umap,entertainment,native,stable,0.4206790123456789,1.7280272440752604,assets/creative_500606.png
500607,-0.64476514,-0.62105453,umap,entertainment,interstitial,stable,0.5342592592592593,1.6581119827430282,assets/creative_500607.png
500608,-0.5578759,-0.48613387,umap,entertainment,native,stable,0.3354938271604937,1.566927048090497,assets/creative_500608.png
500609,-0.70025,-0.82558465,umap,entertainment,rewarded_video,stable,0.6453703703703704,1.855357486375727,assets/creative_500609.png
500610,-0.71735495,-0.9157276,umap,entertainment,rewarded_video,stable,0.6839506172839506,1.961006144481949,assets/creative_500610.png
500611,-0.63072515,-0.91435224,umap,entertainment,rewarded_video,fatigued,0.6432098765432098,1.8638649479803,assets/creative_500611.png
500612,0.8711877,-0.37816066,umap,gaming,banner,stable,0.3598765432098765,0.8953269632778265,assets/creative_500612.png
500613,0.8553817,-0.3213538,umap,gaming,interstitial,fatigued,0.6083333333333333,1.1986383338830635,assets/creative_500613.png
500614,0.9898565,-0.42686838,umap,gaming,playable,fatigued,0.6716049382716051,1.3309680726773665,assets/creative_500614.png
500615,0.7574599,-0.36725026,umap,gaming,playable,fatigued,0.6743827160493826,1.3410847271735749,assets/creative_500615.png
500616,0.97236264,-0.47792137,umap,gaming,playable,stable,0.7237654320987654,1.5867112261177003,assets/creative_500616.png
500617,0.957603,-0.53652763,umap,gaming,rewarded_video,fatigued,0.5904320987654321,1.0770036702501498,assets/creative_500617.png
500618,-0.57634217,0.93405044,umap,ecommerce,interstitial,stable,0.387037037037037,3.138048265930661,assets/creative_500618.png
500619,-0.5855748,0.7596011,umap,ecommerce,banner,stable,0.2873456790123457,3.017381979750114,assets/creative_500619.png
500620,-0.6360723,0.4262675,umap,ecommerce,native,stable,0.4669753086419753,4.145574223293451,assets/creative_500620.png
500621,-0.5869868,0.9444021,umap,ecommerce,interstitial,stable,0.5243827160493827,3.3076399975168,assets/creative_500621.png
500622,-0.6057048,0.6377448,umap,ecommerce,native,stable,0.3064814814814815,2.9202618518508143,assets/creative_500622.png
500623,-0.5762435,0.74758685,umap,ecommerce,banner,stable,0.2549382716049382,2.441379432825642,assets/creative_500623.png
500624,-0.79447603,-0.31636328,umap,fintech,rewarded_video,fatigued,0.7354938271604938,7.811191945122399,assets/creative_500624.png
500625,-0.7553722,-0.42252237,umap,fintech,banner,stable,0.4108024691358025,7.157028756635192,assets/creative_500625.png
500626,-0.9831596,0.66119623,umap,fintech,interstitial,stable,0.3950617283950617,5.620306585210449,assets/creative_500626.png
500627,-0.7557078,-0.49668604,umap,fintech,interstitial,stable,0.5037037037037037,6.276094059370347,assets/creative_500627.png
500628,-0.6324984,-0.28776133,umap,fintech,native,stable,0.4922839506172839,7.579138989191723,assets/creative_500628.png
500629,-0.9728888,0.7888346,umap,fintech,interstitial,stable,0.5141975308641976,6.589949786337766,assets/creative_500629.png
500630,-0.8000522,-0.864575,umap,travel,interstitial,top_performer,0.8416666666666667,10.468499538877056,assets/creative_500630.png
500631,-0.8364824,-0.7904227,umap,travel,interstitial,top_performer,0.8250000000000001,10.096183879743494,assets/creative_500631.png
500632,-0.7121543,-0.95877945,umap,travel,rewarded_video,fatigued,0.8327160493827162,8.896045001022596,assets/creative_500632.png
500633,-0.7189984,-0.9818197,umap,travel,rewarded_video,top_performer,0.889814814814815,10.625742872517485,assets/creative_500633.png
500634,-0.7923948,-0.96227574,umap,travel,rewarded_video,top_performer,0.925925925925926,12.311159384838898,assets/creative_500634.png
500635,-0.6135496,-0.17608291,umap,travel,native,top_performer,0.780246913580247,11.443850899912857,assets/creative_500635.png
500636,-0.5336498,0.62167025,umap,food_delivery,native,stable,0.3802469135802469,1.624007872314524,assets/creative_500636.png
500637,-0.5028753,0.56268215,umap,food_delivery,native,stable,0.3580246913580247,1.5760197321080796,assets/creative_500637.png
500638,-0.42432058,0.77689564,umap,food_delivery,banner,underperformer,0.0089506172839506,0.7817916400691317,assets/creative_500638.png
500639,-0.72542334,0.41308534,umap,food_delivery,native,fatigued,0.5805555555555556,2.127564343640599,assets/creative_500639.png
500640,-0.4941151,0.88061774,umap,food_delivery,banner,underperformer,0.1064814814814814,1.144935830476841,assets/creative_500640.png
500641,-0.46294993,0.9775783,umap,food_delivery,interstitial,underperformer,0.2089506172839506,1.1102876748626558,assets/creative_500641.png
500642,-0.6270782,-0.84228724,umap,entertainment,rewarded_video,fatigued,0.641358024691358,2.0628805087073925,assets/creative_500642.png
500643,-0.59166205,-0.7093235,umap,entertainment,interstitial,stable,0.3555555555555555,1.6557591898624426,assets/creative_500643.png
500644,-0.60411346,-0.06055188,umap,entertainment,native,stable,0.5324074074074074,2.467031248927868,assets/creative_500644.png
500645,-0.60567784,-0.056405783,umap,entertainment,native,stable,0.4870370370370371,2.277794158392116,assets/creative_500645.png
500646,-0.5999234,-0.6671771,umap,entertainment,interstitial,stable,0.3132716049382716,1.6045265849885864,assets/creative_500646.png
500647,-0.60535085,-0.05363649,umap,entertainment,native,stable,0.4848765432098765,2.2308606995824136,assets/creative_500647.png
500648,0.8365278,-0.5294602,umap,gaming,rewarded_video,stable,0.4487654320987654,0.9963946398189304,assets/creative_500648.png
500649,0.9326341,-0.4663697,umap,gaming,rewarded_video,fatigued,0.6348765432098765,1.481188943316158,assets/creative_500649.png
500650,0.89053833,-0.27321136,umap,gaming,interstitial,stable,0.4432098765432098,1.086176445282251,assets/creative_500650.png
500651,0.87834215,-0.35634828,umap,gaming,banner,stable,0.3299382716049382,1.0797659852845338,assets/creative_500651.png
500652,0.95148444,-0.4034766,umap,gaming,rewarded_video,fatigued,0.6617283950617284,1.497320712478958,assets/creative_500652.png
500653,0.81946385,-0.4649421,umap,gaming,interstitial,stable,0.4166666666666667,1.0074700879327156,assets/creative_500653.png
500654,-0.594686,0.7919519,umap,ecommerce,banner,stable,0.3932098765432099,2.342410628483567,assets/creative_500654.png
500655,-0.7828959,0.46453488,umap,ecommerce,interstitial,stable,0.7052469135802469,2.904057936682516,assets/creative_500655.png
500656,-0.57596576,0.7792283,umap,ecommerce,banner,stable,0.3373456790123457,2.370332096992046,assets/creative_500656.png
500657,-0.5847615,0.9195583,umap,ecommerce,interstitial,stable,0.6666666666666666,2.7132994478292662,assets/creative_500657.png
500658,-0.6333874,0.8815563,umap,ecommerce,rewarded_video,stable,0.7595679012345679,2.945526376622366,assets/creative_500658.png
500659,-0.6349945,0.9285666,umap,ecommerce,interstitial,stable,0.729320987654321,2.913096668892351,assets/creative_500659.png
500660,-0.75892264,-0.5183696,umap,fintech,interstitial,stable,0.7790123456790123,9.2027785278215,assets/creative_500660.png
500661,-0.9679687,0.5990577,umap,fintech,native,stable,0.4861111111111111,7.31186198337702,assets/creative_500661.png
500662,-0.81019586,0.19026256,umap,fintech,banner,stable,0.3799382716049382,6.6753140313658,assets/creative_500662.png
500663,-0.98623085,0.64739037,umap,fintech,interstitial,stable,0.7558641975308643,8.174981930764428,assets/creative_500663.png
500664,-0.6460213,-0.2780028,umap,fintech,native,stable,0.4407407407407407,6.868481174291663,assets/creative_500664.png
500665,-0.7668867,-0.2764883,umap,fintech,banner,stable,0.482716049382716,7.477799164342378,assets/creative_500665.png
500666,-0.87284005,-0.84634066,umap,travel,interstitial,stable,0.4490740740740741,6.673003948593352,assets/creative_500666.png
500667,-0.9773194,0.7905289,umap,travel,rewarded_video,fatigued,0.6768518518518518,7.832390612460514,assets/creative_500667.png
500668,-0.8222451,-0.9539424,umap,travel,rewarded_video,fatigued,0.6672839506172838,8.017528232323912,assets/creative_500668.png
500669,-0.5455525,-0.22319567,umap,travel,native,stable,0.4580246913580246,8.831730943541412,assets/creative_500669.png
500670,-0.5395744,-0.2721483,umap,travel,native,stable,0.4916666666666666,9.00714214833112,assets/creative_500670.png
500671,-0.8384494,-0.8417239,umap,travel,interstitial,stable,0.4765432098765432,7.335839102385426,assets/creative_500671.png
500672,-0.4195978,0.59912837,umap,food_delivery,native,underperformer,0.1160493827160493,1.3494838520635977,assets/creative_500672.png
500673,-0.48826844,0.86357856,umap,food_delivery,rewarded_video,stable,0.3999999999999999,1.4235628271164174,assets/creative_500673.png
500674,-0.4135592,0.6944337,umap,food_delivery,banner,underperformer,0.1135802469135802,1.3779743609014343,assets/creative_500674.png
500675,-0.73554134,0.42704844,umap,food_delivery,native,stable,0.345679012345679,1.807010388584613,assets/creative_500675.png
500676,-0.40568316,0.6896746,umap,food_delivery,interstitial,stable,0.4246913580246914,1.711787776995159,assets/creative_500676.png
500677,-0.41532326,0.6763648,umap,food_delivery,interstitial,stable,0.4450617283950617,1.7333101021234294,assets/creative_500677.png
500678,-0.61133736,-0.69573224,umap,entertainment,interstitial,stable,0.4212962962962963,2.106999706561969,assets/creative_500678.png
500679,-0.56652826,-0.69663376,umap,entertainment,interstitial,fatigued,0.6092592592592593,2.611101737207523,assets/creative_500679.png
500680,-0.6160289,-0.8125665,umap,entertainment,rewarded_video,fatigued,0.6987654320987655,2.664890201507248,assets/creative_500680.png
500681,-0.6138886,-0.6813856,umap,entertainment,interstitial,stable,0.6694444444444444,2.8756080635961214,assets/creative_500681.png
500682,-0.6577549,-0.679778,umap,entertainment,interstitial,stable,0.4712962962962963,2.2666893412857645,assets/creative_500682.png
500683,-0.6591158,-0.72460467,umap,entertainment,rewarded_video,fatigued,0.6768518518518519,2.651514442207762,assets/creative_500683.png
500684,0.8090608,-0.46242237,umap,gaming,interstitial,stable,0.5604938271604939,1.741797949257764,assets/creative_500684.png
500685,0.99719167,-0.45354462,umap,gaming,rewarded_video,top_performer,0.8506172839506173,2.837019747449906,assets/creative_500685.png
500686,0.9456227,-0.5536392,umap,gaming,playable,fatigued,0.8533950617283951,2.86183666761179,assets/creative_500686.png
500687,0.82689583,-0.5589059,umap,gaming,playable,fatigued,0.7981481481481483,2.3718434265909547,assets/creative_500687.png
500688,0.91361547,-0.32367754,umap,gaming,interstitial,fatigued,0.7049382716049383,2.1286219526734773,assets/creative_500688.png
500689,0.99752474,-0.44798946,umap,gaming,playable,fatigued,0.7527777777777778,2.05676914825516,assets/creative_500689.png
500690,-0.51901996,0.9690728,umap,ecommerce,interstitial,stable,0.3228395061728394,2.3370199142299977,assets/creative_500690.png
500691,-0.74826264,0.38573623,umap,ecommerce,native,stable,0.2746913580246913,2.51368507711138,assets/creative_500691.png
500692,-0.62189645,0.8918146,umap,ecommerce,playable,stable,0.4351851851851852,2.2623649435527424,assets/creative_500692.png
500693,-0.87312853,0.69556165,umap,ecommerce,native,stable,0.2277777777777777,2.3981410338039706,assets/creative_500693.png
500694,-0.5604402,0.82099736,umap,ecommerce,banner,underperformer,0.1253086419753086,1.8446660873639305,assets/creative_500694.png
500695,-0.5443125,0.85339856,umap,ecommerce,banner,underperformer,0.1657407407407407,2.039592817683688,assets/creative_500695.png
500696,-0.8099071,0.2047056,umap,fintech,banner,stable,0.4657407407407407,5.181219010991083,assets/creative_500696.png
500697,-0.81327647,-0.4649468,umap,fintech,banner,stable,0.5697530864197531,6.019030567619493,assets/creative_500697.png
500698,-0.8281581,0.21366143,umap,fintech,interstitial,stable,0.6716049382716048,5.321751676391418,assets/creative_500698.png
500699,-0.7742944,-0.40277082,umap,fintech,banner,stable,0.3530864197530864,4.404523256964335,assets/creative_500699.png
500700,-0.61795306,-0.32414347,umap,fintech,native,stable,0.6935185185185185,6.999231371853429,assets/creative_500700.png
500701,-0.80291665,0.18060327,umap,fintech,native,stable,0.6095679012345679,6.341283172683749,assets/creative_500701.png
500702,-0.5677836,-0.08844113,umap,travel,native,stable,0.4885802469135802,8.062740804322308,assets/creative_500702.png
500703,-0.8002801,-0.81051075,umap,travel,interstitial,stable,0.4074074074074074,5.640176638448799,assets/creative_500703.png
500704,-0.7928805,-0.7747205,umap,travel,interstitial,stable,0.5666666666666668,7.284566964121787,assets/creative_500704.png
500705,-0.7894913,-0.98920107,umap,travel,rewarded_video,fatigued,0.7188271604938272,7.77559437967335,assets/creative_500705.png
500706,-0.57336706,-0.10207069,umap,travel,native,stable,0.4839506172839506,7.570764626455176,assets/creative_500706.png
500707,-0.7317461,-0.99906164,umap,travel,rewarded_video,fatigued,0.6691358024691358,6.916159621635397,assets/creative_500707.png
500708,-0.43389446,0.57935286,umap,food_delivery,native,fatigued,0.5839506172839506,2.790607377086848,assets/creative_500708.png
500709,-0.46235132,0.79140353,umap,food_delivery,rewarded_video,fatigued,0.6188271604938271,2.1162882777919125,assets/creative_500709.png
500710,-0.5058565,0.7790023,umap,food_delivery,banner,stable,0.2367283950617284,1.773854084782922,assets/creative_500710.png
500711,-0.6206176,0.42761242,umap,food_delivery,native,fatigued,0.5901234567901236,2.784619082622611,assets/creative_500711.png
500712,-0.40453678,0.6972084,umap,food_delivery,banner,stable,0.3200617283950617,2.021838632918477,assets/creative_500712.png
500713,-0.7361827,0.40772057,umap,food_delivery,native,stable,0.4046296296296297,2.255428451160124,assets/creative_500713.png
500714,-0.6371201,-0.9038461,umap,entertainment,rewarded_video,stable,0.3138888888888889,1.7981553521893645,assets/creative_500714.png
500715,-0.66664016,-0.6408571,umap,entertainment,interstitial,underperformer,0.1104938271604938,1.5360237881832262,assets/creative_500715.png
500716,-0.5982764,-0.7981217,umap,entertainment,rewarded_video,stable,0.2481481481481481,1.6815461546981862,assets/creative_500716.png
500717,-0.61543685,-0.89142764,umap,entertainment,rewarded_video,stable,0.295679012345679,1.8108243379557072,assets/creative_500717.png
500718,-0.6662588,-0.634422,umap,entertainment,interstitial,stable,0.2234567901234568,1.882158010538366,assets/creative_500718.png
500719,-0.5954546,-0.73557967,umap,entertainment,interstitial,underperformer,0.1669753086419753,1.6711743240376116,assets/creative_500719.png
500720,0.8332907,-0.5871217,umap,gaming,playable,fatigued,0.7737654320987654,1.9086764410465984,assets/creative_500720.png
500721,0.9092953,-0.3236351,umap,gaming,interstitial,fatigued,0.6027777777777777,1.2506220647606492,assets/creative_500721.png
500722,0.9911871,-0.44490904,umap,gaming,rewarded_video,fatigued,0.6314814814814814,1.2258823644489802,assets/creative_500722.png
500723,0.95228946,-0.53820133,umap,gaming,rewarded_video,fatigued,0.6805555555555557,1.5128166521142343,assets/creative_500723.png
500724,0.7994777,-0.30375576,umap,gaming,interstitial,stable,0.4978395061728395,1.0589038082219084,assets/creative_500724.png
500725,0.9054508,-0.30268413,umap,gaming,interstitial,stable,0.5481481481481482,1.1278961630323876,assets/creative_500725.png
500726,-0.62164503,0.43475354,umap,ecommerce,native,stable,0.4981481481481482,3.021946788728365,assets/creative_500726.png
500727,-0.57787645,0.666628,umap,ecommerce,native,stable,0.3200617283950617,2.3320124502843087,assets/creative_500727.png
500728,-0.7265518,0.7668663,umap,ecommerce,interstitial,stable,0.4104938271604939,2.276464393313248,assets/creative_500728.png
500729,-0.859772,0.6888248,umap,ecommerce,native,stable,0.325,2.348309780315515,assets/creative_500729.png
500730,-0.59377503,0.610036,umap,ecommerce,native,underperformer,0.1916666666666666,1.8590031789083548,assets/creative_500730.png
500731,-0.79378843,0.44813263,umap,ecommerce,interstitial,stable,0.3515432098765432,2.1516247800391435,assets/creative_500731.png
500732,-0.78527796,-0.3062604,umap,fintech,interstitial,stable,0.2953703703703704,3.962903257589193,assets/creative_500732.png
500733,-0.77547127,0.18120182,umap,fintech,native,stable,0.7108024691358024,9.45972839590322,assets/creative_500733.png
500734,-0.62278354,-0.041007757,umap,fintech,native,stable,0.6540123456790123,8.246414425405638,assets/creative_500734.png
500735,-0.6157032,-0.053204358,umap,fintech,native,stable,0.5469135802469136,7.251026009159579,assets/creative_500735.png
500736,-0.77434516,-0.29680037,umap,fintech,banner,stable,0.2969135802469135,5.064009913960613,assets/creative_500736.png
500737,-0.8029461,-0.46974093,umap,fintech,interstitial,stable,0.7015432098765432,7.279082149957801,assets/creative_500737.png
500738,-0.7948067,-0.9857947,umap,travel,rewarded_video,fatigued,0.7043209876543209,6.175488567581257,assets/creative_500738.png
500739,-0.59122634,-0.2594238,umap,travel,native,stable,0.5719135802469136,6.99884247413023,assets/creative_500739.png
500740,-0.97153884,0.6808653,umap,travel,banner,stable,0.4000000000000001,6.076139655747338,assets/creative_500740.png
500741,-0.767137,-0.74322605,umap,travel,interstitial,stable,0.7604938271604937,7.263303667822819,assets/creative_500741.png
500742,-0.55234325,-0.2475031,umap,travel,native,stable,0.7194444444444444,9.118647140421468,assets/creative_500742.png
500743,-0.76033014,-0.85540533,umap,travel,rewarded_video,top_performer,0.842283950617284,7.77372401971862,assets/creative_500743.png
500744,-0.47901732,0.860911,umap,food_delivery,banner,underperformer,0.1629629629629629,1.2214728393919372,assets/creative_500744.png
500745,-0.5071392,0.75024426,umap,food_delivery,banner,underperformer,0.0901234567901234,1.0682170800791877,assets/creative_500745.png
500746,-0.42858952,0.7039186,umap,food_delivery,rewarded_video,stable,0.5537037037037037,1.6247997056702057,assets/creative_500746.png
500747,-0.79746723,0.38600206,umap,food_delivery,interstitial,stable,0.5104938271604939,1.5067355322392513,assets/creative_500747.png
500748,-0.7675445,0.4520067,umap,food_delivery,banner,underperformer,0.1407407407407407,1.217080968669828,assets/creative_500748.png
500749,-0.727852,0.4378183,umap,food_delivery,native,stable,0.332716049382716,1.5207010399545977,assets/creative_500749.png
500750,-0.56528455,-0.43134856,umap,entertainment,native,stable,0.3095679012345679,2.299290929204386,assets/creative_500750.png
500751,-0.54000103,-0.4322672,umap,entertainment,native,stable,0.2700617283950617,2.1650665689345563,assets/creative_500751.png
500752,-0.5931136,-0.63889116,umap,entertainment,banner,underperformer,0.1682098765432098,1.904645859962257,assets/creative_500752.png
500753,-0.6460893,-0.901566,umap,entertainment,rewarded_video,stable,0.3277777777777778,1.7188994421755466,assets/creative_500753.png
500754,-0.6020713,-0.6656357,umap,entertainment,interstitial,stable,0.3367283950617284,1.983406948329612,assets/creative_500754.png
500755,-0.58892006,-0.601878,umap,entertainment,banner,underperformer,0.0830246913580246,1.5727063512731234,assets/creative_500755.png
500756,0.9604757,-0.48648816,umap,gaming,rewarded_video,stable,0.5518518518518519,1.3322435166603328,assets/creative_500756.png
500757,1.0,-0.45907235,umap,gaming,playable,stable,0.4938271604938271,1.124095243013132,assets/creative_500757.png
500758,0.8194146,-0.37884402,umap,gaming,interstitial,stable,0.4225308641975309,1.0722381324993626,assets/creative_500758.png
500759,0.98184776,-0.50773287,umap,gaming,playable,stable,0.5688271604938272,1.2840217636870246,assets/creative_500759.png
500760,0.79186535,-0.31355494,umap,gaming,banner,stable,0.4354938271604938,1.4065382798818282,assets/creative_500760.png
500761,0.83430505,-0.60970926,umap,gaming,rewarded_video,stable,0.4771604938271605,1.178304263644391,assets/creative_500761.png
500762,-0.6102989,0.7614291,umap,ecommerce,banner,underperformer,0.1725308641975308,1.5766657775987547,assets/creative_500762.png
500763,-0.56380534,0.96465313,umap,ecommerce,interstitial,stable,0.5675925925925926,2.10605557040322,assets/creative_500763.png
500764,-0.6295106,0.4404335,umap,ecommerce,native,stable,0.5354938271604938,2.55964764434252,assets/creative_500764.png
500765,-0.62531054,0.77308476,umap,ecommerce,banner,underperformer,0.1422839506172839,1.6119106293553904,assets/creative_500765.png
500766,-0.6338127,0.4273585,umap,ecommerce,native,stable,0.4962962962962963,2.4715487410902006,assets/creative_500766.png
500767,-0.57348514,0.9938065,umap,ecommerce,interstitial,fatigued,0.5827160493827162,2.170208721970705,assets/creative_500767.png
500768,-0.61920846,-0.040534735,umap,fintech,native,stable,0.3416666666666667,4.46452878236279,assets/creative_500768.png
500769,-0.97089386,0.61290014,umap,fintech,native,stable,0.3802469135802469,4.618790720758896,assets/creative_500769.png
500770,-0.9879948,0.6544467,umap,fintech,banner,stable,0.2475308641975308,3.4569682588341606,assets/creative_500770.png
500771,-0.9929061,0.65860474,umap,fintech,interstitial,stable,0.3712962962962963,3.582660313747307,assets/creative_500771.png
500772,-0.83024937,-0.5391345,umap,fintech,banner,stable,0.3129629629629629,4.330510624730565,assets/creative_500772.png
500773,-0.6276818,-0.048023403,umap,fintech,native,stable,0.4864197530864197,5.537441885006229,assets/creative_500773.png
500774,-0.7401622,-0.82206535,umap,travel,rewarded_video,fatigued,0.7237654320987654,8.940665617343049,assets/creative_500774.png
500775,-0.738165,-0.95701915,umap,travel,rewarded_video,fatigued,0.6197530864197531,8.036655897322943,assets/creative_500775.png
500776,-0.7310045,-0.99030375,umap,travel,rewarded_video,top_performer,0.867283950617284,12.809196302230603,assets/creative_500776.png
500777,-0.54888076,-0.28462213,umap,travel,native,stable,0.4938271604938271,9.08503316887239,assets/creative_500777.png
500778,-0.8233504,-0.79132783,umap,travel,interstitial,stable,0.4629629629629629,7.117531938620996,assets/creative_500778.png
500779,-0.5737576,-0.24875766,umap,travel,native,stable,0.5055555555555555,10.19201733992346,assets/creative_500779.png
500780,-0.41394746,0.8636744,umap,food_delivery,interstitial,stable,0.402469135802469,2.0100044830464303,assets/creative_500780.png
500781,-0.38581175,0.7299712,umap,food_delivery,banner,stable,0.4632716049382716,2.7197577436688345,assets/creative_500781.png
500782,-0.4767586,0.96060276,umap,food_delivery,interstitial,fatigued,0.6320987654320988,2.738569844318602,assets/creative_500782.png
500783,-0.525647,0.53825796,umap,food_delivery,native,stable,0.4175925925925925,2.5321634584066977,assets/creative_500783.png
500784,-0.5052564,0.52749,umap,food_delivery,native,stable,0.2601851851851852,2.0341979005186186,assets/creative_500784.png
500785,-0.4969375,0.555521,umap,food_delivery,native,stable,0.5796296296296296,3.202546402806385,assets/creative_500785.png
500786,-0.5570509,-0.38445044,umap,entertainment,native,stable,0.3734567901234567,1.9660277172913536,assets/creative_500786.png
500787,-0.55323964,-0.31925207,umap,entertainment,native,stable,0.537962962962963,2.533216771224504,assets/creative_500787.png
500788,-0.8000833,0.26129365,umap,entertainment,rewarded_video,stable,0.5753086419753086,1.9265471088203632,assets/creative_500788.png
500789,-0.76923585,0.2624699,umap,entertainment,native,stable,0.3145061728395062,1.8830259121670776,assets/creative_500789.png
500790,-0.58699965,-0.4577533,umap,entertainment,native,stable,0.45,2.199396098515955,assets/creative_500790.png
500791,-0.64973146,-0.7817825,umap,entertainment,interstitial,stable,0.3219135802469136,1.6549578320345932,assets/creative_500791.png
500792,0.8936801,-0.33553308,umap,gaming,interstitial,stable,0.7287037037037036,1.7266071740129405,assets/creative_500792.png
500793,0.91029644,-0.2919342,umap,gaming,interstitial,fatigued,0.6509259259259259,1.4391120661306396,assets/creative_500793.png
500794,0.7570964,-0.38114136,umap,gaming,rewarded_video,top_performer,0.8003086419753087,2.0486505657079346,assets/creative_500794.png
500795,0.99621224,-0.45071167,umap,gaming,rewarded_video,stable,0.7055555555555556,1.5557576303338176,assets/creative_500795.png
500796,0.7651353,-0.40414923,umap,gaming,playable,fatigued,0.7527777777777778,1.7653519734440204,assets/creative_500796.png
500797,0.961378,-0.54272676,umap,gaming,rewarded_video,stable,0.7169753086419753,1.5930036990730072,assets/creative_500797.png
500798,-0.68488896,0.3955803,umap,ecommerce,native,stable,0.3444444444444444,2.475474555605468,assets/creative_500798.png
500799,-0.6164971,0.7874439,umap,ecommerce,banner,stable,0.2950617283950617,2.4262590233697563,assets/creative_500799.png
500800,-0.5944706,0.76050854,umap,ecommerce,banner,stable,0.3277777777777778,2.464926176236168,assets/creative_500800.png
500801,-0.619877,0.7909049,umap,ecommerce,banner,stable,0.2317901234567901,2.245710915142482,assets/creative_500801.png
500802,-0.63584983,0.41776478,umap,ecommerce,native,stable,0.316358024691358,2.364858532837128,assets/creative_500802.png
500803,-0.5253312,0.5341097,umap,ecommerce,native,stable,0.4537037037037036,2.9604524905847582,assets/creative_500803.png
500804,-0.6104773,-0.31046534,umap,fintech,native,stable,0.7086419753086419,11.102092539534086,assets/creative_500804.png
500805,-0.95815116,0.6035367,umap,fintech,native,stable,0.4962962962962963,7.444892881044028,assets/creative_500805.png
500806,-0.9914955,0.669153,umap,fintech,interstitial,top_performer,0.7830246913580248,9.357588726021586,assets/creative_500806.png
500807,-0.9788311,0.624176,umap,fintech,native,stable,0.653395061728395,9.515068439194796,assets/creative_500807.png
500808,-0.792285,-0.41367465,umap,fintech,banner,stable,0.3808641975308642,6.553746205093265,assets/creative_500808.png
500809,-0.8260071,-0.41536665,umap,fintech,interstitial,stable,0.6885802469135802,8.096411243845996,assets/creative_500809.png
500810,-0.5896074,-0.26369542,umap,travel,native,stable,0.7206790123456791,9.841427583884544,assets/creative_500810.png
500811,-0.57131135,-0.09985399,umap,travel,native,stable,0.7364197530864197,10.48483107127412,assets/creative_500811.png
500812,-0.76384974,-0.8963681,umap,travel,rewarded_video,top_performer,0.8712962962962963,9.632949674724223,assets/creative_500812.png
500813,-0.84744895,-0.7751378,umap,travel,interstitial,fatigued,0.782716049382716,9.678912667290913,assets/creative_500813.png
500814,-0.78445876,-0.7779029,umap,travel,interstitial,stable,0.7413580246913579,8.26455229974901,assets/creative_500814.png
500815,-0.776629,-0.9068963,umap,travel,rewarded_video,top_performer,0.8225308641975309,8.577602419625588,assets/creative_500815.png
500816,-0.4741441,0.89683163,umap,food_delivery,interstitial,stable,0.5478395061728395,1.6890133567463552,assets/creative_500816.png
500817,-0.46354502,0.9279195,umap,food_delivery,interstitial,stable,0.5231481481481481,1.6788624471697673,assets/creative_500817.png
500818,-0.4727317,0.908039,umap,food_delivery,interstitial,stable,0.4938271604938271,1.5394629653254108,assets/creative_500818.png
500819,-0.47764713,0.8829354,umap,food_delivery,banner,underperformer,0.1830246913580246,1.2279928984410808,assets/creative_500819.png
500820,-0.7803694,0.43509316,umap,food_delivery,banner,underperformer,0.1354938271604938,1.1531584504097676,assets/creative_500820.png
500821,-0.5098091,0.55037796,umap,food_delivery,native,stable,0.5132716049382716,1.8608128929530283,assets/creative_500821.png
500822,-0.55414397,-0.43502063,umap,entertainment,native,fatigued,0.6148148148148148,3.0214966501506195,assets/creative_500822.png
500823,-0.80924237,0.33198535,umap,entertainment,banner,stable,0.3737654320987655,2.316890486957444,assets/creative_500823.png
500824,-0.666535,-0.65751505,umap,entertainment,interstitial,fatigued,0.6172839506172839,2.5282071744454018,assets/creative_500824.png
500825,-0.81293035,0.2200185,umap,entertainment,interstitial,stable,0.7743827160493827,3.302326717727764,assets/creative_500825.png
500826,-0.63366914,-0.5913646,umap,entertainment,banner,stable,0.5817901234567903,3.0283782698250787,assets/creative_500826.png
500827,-0.5562711,-0.39357966,umap,entertainment,native,stable,0.719753086419753,3.748775921546743,assets/creative_500827.png
500828,0.97227573,-0.4045167,umap,gaming,rewarded_video,top_performer,0.8771604938271604,3.233654937969971,assets/creative_500828.png
500829,0.7840756,-0.32427168,umap,gaming,interstitial,fatigued,0.7472222222222222,2.136563628433516,assets/creative_500829.png
500830,0.8803654,-0.28927463,umap,gaming,interstitial,fatigued,0.7484567901234568,2.0959420917164566,assets/creative_500830.png
500831,0.8954915,-0.34120065,umap,gaming,interstitial,fatigued,0.704320987654321,1.9652318444899064,assets/creative_500831.png
500832,0.82511437,-0.58243865,umap,gaming,rewarded_video,fatigued,0.8070987654320988,2.3635841389219463,assets/creative_500832.png
500833,0.83161116,-0.5741629,umap,gaming,playable,fatigued,0.820679012345679,2.3866141507182825,assets/creative_500833.png
500834,-0.6286299,0.8771945,umap,ecommerce,playable,stable,0.7737654320987654,2.7550650554493825,assets/creative_500834.png
500835,-0.6081252,0.6592754,umap,ecommerce,native,stable,0.4802469135802469,2.4972994857646387,assets/creative_500835.png
500836,-0.6852689,0.40149283,umap,ecommerce,native,stable,0.2404320987654321,1.980329606242937,assets/creative_500836.png
500837,-0.58426964,0.7659488,umap,ecommerce,banner,underperformer,0.2067901234567901,1.8257563498137217,assets/creative_500837.png
500838,-0.8916509,0.6677991,umap,ecommerce,native,stable,0.5074074074074074,2.4785113247824464,assets/creative_500838.png
500839,-0.5855483,0.6827847,umap,ecommerce,native,stable,0.4074074074074074,2.2675321104734136,assets/creative_500839.png
500840,-0.6529019,-0.26331764,umap,fintech,native,stable,0.6453703703703705,7.318544774743227,assets/creative_500840.png
500841,-0.78198874,-0.52083415,umap,fintech,interstitial,stable,0.6496913580246915,6.08421842194841,assets/creative_500841.png
500842,-0.8134824,0.20474815,umap,fintech,interstitial,stable,0.5404320987654321,4.970910327243375,assets/creative_500842.png
500843,-0.7707905,-0.5902429,umap,fintech,rewarded_video,stable,0.7459876543209877,5.960648272011045,assets/creative_500843.png
500844,-0.6484851,-0.28211474,umap,fintech,native,stable,0.5929012345679013,6.7739739033485655,assets/creative_500844.png
500845,-0.6398437,-0.2808069,umap,fintech,native,stable,0.6725308641975308,7.492741840288025,assets/creative_500845.png
500846,-0.96096766,0.61956966,umap,travel,native,top_performer,0.7925925925925926,8.186688493103292,assets/creative_500846.png
500847,-0.8071018,-0.83363354,umap,travel,interstitial,top_performer,0.783641975308642,6.904141325866344,assets/creative_500847.png
500848,-0.54365283,-0.24268109,umap,travel,native,stable,0.5481481481481482,6.092162807774837,assets/creative_500848.png
500849,-0.74858284,-0.94957584,umap,travel,rewarded_video,top_performer,0.9351851851851852,10.270721659477536,assets/creative_500849.png
500850,-0.7502284,-0.93701106,umap,travel,rewarded_video,top_performer,0.8919753086419754,7.949125860580844,assets/creative_500850.png
500851,-0.81679785,-0.79173744,umap,travel,interstitial,stable,0.7475308641975308,6.338722349546478,assets/creative_500851.png
500852,-0.4047565,0.835451,umap,food_delivery,banner,underperformer,0.1611111111111111,1.8930266324980656,assets/creative_500852.png
500853,-0.44728434,0.75895274,umap,food_delivery,banner,stable,0.2845679012345679,2.4031620823235817,assets/creative_500853.png
500854,-0.77992254,0.4437616,umap,food_delivery,interstitial,stable,0.5040123456790123,2.662303905191625,assets/creative_500854.png
500855,-0.79063106,0.45372236,umap,food_delivery,interstitial,fatigued,0.7077160493827162,3.110374414976599,assets/creative_500855.png
500856,-0.38678378,0.73753273,umap,food_delivery,banner,underperformer,0.1864197530864197,1.9730857676050235,assets/creative_500856.png
500857,-0.4016561,0.73719597,umap,food_delivery,banner,stable,0.3256172839506173,2.496928975057448,assets/creative_500857.png
500858,-0.6598221,-0.76279163,umap,entertainment,banner,stable,0.3037037037037037,2.2494491155712093,assets/creative_500858.png
500859,-0.6464392,-0.6541729,umap,entertainment,interstitial,stable,0.7564814814814814,3.334695012789102,assets/creative_500859.png
500860,-0.6072469,-0.075547755,umap,entertainment,native,stable,0.6228395061728396,3.071688655754347,assets/creative_500860.png
500861,-0.58981216,-0.724522,umap,entertainment,interstitial,fatigued,0.6265432098765432,2.5694416390265284,assets/creative_500861.png
500862,-0.83169997,0.22719741,umap,entertainment,interstitial,fatigued,0.6574074074074074,2.7289658474780434,assets/creative_500862.png
500863,-0.5961803,-0.6842345,umap,entertainment,interstitial,stable,0.7311728395061728,3.0674097952808035,assets/creative_500863.png
500864,0.9478946,-0.39475983,umap,gaming,rewarded_video,stable,0.7311728395061728,1.6329747566361312,assets/creative_500864.png
500865,0.85396314,-0.4678291,umap,gaming,native,fatigued,0.6432098765432098,1.560043650057893,assets/creative_500865.png
500866,0.8960532,-0.28054273,umap,gaming,interstitial,fatigued,0.6166666666666667,1.241745669138557,assets/creative_500866.png
500867,0.8170569,-0.48769236,umap,gaming,interstitial,stable,0.7049382716049383,1.6148173959023169,assets/creative_500867.png
500868,0.76284313,-0.3692839,umap,gaming,rewarded_video,stable,0.7046296296296296,1.4902485376041796,assets/creative_500868.png
500869,0.8634167,-0.4048627,umap,gaming,native,stable,0.7117283950617285,1.7941463303045009,assets/creative_500869.png
500870,-0.8128466,0.7010144,umap,ecommerce,native,stable,0.3064814814814814,2.212791452447685,assets/creative_500870.png
500871,-0.587754,0.537349,umap,ecommerce,native,stable,0.3469135802469136,2.3269246103821315,assets/creative_500871.png
500872,-0.6309519,0.79444015,umap,ecommerce,banner,stable,0.2200617283950617,2.030308424963475,assets/creative_500872.png
500873,-0.54591733,0.9710767,umap,ecommerce,interstitial,stable,0.4867283950617284,2.171576156602982,assets/creative_500873.png
500874,-0.5740385,0.611521,umap,ecommerce,native,stable,0.291358024691358,2.1281869119254693,assets/creative_500874.png
500875,-0.54602313,0.81453645,umap,ecommerce,interstitial,stable,0.5475308641975308,2.434740228335202,assets/creative_500875.png
500876,-0.76456887,-0.608991,umap,fintech,rewarded_video,stable,0.5864197530864198,6.031474468778035,assets/creative_500876.png
500877,-0.7578217,-0.51970685,umap,fintech,interstitial,stable,0.5845679012345678,6.691537513897598,assets/creative_500877.png
500878,-0.7017444,-0.2718199,umap,fintech,native,stable,0.462037037037037,6.9428132780331575,assets/creative_500878.png
500879,-0.6330253,-0.25734264,umap,fintech,native,stable,0.4888888888888889,7.191847336157341,assets/creative_500879.png
500880,-0.6453968,-0.27317154,umap,fintech,native,stable,0.4966049382716049,7.139657262795905,assets/creative_500880.png
500881,-0.83405024,0.20123589,umap,fintech,banner,stable,0.3398148148148148,5.963406705597531,assets/creative_500881.png
500882,-0.6794028,-0.463228,umap,travel,banner,stable,0.5938271604938271,9.042519577800476,assets/creative_500882.png
500883,-0.8485522,-0.8146945,umap,travel,interstitial,top_performer,0.8904320987654321,11.654016304316654,assets/creative_500883.png
500884,-0.750821,-0.79491085,umap,travel,rewarded_video,top_performer,0.8944444444444445,10.276755446267869,assets/creative_500884.png
500885,-0.5379709,-0.18026912,umap,travel,native,stable,0.7512345679012346,10.492461481674564,assets/creative_500885.png
500886,-0.59365964,-0.1874212,umap,travel,native,fatigued,0.6092592592592593,8.9390385932267,assets/creative_500886.png
500887,-0.84251785,-0.8487289,umap,travel,interstitial,fatigued,0.6555555555555556,7.355835223065019,assets/creative_500887.png
500888,-0.5203053,0.53377616,umap,food_delivery,native,fatigued,0.5820987654320988,2.04767326083233,assets/creative_500888.png
500889,-0.44820064,0.7379018,umap,food_delivery,banner,underperformer,0.1037037037037037,1.133731643949999,assets/creative_500889.png
500890,-0.44688433,0.739951,umap,food_delivery,banner,stable,0.2265432098765432,1.453738781466292,assets/creative_500890.png
500891,-0.7148577,0.3958578,umap,food_delivery,native,stable,0.3808641975308642,1.6986443507219129,assets/creative_500891.png
500892,-0.46854806,0.84719825,umap,food_delivery,rewarded_video,fatigued,0.726851851851852,2.153876807793059,assets/creative_500892.png
500893,-0.44326836,0.8044666,umap,food_delivery,interstitial,stable,0.4574074074074074,1.4831711055693542,assets/creative_500893.png
500894,-0.60375583,-0.6449134,umap,entertainment,interstitial,stable,0.6731481481481482,2.561626982035297,assets/creative_500894.png
500895,-0.5930599,-0.43794578,umap,entertainment,native,stable,0.54320987654321,2.6594474764782743,assets/creative_500895.png
500896,-0.575269,-0.42463058,umap,entertainment,native,stable,0.6749999999999999,3.113788128722455,assets/creative_500896.png
500897,-0.54807675,-0.42872077,umap,entertainment,native,stable,0.6731481481481482,3.2472785189972764,assets/creative_500897.png
500898,-0.5696913,-0.42362827,umap,entertainment,native,top_performer,0.7842592592592593,4.214948436768341,assets/creative_500898.png
500899,-0.6099488,-0.67548305,umap,entertainment,interstitial,stable,0.6314814814814814,2.3860765835221294,assets/creative_500899.png
500900,0.812063,-0.567837,umap,gaming,rewarded_video,fatigued,0.6327160493827161,1.0679155935397855,assets/creative_500900.png
500901,0.94028974,-0.5473079,umap,gaming,rewarded_video,fatigued,0.5854938271604938,0.9527779083345084,assets/creative_500901.png
500902,0.81619585,-0.56547713,umap,gaming,rewarded_video,stable,0.5472222222222222,0.8668918902237298,assets/creative_500902.png
500903,0.99871254,-0.45285863,umap,gaming,playable,fatigued,0.6552469135802469,1.146934406144233,assets/creative_500903.png
500904,0.90286446,-0.32608688,umap,gaming,interstitial,stable,0.5645061728395062,0.9257138565519274,assets/creative_500904.png
500905,0.9338703,-0.54462445,umap,gaming,playable,fatigued,0.5996913580246913,0.8913838233133204,assets/creative_500905.png
500906,-0.52037877,0.88526213,umap,ecommerce,banner,underperformer,0.1836419753086419,1.6307701407372617,assets/creative_500906.png
500907,-0.86964244,0.68675077,umap,ecommerce,native,stable,0.562962962962963,2.7076894353193666,assets/creative_500907.png
500908,-0.5773072,0.9901273,umap,ecommerce,interstitial,stable,0.554320987654321,2.2796605075696617,assets/creative_500908.png
500909,-0.46761012,0.83140063,umap,ecommerce,banner,underperformer,0.1802469135802469,1.7682873008348203,assets/creative_500909.png
500910,-0.6077839,0.6243285,umap,ecommerce,native,stable,0.5234567901234567,2.517620581024975,assets/creative_500910.png
500911,-0.64224917,0.869997,umap,ecommerce,rewarded_video,fatigued,0.6845679012345679,2.4384394627434056,assets/creative_500911.png
500912,-0.8207432,-0.47138917,umap,fintech,banner,stable,0.3175925925925926,4.849075890948555,assets/creative_500912.png
500913,-0.8055881,0.18817341,umap,fintech,banner,stable,0.3506172839506172,5.200824217447956,assets/creative_500913.png
500914,-0.7744285,0.15627635,umap,fintech,native,stable,0.437037037037037,5.755644891208582,assets/creative_500914.png
500915,-0.7885837,-0.48364806,umap,fintech,banner,stable,0.3700617283950617,5.350093933178584,assets/creative_500915.png
500916,-0.7650024,-0.57605743,umap,fintech,rewarded_video,stable,0.7219135802469135,6.309211398969824,assets/creative_500916.png
500917,-0.8279639,-0.40431643,umap,fintech,playable,fatigued,0.6672839506172838,5.459943915066513,assets/creative_500917.png
500918,-0.5980567,-0.28006244,umap,travel,native,stable,0.4972222222222222,6.686947897811643,assets/creative_500918.png
500919,-0.794979,-0.9675339,umap,travel,rewarded_video,fatigued,0.6959876543209876,6.314995353557423,assets/creative_500919.png
500920,-0.79328203,-0.75475794,umap,travel,interstitial,stable,0.4046296296296296,5.2555944761974045,assets/creative_500920.png
500921,-0.9732122,0.79608727,umap,travel,interstitial,stable,0.5441358024691358,5.779365802503479,assets/creative_500921.png
500922,-0.67977834,-0.45957744,umap,travel,banner,stable,0.3317901234567901,5.592518386835697,assets/creative_500922.png
500923,-0.8181592,-0.8219666,umap,travel,interstitial,stable,0.4290123456790123,5.436830369256175,assets/creative_500923.png
500924,-0.62362194,0.41780782,umap,food_delivery,native,stable,0.2385802469135802,1.8102944031477115,assets/creative_500924.png
500925,-0.42666066,0.92424226,umap,food_delivery,interstitial,stable,0.3009259259259259,1.6304204421087072,assets/creative_500925.png
500926,-0.69311416,0.39526463,umap,food_delivery,native,stable,0.2743827160493827,1.8826086787126963,assets/creative_500926.png
500927,-0.68241394,0.3973912,umap,food_delivery,native,stable,0.2972222222222222,1.983449072826989,assets/creative_500927.png
500928,-0.6239871,0.40518177,umap,food_delivery,native,underperformer,0.1919753086419753,1.71846573661285,assets/creative_500928.png
500929,-0.41368616,0.8618318,umap,food_delivery,interstitial,stable,0.2882716049382716,1.68404265432992,assets/creative_500929.png
500930,-0.5667615,-0.3721617,umap,entertainment,native,underperformer,0.1429012345679012,1.3570637784241395,assets/creative_500930.png
500931,-0.81016564,0.23090768,umap,entertainment,interstitial,stable,0.2416666666666667,1.261931102731101,assets/creative_500931.png
500932,-0.59528285,-0.36571884,umap,entertainment,native,underperformer,0.195679012345679,1.5124407536562745,assets/creative_500932.png
500933,-0.7139798,-0.67446226,umap,entertainment,interstitial,underperformer,0.1731481481481481,1.1698157709003911,assets/creative_500933.png
500934,-0.56198204,-0.8063854,umap,entertainment,rewarded_video,stable,0.4709876543209876,1.572510466282856,assets/creative_500934.png
500935,-0.72302663,-0.70323586,umap,entertainment,rewarded_video,fatigued,0.6367283950617284,1.904353805964364,assets/creative_500935.png
500936,0.8107382,-0.55266064,umap,gaming,playable,stable,0.7799382716049382,1.900915583606693,assets/creative_500936.png
500937,0.87586284,-0.2638539,umap,gaming,interstitial,fatigued,0.6370370370370371,1.442452086045951,assets/creative_500937.png
500938,0.824684,-0.44235206,umap,gaming,banner,stable,0.5944444444444444,1.410338521748246,assets/creative_500938.png
500939,0.9820591,-0.4313919,umap,gaming,playable,stable,0.7620370370370372,1.8099043851774863,assets/creative_500939.png
500940,0.9411943,-0.55112576,umap,gaming,rewarded_video,fatigued,0.6345679012345679,1.2815276739118198,assets/creative_500940.png
500941,0.753662,-0.38643909,umap,gaming,playable,top_performer,0.8185185185185184,2.1855875022587714,assets/creative_500941.png
500942,-0.71953857,0.753693,umap,ecommerce,banner,underperformer,0.0771604938271604,1.2882828713284549,assets/creative_500942.png
500943,-0.91418564,0.68892443,umap,ecommerce,banner,underperformer,0.0935185185185185,1.5165656441031277,assets/creative_500943.png
500944,-0.53762746,0.95143175,umap,ecommerce,interstitial,stable,0.300925925925926,1.7193696069329665,assets/creative_500944.png
500945,-0.61561924,0.6283107,umap,ecommerce,native,stable,0.4228395061728395,2.263694369159086,assets/creative_500945.png
500946,-0.5575738,0.865633,umap,ecommerce,interstitial,stable,0.2259259259259259,1.553420265381233,assets/creative_500946.png
500947,-0.5719518,0.76570904,umap,ecommerce,banner,underperformer,0.1435185185185185,1.7157227697341968,assets/creative_500947.png
500948,-0.79734313,-0.52927077,umap,fintech,interstitial,stable,0.4669753086419754,5.283983111337292,assets/creative_500948.png
500949,-0.81729126,-0.54156,umap,fintech,banner,stable,0.270679012345679,4.548602864880739,assets/creative_500949.png
500950,-0.98951495,0.6524246,umap,fintech,interstitial,stable,0.3358024691358025,4.025480224690498,assets/creative_500950.png
500951,-0.7792641,-0.52522814,umap,fintech,interstitial,stable,0.3561728395061728,4.077950072292063,assets/creative_500951.png
500952,-0.80511695,-0.5583726,umap,fintech,interstitial,stable,0.4719135802469136,5.396882226984274,assets/creative_500952.png
500953,-0.985339,0.6424254,umap,fintech,banner,stable,0.2725308641975308,4.649511633481142,assets/creative_500953.png
500954,-0.74980676,-0.9310057,umap,travel,rewarded_video,fatigued,0.6709876543209877,6.237842298456316,assets/creative_500954.png
500955,-0.7963368,-0.9955264,umap,travel,rewarded_video,stable,0.7354938271604938,6.957865047609136,assets/creative_500955.png
500956,-0.8173656,-0.78514194,umap,travel,interstitial,stable,0.4401234567901235,4.829113094752334,assets/creative_500956.png
500957,-0.78996205,-0.77707595,umap,travel,interstitial,fatigued,0.5873456790123456,5.968209024139282,assets/creative_500957.png
500958,-0.76775855,-0.9644711,umap,travel,rewarded_video,fatigued,0.6151234567901235,5.4496906523662245,assets/creative_500958.png
500959,-0.7053112,-0.97385037,umap,travel,rewarded_video,stable,0.546604938271605,5.40255272523247,assets/creative_500959.png
500960,-0.49996746,0.603799,umap,food_delivery,native,stable,0.4756172839506172,2.6075566932633185,assets/creative_500960.png
500961,-0.5014301,0.5652869,umap,food_delivery,native,stable,0.5243827160493827,2.924903078808902,assets/creative_500961.png
500962,-0.43820035,0.79331696,umap,food_delivery,banner,stable,0.3574074074074074,2.357561194291529,assets/creative_500962.png
500963,-0.5590539,0.62846446,umap,food_delivery,native,fatigued,0.595679012345679,3.2932979006112144,assets/creative_500963.png
500964,-0.5175711,0.9682007,umap,food_delivery,interstitial,fatigued,0.7191358024691358,2.9957311210577204,assets/creative_500964.png
500965,-0.4487483,0.763253,umap,food_delivery,banner,stable,0.2484567901234567,2.077175912341681,assets/creative_500965.png
500966,-0.58464587,-0.81652427,umap,entertainment,rewarded_video,stable,0.6623456790123456,2.0251351861167004,assets/creative_500966.png
500967,-0.6571639,-0.7921553,umap,entertainment,interstitial,stable,0.6478395061728395,2.191727755641052,assets/creative_500967.png
500968,-0.7276679,-0.9418341,umap,entertainment,rewarded_video,stable,0.7058641975308642,2.281933587791825,assets/creative_500968.png
500969,-0.59403014,-0.80471444,umap,entertainment,rewarded_video,fatigued,0.637962962962963,2.0890929886636505,assets/creative_500969.png
500970,-0.65577734,-0.7735734,umap,entertainment,interstitial,stable,0.4003086419753086,1.6685509437150905,assets/creative_500970.png
500971,-0.5326567,-0.4447016,umap,entertainment,native,stable,0.6882716049382717,2.86602066913176,assets/creative_500971.png
500972,0.996974,-0.44137722,umap,gaming,playable,fatigued,0.6222222222222222,1.0281080078001716,assets/creative_500972.png
500973,0.75085545,-0.3765486,umap,gaming,playable,fatigued,0.6265432098765432,0.9875000672272582,assets/creative_500973.png
500974,0.90432143,-0.3169971,umap,gaming,interstitial,stable,0.5348765432098765,0.8852294380788709,assets/creative_500974.png
500975,0.7471775,-0.3735869,umap,gaming,rewarded_video,fatigued,0.6157407407407408,0.9933223413202108,assets/creative_500975.png
500976,0.755249,-0.37063837,umap,gaming,playable,fatigued,0.6580246913580247,1.0828364248610487,assets/creative_500976.png
500977,0.74840975,-0.38762957,umap,gaming,playable,stable,0.721604938271605,1.537745921163754,assets/creative_500977.png
500978,-0.55209464,0.887727,umap,ecommerce,interstitial,fatigued,0.6104938271604938,2.451949041174803,assets/creative_500978.png
500979,-0.86610556,0.6993792,umap,ecommerce,native,fatigued,0.6166666666666667,3.0861131482998987,assets/creative_500979.png
500980,-0.88622856,0.7326293,umap,ecommerce,banner,underperformer,0.1746913580246913,1.8975035867468129,assets/creative_500980.png
500981,-0.55416036,0.53985345,umap,ecommerce,native,stable,0.4012345679012346,2.3303641194849183,assets/creative_500981.png
500982,-0.6262295,0.89948976,umap,ecommerce,rewarded_video,fatigued,0.7611111111111111,2.918519775415037,assets/creative_500982.png
500983,-0.5764233,0.9505546,umap,ecommerce,interstitial,stable,0.5527777777777777,2.384418920075016,assets/creative_500983.png
500984,-0.6242717,-0.062095284,umap,fintech,native,stable,0.3864197530864197,5.823644480086635,assets/creative_500984.png
500985,-0.781922,-0.28004467,umap,fintech,interstitial,stable,0.4814814814814814,5.541934946521404,assets/creative_500985.png
500986,-0.77042377,-0.436153,umap,fintech,banner,stable,0.2438271604938271,4.091341862612146,assets/creative_500986.png
500987,-0.7746614,-0.6148708,umap,fintech,rewarded_video,stable,0.5302469135802469,5.3241707073425,assets/creative_500987.png
500988,-0.9677622,0.6000899,umap,fintech,native,stable,0.4055555555555556,6.084554595333982,assets/creative_500988.png
500989,-0.80650723,-0.57274854,umap,fintech,interstitial,stable,0.4447530864197531,5.369815960924405,assets/creative_500989.png
500990,-0.82184476,-0.7745924,umap,travel,interstitial,stable,0.4694444444444445,5.061634977615891,assets/creative_500990.png
500991,-0.56576645,-0.2647292,umap,travel,native,stable,0.391358024691358,5.520809966724327,assets/creative_500991.png
500992,-0.8381098,-0.7831142,umap,travel,interstitial,stable,0.4922839506172839,5.317206917450033,assets/creative_500992.png
500993,-0.5488789,-0.27924448,umap,travel,native,stable,0.5564814814814815,6.819616977294032,assets/creative_500993.png
500994,-0.7562997,-0.77603734,umap,travel,interstitial,stable,0.4771604938271605,4.950395467704185,assets/creative_500994.png
500995,-0.87527925,-0.8334621,umap,travel,banner,stable,0.2530864197530864,4.087122244097872,assets/creative_500995.png
500996,-0.48705631,0.72326124,umap,food_delivery,banner,stable,0.254320987654321,1.4522872646018694,assets/creative_500996.png
500997,-0.7909486,0.38311434,umap,food_delivery,interstitial,stable,0.7271604938271605,2.1305298254226632,assets/creative_500997.png
500998,-0.4301005,0.58323574,umap,food_delivery,native,fatigued,0.678395061728395,2.389741316104451,assets/creative_500998.png
500999,-0.42655843,0.8857777,umap,food_delivery,interstitial,stable,0.7506172839506173,2.2724975026984264,assets/creative_500999.png
501000,-0.46012563,0.5796776,umap,food_delivery,native,stable,0.7518518518518519,2.457255664089795,assets/creative_501000.png
501001,-0.5001606,0.899472,umap,food_delivery,banner,stable,0.4888888888888889,1.762521970885629,assets/creative_501001.png
501002,-0.60272336,-0.41602373,umap,entertainment,native,stable,0.2996913580246913,2.0009503678487546,assets/creative_501002.png
501003,-0.7787118,0.20048153,umap,entertainment,native,stable,0.2882716049382716,1.987484804151364,assets/creative_501003.png
501004,-0.615991,-0.6542566,umap,entertainment,interstitial,stable,0.4108024691358025,1.9009591845752751,assets/creative_501004.png
501005,-0.60455585,-0.6385931,umap,entertainment,interstitial,stable,0.3160493827160494,1.6848525802398906,assets/creative_501005.png
501006,-0.6188836,-0.6426145,umap,entertainment,interstitial,underperformer,0.1833333333333333,1.4757836333940286,assets/creative_501006.png
501007,-0.57761693,-0.34646034,umap,entertainment,native,stable,0.3873456790123457,2.2157085501873763,assets/creative_501007.png
501008,0.9099741,-0.28806484,umap,gaming,interstitial,fatigued,0.6580246913580247,1.8010294870636427,assets/creative_501008.png
501009,0.7895143,-0.31707072,umap,gaming,interstitial,fatigued,0.6003086419753086,1.656483813200896,assets/creative_501009.png
501010,0.8071445,-0.38002598,umap,gaming,native,fatigued,0.5941358024691358,1.882988503247769,assets/creative_501010.png
501011,0.8206631,-0.36569303,umap,gaming,native,stable,0.5530864197530865,1.7362223645695198,assets/creative_501011.png
501012,0.99615204,-0.46402144,umap,gaming,playable,fatigued,0.7441358024691359,1.925508485064317,assets/creative_501012.png
501013,0.8543863,-0.30568695,umap,gaming,interstitial,fatigued,0.6089506172839506,1.6798741649314906,assets/creative_501013.png
501014,-0.57906723,0.8389722,umap,ecommerce,banner,stable,0.2484567901234567,2.0715133334340283,assets/creative_501014.png
501015,-0.59023345,0.8792529,umap,ecommerce,rewarded_video,fatigued,0.6608024691358024,2.4973672058446845,assets/creative_501015.png
501016,-0.59797764,0.7207452,umap,ecommerce,banner,underperformer,0.1561728395061728,1.6956043134600554,assets/creative_501016.png
501017,-0.57268965,0.78827775,umap,ecommerce,banner,stable,0.5018518518518518,2.8452787974182163,assets/creative_501017.png
501018,-0.7135563,0.75753284,umap,ecommerce,banner,underperformer,0.1771604938271604,1.7877236090390236,assets/creative_501018.png
501019,-0.91464293,0.69594324,umap,ecommerce,interstitial,stable,0.5083333333333333,2.1394960434761026,assets/creative_501019.png
501020,-0.7822295,-0.4085707,umap,fintech,banner,stable,0.4043209876543209,4.968786148135311,assets/creative_501020.png
501021,-0.772753,-0.4447704,umap,fintech,banner,stable,0.317283950617284,4.20391339302574,assets/creative_501021.png
501022,-0.811108,0.31749976,umap,fintech,banner,stable,0.3833333333333333,4.733405883265015,assets/creative_501022.png
501023,-0.80186903,-0.44808888,umap,fintech,banner,stable,0.4364197530864198,5.2361118540132985,assets/creative_501023.png
501024,-0.7956153,-0.29996425,umap,fintech,interstitial,stable,0.5225308641975309,4.420224826381899,assets/creative_501024.png
501025,-0.7864422,-0.42237514,umap,fintech,banner,stable,0.3058641975308642,4.113861417500062,assets/creative_501025.png
501026,-0.85602087,-0.7981418,umap,travel,interstitial,stable,0.7583333333333334,7.354980902330781,assets/creative_501026.png
501027,-0.85954213,-0.90232086,umap,travel,interstitial,stable,0.742283950617284,6.988726749407095,assets/creative_501027.png
501028,-0.5737121,-0.19249666,umap,travel,native,stable,0.4679012345679013,6.056819440412946,assets/creative_501028.png
501029,-0.871396,-0.8310073,umap,travel,interstitial,fatigued,0.620679012345679,5.941170061317327,assets/creative_501029.png
501030,-0.57257295,-0.103815615,umap,travel,native,stable,0.5524691358024691,7.252636732374346,assets/creative_501030.png
501031,-0.75213635,-0.8465754,umap,travel,rewarded_video,top_performer,0.8546296296296295,7.76488523854619,assets/creative_501031.png
501032,-0.5104273,0.94052804,umap,food_delivery,interstitial,underperformer,0.1626543209876543,1.4430886943060135,assets/creative_501032.png
501033,-0.4836803,0.8054352,umap,food_delivery,banner,stable,0.2379629629629629,1.9179346693617976,assets/creative_501033.png
501034,-0.5056562,0.8374686,umap,food_delivery,banner,underperformer,0.1154320987654321,1.61599569721723,assets/creative_501034.png
501035,-0.51224256,0.974676,umap,food_delivery,interstitial,stable,0.412037037037037,2.002058600346453,assets/creative_501035.png
501036,-0.5125061,0.75858426,umap,food_delivery,banner,stable,0.2271604938271605,1.912006244014504,assets/creative_501036.png
501037,-0.4520967,0.65983367,umap,food_delivery,native,stable,0.4478395061728394,2.462717908068494,assets/creative_501037.png
501038,-0.64019763,-0.6889279,umap,entertainment,rewarded_video,stable,0.7358024691358024,2.333834167605307,assets/creative_501038.png
501039,-0.55401313,-0.39692324,umap,entertainment,native,stable,0.2253086419753086,1.5935682626303316,assets/creative_501039.png
501040,-0.5517683,-0.6859113,umap,entertainment,interstitial,stable,0.4484567901234568,1.7778733884017284,assets/creative_501040.png
501041,-0.5513134,-0.73363733,umap,entertainment,interstitial,stable,0.4021604938271605,1.6902537626468728,assets/creative_501041.png
501042,-0.80002224,0.27062738,umap,entertainment,rewarded_video,stable,0.5388888888888889,1.7913795193829607,assets/creative_501042.png
501043,-0.5466613,-0.39922875,umap,entertainment,native,stable,0.6046296296296296,2.547486340266988,assets/creative_501043.png
501044,0.82160246,-0.5634777,umap,gaming,rewarded_video,fatigued,0.6691358024691358,1.3513161756557694,assets/creative_501044.png
501045,0.9727396,-0.41745836,umap,gaming,rewarded_video,stable,0.7188271604938272,1.5998227023840772,assets/creative_501045.png
501046,0.9337609,-0.50292957,umap,gaming,rewarded_video,stable,0.7280864197530864,1.6234635132261177,assets/creative_501046.png
501047,0.76110566,-0.40283608,umap,gaming,rewarded_video,top_performer,0.8095679012345679,2.1260211665009736,assets/creative_501047.png
501048,0.89823365,-0.2952109,umap,gaming,interstitial,fatigued,0.6154320987654321,1.2203189167190795,assets/creative_501048.png
501049,0.79367304,-0.32234144,umap,gaming,interstitial,stable,0.7188271604938272,1.6639502795539125,assets/creative_501049.png
501050,-0.5663556,0.99392974,umap,ecommerce,interstitial,stable,0.695679012345679,2.5790171384191143,assets/creative_501050.png
501051,-0.5868087,0.787462,umap,ecommerce,banner,stable,0.2811728395061728,1.916228745752896,assets/creative_501051.png
501052,-0.5636023,1.0,umap,ecommerce,interstitial,stable,0.4058641975308641,1.868159517458377,assets/creative_501052.png
501053,-0.78771806,0.6911452,umap,ecommerce,native,stable,0.5376543209876543,2.694451812863864,assets/creative_501053.png
501054,-0.63442713,0.42503047,umap,ecommerce,native,stable,0.5598765432098766,2.7641656358905484,assets/creative_501054.png
501055,-0.5734291,0.7866005,umap,ecommerce,banner,stable,0.3932098765432099,2.193891235283944,assets/creative_501055.png
501056,-0.7818086,-0.4537034,umap,fintech,banner,stable,0.2861111111111111,4.309698040844675,assets/creative_501056.png
501057,-0.8203763,0.18091536,umap,fintech,interstitial,stable,0.7185185185185187,6.450436522908385,assets/creative_501057.png
501058,-0.69314516,-0.26224452,umap,fintech,native,stable,0.525,6.28051812142636,assets/creative_501058.png
501059,-0.7831845,-0.32830966,umap,fintech,banner,stable,0.2864197530864197,4.216314907125829,assets/creative_501059.png
501060,-0.63894856,-0.2632547,umap,fintech,native,stable,0.441358024691358,5.3752104860817,assets/creative_501060.png
501061,-0.7979728,0.19322312,umap,fintech,native,stable,0.7064814814814815,7.900411466726513,assets/creative_501061.png
501062,-0.78298855,-0.9865509,umap,travel,rewarded_video,fatigued,0.687037037037037,7.465217156387822,assets/creative_501062.png
501063,-0.576125,-0.28133953,umap,travel,native,fatigued,0.590432098765432,9.74655310697781,assets/creative_501063.png
501064,-0.79682916,-0.8764483,umap,travel,interstitial,stable,0.455246913580247,6.2637925123644695,assets/creative_501064.png
501065,-0.83863497,-0.7525115,umap,travel,interstitial,fatigued,0.619753086419753,7.939889254038408,assets/creative_501065.png
501066,-0.56601405,-0.20614439,umap,travel,native,stable,0.3981481481481481,6.908900459726729,assets/creative_501066.png
501067,-0.7074062,-0.9777801,umap,travel,rewarded_video,fatigued,0.6354938271604939,7.179283735485921,assets/creative_501067.png
501068,-0.49890083,0.58694434,umap,food_delivery,native,stable,0.7018518518518518,2.1611297323144547,assets/creative_501068.png
501069,-0.5025605,0.9308634,umap,food_delivery,interstitial,stable,0.7524691358024692,2.2315783281528594,assets/creative_501069.png
501070,-0.4228087,0.89265037,umap,food_delivery,interstitial,stable,0.7651234567901235,2.301822266247416,assets/creative_501070.png
501071,-0.37772435,0.74133945,umap,food_delivery,banner,stable,0.3604938271604938,1.5365237305535813,assets/creative_501071.png
501072,-0.46668267,0.59907234,umap,food_delivery,native,fatigued,0.6888888888888888,2.3406746357050423,assets/creative_501072.png
501073,-0.4901818,0.829057,umap,food_delivery,banner,stable,0.5064814814814814,1.7606208357983146,assets/creative_501073.png
501074,-0.54979134,-0.7839608,umap,entertainment,rewarded_video,fatigued,0.6098765432098765,2.5738144501823146,assets/creative_501074.png
501075,-0.5528439,-0.72894275,umap,entertainment,interstitial,stable,0.5138888888888888,2.709718244325404,assets/creative_501075.png
501076,-0.5878001,-0.7398765,umap,entertainment,interstitial,stable,0.5185185185185185,2.500248916161878,assets/creative_501076.png
501077,-0.60854626,-0.0743804,umap,entertainment,native,stable,0.3058641975308642,2.5209346458445854,assets/creative_501077.png
501078,-0.61261815,-0.090698004,umap,entertainment,native,stable,0.3253086419753087,2.5289986493284613,assets/creative_501078.png
501079,-0.5959532,-0.7954366,umap,entertainment,rewarded_video,stable,0.7694444444444445,3.4736643928260693,assets/creative_501079.png
